sample_id,ctle_dc,ctle_dc2,mlse_ber,log10_ber,ffe_tap_0,ffe_tap_1,ffe_tap_2,ffe_tap_3,ffe_tap_4,ffe_tap_5,ffe_tap_6,ffe_tap_7,ffe_tap_8,tx_fir_0,tx_fir_1,tx_fir_2,tx_fir_3,tx_fir_4,tx_fir_5,tx_fir_6
0,3.6971797159183106,1.263874035155261,0.006923437049841544,-2.1596782521898867,0.28836781318543325,-0.05713166353192564,-0.052757579375973425,0.20379078959128216,1.0,-0.06752825320436631,0.11220731329450895,-0.17902834191059708,0.12156418070841692,0.018568637834237137,0.12177835032655292,0.2580104619454524,0.15184611345713492,0.09229134633511744,0.03256570371037664,0.048802253554145796
1,1.5054309220700186,0.9609208390021948,0.0036282771535580526,-2.4402995458502086,-0.18041123940726975,-0.24627802949665456,0.12790684046397582,-0.12894682848398123,1.0,0.09376697574035175,0.05903182838346459,0.1759336245638953,-0.006019145176831253,-0.018759294062080135,0.03524191460281986,0.17782636521787162,0.11500720278582069,0.08133231413664187,0.07051426831296072,0.04357167940775044
2,0.6096142762698311,0.09579237761689385,0.0005221838087006626,-3.282176598428381,-0.0365274263220256,0.013993642209561074,0.05700879059268149,-0.15146793633639666,1.0,0.24336648495087787,-0.2676583916123556,0.07575998369888186,-0.21721314112973616,-0.00035908011615040804,0.05898881536478006,0.172833261217267,0.09262008540954476,0.018313474094002323,0.004640333967316047,-0.01897804138499175
3,4.919432726627373,4.548325465013294,0.0008553010659752233,-3.06788098670247,0.06217657135322765,0.09930974708026975,0.09020225239255852,-0.01631113791181048,1.0,-0.2938408667433827,-0.0051568414077252985,-0.29163897645160064,-0.13784271147786778,0.05501524407714741,0.11760468074566438,0.28658075500774977,0.13649008341704844,0.058220954426646244,-0.03294290197887969,-0.04256894649269664
4,0.7382937612400626,0.34215061879097675,0.05536048689138577,-1.2568000989466697,-0.2752311455756617,-0.26964980345881734,-0.28581007953060067,-0.13809370999241458,1.0,0.10055032205958145,0.034558570692750964,0.10848375648629094,-0.2559864984311791,-0.07498927341347207,0.013050453651645874,0.11723399318413937,0.06687686447738024,0.04134670598642861,0.01489141311500731,-0.016949300138321733
5,2.217150507504681,0.35971367481616007,0.0012334341688274273,-2.908884024834911,-0.20495997246074252,-0.0918022086809253,0.09936392268674933,-0.1657994552569776,1.0,-0.1658115496135879,0.1665657812906934,0.07936232526733852,0.06072937764121413,-0.012111151238074162,0.033815192846938916,0.16922523478888973,0.07877209074678508,0.07161570725339385,0.05558958360039236,0.04514766260031574
6,1.34492295541358,0.1389082065269191,0.005104796888504753,-2.2920215330984113,-0.16520052088853715,-0.16664132886184294,0.07963042916805559,-0.06532949965722479,1.0,0.16930958450399985,-0.2962660738201974,-0.23236776214822363,-0.17859118502941876,-0.011091390153389726,0.04112882785594268,0.15888369677005437,0.08902661838206988,-0.006016947533098765,-0.04400154028077354,-0.041752617878306475
7,3.053607419619147,0.890540254477234,0.028386992221261884,-1.5468806212434134,0.29153562459815413,-0.030722558593117386,-0.26185602092198046,0.12772981815424034,1.0,0.2582825091774933,-0.07838441516760658,0.14631192187266995,0.06790142504558191,-0.024385696029373165,0.09072109609917282,0.22337160739525908,0.1545115160484965,0.08400078317424077,0.07664310737149779,0.05952628204174907
8,0.322096820552416,3.7062473880622413,0.01970793719389225,-1.7053588304233862,0.24820070593790178,0.215578083941568,-0.0584442061153998,-0.1713500918759723,1.0,-0.03390681362194015,0.23007298564176726,-0.04221670780517892,0.19666143683092463,0.017066082024935078,0.04685587662071484,0.15970424383775428,0.10410571779369689,0.09382699011623408,0.06736043187071447,0.07645349520366565
9,1.9997049852446986,4.500095255838627,0.0008462978968596946,-3.0724767383916194,-0.06244569363081393,0.0657911038874767,0.21226615311732772,-0.11291430636782891,1.0,-0.15099045362674435,-0.06528908477793567,-0.11740854378316604,0.17217370502420512,0.04386434593388356,0.0790079829652386,0.21331029359731127,0.10780262214375218,0.051243587400673016,0.030591781748991645,0.06197145383670527
10,4.329759022594616,4.31274349400864,0.004771679631230193,-2.321328722390529,-0.15057257420721226,0.28749008785985675,-0.2973797609884378,-0.20309075291320433,1.0,0.23556637472881026,-0.1580150670567477,-0.08833480845064315,0.13101832753144643,-0.05553486917255536,0.06912208625899638,0.19415096206830976,0.1237297462019292,0.04503204464186319,0.04032263540941265,0.052058681352331104
11,2.348919767400562,4.928431727898244,0.0016295736099106886,-2.7879260171221336,-0.048136732886950064,-0.07116070900943858,0.22670821301275476,0.07602623412931746,1.0,-0.09005303183488175,-0.053956984285227716,0.03247244414104944,-0.02601583888678527,0.05278937522678559,0.1391141924154209,0.3009912656460537,0.17504532598581077,0.10739363843279207,0.08403366858693256,0.0666642652400446
12,2.1997414925806935,3.321030888569556,0.007724719101123595,-2.1121173041426125,0.13992477060932615,-0.06829495398046645,-0.10742533329634198,0.0202752577793488,1.0,0.10198751574784144,0.026251802754226606,0.13820104163630012,0.19915664274334025,-0.0175728488750026,0.09528820666923192,0.24384470569924224,0.16229013917638402,0.11732855919894805,0.12116382257160707,0.11963249842999658
13,4.298043161931874,0.3097931750001939,0.006554307116104869,-2.1834732126782805,-0.042651177890561054,0.15002246396448696,0.019025681658089908,-0.11050406094136046,1.0,0.13962272535255557,0.2999931588386911,0.15241243223602757,0.15015530896891713,0.014046712769706147,0.08624987652241417,0.25004831695801105,0.19688223366385257,0.17683890329432025,0.14125205936683802,0.11244213180759792
14,2.9739027213492375,1.4674459698002993,0.0006842408527801786,-3.164790999710527,0.1405540025007486,-0.2545472120983064,0.1911186520635075,-0.2668715184157128,1.0,-0.06914204682031712,-0.03878009269892756,-0.23259947069920275,-0.12225620172074143,0.0009350277555279769,0.022648180445947824,0.1648204238682386,0.08557316695963477,0.026144857438191213,-0.02988083732414973,-0.031116941808475743
15,0.49068251346428277,0.09307838127020586,0.0007382598674733506,-3.1317907396076015,0.006352112422741696,-0.0641688482315519,0.1628579252733004,0.13273378915693831,1.0,-0.04143257272234063,-0.03950167202791194,0.0800156298648483,-0.27259782679040756,0.03199278536341729,0.0906711917470531,0.2093149549698993,0.1084364454861966,0.05268050835059483,0.027887168909980532,-0.022794347435714308
16,4.716707152767944,2.3976177515123256,0.001566551426101988,-2.8050553437087182,-0.04113232228378677,0.10292519644645871,0.1607309358027315,-0.27781122376685286,1.0,0.10483354425918252,0.04308872331484126,0.09575106307706029,-0.1781424754416193,0.02995211174594882,0.06746548021880425,0.25824285562001786,0.18503500887617189,0.1277743172029632,0.07948594324980819,0.022816239359676218
17,1.5202708068343629,4.680628479951357,0.004510587726879862,-2.3457668661240723,-0.11288727535144201,0.2836454828612305,0.21682321047282974,-0.15478081307101468,1.0,0.15835061765472538,-0.15391347318581772,-0.21493052911800092,0.06300228733078324,0.050435946281782114,0.08587846491264148,0.1937341665083318,0.12816322664115667,0.04939277348435688,0.01775631147379889,0.033627195552483787
18,2.2656330259716273,2.596843848710193,0.002268798617113224,-2.644204051209774,0.10533276225273647,-0.07736803399190938,-0.006155657508115941,0.17180522128445072,1.0,0.12786839627036667,0.02590150162104965,-0.10481209731866212,0.038371659999581496,0.012519617699387739,0.12767604850410283,0.2945136167292874,0.20596260395076293,0.11890180512889194,0.05814302782626451,0.055386530394163275
19,3.582008913335714,2.24922419081775,0.006023120138288677,-2.220178474223495,0.0984189560548399,-0.2151722911725017,-0.18543682737972347,-0.25584933380163744,1.0,0.26875401470501264,-0.15815378049244733,-0.26597981483745625,-0.13736236861225123,-0.0672122523147291,-0.020414305051416608,0.1542098452816231,0.12839164084293017,0.03352327700481225,-0.032041876523319884,-0.036319617742465386
20,1.5121954187384288,2.7837341751709483,0.0033761884183232498,-2.4715733242635993,0.28206677854852763,-0.2348915479278183,-0.23505022235586068,-0.19804316925076534,1.0,-0.2859041808863125,0.24113110319100037,-0.27363954666533596,-0.06590329760208387,-0.04725525023685869,-0.00244969779384483,0.09912291105685149,0.0364715204684498,0.03411177809774691,-0.013362400386768164,-0.011627913830086413
21,2.707681093622484,0.5965060545154377,0.006842408527801786,-2.164790999710527,-0.05630827873069287,-0.11117433498276626,0.224640067304502,-0.28284123735785466,1.0,0.23348537786111523,0.20977830479882537,0.28316068267453276,-0.1395371261410951,0.006705319053907991,0.04008858121339378,0.16672936848980477,0.13441470279277412,0.11863595493976291,0.08967749924448384,0.03598912323155367
22,1.7534150622207973,0.1872352564906231,0.0005221838087006626,-3.282176598428381,0.15710971539246574,-0.07814657521360548,-0.06769885926382908,-0.09688668697711413,1.0,-0.18398593386806464,-0.1595774425287936,0.1376925421525841,-0.18736655941269806,-0.0177323138551644,0.060428176361334934,0.1577248134245088,0.040332515052792894,0.009553888599537656,0.010595197159685894,-0.01590643695341172
23,1.2574554080400577,1.3172271400080857,0.0006482281763180639,-3.1882720955600496,0.12115789812088082,-0.24372573429579486,-0.02338986957364294,-0.15107881276597032,1.0,-0.10797990696648008,-0.2996413082746839,-0.12644021448046658,0.0165645709652243,-0.02779894336550005,0.08878750328254502,0.1261786255051751,0.013172511380815552,-0.0349591503168093,-0.023898037721415633,-0.00564905593104753
24,3.989064539891482,3.371435294784066,0.007400605012964564,-2.1307327744512676,0.13595117141553517,-0.18023904512649752,-0.12516979222258992,0.019040769122820333,1.0,0.19991819525378995,0.007839678313867138,-0.05688093214720162,0.08267622852921787,-0.05037058831941618,0.05983996188890983,0.28586218405898833,0.234027137620685,0.13994119924390988,0.08310163998939381,0.08210280832936429
25,3.3923336028576117,1.6635139158406087,0.00108038029386344,-2.966423345943693,0.007904420692326063,-0.1955602471895257,0.27766383093537705,-0.0735743518688854,1.0,-0.06877099870889926,0.011776195715927007,0.21755502937097285,-0.15093158342395624,0.033743584461763385,0.08249953467357281,0.2316100547215619,0.12905782341880387,0.09046205526896231,0.0841256034533439,0.030800688621573244
26,2.5422112748408363,4.532447129959159,0.006203183520599251,-2.207385370083692,-0.07744385197325783,-0.2093473992571369,0.1529068995978228,-0.11164316157989135,1.0,-0.10617629114174622,0.2669503404831794,-0.20228541602470135,0.25885391598144236,-0.008748228965208538,0.037819784610785875,0.1676347878411285,0.10846103718012028,0.09648855738021439,0.04990699811840643,0.07902177501278056
27,1.5578124876444135,4.542872170932944,0.011767142033995967,-1.9293290044107736,-0.22891661862274926,0.1961476075587193,-0.09691601457978817,0.008522656855166665,1.0,-0.14900421435803984,-0.09101808913704963,-0.29709539732908563,-0.10785135787110667,-0.009625357309217177,0.0749648538372842,0.17030960791566196,0.07258439182458233,0.010338478293989742,-0.036611923295422365,-0.02671563596018513
28,1.333690617628206,1.1347458202427407,0.0008282915586286373,-3.0818167646457626,0.18778695748139618,0.10704555047712105,-0.02407102346133133,-0.24337481627274965,1.0,-0.09347136979552284,0.03227512127228902,0.11818522376402171,-0.27791208424153785,-0.0023668584360554946,0.047521227030525935,0.15513577672667048,0.07095875782935789,0.052947453784269044,0.024494308244492998,-0.01762319326110673
29,0.2180513061480717,4.300893791810011,0.01214527513684817,-1.9155926423194136,-0.26155003756613654,-0.03991558855993955,0.17822254743929458,0.248070266057526,1.0,-0.2648530724854793,0.02072920405682168,-0.20489387120417596,-0.04374060776408207,0.024097494780546028,0.09874196493615654,0.16822306099145143,0.06694309237069432,0.03619101473377669,0.0003326393675443002,0.004948839219906669
30,3.2268338417062474,4.074650578972615,0.06851411696917314,-1.1642199352207452,-0.2603336989063734,-0.22144036566252392,-0.1270608204107843,-0.13935426686105712,1.0,0.019842728356763262,-0.268038839809678,0.11868447315116992,-0.2782918689813711,-0.0815631024076104,0.00734486511755034,0.14899678912311562,0.06821580349832099,0.00656790266245005,-0.0011131908815404168,-0.03639521881926734
31,3.249257808813572,3.6501278551832117,0.012388360702967444,-1.9069861580918255,-0.09044336318220712,0.20357493318942152,0.10613022901784132,0.27378974645696547,1.0,-0.014209917734947862,-0.14319824866932376,-0.11141383922391809,0.0906942769963632,0.07609907882045072,0.19024602520287162,0.2908640592231244,0.1633488371181611,0.06930267548058233,0.04388437345059409,0.059949863852116946
32,4.135917705926831,2.744279610964544,0.0027009507346585997,-2.5684833372716556,0.13232509559413852,0.012455726871509976,0.29240149163849855,0.130939369563051,1.0,-0.0026545681466320745,-0.290295776202168,-0.0830413175483841,-0.2221598166828197,0.09473192089024356,0.15891163440168796,0.29092714074621756,0.1667880516693763,0.04024259765240126,-0.0035433167429605762,-0.03038185886207835
33,1.9497887669529412,2.6876601504432482,0.013243661768942669,-1.8779919192637877,-0.0032204679486931066,0.12443927862206229,0.2823915605613544,-0.07345821572049778,1.0,0.020660369148809508,0.24521568607783747,0.24147147127553104,0.07448228531151854,0.06879395098064921,0.08102382605962039,0.21538194191337226,0.15927092508171586,0.14871836023352314,0.14039067964538787,0.10989373104090669
34,0.06352481026160423,3.514762377006089,0.002151757418611351,-2.66720669104318,0.02905877762098865,0.19111233592622726,0.1632597347471745,-0.0880781046013399,1.0,-0.04223478723138888,-0.19493853445169493,0.037816191881154766,0.20842398499384826,0.046378810197295416,0.07788292999172476,0.18660325827781146,0.09081447172920998,0.03394292939762847,0.04666102390782617,0.06837268834526775
35,3.2837696169610613,0.7885010163961935,0.03309564966868338,-1.4802290892772443,0.27581515028999276,0.2888486126087721,0.1930305148165583,0.17022827084578981,1.0,-0.08683979554589438,-0.07215678953265393,-0.10702917701700194,0.08196022658504643,0.10359921044245755,0.16684094464051444,0.23913230144015132,0.11433589306829346,0.04560211481399476,0.0222229553305477,0.03530296801464813
36,1.7041659056041794,3.865254083631596,0.007724719101123595,-2.1121173041426125,0.12122062912929303,0.02966407992344968,-0.10713513106977006,-0.05522631270357322,1.0,0.1255026410144878,0.10427441750976289,0.2907677035751574,-0.0068013694239925865,-0.011733304625465341,0.05756428726761473,0.22483698840201952,0.17088330775400368,0.14615468900639006,0.14716685178405478,0.10218179803026382
37,0.9740417004430564,2.2556757857283065,0.0011704119850187266,-2.9316612396844812,-0.2180287596441212,0.23031883951772691,0.10429074239466837,-0.11769433199406129,1.0,0.13855271650541248,-0.17314433501176266,-0.2819808382390127,0.05686862878884038,0.020930495957438296,0.05164133524472999,0.16487046355549903,0.1021403346693624,0.020871282034542457,-0.017841729588514564,0.005582452484757915
38,2.2697038035569577,0.290373665802023,0.0005311869778161913,-3.274752580349174,0.11563410208042413,-0.10768084199605155,0.15666590955182721,-0.12104381086923736,1.0,-0.11951290784204424,-0.052195989463477296,0.08318467192919894,0.03301464160199885,0.020876280716806205,0.0894207594556904,0.20873678135117799,0.08245961526443836,0.04346927639401636,0.04243655273242568,0.03562345766648558
39,0.048853629795503624,3.1063942146823305,0.013198645923365025,-1.8794706216862087,0.28060887783480265,0.02576342349649945,-0.16187647739999075,-0.02000582890953161,1.0,-0.29100369080576655,0.1891637046114475,0.26105238014664106,-0.07268860770760321,-0.007819577953501461,0.04786749189766887,0.13394943982370291,0.05096009810921654,0.06935423717001071,0.07130726111465503,0.03911685358970461
40,4.667233951170322,2.3750022381738143,0.00465463843272832,-2.3321140488973753,0.07550942178256727,-0.18417553256865468,0.10956561178937052,-0.03603317652329883,1.0,0.27870088960264877,-0.21566376000729234,0.022714827468640796,0.2625489310261017,0.0057501201198006,0.09617203608913116,0.27318717344290433,0.1952834526743055,0.0771724958389211,0.0778002567357914,0.10817874204336245
41,3.1695044894319673,3.625223404432173,0.01976195620858542,-1.704170067413178,-0.18199970542083194,-0.20449503750466763,-0.17402713221809524,-0.04226911001966897,1.0,0.21809130014903866,-0.13837224841741236,-0.015942906562549986,0.0033669696177923256,-0.07650254816799432,0.0962224924794585,0.21661456004678267,0.1261791877078943,0.05048278954378637,0.033732425413387515,0.03041665504182702
42,1.4923569201496167,2.520497590365896,0.003079083837510804,-2.511578485935183,-0.044896880711798245,0.10348915118685162,0.26009837104976136,0.15058450262489567,1.0,-0.0325817775532943,-0.2324404445432578,-0.2589715658461882,0.007245177347123088,0.06866527233076912,0.12613997056648787,0.22223166828321544,0.11143692912844473,0.016437006300490796,-0.022322371947199025,-0.0002323554309284335
43,4.903137029679177,4.8034249703885585,0.00965139729184673,-2.0154098066345667,-0.07707833862905168,-0.1769316325197313,-0.08810943623519359,-0.21505139406559662,1.0,0.16168795461013588,0.17513946536678426,0.19676252289620833,-0.10695135929705789,-0.08108545754212977,-0.023256261109766235,0.20531935594284653,0.19529188217703572,0.1755655374825597,0.14975699505537365,0.08715417066540448
44,2.202363749212522,1.605959227575181,0.008625036012676461,-2.0642390829127737,0.09274466067007145,-0.20884656389773232,-0.15262038632758054,-0.13235791244726067,1.0,-0.17798122762539534,-0.042812971409184386,-0.20399406143546958,-0.1918834630817931,-0.05279429327338489,0.033367511792058324,0.1451121506776299,0.04727968484110656,0.001972907124381639,-0.04228982468177648,-0.0449007943567612
45,4.238039797629146,3.6584089791447303,0.002475871506770383,-2.6062718981610553,0.05968729483452599,0.07773475628659,0.25268712651446984,0.10374806164607327,1.0,-0.13802751630174726,0.1679449400313359,-0.22799400815386622,-0.05803756819273754,0.093522541839994,0.15941883286791927,0.29672040210586587,0.18446786371856544,0.13339764202160917,0.04387538009661519,0.028953918878223555
46,4.6296289025252,4.176229118153882,0.04041522615960818,-1.393454986589665,-0.2533717239449876,-0.13504353907639952,-0.2759838073360674,0.19850959721024555,1.0,-0.056273405164742274,-0.10430993278337673,-0.002594769946573572,0.026717821677091334,-0.10315466859113068,0.07819387175367053,0.2451640098820315,0.12900095945369056,0.052576582497735586,0.038142650664005955,0.03915185723346876
47,3.6084134272064543,1.318970472758536,0.0005221838087006626,-3.282176598428381,-0.06192121031722222,-0.11414225061884477,0.1382642347421407,-0.22714022838296183,1.0,-0.09548342266373437,-0.16389141138112823,-0.05442837096410442,-0.148683296264111,-0.006621375569302798,0.0529711399367147,0.19989605781369882,0.07852005372594836,0.006577782379495364,-0.020326042863432314,-0.030252162324935387
48,0.36856885516719473,1.1235855702489201,0.020167098818784212,-1.6953565736571552,0.2866773650671714,0.2774347114419909,-0.2275764918745227,0.2258048877266048,1.0,0.15508918204971672,0.08267447998675292,-0.12164223980252703,0.21563232213953876,0.011968148842713923,0.07940099644357068,0.15892719159124807,0.10604400689935098,0.061567044710120256,0.03485374502555885,0.04878913646638447
49,0.7240983566638743,3.778718151888483,0.024866753097090175,-1.6043809177487056,-0.11781060065433312,-0.29329438454466034,-0.12319572991695629,0.2138051357544528,1.0,0.2601637703334042,0.1993352566849201,-0.015429425458553947,0.13811219625571772,-0.04711705285124018,0.03858648331820149,0.16539921701158536,0.1459880822668055,0.11359045012322186,0.07602296877353178,0.0719342718450942
50,3.1237646458837065,2.6422103581891614,0.0014945260731777585,-2.8254965039512627,0.08317898829345528,-0.07436592086601711,-0.09297631715918857,0.13424891012244505,1.0,-0.12735608253442215,-0.050639961123229146,0.1421056647924767,0.07024878529129643,-0.015408927532344966,0.10165546542983557,0.2635359578567283,0.13342786435427484,0.07752267429649738,0.08665558953641304,0.07900625028041354
51,3.3899632928911,0.9054320664386982,0.02855805243445693,-1.5442714133457518,0.2678783822558781,-0.21745259796331184,-0.020116670375072043,0.0740158165691599,1.0,0.2683997609878495,0.27114810166644254,0.06380583198905944,-0.0803228077700175,-0.003078381610568459,0.09680208548377922,0.2344407056829927,0.19364921949411815,0.15356596636696376,0.08976779960545976,0.044401176715347566
52,0.8730697377716136,3.1717225962251976,0.005690002881014117,-2.244887513708933,-0.15205696440707234,0.10098832152804257,0.24985391613028185,-0.2632802521223835,1.0,0.2579640982332405,0.19969052419167652,-0.04708752875427029,0.06000136065822494,0.027787790758368854,0.03733813421703264,0.16449122261215302,0.1407212413573924,0.10750672068400868,0.06397637694879889,0.05549270485635287
53,1.7245852328303088,4.442909239273624,0.018834629789685968,-1.7250429117960813,0.1839937004852502,0.11138837809035473,0.17238364749145094,0.2566077334096241,1.0,-0.10260321829349268,0.023037282702419313,0.22814247350910977,0.1802508746087225,0.08053735957582278,0.16380074581727389,0.23080388617168873,0.13223821147865605,0.11295960629051041,0.12793271520037222,0.11872721987677781
54,4.7806116745680125,1.7014155524316936,0.007427614520311149,-2.1291506434413927,-0.2126967399008051,-0.07396679082840854,-0.1565517209192645,0.2403029035007021,1.0,-0.17644247876657063,0.23896552631602372,-0.22301777181475257,0.12687598521490617,-0.04418164809448729,0.08244810682250828,0.22001039718774673,0.12219815522402107,0.09103222369582871,0.02545470992933832,0.040763464547255844
55,2.663533887067463,1.1712667750603734,0.014008931143762605,-1.853594999337648,0.23625920191974287,-0.12814520189214398,0.07584572200433072,0.24512786891335314,1.0,0.24658660527330772,-0.1677698556854831,0.02301238220090567,-0.023547059262720483,0.033165696803375555,0.12610883626339392,0.2534765778528373,0.17627529361760133,0.07375245020279683,0.046074596002860846,0.03164319363511888
56,2.4640834790376682,3.691151181411845,0.02645131086142322,-1.5775528005370802,0.12357476539963294,0.20812689976378332,0.2097469234845712,0.27490872338985645,1.0,0.12070525528495969,-0.1409010609766054,0.09787112909428808,0.006282567455483589,0.10345722260762452,0.18983567757962264,0.27768084709416674,0.177553309837017,0.10320100642787797,0.09214329337590622,0.07462132804714057
57,1.5828743142529158,0.22914852301102118,0.0007022471910112359,-3.1535099893008374,-0.1279015369449892,-0.06595334366198614,0.10845522824742383,0.23376941172316218,1.0,-0.2525556046550643,0.013048562555128962,-0.1481728656731614,0.2215238628178389,0.022223894269956742,0.10589010851134868,0.1842494303489147,0.06304874506011353,0.024875328153886368,0.007416770421576749,0.04128477303351478
58,1.5095209924758433,2.2174379421705033,0.015350403341976376,-1.8138802086628014,0.03345035491244055,0.29684057668769864,-0.2925314939147688,0.20448043424798956,1.0,-0.020075201301765478,0.19211075032789057,0.18324674802526889,-0.1315016566906829,-0.005293042085487925,0.08057767833253081,0.180705481631147,0.1143451960167305,0.10149251062312607,0.0807613887870515,0.03697270359852111
59,3.1175454851311435,0.7209491057258549,0.014125972342264478,-1.8499816484043812,-0.2144782381375512,-0.22723446219847707,-0.1491922605217262,0.25422045684253264,1.0,0.004797805663112075,0.01491659336801978,0.17738908996029032,0.28540986906807925,-0.04045698128254585,0.096591056759248,0.19806960293543058,0.10709615232425711,0.0720111737172359,0.08953794294564998,0.09588866166125229
60,3.2681689662425155,2.8913997782511816,0.004798689138576779,-2.3188773829647458,0.08775674823791166,-0.0560284297689552,-0.20097099836158921,-0.1238162087840155,1.0,0.13651103663293518,0.1530653984487786,0.13623995956852142,-0.2826342312213551,-0.04903780900746295,0.09293236370529395,0.1957456311949539,0.14507322693088812,0.11753270756026665,0.051566664449904466,0.004764006468778505
61,1.9646903255628392,2.1848976325992857,0.001782627484874676,-2.748939401729787,0.19183406885927662,0.16600376927715524,-0.14969094453501167,0.29610462657557046,1.0,-0.2976864684736464,-0.24952012604923135,-0.2018249950613806,0.21949605214160609,0.017720619502296617,0.09452750310161616,0.16122793112586628,0.048254138294796134,-0.01113025718261214,-0.014619781105512509,0.024964213964459844
62,4.608611345724656,3.300494850532536,0.004843704984154423,-2.314822316324929,-0.29543320293825875,0.08415309007745497,0.051604337949151535,-0.1342394920368581,1.0,0.17880662490627786,-0.20952347280065822,-0.254338104645168,0.02847455421830647,-0.012052606567770805,0.062446396062389053,0.23754450632537286,0.15946494717699583,0.031553353797077695,-0.023482943482083813,0.0018487543337872211
63,3.868065698293121,3.1928363586298607,0.03240240564678767,-1.4894227453384068,-0.15177741050016597,0.20285322507281478,0.17668890878183963,-0.03371181070239204,1.0,0.0656853904583058,-0.17073278468733435,0.29199740831139975,0.26558602254110647,0.05290242486846258,0.0932408315234486,0.23340678322533717,0.15442218472138125,0.085106568799179,0.12367110642670463,0.13706029230980743
64,0.24830678150158902,1.1924259817771785,0.0031511091904350332,-2.5015365476410425,-0.18262182944054292,0.205559738522368,-0.109514689112947,-0.052270360545132385,1.0,-0.0013865693320125883,-0.28285743759138743,-0.13290135003748188,-0.01695438880263491,-0.011175023739777195,0.04837059004593409,0.1632893389734593,0.0678757176547877,-0.011453757630022857,-0.022455084250648523,-0.007774767630410397
65,4.611024199372792,3.88400764983063,0.006878421204263901,-2.162511233415628,0.06917959333273398,0.21753130953558486,0.19209851615734327,-0.2868712975090082,1.0,-0.13285583433888956,-0.16870440942702283,0.15634399659865678,0.07791031690466432,0.06231639325427526,0.08074781250125006,0.221667408178969,0.10624147358925182,0.05342432821520979,0.07583710813949239,0.0760660701134424
66,4.004259094857472,3.051480145122172,0.005419907807548257,-2.2660081007334933,0.036817552484773516,-0.15596596726865156,-0.18275627810458187,-0.2733254434773707,1.0,0.07789742191843631,0.2580847082557075,-0.16134222948179286,-0.029399623011020025,-0.08192493369325739,-0.03148529677105985,0.17479444408492018,0.14899719879376613,0.1232883210815277,0.04291227996846776,0.024600851858820435
67,3.4121640827167177,4.439086553842003,0.005825050417747047,-2.2347003113226176,-0.29674104638340887,-0.04697246157888688,0.009000725988821134,-0.10071026430303619,1.0,-0.252778563852124,-0.026817710727876507,0.25052541037191434,-0.2539490749788391,-0.037614417987920354,0.04561915446716501,0.1673187495972588,0.05866025945525816,0.05160381938274099,0.05362706204749884,-0.00033290340243034307
68,1.7881200921960627,0.8711478584076376,0.03790334197637568,-1.4213224961556497,0.22227984999934566,0.29303940628869335,-0.2904053006343,0.05326401602504997,1.0,0.02470963792051448,0.19399701226128632,0.1297738854685484,0.25771223721814657,-0.002687737806228914,0.042024116024169854,0.16248463276415326,0.1139164127302911,0.09285231190952059,0.083097032882117,0.0874326163426715
69,2.715866401977476,3.3692515417712126,0.005329876116392971,-2.273282885268398,0.02541463773746646,-0.25226909903963185,0.09052947086493579,-0.09069760281915501,1.0,0.029727280555673127,0.1306411373834145,-0.24952269538482538,0.20982277656175086,-0.01774977493843791,0.0434339827427647,0.20203070598255746,0.1402611928178611,0.08994828234069575,0.028484313827606664,0.06204229878998559
70,1.5339040343535395,2.7138093567285333,0.03591364160184385,-1.4447405556814783,-0.234072411618488,0.1865032522958494,-0.23074663246922503,-0.19166229430958726,1.0,0.22431502592002497,-0.1822684468183243,0.27306240767245754,0.2157648527671873,-0.03948246430143656,0.020527032720501322,0.13126844549891054,0.08439218521835584,0.04453499900829507,0.07087254033134636,0.06875875625377205
71,4.70336769468359,2.2226116264295306,0.014279026217228465,-1.845301409009733,0.25320158947531946,0.08349762075690632,0.22205560846706462,-0.044670766190765744,1.0,0.046563723049131256,-0.19865555380348607,-0.28756865122012126,0.21806943175280566,0.08360669459932996,0.11385583936262829,0.26000923360150496,0.1651938978105282,0.042872981733310514,-0.010947139377444534,0.0440976302710745
72,1.4038622053939707,1.9562097804968572,0.0448177758571017,-1.3485496997187436,0.10184618038070999,-0.2551298917478603,0.22018924717457453,0.08581206764330118,1.0,0.0020690991947609704,0.2651876762720085,-0.04957381998345149,0.15928034086982448,0.03019345656445032,0.10709823415036406,0.1932364140696975,0.12416695810923524,0.10394146442307864,0.06771426893338599,0.06883629506216819
73,2.5390146855570546,2.5539584759173275,0.060015125324114085,-1.2217392826668068,-0.24009377098470855,-0.22021528814477245,0.2687665198895252,-0.014215351313397006,1.0,-0.24781815853524797,0.22209054308231704,-0.16686210616245745,0.10010937852936487,0.009029153789825835,0.060624046244782494,0.1612975681396769,0.07398845206224307,0.06345665875562008,0.021858700691293684,0.03315828172028607
74,3.180548547156184,2.4428969907344626,0.012514405070584846,-1.902589791737223,0.2660995017876976,0.2186663788887004,0.22234117063087772,-0.23970036991875357,1.0,0.08234754979325609,0.11745314939804787,-0.1164999282483032,-0.14472939810604393,0.06773941227422425,0.08566198816477084,0.20566709527412377,0.1445738355979747,0.09596808937673526,0.03367802627720974,0.010825614289415992
75,1.6898785767753828,3.9163480759869005,0.01888864880437914,-1.723799108133779,-0.2814781045630246,0.23240325286770963,-0.26227274485590846,0.1573560409798347,1.0,0.29619502249270235,0.028131524137361016,-0.0036992207226164697,0.20732088461472323,-0.027843686946396128,0.057812040031050595,0.18336165969148951,0.15423700606217583,0.09744103720815493,0.07549657780122843,0.08353041228811522
76,4.6372234263310945,0.42094962678342923,0.008607029674445404,-2.0651466997152177,0.036086532587520946,-0.03634513620346723,-0.25111421220600166,0.017658538388508414,1.0,-0.0947756469580592,0.18119722206545363,0.25344350340755656,0.2870906149461295,-0.0604365734740547,0.04099244094670479,0.21826665013222302,0.13047960418786525,0.12017443148793017,0.14065863201337886,0.14376604735860457
77,1.978067656529662,4.167861271145524,0.0009543359262460386,-3.0202987267265478,0.08122750832737828,-0.2374707636151292,0.0004229413851701169,-0.15325483059992692,1.0,-0.16440142241787356,0.021343989162197284,0.0643142642740719,0.010751176954168473,-0.03783268501231594,0.10935384825168429,0.17035855336725486,0.07523983794192302,0.06150237794387065,0.05311246022778688,0.042689989978249014
78,4.188001966194396,3.4209981652028434,0.001377484874675886,-2.8609131611737193,0.15292372095487375,-0.2330756381042708,0.008263662770910396,-0.03978102733630001,1.0,0.19590460513991473,-0.10750846082359175,-0.022743947803746032,-0.04119551973534852,-0.026479480070839084,0.0642555348424406,0.2933113130289611,0.2308104043181166,0.11511368762860819,0.06331316461040251,0.04289999529029738
79,3.470687041697873,0.30072977191079103,0.005509939498703544,-2.258853169845757,0.23273509329143235,-0.10302420782813677,0.021804709309690938,-0.11852343251792409,1.0,0.16739104956897008,0.021796056403377805,0.10469428975565469,0.25045035367272545,0.00026854168675953554,0.05212467675608882,0.22982699361781941,0.1690147200812922,0.10346912322927222,0.09390960436453298,0.10595323998637766
80,4.978731768246045,1.505020563810178,0.0005852059925093633,-3.2326912353484625,-0.07972157411593721,0.11120485404866096,-0.005967005837135297,-0.09227814916440853,1.0,-0.07413780790252399,-0.08374311559843664,0.25869207137192113,-0.15905188318093263,0.0026099087379777217,0.0961696107155625,0.2737222145054514,0.1368939141736308,0.0849841910983069,0.09155592467028147,0.0284087115561264
81,0.8134455199253482,4.939317032021248,0.07830956496686833,-1.1061851886620009,-0.17610120228142,0.04439502605943075,-0.26369792537457915,0.037024608349759715,1.0,-0.20643807299265554,-0.2798691906599262,0.11763588590996171,-0.1204608601239334,-0.047183440906356365,0.04992397910042864,0.13557416291762078,0.030363327896478276,-0.006012101282665035,0.007370184358548447,-0.005151372270866354
82,4.9878152787552406,1.7918658387335955,0.023993445692883895,-1.6199073786287268,-0.09121515590891159,-0.28547837028266726,-0.22298842655796083,0.09430091368600187,1.0,-0.012250873553052776,-0.0810054481631743,-0.20537871413240572,-0.032769384161906064,-0.10273749126582483,0.06746970952657509,0.24779513461251904,0.13126629656521857,0.029154978966366155,-0.030752341037961768,-0.018480138088094393
83,2.863951819030248,2.093713542370286,0.0029170267934312878,-2.5350595817847057,-0.03768323103997062,0.27163393774797306,-0.25661884995001777,0.17379671377092004,1.0,-0.18231773089041464,-0.045770081338595815,-0.09832752667115542,0.2610049748772021,-0.007784875740587994,0.08247466214748694,0.19439970705569282,0.0880888128758423,0.03538772826713532,0.025638513774522934,0.063231552356059
84,3.4846265646090795,1.3100961259261474,0.0034122010947853646,-2.4669653820232456,0.19349625903661766,-0.2948388085668931,-0.1738560690201138,-0.21702238842910818,1.0,-0.15272822158892682,-0.05486689692650263,-0.10871850217201214,0.1482952255205372,-0.06898390657441994,-0.03191701564894158,0.14108693879917966,0.07318629036060448,0.018796193537213682,-0.004011168247052912,0.02448276481734676
85,1.2015523682624067,4.496207451282876,0.001971694036300778,-2.7051604771511997,-0.10625353252854657,0.1748401374021302,0.002142305141832712,-0.024573774823242578,1.0,-0.040263644222256985,0.019659059733547535,-0.09952004847136885,0.13953649027985676,0.016937190834115736,0.087796883250006,0.24745386909362116,0.1493588813467926,0.09205509282290411,0.058003927313050443,0.07858837007221199
86,2.8422503438070983,4.846989006582297,0.03993805819648516,-1.3986130545141955,0.03217748507684406,-0.2741193407929958,0.28296511196099217,0.2581290198544075,1.0,0.20306861547095859,-0.04407119198726343,0.015340328238203726,-0.2330394292307455,0.04919528570844693,0.15133524389443564,0.26048963570286454,0.19080168620079369,0.12106490992529235,0.07091534377779278,0.027078012985355168
87,3.9084781471777545,2.80104752656563,0.0023138144626908674,-2.6356714686600236,-0.2852230801095323,0.2747930579716254,0.03810623260988786,-0.1627131434041067,1.0,-0.11601579376010725,-0.2786662713265464,0.03468161103355494,0.2033042602534201,0.013328643244747872,0.04387415675731597,0.18618718044083188,0.08498677489274523,0.002353304971326002,0.0202030883531611,0.05652722880976964
88,1.0270928212486137,0.10078859481651581,0.00472666378565255,-2.325445288585361,0.20987725800671256,0.2767194675732397,-0.008080614410869958,-0.007940292076987987,1.0,0.08934097734577486,0.06588683820513508,0.1231817679052221,-0.13473933260790788,0.03544308720613177,0.10370252753992051,0.20299059658562515,0.12028611750156348,0.08237408728030775,0.05171473970361218,0.014708022568118019
89,2.2345355846628223,4.476194969246584,0.016025641025641024,-1.7951845896824241,0.2998981566737373,-0.22978646951755674,-0.20227307902360758,0.11607032264846855,1.0,-0.08782605136890005,0.11823568918442466,0.1751165659929386,-0.24456062643049364,-0.028649894270136006,0.07313133526416493,0.17102680009921617,0.10056020920780903,0.09279364643520457,0.06827790323879232,0.019692376270268902
90,4.2193689092736255,1.5667630651260636,0.03206028522039758,-1.4940326183170642,-0.256040524992374,-0.08617783195195634,0.1907864480649032,-0.0649444474020979,1.0,0.25051220029570925,0.14530424423977414,0.2560513480330114,0.10256679237779111,0.007511751468610659,0.06209858977466086,0.2269633026592841,0.19512021331108784,0.15448815310618247,0.14209480340056513,0.11028407978793785
91,4.03173883368381,0.08611775436483886,0.002529890521463555,-2.596898272086238,0.07237055893421786,0.2166369867608206,-0.1274704925560699,-0.2924953705824752,1.0,0.2832052899950686,-0.2879858997398304,0.09477845335784914,-0.2976413380607783,-0.011441137384455694,0.0054548065878059875,0.1680950454958486,0.1296456789079192,0.03170301583390596,0.009628090644612298,-0.033637850061812934
92,0.748539430349847,4.3756621764312005,0.006698357821953328,-2.174031656445439,0.17217090663338838,-0.14485373908734064,0.22151497314627677,0.19513729067930935,1.0,-0.06214959339701017,-0.18277597664232004,0.26635190639250533,-0.08995557994733844,0.04924488046212417,0.12355323587704634,0.18771021431726292,0.09110918124005787,0.06072598819406908,0.07231422670785016,0.04430546608290854
93,2.7577596947939416,2.4772490108858753,0.010902837798905215,-1.9624604488482658,0.04791119014112697,0.04068862420887356,-0.15492145648932792,0.1632719955084768,1.0,0.1371682941036976,0.006237955941745787,0.15511753834297853,0.04886380339876688,-0.013253712348881801,0.10699688839689657,0.2819601753045475,0.2016515757156754,0.13202656745962374,0.11895855063547547,0.09331837114251942
94,0.760313562150361,2.611651694635659,0.005590968020743302,-2.2525129918147377,0.2552206380566546,0.08104605643917963,0.13494615237829613,0.29297592962060703,1.0,-0.20593495778998325,-0.15367357769190695,0.06578692643959923,-0.28195540039482064,0.07052075796271662,0.15845842828136456,0.14330057753916564,0.04842681945224093,0.028347536243502447,0.0038155826171937936,-0.009909727036986752
95,0.2887734802112203,0.6086756358345438,0.0035112359550561797,-2.4545399849648186,-0.07875925511828634,0.1853254780788403,0.11782656104953494,0.024851623781144472,1.0,-0.29968200570324227,0.2991336033514183,-0.012533207613998298,0.2563447015436137,0.03121220049155332,0.07252244515358518,0.14284041606714704,0.05413000215038609,0.06564297675508805,0.04891244593228635,0.06247155379124541
96,3.3136139586199,0.619480706866621,0.017772255834053587,-1.7502574436577,0.28813902959592685,0.2713696310745907,-0.06963952644986761,0.08096230084413948,1.0,0.12361432508524625,0.14865539077212403,-0.05818596165747157,0.20095092693668698,0.04259692775805556,0.12175832183452069,0.23553613125329687,0.1626056390241721,0.10771658422004919,0.07127983809211663,0.07862024472091667
97,3.1586702847716355,4.899531902638462,0.01174913569576491,-1.9299940803170181,-0.110775955381838,-0.2979090163736283,-0.28503568599322204,-0.27957505452228876,1.0,0.06500354010255527,0.055617561236425646,-0.14023950423959677,-0.13512013537357356,-0.12878003138372277,-0.04349624194924811,0.12641900943737983,0.08728615277724355,0.045286242409927346,-0.006422423247567682,-0.020292588046904224
98,4.049143990807973,0.9405138574237603,0.007202535292422933,-2.1425146049993744,-0.16799658116955588,0.16745450763938882,-0.07582248438981944,-0.1552406277891042,1.0,0.2594541368633621,0.06002380024251792,0.09439758387978549,-0.003915032006909091,-0.017586833565990174,0.03495213283117182,0.24269728256023362,0.20830613163243283,0.13499475816536413,0.09407366973734085,0.0603129748252077
99,4.300016578753972,1.0692977590350896,0.007967804667242869,-2.0986613212934926,-0.10788681262349648,0.09337474842457658,0.2658619093848413,-0.2760635863833241,1.0,0.09752286500517202,0.21916860311912387,0.11890829590522073,0.13319930736822397,0.045970078579611245,0.04706114370422995,0.21014972110946806,0.16508706047620533,0.14056790455574592,0.11238272052400153,0.09630697976948885
100,3.9981845496790402,4.256347251424613,0.039595937770095076,-1.4023493669665463,-0.14581861893196202,-0.13783747861246096,-0.1608387090171546,-0.2241456980130473,1.0,0.20111031515609093,-0.14801787821747106,-0.1493765557350465,-0.1884957469483824,-0.0860999051387946,-0.004729529394982226,0.17843514484612444,0.12971788286128505,0.03833191228531772,-0.017872999764725936,-0.03512925042861583
101,3.6773993656501505,2.1413759182789436,0.0071035004321521175,-2.1485275887818975,0.22090201460966122,-0.0034799086070148033,0.05235816480817226,0.06691498167161265,1.0,0.05899718590717353,-0.19055317065037478,0.286296571781736,0.1668461977316076,0.03750918244414211,0.11056637296531845,0.26546061767948187,0.1647444929124046,0.08188415622655261,0.1189651235528675,0.11735759314566292
102,4.945653723218284,3.166492149489702,0.003853356381446269,-2.414160822978146,0.2094322536930938,-0.11662488558567685,0.13890245768505075,-0.06435942414347917,1.0,-0.20449799871564037,0.02210925591565862,0.2403157393201002,0.112690099353433,0.034495108731509044,0.07078471911532398,0.2533502757713192,0.1495455871338799,0.10125991440110457,0.12792931348890346,0.12471764940778045
103,0.16639987472941611,2.1171854824542193,0.10783995966580236,-0.967220283243128,0.2572314543209811,-0.17511593476050646,0.17594731975447456,0.2664278741019271,1.0,0.01127420970362165,0.057105878460557036,0.04309729127001,0.2830775529995307,0.04029388680838995,0.10901827778098529,0.183340537610717,0.10474366027553639,0.07210122534748332,0.06673461190387324,0.0808606253453402
104,2.3628484239965095,2.5368832990569343,0.003907375396139441,-2.4081148624788073,0.09267248289628228,0.006999753023055999,-0.055696655321502926,0.007901127085736936,1.0,0.23249407006639722,-0.21129796405280155,-0.21635934295417772,-0.2903334454267632,-0.0007545152964341075,0.08809627465340714,0.2223107868616695,0.14275587223657749,0.031967689261000166,-0.03311429823256544,-0.05156129350680031
105,4.178644802412624,3.5157465222468915,0.007904782483434169,-2.1021100760852156,0.22419964525234562,-0.1938388088410375,0.22071745424231948,-0.25324159634887,1.0,0.1628149437700203,0.14739757903579517,0.05912690192694445,-0.06006075672237727,0.02207717316654269,0.061832376614890015,0.22558467156383544,0.1820100477377269,0.1443827785776638,0.09776415979398871,0.0625278843598748
106,3.254941931044133,0.3764998463846631,0.01621470757706713,-1.7900908791717847,-0.25828587674054565,-0.2560830181448661,0.050623467920691834,0.0919123565529258,1.0,-0.2481961473485034,0.17820716148279248,0.2950800971594509,0.2946943716837717,-0.01795436760048195,0.07314848751956776,0.1497935432376326,0.0599004507374577,0.07421441811678821,0.09949564558821122,0.09577915613086456
107,2.280919493749713,4.509164721832604,0.0006122154998559493,-3.2130956792850816,-0.08636253228399673,0.018716931766669997,-0.0712331828659188,-0.013480781249830709,1.0,0.09934380468715577,-0.15549666470214688,-0.05866336452061238,-0.17834694727682773,-0.024324474558704515,0.06511962240900476,0.25764241447370784,0.17436137952419234,0.07208884268214101,0.023425148885258693,-0.00893950586045947
108,0.19629848092264424,3.5238588695137145,0.003637280322673581,-2.439223226880713,0.22732673849977017,0.06002619844942338,0.2331228376501505,-0.2714529968657286,1.0,0.11790653867077062,-0.2255234974577339,-0.1289294001685686,0.28897122297241123,0.03147589423567113,0.05448936492659638,0.14213466149833323,0.07666314326720415,0.019339582825492415,0.023900269335519198,0.052724677257230325
109,4.542848575201764,0.20458075120080554,0.014468092768654567,-1.8395887152279735,0.10972793211715527,-0.25429344575830776,-0.11948679604083068,0.016122657477089273,1.0,0.2515242115877712,0.19337700528353247,-0.18396565698263836,-0.17124481680502582,-0.0511851551956436,0.04409984224742179,0.22945458386336792,0.19820668865317906,0.12974008884574162,0.02481762045779565,-0.01702412890505838
110,3.6850034762124704,2.8795185229419227,0.0010353644482857965,-2.9849067516377064,-0.15570225210983998,0.1756991610094412,0.2109607467492958,-0.13765175215987027,1.0,-0.040541498721034804,-0.05573230077035489,-0.19383471125019283,0.047582981222953055,0.05589664586211302,0.08337904675372043,0.2425982889003551,0.145726230021036,0.06156885426674212,0.006134341756836042,0.023711477483675546
111,0.4943234196193229,1.9902878773512342,0.003529242293287237,-2.4523185249708606,-0.19984618907477328,0.06317315990023598,0.255414099442209,-0.26757987023472396,1.0,-0.2393942463436599,-0.2916208921909774,-0.07264139925520437,0.23526277860783115,0.018935894755682713,0.028029204408397297,0.1116233356645793,0.02108541184873174,-0.021776695546017015,-0.006943625444374535,0.026972527611452565
112,0.7033682831628268,3.82251989498618,0.0010083549409392106,-2.9963865693211362,0.1882009640228313,0.026366446559285817,0.12185024121452279,-0.10025290691400242,1.0,-0.15852704861840386,-0.1885656554785678,0.19064977015527587,-0.04430584887468453,0.033440588115765814,0.06956370992633255,0.18105666388344843,0.07452537255675773,0.03421853815833332,0.05278773071067396,0.035799496821178126
113,4.852371452113608,1.4183193389219415,0.0007652693748199367,-3.1161856662770253,0.23700017342723279,-0.19695493782079068,-0.08342855972608827,-0.2801183529896906,1.0,0.05610700077653503,-0.2817954979162887,0.2755616373342487,-0.2845274330774446,-0.049710924592219985,0.06170758518767334,0.16059086647017215,0.059693661884292384,0.028944902991711312,0.017335790619812,-0.01919152290624871
114,4.991271856384022,1.7177674224511592,0.0005221838087006626,-3.282176598428381,0.0946939986914795,-0.26513623916238943,0.10625036397741536,-0.26064636923597934,1.0,0.08177500020058803,-0.26439646370467224,0.09337535376609989,-0.09624041683015282,-0.027432721794517858,0.03280335408724867,0.21396709071571443,0.11675219912088393,0.02359879980513679,0.02013321349549493,0.0025035261491216086
115,3.9539092083507645,0.6055634402967693,0.0013864880437914147,-2.858083871154855,0.21445682739117644,-0.08756372063389768,-0.16142882856989155,-0.1965460576566164,1.0,-0.22276015200398216,0.0509797444559438,-0.15751584213042003,-0.2784001556232497,-0.044568951939476076,0.028726105599789803,0.15687339601506467,0.05637111973668702,0.02192285746652655,-0.0360385962752953,-0.05910113910263427
116,0.665452000301765,0.46976810980643874,0.003178118697781619,-2.4978298866034954,0.24988954849491607,0.07690432271806022,-0.1832469381952249,0.16134959974542665,1.0,-0.26194405912044644,-0.27085824029208616,-0.13014693738298502,-0.26236168252987924,-0.001275945494656049,0.06525418849040085,0.13227596143609738,0.027581383851590344,-0.021347213171673315,-0.035278392687773066,-0.04257084929139269
117,2.7994520269588037,1.9994790516464125,0.0026829443964275423,-2.571388327915063,-0.008818344455381632,0.298578660733168,-0.15997723558779722,0.026174301325669957,1.0,0.16514874641868277,-0.2975250797963845,0.08806059610864281,-0.11081037130206654,0.0069289976153348596,0.07381646944906256,0.22165761777779708,0.14383721143316727,0.03880109251238574,0.0319550172099559,0.010494040707344804
118,2.5971569718555236,0.2583661504357659,0.0027099539037741286,-2.5670380963974746,0.20407455275682856,0.09716432689558978,0.1574742052949667,0.2078471125904934,1.0,-0.13865260395343615,-0.27504693228684207,-0.04451955198704226,-0.2183971165372081,0.06611373281594964,0.1409421059945765,0.20111012899515335,0.06614576096763057,-0.0051228583315985985,-0.02120229246691389,-0.03331340114374423
119,1.7592772910459045,4.788163187173049,0.006338231057332181,-2.1980319328492057,0.12526538114783964,0.07908212454699089,-0.15416252525971622,-0.13079267869374853,1.0,0.16893814231236773,0.28824230979628945,-0.04866623937636267,-0.24259682216372852,-0.016269155600504816,0.032245668644262204,0.18247810305724327,0.16156402159887448,0.14382092178315622,0.07495972459745408,0.022732095327145894
120,4.516849538361642,1.7214533597817128,0.0014225007202535293,-2.8469475050368955,0.05353007380475707,0.18193472736945285,-0.04314856407745161,-0.10521315983152281,1.0,0.06689202667050084,0.11488516225885619,-0.21408046753573678,0.14505414237731332,0.02318580088846447,0.04790314657879609,0.2589184101464466,0.21075587761472483,0.13409411048249412,0.04260975137220476,0.059898609294737344
121,1.7133083690437259,4.059834801972702,0.007013468740996831,-2.1540671343187534,-0.07852737309561986,0.29435201655460264,-0.026568366920367015,-0.018115610844257113,1.0,0.05391879097155143,0.20594342445876926,-0.12399442488556932,0.22783077145888586,0.026353422509037962,0.08040339181358996,0.21697494356095523,0.16073464235327375,0.1272883222006037,0.08167499101013254,0.1006533060159643
122,4.775161145140393,4.1123512832695415,0.002079732065687122,-2.6819926120991737,-0.028500320239506837,-0.19326368314165224,0.20283164655068436,-0.2767938872289686,1.0,0.16194841189441891,0.08313292081145293,-0.2482409867820862,-0.1771428275270036,-0.007079701287923177,0.038381847994146186,0.21817571742193084,0.17570760725966875,0.10199549244213192,0.005318096719719644,-0.017780647126062574
123,3.919559654252067,3.7446632699376914,0.04532195332757131,-1.343691380778974,0.2600354465176114,0.1297242686024536,-0.20765864595287462,0.26619614189723734,1.0,0.006835772313199006,-0.013229747091179656,0.2462379044521077,0.15467317978971842,0.02127544871605064,0.14938199193227095,0.2665749288865688,0.16885548152298765,0.1278735512906784,0.14552382790315652,0.1311874654010621
124,0.0902790863673429,0.10267583344770112,0.0005852059925093633,-3.2326912353484625,-0.12175808456586568,-0.20079611916107917,0.004691772394044546,0.23758341887714965,1.0,-0.1996072108870506,-0.08797944215319649,0.21131685447979745,-0.17226161708930174,0.0022118969915200675,0.0953708504634162,0.13957936010155006,0.03668336072396587,0.02472554065844464,0.025922288560990728,-0.0022780514820316677
125,0.5586848486827849,2.0850083069712024,0.013459737827715356,-1.8709633993308694,-0.23012994931715303,-0.20403222088688658,0.051565402068566725,-0.043385870776893105,1.0,-0.043236590689262874,-0.11095571469537908,-0.15202628145448135,0.18875405734252862,-0.024761161379763905,0.04071242526988768,0.15877297369506538,0.07137210279408245,0.014037927491850299,-0.0006486862993863666,0.03274634102386395
126,4.893753401132809,4.411265819809323,0.08959953903774129,-1.0476942246445744,0.06958674746911676,0.25187962051074414,0.19460281899931872,0.22261540635038615,1.0,0.2551269417124507,-0.2942418572896334,0.26394889764190244,0.2361064097568298,0.10163552374665995,0.1808407443093489,0.2950800929023182,0.21353328050181855,0.118786524036664,0.14791860981662902,0.1514156247092101
127,4.712834638484172,0.5660266720846814,0.012199294151541343,-1.9136652967808934,-0.17999126541856372,0.15168578029163488,-0.19481925750736648,0.23472457418915849,1.0,0.1712615842168357,0.11960367431207647,0.011642037503266488,-0.039630985043732116,-0.020056995373847357,0.11109350984849456,0.2862221871076573,0.2190696605161026,0.14357183891009925,0.08114253817622032,0.04366987770517848
128,1.7463723837495368,3.7010801644239284,0.013198645923365025,-1.8794706216862087,0.1717923981625416,0.28007739918679,0.05267054429889382,0.028610055245356602,1.0,0.15842196918255327,-0.07017983388589709,0.016682552406140805,-0.049298778737879335,0.06982812520099488,0.12379515438706154,0.27126582569555846,0.19582439406357513,0.11409072286181621,0.07980738395681092,0.05697654894397074
129,0.4781922154946366,2.064027258221195,0.0005762028233938346,-3.2394246180074306,-0.013938545373434929,0.078102373977055,-0.12586631970701392,-0.06459621466400822,1.0,0.22639628075827117,0.1117864221637321,-0.2214283919304748,0.008650181210275831,-0.019557492350803417,0.04723363780582171,0.1952452023585723,0.14885727551077058,0.08503040458497924,0.017541862476472152,0.020699707189015
130,0.05736856002419236,4.190136200272445,0.00054019014693172,-3.2674533416076743,0.07283563830823193,0.15463119827682759,-0.008926661862742035,-0.11257722670870357,1.0,-0.14004803696457716,0.013521748542112477,-0.011579218358722153,-0.20810068429769746,0.01581860274946622,0.06411699654854977,0.19330543884790574,0.09303241168970482,0.06253389090897798,0.02839307844956527,-0.004345337128493453
131,3.335641350096944,3.812869636657327,0.05392898300201671,-1.2681777696020065,-0.11741774542027947,0.28502282987983635,0.2653263067425749,0.05399861436034703,1.0,-0.15811156259979703,-0.06290412564170096,0.09913119959585046,0.1511920402688382,0.09720334562673559,0.19704008263544648,0.22211377069951715,0.1070492565944386,0.08084258942113373,0.09511928431491488,0.09130450036800943
132,2.6443241455295015,4.459598529218538,0.006662345145491213,-2.176372872260342,0.1201510747552682,-0.01453972723210719,0.1664983580673496,0.19986400508625193,1.0,0.24110078517997613,-0.26276362908593476,0.014588081823732568,-0.2536695233731892,0.05623512665111922,0.13327057211726687,0.26287320681526427,0.19553568427161913,0.08793331045253441,0.05050937618292934,0.0075338414355788095
133,1.3128046314383612,0.6790638401588777,0.0014945260731777585,-2.8254965039512627,-0.08903247237101437,-0.0715489771436539,0.11713905362287436,0.1608103752139555,1.0,-0.18598907397366662,0.23734330736348924,-0.2649562827878295,-0.1402782818082905,0.023852914304369276,0.10529871236239337,0.1638260525579889,0.07665064001828374,0.051114830365148585,-0.013677307120217867,-0.01714634414257234
134,0.1314559517683649,3.154704002292053,0.0015035292422932872,-2.822888120843735,-0.051930331849780666,0.03995671112932806,-0.2572445290654086,-0.17296931780410776,1.0,-0.12929464328889537,0.22571783657085176,-0.13662749381569986,0.09378900468964586,-0.05184866104247365,0.026471538548835372,0.12467383436274468,0.06412501008163393,0.053939553936412574,0.022688915626981707,0.031489345605734846
135,3.005774683076054,2.634591520749626,0.056530898876404494,-1.247714108932969,-0.23273842516752524,0.04774868494254387,0.20091468085962796,0.128608861014477,1.0,0.11073769972309956,0.22499280889334158,0.10364386276686981,-0.07363910271440442,0.04211459036247788,0.11692569865059212,0.25067899726763426,0.18988421755452908,0.15936753507401724,0.11385760876470964,0.06690252571214272
136,0.5045288142424693,0.21163964730484164,0.0019356813598386633,-2.7131661320757128,0.08469950077776145,0.1645869797976376,0.2605143855665491,0.07438797149703813,1.0,-0.29023851815915536,0.28364332473180526,0.06203570207914348,0.035058112903746275,0.06140823216804161,0.10871796577340173,0.14842388755186006,0.06024319411985568,0.07113206243124205,0.04816510301643032,0.0347643834038311
137,0.3134144139150832,4.1789274346966065,0.0009093200806683953,-3.0412832182086755,-0.2298290430447915,-0.08428419593871889,0.28067850178155124,-0.166442690880752,1.0,-0.006892325136932664,-0.19202422058400082,-0.10909550084038051,0.14073857727397762,0.01553531684801118,0.04244912297533389,0.15319524621441594,0.07734793562297658,0.018059599776969634,0.00897411719642269,0.03274369483559473
138,2.092742527116485,2.374887213135727,0.0023858398156150966,-2.6223587180545103,-0.09402932290729137,-0.1245107696658022,0.28843961977461324,0.13470193710096398,1.0,-0.014987612257791593,-0.15421211976865265,0.09128826089891119,0.10850947053999094,0.04242317146276724,0.10317537796006722,0.23372422557077352,0.14077697563870897,0.05924945400388861,0.057555296616457904,0.06473203361267275
139,1.906081379716127,3.776506916746318,0.00891313742437338,-2.049969397393768,0.03061923776939672,0.28474875727686366,0.13586474868532425,0.1667820526988048,1.0,-0.025150412299298097,-0.019246727301292375,-0.28876046944589273,-0.08787472345736362,0.08004377829598118,0.14452037397252768,0.2536302877821736,0.1561273363777782,0.07847960966294559,0.005661030229061322,0.004133341939983037
140,2.4403317423987474,2.645730390263996,0.022570944972630364,-1.6464502580331015,-0.22213350481645616,-0.1524189351512112,-0.21299062569640848,0.21950680374447568,1.0,-0.08915680904750187,0.18021418580944784,-0.13978931195846744,-0.13562828581604638,-0.04871239989228629,0.07873309814786714,0.17303371844333784,0.09657910007681114,0.06736470043709156,0.011929928240845086,-0.004697537785887747
141,2.410252696059199,1.8475704904533832,0.0036192739844425237,-2.441378538906848,0.08885099424625227,-0.06389276926211038,0.29914735360334493,0.1221169852946166,1.0,0.2750619194229627,-0.05273873656955009,-0.05086370270822432,-0.09436304867852396,0.07063186602675686,0.1313677218110789,0.2634154659385149,0.19845202916796137,0.10424024518040971,0.04936712620527669,0.02424840237137988
142,0.5180503253903191,1.3838848177676994,0.004357533851915874,-2.3607592303469054,0.12998854850308708,0.053855118483158444,-0.27493692115737056,-0.17951590243716697,1.0,0.16879152029112818,0.10608254794749462,0.1784730740294246,-0.2775232308255781,-0.0407680330407863,0.028826139717868647,0.136696245484109,0.09375369544181779,0.07214687398263267,0.040840477202680074,-0.003260235307937392
143,2.0301595576709,2.095057018175214,0.02930531547104581,-1.5330535990871073,-0.24087920534656337,-0.014283666302578157,0.13528944720534464,0.23125274299760476,1.0,0.2321382540620961,-0.07619272080731691,-0.25476561126784547,-0.1162547267028864,0.029823901346724538,0.12396371689567648,0.2181814026190381,0.1444276502909713,0.052209649599976565,-0.00760046821226657,-0.008804348788929136
144,0.35093502610825233,3.7169953318709763,0.0028089887640449437,-2.5514499979728753,-0.05827090813061505,0.24178526470687492,-0.07414608054976132,-0.21391899854361074,1.0,-0.1539585372723277,0.2677294290855889,0.1875262653611113,-0.18106116566510827,-0.0032704445740966,0.02531040441261798,0.12838827649580242,0.071086248347712,0.08592745842058963,0.06722308788143842,0.025767253374134366
145,3.5126357658704386,3.1515542254440665,0.017988331892826274,-1.7450091081013546,0.0936598249137978,-0.24648533667255165,0.04204075895124215,-0.06328465293210174,1.0,0.24529562976727298,0.29007282628243936,0.02663222131262497,0.17596864753029723,-0.0208803233626305,0.04674375209222829,0.22589863520664094,0.2088512981066841,0.18153632546472814,0.13159707083953123,0.12188245933512871
146,0.9056952330512182,4.157077817395968,0.02072529530394699,-1.6834992726975448,-0.18863123196409962,-0.1474621430076512,0.2552451573688707,0.27890377976431396,1.0,-0.04819595756550684,-0.22310185601840546,-0.2923304279240427,-0.29646859368079864,0.03364667842953657,0.1075234289369884,0.1600009586931701,0.07310838462705248,0.007525967657471888,-0.03533321858167097,-0.04071391107368367
147,2.796284298468324,1.6113051335481505,0.005275857101699798,-2.2777069759732274,0.21961899909244048,0.07524362892628911,-0.25323219370884975,-0.09344929431070963,1.0,0.2710441351205671,-0.19125245787443346,-0.14503100024680163,0.054001555532151066,-0.030439152986247737,0.02952060551993159,0.19100132474875187,0.14556317038641048,0.043628330305298585,0.005810709605069965,0.01840629102559146
148,0.8802581115710233,1.6988110970669177,0.0009273264188994526,-3.0327673672861457,-0.03912652981881438,0.17937995227358952,0.16962211301065508,-0.08916839033166697,1.0,-0.2839912826940687,-0.23971525003858454,-0.1505944161303759,0.2395592984762962,0.035604083205836135,0.061569677810954584,0.1422039859280014,0.03186474403208375,-0.01770557152227752,-0.012061090597457132,0.029805671976298014
149,3.71913081591291,3.4983436760140845,0.0245606453471622,-1.6097602260068766,0.1850819007544278,0.11885333593617187,-0.26899445511890013,-0.24653452711427218,1.0,-0.21642845095905267,-0.174791381023274,0.10864313129886102,0.20021068036713843,-0.048006101055752814,0.06501658483356394,0.12733553691397037,0.02731829620968743,0.012568161586532848,0.04932519644326788,0.057889801285968906
150,3.144461262145468,3.8706369903930478,0.004546600403341977,-2.342313213872657,-0.05480155625658419,0.23761182391124802,-0.23291127369646247,-0.04992752453025424,1.0,0.04925636311164389,-0.14475172869442282,0.09757902807206524,0.016362087160663896,-0.029411035319687945,0.07592162042108663,0.24068633051283903,0.14284478215694527,0.07028328045434981,0.07044772754636407,0.059135842963710814
151,2.6971139422799446,2.3420058325443636,0.07586070296744454,-1.119983137200489,0.2987606534492446,0.1352404249009406,-0.003788047494835267,-0.0323241809400576,1.0,-0.20906840636606033,0.1781182240507752,0.032366782722419815,0.23221318600214325,0.03772795753229246,0.08446962693245597,0.2073468294878092,0.10643186567733767,0.0955869808318021,0.0839122177695982,0.09877180606139917
152,4.362131435116287,0.6143164257446834,0.015818568135983865,-1.800832830496023,-0.15668739883606755,0.11684118259379207,-0.0023648476698102106,0.16207183619318102,1.0,0.21128755273384717,-0.1602525541703568,0.2596926952105422,0.102756478522174,0.02266842382147761,0.1371009214803419,0.27586347855862026,0.17830832628273457,0.09154971145278436,0.10885369553573429,0.08827665090775189
153,1.575462317259453,2.6213793984170737,0.00912021031403054,-2.0399951466310373,0.12980750003881417,-0.028538182859498717,0.08503492809242749,0.10868849154104274,1.0,0.18297902051055695,0.23445566306947105,0.21066533664141968,0.003075602961314239,0.03175949671428952,0.10427794421749215,0.23575965634320872,0.18510941938947445,0.1625130678112712,0.1354409750736018,0.09189037308666036
154,2.6492153830697207,0.6843179891746354,0.004708657447421492,-2.3271029031240436,-0.19374616712479195,-0.005472225921364293,-0.042708243168425274,-0.09245290667292533,1.0,0.2728597546381714,-0.03581761800672462,-0.1203722781349243,0.2991744657872308,-0.026105866653200926,0.06066983400681811,0.2126540110885307,0.15206795633411208,0.06367540696106523,0.04251590164633024,0.07694435827186992
155,4.660892503941648,1.6853320693084832,0.017466148084125614,-1.757802862061092,-0.2955392670992551,-0.16033164651054058,-0.025290889388651205,0.02298921814759771,1.0,-0.06727079917878616,-0.045528946646946,-0.028479001004206403,-0.19784937955583667,-0.06982663422731054,0.029101725609052,0.2539016965261579,0.16248306187606293,0.06863843618166701,0.01575932332692889,-0.033069753381796414
156,1.6313069984167927,0.7387642136661634,0.0010623739556323826,-2.9737225846851927,0.21630035110879986,-0.08478405494541896,-0.12416693383996194,-0.003272582473966712,1.0,-0.08273743544634231,-0.24073827941732193,0.21957565379987287,-0.027004741666632026,-0.019608844580787616,0.05518746740256643,0.18322792986835393,0.07252458518309413,0.014543895795157297,0.04187726500427898,0.025313184708496892
157,3.982512939465948,0.5028177199590323,0.02146355517142034,-1.6682983409231191,0.16187779128364108,-0.2821704502053874,0.27463435118900864,-0.1592509839123098,1.0,0.23186740286902136,0.1355324467001683,-0.0896379014936879,-0.13375435106016711,0.02222880266543464,0.05254556138610304,0.20550431256421825,0.1691542778687294,0.11030626133630764,0.037714485036032495,0.0036803324060843425
158,3.2592592509238667,2.574575500065568,0.05904278305963699,-1.2288331796579715,-0.2765669697021217,0.23630569561721101,-0.00432049849020284,0.28071957446855383,1.0,-0.1978818898194578,-0.016481641606262108,-0.2701033922659535,-0.14446710053456444,0.03280540064186346,0.13828145183231608,0.2093134287443925,0.09198380641235823,0.030239554984197406,-0.026261160170110615,-0.02618739280494691
159,3.5279700294962235,3.839338220723451,0.010794799769518871,-1.9667854088924692,0.2192414443410544,-0.20791738360336143,0.06931521194309727,0.29777913611744766,1.0,-0.23305023626760063,-0.018204398841806902,-0.20405757634842334,-0.1455526386739737,0.0331453289706015,0.15024453587946035,0.22957222648612174,0.10361246143642273,0.047772245893306114,-0.00507515565873413,-0.013126546188040517
160,2.1089251073752497,1.6389187110168943,0.017115024488619995,-1.7666224751258748,-0.1832739855551106,-0.22324201662140686,-0.14090331258433633,0.21185565783719074,1.0,0.18862942308347533,0.13221713779096303,0.004510644334158265,0.24622062071839612,-0.04439889722917886,0.0637083718434748,0.18954198380930556,0.14203501012976358,0.09693479213349071,0.07114670149585804,0.08135401511782048
161,2.852514805568869,3.1349033892254328,0.008354940939210602,-2.078056615772456,0.21622408957502112,0.1128672626740689,0.1554684451970312,0.06228650459573284,1.0,-0.04405053773732421,-0.07236392248031967,0.17459870826729967,0.08742864979138325,0.0801246194148762,0.15808443775527717,0.26982869163777845,0.14891053118209993,0.10007979387240946,0.1102530955944616,0.09705397480981606
162,2.874511260431509,1.6239748780327123,0.009057188130221838,-2.0430066112714096,0.0038376005778874454,0.08834432560725385,-0.2756429822209334,-0.14792671260152251,1.0,0.2542814296038723,0.02467587725981104,0.17178853703747807,-0.004856650926142725,-0.05920840644418916,0.010441635376310895,0.208024163494417,0.17452122542344103,0.11405096966250615,0.09613279159954359,0.0620947366834372
163,1.4393853110324875,3.8681754618842428,0.04371038605589168,-1.3594153577472943,-0.04904382512244175,0.11644145567465518,0.08890732427442961,0.25779287941364537,1.0,0.2997051038485392,0.28877644696790966,-0.23052100632097472,-0.13767700409031774,0.03858291181401088,0.11144261686896549,0.21455981815420963,0.1873033201643542,0.1428379695890576,0.05843993383515778,0.031143232177334678
164,4.842730987771524,3.835493198486779,0.05906979256698358,-1.2286345542340185,-0.26212637194146543,-0.2634293363992336,-0.04214046942170806,0.1853398312586035,1.0,0.06954438741815924,-0.24043914843313885,0.14781317108774755,-0.28223881813428775,-0.05278069805456728,0.0856442349980109,0.2280860026381767,0.13137666155856845,0.04832564161433707,0.03271792150188379,-0.01828597047368812
165,4.114002011743356,2.769912207972226,0.012253313166234514,-1.9117464667879833,0.009820190738213474,-0.037582240318106586,0.23422358149496478,0.2840594885711831,1.0,0.1191168604895689,-0.18192061433944712,-0.20106740684236374,0.2190459986848475,0.06938692443442422,0.16547542834786005,0.29328531971258226,0.19648371098459846,0.07371410553744961,0.027750904668756966,0.06920010728315648
166,4.144873660028375,1.8878314411512933,0.015269374819936617,-1.816178744070623,-0.07024858247107488,-0.13879177510210683,-0.2672348715822515,-0.11406328031654658,1.0,0.2718247813232202,0.18784470086398436,0.23434548577378167,-0.03516829834403975,-0.08954234391152414,-0.007313133685201508,0.1923512743334696,0.18314195743823972,0.15262575815109697,0.1279143498840822,0.07560967204046089
167,0.9628083046531208,4.663681355924819,0.002646931719965428,-2.5772572615791605,-0.1512917400686216,-0.01878567491435207,0.24697200993488977,0.17666151202244665,1.0,-0.19943425150635571,-0.2525815534376883,0.2646814875102761,0.0016676331754558627,0.045474313169216324,0.12006083421356008,0.17865006405827277,0.06438562433580826,0.03548729715724395,0.06406136226950816,0.04938953529872599
168,0.6785433891267136,1.1840122454061301,0.0024128493229616825,-2.617469797962529,-0.088123431278345,0.07745384821684244,-0.2774248058585097,0.022713643537185524,1.0,-0.14793535317027176,-0.1608715015588086,-0.2995508624810941,0.06734841692331203,-0.040823515003425986,0.039434795897495954,0.14597308927390995,0.04786666803427899,-0.01469537785086717,-0.04229142895590504,-0.008666544502924693
169,3.305098434285928,0.7156954091694159,0.0005311869778161913,-3.274752580349174,0.06306393258556497,0.009626053874895856,-0.03757401751604387,-0.1784209569653106,1.0,-0.1886033915557635,0.06404307285021622,0.20634344092983772,-0.1910385696775748,-0.020634057227684008,0.11168972724021342,0.1678478736433832,0.07047331290180904,0.07501036254469352,0.042457385430958276,0.0024747010720043484
170,4.897811152388682,2.7767898717236834,0.004897723998847595,-2.3100056922931382,-0.14127535799898772,-0.19859525557948438,0.1975943847977282,-0.09769146706587788,1.0,-0.0580421798212914,0.096904011375941,-0.2151281423472023,-0.16932371247428918,-0.0006972284440791897,0.08079951508439277,0.23661810470269273,0.14108221152667955,0.07904618287301653,-0.009501377684839041,-0.029499470027568718
171,0.14335379807901677,2.1104260114772853,0.0006842408527801786,-3.164790999710527,6.366214480832965e-05,0.20208516505116594,-0.25769399356196704,-0.2723650589509271,1.0,-0.2772903961072988,0.0720689420659387,-0.047801056963149964,-0.24198190885206466,-0.03463049611241205,0.0014606565352917689,0.10326568017975961,0.02670226634726013,0.02049654068108242,-0.005613399119622451,-0.026597902128776666
172,3.04242276790741,2.496508909411588,0.0036282771535580526,-2.4402995458502086,0.2813926647477354,0.0587339526326543,-0.11391357534317656,-0.07426905697109085,1.0,0.08865131847653963,0.1457834370129876,-0.23590448276503842,-0.1733595300695732,-0.0005823371366149516,0.07727971652125876,0.21510512938550524,0.15231619260507742,0.09219843013440415,0.0064284244028868535,-0.012726376553311065
173,1.7261717681129536,1.488051825141063,0.0007112503601267646,-3.1479775007008763,0.06241645551369879,-0.1794152642203635,-0.19912491172531338,-0.0687772837848546,1.0,-0.2129599826496461,-0.032923820393687804,-0.20336571155125752,-0.03936477743712936,-0.05902662082889601,0.022471523895240333,0.15864291072020137,0.05243470571691291,0.007061043239695773,-0.03095091164542231,-0.018884939834719595
174,2.241309665447274,2.7988761693971913,0.0245606453471622,-1.6097602260068766,-0.1488737099228985,-0.29646922389158015,-0.1914081546400493,-0.24448755458819263,1.0,0.28418699493598365,0.10930933189379692,0.07297680158319154,-0.1822594838756086,-0.08364388385522561,-0.04594569931188393,0.120328142373235,0.1262203748588765,0.09094743607914742,0.05475120383602909,0.011019899373687005
175,0.5077427682809244,3.502695256233752,0.008580020167098818,-2.0665116913529915,0.02710786823636886,-0.1989604604926177,-0.018266417608504438,-0.03054352571136579,1.0,0.22609513091656436,0.17382641721095618,0.298157691810015,0.08400829612561996,-0.022394664716930957,0.04393980793854482,0.18012862772979915,0.1455544923097984,0.12939720795612844,0.1273587428049448,0.09663844498205795
176,4.594668644797622,2.0604318635110235,0.011280970901757418,-1.947653520997168,0.16700035108568898,-0.2751507404122148,-0.02286353164903989,0.2951729995826865,1.0,-0.12153603318903043,0.22827860863974447,0.2604030530792385,-0.1704222173050107,0.00038677111633535655,0.13197611369637233,0.23017889471049643,0.13474641631743958,0.1354154860323117,0.11203751089234606,0.0472014771367615
177,3.6566348404427385,2.3163308688688744,0.0005311869778161913,-3.274752580349174,-0.07607407206502288,0.06936767483862917,-0.03498927360233179,-0.09146465252109866,1.0,-0.2158915402583294,-0.21525663752787094,0.22418617509187166,0.08986578217446232,-0.01093471520989498,0.07434170852850623,0.2039600127569235,0.059479332934513664,0.016005209221651655,0.0626735720986213,0.062330273895424726
178,1.3803589759233605,2.8423056383326872,0.019851987899740707,-1.7021959981874606,-0.28325091423152954,0.23526102848105918,-0.24337821113440078,-0.1848460594639011,1.0,0.2993260943274651,-0.10735262104553164,0.08750093961132063,-0.06980581496085177,-0.04247936369654575,0.02328681002248925,0.14681771233426913,0.10710796723702266,0.05249997273054581,0.038481955580311984,0.02087057378057348
179,2.7686142860356844,2.810945344923365,0.0017466148084125611,-2.757802862061092,-0.1220295073215534,0.046407700360086325,-0.2079649867092552,-0.16730667043573588,1.0,0.059127061013180035,-0.2067885057626137,-0.1168706501416153,0.22971304976584514,-0.05652505494104624,0.0033957625696226473,0.1721439358012755,0.10314416718478459,0.015380117855503353,0.003953471739335975,0.047358243572381845
180,1.763977412169886,0.454783221290892,0.013936905790838375,-1.8558336356444443,0.2374168993833629,0.17981293608910714,0.20155947606233474,-0.260908062140876,1.0,0.07119757489308594,0.19539522356333494,-0.053722221165821614,0.13336594834727578,0.048074313395457924,0.047818984848030696,0.1672229767659188,0.11493232048514296,0.08665439395226761,0.0487241072593994,0.05074685332295965
181,0.9412520144364445,0.9009507015265508,0.002052722558340536,-2.687669744990864,0.022133289621630924,-0.2128322887895394,-0.013422871892957433,0.11812888137690462,1.0,0.045951075026962517,0.16693626051427818,-0.20662812650555537,0.05595823320499893,-0.01405757574651075,0.0805278107978042,0.20598845153479967,0.12757854138069347,0.08036346156148962,0.01607479832043412,0.024562121151462345
182,0.3701957875394061,3.086266233548909,0.0673347018150389,-1.1717610587678822,-0.18477839118244974,0.2752524562255761,0.2050414027385675,-0.11508059908905827,1.0,-0.12112125454118931,-0.20792155510064586,0.2716452937684434,-0.15224447747676184,0.03519110221025245,0.07066888305793524,0.13467928224141298,0.04909843489841595,0.028429252819298523,0.04067386795313997,0.014641676979740585
183,0.8780768935467544,0.4931663338930004,0.0007292566983578219,-3.137119573112668,0.15885950383959166,-0.1847886599965604,0.0814648270609198,0.00894573467090336,1.0,-0.14586507483684172,-0.03422855626150107,-0.11700017043877765,-0.24852958369830014,0.007046537548079637,0.06901683259438401,0.17476642222402808,0.06775330915141914,0.023296640158614542,-0.019086739540938986,-0.04045770986473973
184,0.14646935350883983,1.563100892369234,0.011452031114952464,-1.9411174806789229,-0.25260964472634084,-0.2326709948710782,-0.12874628493762405,0.24151767711457056,1.0,-0.28685020949989326,0.04691200823469077,0.10940212849135078,-0.08179246839778932,-0.03278260201662481,0.06022014688835106,0.12981947565940408,0.03547544765039026,0.029589678339266397,0.025846308288966124,0.008570924270112561
185,0.8343739172831701,3.6118428216696,0.021571593200806684,-1.6661177782740442,-0.15006920373759838,0.19832826244412569,-0.179550062894794,0.20287317205568614,1.0,0.10144508094257962,0.2403003514167135,0.05423281630032184,0.28371393227593095,-0.0019581164971650593,0.091714147135704,0.17296650526957816,0.12598996180531918,0.1077670574176292,0.09554474750363054,0.09886624575911775
186,1.033678645677644,2.3304179073633464,0.015935609334485738,-1.7976313256295113,0.2755252665775382,0.020101943243056253,-0.1484970834261278,-0.1624580319694087,1.0,-0.29179170816307937,0.01234200883688954,0.20222011996246395,-0.2634611581881989,-0.01764138063845942,0.08063939396020801,0.09795549047737975,0.02854243739061544,0.0394031225812723,0.015372485156729352,-0.00851249759166126
187,3.896131792896988,4.743598056563595,0.03686797752808989,-1.4333506858948808,-0.2421909606229904,0.27406805728725586,-0.1985956863304536,0.06660448599098374,1.0,0.22562816795677046,0.29646046549655153,0.04371926084978315,-0.021096255022220154,-0.01968470939358958,0.06247138395739597,0.23256680687162204,0.22065075101215603,0.19799661740540683,0.14258538437712395,0.10143501975008924
188,0.6353736978026967,3.2463842941535486,0.009534356093344857,-2.020708631883833,-0.015151650845807118,0.2770089989160251,0.017277503093210165,-0.03652475224719467,1.0,0.0967999350220565,-0.0888992030990839,0.22286183221143246,0.051543386336991334,0.03250856564159766,0.10540231863796083,0.21843326545800867,0.1297065949377285,0.08718305930371295,0.09804797721394189,0.07650136649217394
189,3.019837633051975,1.0348626625270059,0.005726015557476232,-2.242147476342904,0.0917316396640341,0.2565721976699933,0.16543380566225496,-0.13320634680342697,1.0,0.254005091562799,-0.18695310042333638,-0.08479676185829484,0.2237174906878109,0.0579204455562187,0.07329423999479079,0.20833840996615333,0.15236092892273512,0.053479271916597376,0.03135216047161261,0.05997951711950302
190,0.5754931193744695,1.0552673687881169,0.0027279602420051856,-2.564161963489013,-0.003474518189387643,0.1697934829632888,0.08464536236605913,-0.09514661913577717,1.0,0.21311803009944136,-0.08443340640840324,0.1648671445436304,-0.24902153914270803,0.023073552895516814,0.07858945315740508,0.18354881701004783,0.11338470347522443,0.06258076006559264,0.038858755409218064,-0.002932080922455284
191,2.84350143297855,3.3626171290502183,0.03976699798329012,-1.4004771927329267,0.17609669499978475,0.28974641874729085,-0.22287117125663863,-0.18076484808384002,1.0,0.1982549881265255,0.006839162864217219,0.26710200412672885,-0.07671744504667406,-0.003984840528361969,0.02980715403378296,0.18425533150191906,0.15147946676046742,0.1103811526722342,0.10747124596922686,0.06522998620646361
192,0.742453905492812,1.4139020537169853,0.12924949582252954,-0.8885711423301157,-0.18344821908109857,0.24890991842635724,0.21705683012700724,0.20659210011190002,1.0,0.1514326752321976,0.25918621102519795,0.00889433625193048,-0.1997134228043129,0.055006413318857514,0.1048521529248152,0.18166453417200484,0.1309407540533477,0.10404439403492886,0.052422824950256346,0.01385040365118509
193,4.891886084902976,3.117393620455883,0.026307260155574764,-1.57992438039304,-0.294193202820435,0.07541687876724769,0.15966700546923338,0.007256844085302028,1.0,-0.1433135117462758,0.0008691606911565452,0.0727574932667987,-0.2599810217872463,0.0244397520765246,0.0817718833211681,0.26931326950019385,0.16815920147948593,0.09681422007334829,0.06360605810643653,-0.00667609671677453
194,2.352455347602062,0.25018759381823263,0.004636632094497263,-2.333797362950127,0.25793292290373715,0.21466353167948019,-0.06822417909571639,-0.16055300009439813,1.0,0.2574526753371949,0.001522293999378954,-0.1446604044957158,-0.27387887187467014,0.009506815451190406,0.06022898883531484,0.18441012124009898,0.13123096309887586,0.05770595233755357,-0.007165195540763087,-0.03304014779485722
195,4.447875527005488,0.8984654293604775,0.01484622587150677,-1.828383936346799,-0.1445855786370243,0.022796384441095285,-0.278028905789033,0.10050893952822905,1.0,0.11702822933435465,0.0033087869516411406,0.10543490294829073,0.2516765531580344,-0.06980627994008881,0.05654079022051358,0.2530282278079666,0.18097312176860894,0.10546255502404886,0.10021059660022448,0.11712990917393455
196,3.381318828306089,0.03372542408485738,0.006014116969173149,-2.2208281295157724,-0.11448442102325646,0.06137482391704238,-0.19187155259295632,-0.03694607393372584,1.0,0.0753780689920301,0.2648774948077945,0.03518106576988687,-0.2678546935267875,-0.042698273365667866,0.06458247716506814,0.21292131213313503,0.15172155978820398,0.12451968944429384,0.04729614031793489,-0.015749077532313263
197,2.0331646341355976,3.0019618906295524,0.0095793719389225,-2.0186629640322886,-0.06699366428187664,-0.20279083757511768,-0.1751199373423679,-0.2584106965659901,1.0,0.24804755778413012,0.19463412612233935,-0.163339176685833,-0.015882770520094323,-0.07382300180465357,-0.00030632823696365527,0.15121891940066726,0.12969650803346977,0.0855458386827278,0.026701028664818206,0.020659569514497798
198,3.505031718450107,0.8771235042818926,0.0005852059925093633,-3.2326912353484625,0.037242131659974295,-0.0871134601569029,0.2229444833451742,0.18682749012060568,1.0,-0.15948559818358088,-0.039878001146424376,-0.02347736820274432,0.08019212202282429,0.063749331564777,0.15836043444884396,0.2860784202515746,0.13255326448131036,0.06046552667191967,0.03862876579555763,0.0485251311276034
199,4.292885751498383,2.9611998202193464,0.014585133967156438,-1.836089577448687,0.18597347931278976,0.17709774144226656,-0.1624019207843247,0.22407862665679001,1.0,0.14055740831463492,0.043873868796106774,-0.11468553672012453,0.11119948593674844,0.028476894753437013,0.15635593109299203,0.29678473160478847,0.21308163438443933,0.12774448644548506,0.07615294247064434,0.08133764533796055
200,1.1321182746653964,4.738281165162225,0.0010443676174013252,-2.9811466027643996,0.001247180409358095,-0.1549339168476431,0.17251410745153195,-0.08869523837691533,1.0,0.1472652303404042,-0.21626552789646802,-0.08144677955724924,0.1313575083096081,0.010709994275215892,0.058917190973157396,0.2034910600229953,0.13564422354283498,0.04866008178480604,0.03236925796643303,0.0533336268448467
201,1.863464034733662,3.2040657049927947,0.0022237827715355803,-2.6529076387316524,0.21118578824798118,-0.16058597812947414,-0.19504193627714098,-0.19543232322888518,1.0,-0.1525243061315983,0.2359434370695933,-0.22988389089873076,-0.2892096130768135,-0.04240856082467095,0.0016454785670209976,0.11824063053869782,0.06440254988410224,0.05420169097091481,-0.009488030246234541,-0.03682185858670719
202,1.5986738970509926,1.5085162110188945,0.03553550849899165,-1.4493374655958027,0.0007045995003780225,-0.15723260009124126,-0.1782041332065882,-0.2613744882743656,1.0,-0.2032369641968982,-0.28001822159225054,-0.020643090766582026,-0.25901335129325787,-0.057955682022020644,-0.011575750512744483,0.11514357731299636,0.02126196483403504,-0.030229538205999138,-0.03551953158876809,-0.05080433037668158
203,0.6934965680929716,4.810590389831779,0.006392250072025353,-2.1943462432722427,-0.2823065494174937,0.12524545998694608,0.06019655062218032,-0.006126384038304988,1.0,-0.0015300862195485653,0.23646515383030545,-0.2816827212752426,0.22619331935381115,0.01106919023932393,0.11458926021613738,0.15544923734969016,0.11291181802903758,0.06390094974201675,0.047232804455535904,0.06179715201037147
204,2.064633141916981,1.6466592854239315,0.0032231345433592624,-2.4917215653474436,0.11691455772340499,0.06876373332454107,0.2914102934847701,-0.021278748789681334,1.0,-0.09929430144340612,-0.15061270383419958,0.1930665186716919,0.2635359036637265,0.06799785273573604,0.11475210505874818,0.1954784284499515,0.08266093681349033,0.0453895658113137,0.07930275765507656,0.09020397634609728
205,4.429672696719634,2.207370696270834,0.0007652693748199367,-3.1161856662770253,-0.11519629423432694,0.11969513086309726,0.022664247620542664,-0.06655279638651547,1.0,-0.04509717037881576,-0.12314393955082652,-0.06629341372373639,0.24525753694905728,0.012714993162520193,0.07998770215408017,0.2795151125319902,0.160135073535332,0.05524193614204237,0.03939004295361146,0.09289949602110016
206,3.1093529109069067,1.64873863690074,0.0006662345145491213,-3.176372872260342,0.17251637502826805,0.0518202571760175,0.2287487808280306,-0.268827210529827,1.0,-0.11262709653616519,-0.19587903165577503,0.1618492761019107,-0.014691340545540686,0.04919002903933708,0.05077924654809217,0.188763845572377,0.08548899496584463,0.026589141457877954,0.04257465613556892,0.03235521513085224
207,2.9667464984081993,3.892422325999825,0.006113151829443964,-2.2137348177108165,0.23044214076245723,0.27436552429363387,-0.17798384621207106,-0.038056642609025366,1.0,0.06858303315933827,0.08534078301268196,-0.2522929581199245,-0.08345594498842675,0.01578290856634094,0.09275357622108808,0.22497838627725794,0.15845310878944768,0.09236684896218625,0.018868181878412174,0.012683477504689815
208,1.8132081206245911,0.11133372684215415,0.0340139729184673,-1.4683426384055032,-0.288417551312973,-0.09126005502917546,0.1788959895193776,0.12264560356237025,1.0,-0.028102443825721756,-0.03217904262845678,-0.019606565350236336,0.07339534180438607,0.026984606187040447,0.1267267703860103,0.22037517082988295,0.10292283486168485,0.04597122012517812,0.02967535691863284,0.034367335187777306
209,3.199690154863898,4.216903833890711,0.0009723422644770959,-3.0121808365043683,0.08299161033034419,-0.2195557868157118,0.09342841481230765,-0.16476414924638338,1.0,-0.1373700273834431,-0.2896027950888101,-0.18331169381326118,0.2953516199328077,-0.01232942115008634,0.02793363936413425,0.16455539968558652,0.06997897265351236,-0.013782636441260161,-0.019179429700676893,0.041405361863755714
210,2.564146154344496,3.7045928586218935,0.032780538749639876,-1.4843839130573742,-0.27052413326180624,-0.11073922554401289,-0.20994208326730618,0.10951892781356076,1.0,0.07901804036987758,0.21818689224239315,-0.05151407598297223,-0.24149784238718114,-0.0712684242621378,0.015413307434635232,0.17476121138220432,0.1435340095407198,0.11664386575039554,0.0562661009147816,0.0009329781085606473
211,2.219729376396313,1.1793993776293008,0.0009723422644770959,-3.0121808365043683,0.20594424982952572,-0.1252599749429495,0.18864662625351117,-0.10158393282569823,1.0,-0.018604237420043034,-0.19437830052073626,-0.10507937228334636,0.2630881319374829,0.02897641820654033,0.06426353698719053,0.18766005642806505,0.09324446275221761,0.0163208943552206,0.010709271412458444,0.053700957486310805
212,4.837275671805647,0.03743698763218459,0.007148516277729761,-2.1457840895642217,0.13071782814941815,-0.12780984299984932,0.04851619355634185,0.09144211747905195,1.0,0.2890864137217697,0.17088444967879318,0.1330982976778191,-0.11829837716505923,0.01630248873388864,0.12954158507963373,0.29718736977511967,0.2389404653801244,0.17395488256771036,0.10871177231102228,0.04287873406599107
213,4.725588108280168,2.4703893191060438,0.006311221549985595,-2.199886574024659,-0.01656063429004696,-0.18712699482822498,-0.22889724292966532,-0.24477855785251718,1.0,-0.06345126580666133,0.05744045284326662,0.16910562552928923,0.11046781816840869,-0.1117341554045835,-0.04347532309370492,0.17990172850322367,0.11225398440349396,0.08382951802048914,0.09269045082386472,0.0867400337581716
214,3.880574773204603,2.7247668227366892,0.0012334341688274273,-2.908884024834911,-0.11816865137315907,-0.18343030477446756,0.013869937329567827,0.18395808038136127,1.0,-0.20979253788674931,0.04712122732679813,-0.10982830245079189,-0.24029828075374898,-0.020317165303854842,0.09675908438651457,0.2364659024577857,0.11217789184249079,0.061985952467378244,0.002085808489463722,-0.03725180433433323
215,0.08896455619601833,2.57739385511793,0.0005762028233938346,-3.2394246180074306,-0.0007968688944314905,-0.003610253823278464,0.13836894391516677,-0.038339766876497705,1.0,0.1336192769240726,-0.25315705811757494,-0.20672936498406444,0.11211722284738776,0.023913815985890433,0.09137997943149694,0.19315913835946844,0.096951906760154,0.00725193430210845,-0.005127076247993883,0.023804506696776525
216,3.081680480698265,0.10874371987666213,0.016304739268222415,-1.7876861416772596,0.22036553517372867,0.23722043596316622,-0.20441782050363053,-0.03522753078959771,1.0,-0.2828638235200463,0.09981889770884164,-0.15416812293861487,0.28517220871055615,-0.0034815511749085666,0.06733051134620745,0.15103959897930458,0.05081765919796549,0.02834632667504096,0.018079707422679156,0.05294810595351503
217,4.176858195596162,1.3850755710529226,0.020680279458369345,-1.6844435967962919,-0.17142532298590885,-0.18517721169391657,-0.11055080379743883,-0.16864554051992367,1.0,0.21469442101709316,-0.2884697370658122,-0.05022402247331696,-0.005647173708315256,-0.07628339260558777,-0.004787721244203753,0.19811969380293545,0.14325076898532133,0.0196875663936615,-0.005730318748332689,0.0011098612742567874
218,0.7743413767141076,0.05517600256998208,0.0005221838087006626,-3.282176598428381,0.014164583393744578,0.18060972209220072,0.03424855903355093,-0.028542631177755493,1.0,-0.1741579380271905,-0.22025099355635874,0.04955453179421183,-0.135475248644755,0.02376149214964966,0.0955592046366959,0.1752015431701449,0.041331267946519014,-0.004391947976753097,-0.002934339556099557,-0.014421682873547653
219,4.131853607054628,3.980842688871158,0.006086142322097378,-2.215657896049682,0.1526654441840057,0.035830841278958615,0.15098368783359997,-0.07381765456119972,1.0,0.23532064319003815,-0.21594477036463894,0.1604797418056745,0.042446327108668046,0.05724353479277753,0.10081597859577285,0.2884561442157734,0.2293461865290745,0.11768525869206403,0.11495503017731358,0.10035717644885371
220,2.3796092716950974,2.2747396212654927,0.0034752232785940653,-2.459017287319563,0.05846439678987633,-0.043181115429201146,-0.05036841857451441,-0.1179557923259627,1.0,-0.2562969797653095,0.18612370950760404,0.2760845812990097,0.1429672031954519,-0.017594581613188547,0.03600135363375196,0.16664820358716073,0.07184753838407246,0.0878476826505516,0.10808673009728409,0.09403566797800729
221,0.9026312673873881,2.644213206381336,0.0014405070584845865,-2.841484609335393,-0.004799929601074315,0.06166339436356696,-0.26546175952474454,-0.12314471280138872,1.0,-0.14037670729156382,-0.14282632781483148,-0.001234205757400375,-0.2729788896563173,-0.04539731355173372,0.08471484220766166,0.1232503883827138,0.030594731254289124,0.00230592085730143,-0.026594152008963597,-0.03499263822441473
222,4.292403121671179,2.2108656738185575,0.007634687409968309,-2.117208739734604,-0.13000654946609816,-0.24283573507045042,0.041275151495979844,0.14034298643521212,1.0,0.044130487384818236,-0.2340759922802117,-0.2564115817228433,0.2807798532966795,-0.024652265579905158,0.07841540039362196,0.2276947456392489,0.1345743973209268,0.016844448597316222,-0.018881958764376292,0.04483396145966007
223,4.826579139589484,1.5536570683791828,0.00472666378565255,-2.325445288585361,0.004098295242728,0.10120336218218397,0.1460717936393494,0.019815044586025253,1.0,0.13417544565993206,0.17913711983009228,-0.016840941166213375,0.055103951709332154,0.07479704255566043,0.17870123946646435,0.3735444935842349,0.27791430134695483,0.2027243435211909,0.12558842848831556,0.10095388328260335
224,1.5540296154135549,1.3716365415170761,0.0009273264188994526,-3.0327673672861457,0.21561093945434776,-0.056418189222656845,0.05808933648577876,-0.010876364794388204,1.0,0.14568422361256103,-0.18095908786278603,0.046721431087630584,0.10151191429787029,0.02077176878969958,0.08343111817076401,0.23138402867878383,0.14278558181050569,0.05267391043152094,0.047919750444415966,0.05404316912140548
225,4.907353203295875,0.5914272528213269,0.03948789974070873,-1.4035359646498138,-0.23326017168981672,-0.09923155816225318,-0.2800136603869044,-0.08147625584776676,1.0,-0.27148986078761045,-0.06465659403423542,0.1101270607270447,-0.2888381017872769,-0.09516077777609111,0.02011689114420069,0.15829136090420784,0.03759941585124057,0.01068732662882173,-0.002172190235387378,-0.04665336446932559
226,2.5506914215790566,2.5253265954328037,0.0008733074042062806,-3.058832857725073,0.16659050447763943,0.19260398642626553,-0.06523751288734844,-0.153327835636238,1.0,-0.17476860275241382,0.12146203086236282,-0.2600254558680838,-0.11805230309923853,0.0091814911820566,0.0655616558218546,0.17152319093357804,0.08373369343750739,0.046756810773016064,-0.015346493732755128,-0.016274744713767525
227,4.2128491352730455,2.1133790057869914,0.002863007778738116,-2.543177472006885,-0.06768868440514884,0.10871626820122401,-0.08422637108863187,-0.10735273650043578,1.0,-0.2279607161358831,-0.07321092905870487,0.24643314291096072,0.22493511920706072,-0.015826770718447073,0.04152134769433395,0.2023031243208295,0.08224053122019068,0.04581903817494232,0.09289293149210262,0.11013464944208363
228,2.3095005126733543,0.686769221141425,0.004141457793143186,-2.382846760309744,-0.19002606674370973,-0.1659564312684364,0.005298292912224078,0.17258886669163795,1.0,-0.20016130786356348,-0.2997280748836015,-0.09206640862746825,0.03247073689512601,-0.015529284118920784,0.08232012645693303,0.1877617932537963,0.05413534987749627,-0.027210122817284542,-0.027463188985881907,-0.004179047361578474
229,0.6424878566555569,1.3656762622803476,0.005221838087006626,-2.282176598428381,-0.28889162105313926,-0.17841245534602776,-0.0001831566012641561,0.16790771145437275,1.0,-0.27698973754324996,0.20518814291439288,0.21098145543992938,-0.07531295256751708,-0.022081563363034865,0.0470925408702284,0.1398874668239964,0.05472341088415767,0.05959238746054858,0.05859415363547098,0.028369239476760722
230,3.476004580299898,2.802754699798747,0.0017106021319504465,-2.766850991038489,-0.04258466212714474,0.13717304908568176,-0.1861414920571873,-0.23804581357486826,1.0,0.21286915907320528,-0.2463973931001331,0.0448434857357443,0.06167065471285766,-0.045747587187892146,0.024128565206032588,0.20079819684744019,0.1326530654127576,0.039081480320177366,0.03842529767443419,0.04241100744549773
231,2.5062592781429265,2.987701886044457,0.020680279458369345,-1.6844435967962919,0.23370149717480282,0.17847637701303515,0.29268459495820154,0.08934578814126996,1.0,0.29209436385782234,-0.1527862419055645,-0.08705236113948807,-0.11692922281602636,0.09468557633448929,0.12988299251132923,0.24209808236313535,0.18599170059004383,0.09039313491236504,0.0426542174958587,0.02281246435149655
232,3.1260658983280107,1.8412550042730171,0.0015215355805243446,-2.8177178873776443,0.20909022226702587,0.17817990659606037,-0.1981209820748791,0.0596759168038788,1.0,-0.07117881887892444,0.018004191077077004,-0.12096268788224537,0.11364056467757637,0.00201213136126151,0.08532709115605765,0.23651698328361798,0.1340739131491078,0.07022588560906497,0.030968817881007825,0.048373342337524806
233,0.2785806360022656,2.869827150137482,0.0029800489772399885,-2.5257765982155993,-0.11987413148916083,0.01638697941653744,0.024351971292031527,0.06535842583456726,1.0,0.03647148220624752,0.14259307144546676,0.016839529067915082,-0.07841087148190702,0.005953569917035731,0.09761552676249188,0.24484765496085603,0.15539490750547283,0.11937443820552775,0.07151666624286845,0.0394511283798483
234,0.7197776781423743,3.3249406087338573,0.0009273264188994526,-3.0327673672861457,0.0017489042735664873,-0.14282074144873982,-0.07761836426759958,0.05091358200938336,1.0,-0.23811712358705756,0.14698008051628697,0.17254123565987753,-0.09235065905943331,-0.022200745733521855,0.0793337324865534,0.1639117272129308,0.0672730179198248,0.07755480129139801,0.06503820737340026,0.032480673233576694
235,3.9450272701512503,3.404624676108127,0.016898948429847307,-1.7721403193699716,-0.28261688664389456,0.25804391094805595,-0.09457041104671557,-0.11566448199535743,1.0,0.10037212673904601,-0.28463865765786855,0.23565333050955875,0.15584980174780164,-0.015517469093956704,0.05257653422115461,0.19077699849808805,0.11042675801374338,0.04123786231613078,0.0769924509911454,0.08058140417675817
236,2.0890835473412523,2.118696391974605,0.00121542783059637,-2.915270823496312,0.22895078881837616,-0.09271552492368114,-0.2737432946308719,0.20313409955282008,1.0,-0.1888995641896812,0.08619443561419012,-0.11257899518467694,0.12737442756259157,-0.02632211690960537,0.09031906761271906,0.1707462469976795,0.07467324207759736,0.04642876230599077,0.025697572833143237,0.03896437462300303
237,2.0071655339360155,1.8932653516644773,0.043593344857389804,-1.3605798068856039,0.24616133162095688,-0.07299806950556308,0.22970835581628862,0.22732474413250345,1.0,0.21409048582593454,0.23275501755661973,-0.04616163129060108,-0.08448063581755003,0.061450772919226446,0.12650838078188198,0.22763503943947092,0.1768231538474839,0.1341441078481663,0.07143649719701127,0.03937518523424291
238,3.5731298226023,1.0598203445853978,0.006878421204263901,-2.162511233415628,-0.22615429994039937,0.20062873929838432,0.10165481982169881,-0.06270258517714014,1.0,0.09178582489834308,-0.07372867540449106,-0.1589961558996125,-0.2628134640967429,0.02952108938136091,0.0745207761477938,0.22385797611721825,0.14687353359485478,0.05611448017068346,-0.014658057803066,-0.048296348249144624
239,3.837190185268116,1.5011118609502496,0.011398012100259291,-1.9431708863099817,0.16722236015252884,0.17047317741527157,-0.29950776131918033,0.04289671958366676,1.0,0.23322144319436236,-0.02129737338844203,-0.28567728522685154,-0.2739568473831561,-0.015621787000809097,0.12078320030672383,0.20936361206350168,0.1337293096618425,0.034084175338849595,-0.04055611012098191,-0.043361518604271655
240,2.3016755365511212,3.2326701390769252,0.010200590607893979,-1.9913746821279208,0.27372106647019184,0.20016231874884885,-0.06262592198208618,-0.2333677624484385,1.0,0.29525826819049733,-0.06757418012492385,-0.04006676322146272,-0.10718922358772807,0.018022846434554363,0.03812119724512725,0.19587628806090396,0.16564036825314254,0.08987933560099548,0.046067650448382784,0.0227006253835086
241,3.6173315642371677,0.5051713451767278,0.042224863151829446,-1.3744317492762346,-0.1706045687715201,0.1974076228760247,0.05957492623898437,0.2296387687279938,1.0,-0.03524613462597492,0.11036781388274287,0.216528989401642,0.13424170909181868,0.05004527998653675,0.15593873904473035,0.24875359864353,0.14131748563104687,0.11371857263587337,0.1143072625533419,0.0931230143005831
242,0.6059209286445717,3.0481066264181504,0.08116356957649093,-1.0906388609328972,-0.24183715310458298,0.25794060577607486,0.062470403632818416,0.10287091963746317,1.0,0.23852991657011535,-0.006217710291216772,0.24387941374286734,-0.17750755411838573,0.028694683647463134,0.09789487426682261,0.18484086280243003,0.12959977513624338,0.0925728200287978,0.07592613137949515,0.03353786306450901
243,0.15890717989450048,3.110609697975642,0.0020887352348026504,-2.6801166071004183,-0.044048459355746805,-0.26661550516895194,-0.1153758528885813,-0.005496738995574534,1.0,-0.16130918209854897,-0.05368709147538923,-0.18497625653415867,0.1687006965394697,-0.047992164317626054,0.03247898880175722,0.1457535601752212,0.05195351178863552,0.01116485816615195,-0.006953183941626276,0.025831040596215833
244,0.28604255434483605,3.361037021621738,0.07067487755690002,-1.1507349352460654,-0.28589930021770155,0.015551883202779736,-0.050460721583851106,0.11263816867240067,1.0,0.15975558738082146,0.20172852906464797,0.16828527778568272,-0.2653212829368991,-0.0106091888647549,0.07683420617826499,0.16589990325034515,0.12149117420709991,0.1048339453928923,0.06513239224663632,0.016536255580989544
245,2.5193171086481865,4.396181500548354,0.0018276433304523193,-2.738108554078105,0.11470279981146948,0.24968393519129922,-0.05119246416100227,0.09576292705338318,1.0,-0.14628742819040536,-0.09466125229876116,-0.03888185892866631,-0.009930358010025996,0.04971046636462276,0.130681005927602,0.2749105058273596,0.14674030166762345,0.0742874725281115,0.049339024233494136,0.04559844297104844
246,1.6435215934756207,1.821653521391973,0.0011794151541342553,-2.9283332963355537,0.15453810383537944,0.032796284533113625,-0.21332712242354157,-0.14117768248513332,1.0,0.17993347860370884,-0.1895202049679366,0.04925176774424735,-0.23807803688177698,-0.0333064726245748,0.02166678888099535,0.16901923272586608,0.11210275689100323,0.03761915820231976,0.01529314383923602,-0.01888697823382201
247,2.751566541141854,1.1476396408823093,0.005329876116392971,-2.273282885268398,-0.06463387500634837,0.1317407674938554,-0.16671699609929014,-0.22005592609790872,1.0,0.05808953028412547,0.17158488607851347,0.265157097779602,0.0038420924431382007,-0.031455220550376806,-0.009981770835906465,0.1703719768610543,0.13543363248456514,0.11640334979925393,0.11437573336105251,0.07477450428852526
248,4.502222948075754,2.195978350618433,0.0027999855949294153,-2.5528442029644802,0.19994845398154237,0.15742954795102226,0.19616827495876157,-0.0691014916573809,1.0,-0.1640447191906653,-0.19661500283802316,-0.07193175174180672,-0.17184081149283806,0.08190909215896104,0.1306036260970359,0.2450051779714772,0.1010058413052709,0.018583388002160774,-0.011728736990069237,-0.025057581159233937
249,0.5854513731111384,4.59875349990402,0.0021427542494958226,-2.669027634934806,-0.09958772881901135,-0.25032064142247107,0.12718471677329912,-0.0026769908070773617,1.0,-0.28676509988447174,0.09044335756583732,-0.15526567593610321,0.28643647766916713,-0.00945645354342105,0.04772264855134517,0.1405835054294525,0.05091537895304707,0.03669289011865257,0.021668769697869482,0.05808692715136305
250,0.6336689617007178,1.0183942064708211,0.0006842408527801786,-3.164790999710527,-0.014410163338542769,0.0015950955130653143,0.030314851119059183,-0.18744874514710375,1.0,0.0665168405579369,-0.12391599752547999,-0.24568210542376145,-0.2066811188174639,-0.006073024322897615,0.03487548300926956,0.1750845091833506,0.09426721148232305,0.014896931826743077,-0.04165643725008024,-0.046592863148192075
251,4.953628464851694,0.1819621719548043,0.002610919043503313,-2.583206594092362,0.2695612199817867,-0.049925929610129635,0.2279641654692214,-0.014729025869508305,1.0,0.19733018035599711,-0.23575099222392196,-0.08854374969022073,-0.19146800959557442,0.06740797066685153,0.11024530772575586,0.27136324460754657,0.1870870280950068,0.05067546300750505,-0.007530025281921758,-0.03435389923532952
252,4.770427281041661,1.228421785206735,0.03989304235090752,-1.399102841959706,-0.11644896200541534,-0.05836899487250939,0.289689572018701,0.20171215221424785,1.0,0.23972633839787738,0.12925470206056947,-0.22647403009794392,0.16742925300977313,0.06934625745325208,0.16320340681075593,0.28352816332728303,0.2145570693861311,0.12403408743298167,0.05000006237947916,0.0665003861902388
253,3.9149690069652103,4.618725663350309,0.008228896571593201,-2.0846583962574865,-0.10908604399723966,0.292308236202019,-0.22580714866536533,-0.20190494466017886,1.0,0.045612572226251834,0.0334243188715603,0.08286556024817927,0.02268681544828157,-0.03953659102585615,0.03724302225237992,0.22363975800596886,0.15782147266640642,0.11401726656153699,0.09656633990294528,0.07878024958365716
254,2.0117008360809323,0.6542650988226886,0.0016475799481417458,-2.7831535022608884,-0.24765215703579477,-0.08773109678649342,0.04039808488375136,-0.1560749478263429,1.0,0.2164417365376509,-0.270112583441908,-0.006890979564914923,-0.018051878192330072,-0.02511142342570153,0.04946042503404861,0.19005379186634946,0.10616196622528373,0.013593894556156592,0.005436298578765263,0.006700012777404583
255,4.533840700680008,4.4174225130287965,0.005924085278017862,-2.2273786983773625,0.04873700724712924,-0.2269497840770922,0.0883068778603727,-0.2948850005311723,1.0,-0.13298556632564815,-0.14360783147077652,-0.26160751206090155,-0.10207871654182007,-0.03161899476990772,-0.004833951445612364,0.17727332097195522,0.08929847169881884,0.00537709936139087,-0.05642930220089988,-0.05099592075170638
256,3.250862510189496,4.562511111751036,0.00054019014693172,-3.2674533416076743,0.04091469916183394,-0.08150349318252052,-0.17152401951445143,-0.1519549723514529,1.0,-0.11148118339949357,-0.2500188195753835,0.07198762409024806,-0.06302998555673237,-0.06284214480360273,0.005305649474073356,0.1943712326262243,0.08970338127877557,0.007879701619872555,0.014344185344174665,0.006252985201932435
257,0.37469427615699297,2.5876845445093135,0.017259075194468454,-1.7629824791132553,0.18989525902825102,-0.2725672750490479,0.2754746973741352,-0.21474803244840415,1.0,0.2254364385296332,0.2494140252059448,0.11409098251641764,0.12274231012509196,0.00941265466028567,0.07979351456923812,0.13285287702500456,0.10636381583130833,0.08820008970582302,0.07099940916391129,0.05539228586051595
258,4.59637227459799,2.6864940727920694,0.003502232785940651,-2.4556549906656104,-0.03450780522106547,-0.14665085992528734,-0.1062230221279679,-0.27245838846348147,1.0,0.021898831756085646,0.15286642298833922,0.011299692231984747,-0.0369497978734461,-0.08860893383552115,-0.030857306291057488,0.2255222523063618,0.17074564896357278,0.13429236083278967,0.08002753188723302,0.04661249990666561
259,2.557643738451916,3.0426233378963263,0.0030610774992797466,-2.514125674949063,0.048069701690190376,-0.19466793909182104,0.14050422982446986,-0.13833732311661795,1.0,0.09471138276158705,0.18392600451095031,-0.07022662034790238,-0.18012205675181722,-0.0002623509775702023,0.06796218480851383,0.20939484480000767,0.1520106079364997,0.1135418400497832,0.04313581858654024,0.007959334139352263
260,1.7658348692518273,4.104121942681347,0.016205704407951597,-1.790332086888012,-0.23592336095311467,-0.24740021906642964,-0.23203702367950618,-0.2477260381618309,1.0,-0.05700947439920789,0.26575675285532363,-0.2932842596410631,0.02093023432126708,-0.08954088026816255,-0.016812521323941787,0.10020771049631423,0.06314040368925093,0.0452851334994518,-0.007787805881064039,0.0024138079090635783
261,4.210442330958579,2.4027446258289773,0.030934889080956495,-1.5095514368321132,-0.27836599366743836,-0.276845777815668,-0.13424785134002062,0.29826813147387155,1.0,-0.14648134136587052,0.05175172206695646,0.230940755384441,-0.2021582658505563,-0.05175588402121802,0.09206393505652848,0.19020888032884198,0.09131515411171336,0.07447823528227417,0.0645418624256954,0.014086772527547343
262,2.5017786174825978,1.276896714155056,0.0006842408527801786,-3.164790999710527,0.14973675690563276,-0.15688787887861783,0.29123149913051044,-0.03147954728723862,1.0,-0.1096713639574056,-0.13032674852517545,0.10723188783120967,-0.2386027807069951,0.0469790334358769,0.08635059357359029,0.1980377503689071,0.09029258567274986,0.03681008715727435,0.024332471213540628,-0.014720214666332894
263,4.287942660307017,4.834504042591796,0.00445656871218669,-2.3509993930577493,-0.10652472839683713,0.16005103053085581,0.10563367149728588,-0.06678904559078232,1.0,-0.021756292689826717,-0.03372857787547527,-0.14353932048789517,0.23363721679572838,0.04562634869509678,0.10128384156433487,0.2967961176427447,0.2025204642637789,0.11230463795862368,0.06727067662837474,0.113832319722873
264,4.320838550726181,1.9103841424575252,0.00924625468164794,-2.03403414839404,0.09518501317298185,0.27877200449655115,-0.2863724607126083,0.29464112208751353,1.0,0.04041268489426479,-0.05516448516637285,-0.2834188231378798,-0.1553396249483285,0.004857783963266505,0.11303932472877981,0.24414890189818733,0.1580781216592962,0.06266340443919284,-0.017209676810180652,-0.029804157252195755
265,0.42473514410752256,3.7819355620148345,0.0005491933160472486,-3.260274756980551,-0.13919792965881525,-0.013926048856357398,0.06695582529488708,-0.17722337392785542,1.0,0.03226413895028641,-0.25647808469991973,-0.0031183277788717546,-0.21496963977488287,-0.0073186267538916955,0.016098488060575077,0.16772076381423018,0.099869819745306,0.018580034543894394,0.0008922164391667505,-0.025044678311745314
266,3.7935629481718998,0.8338318165802692,0.017358110054739268,-1.760497562424506,0.28984779114883985,0.16368103418315133,-0.04661822522682457,-0.29257379430545716,1.0,0.1633525168997107,0.19235825491159475,-0.005068549235332142,0.10407896567038677,0.004605117295695601,0.04328778231471231,0.2046817193750691,0.16047197819677356,0.11960365950513634,0.07603774590840962,0.06654657895912654
267,1.405635880021905,0.551646553764547,0.0015215355805243446,-2.8177178873776443,-0.03408428455514149,0.0961658172939275,0.010980406553743993,0.29385843578627113,1.0,0.04272540026137304,-0.018450294963309542,0.05535835666469386,-0.052445350592987425,0.03865718313965037,0.15826705981866157,0.2802202653513469,0.15878445522703583,0.08545249363100121,0.05666482543854746,0.029903626306919805
268,2.2093621883598558,4.943722140591425,0.006014116969173149,-2.2208281295157724,-0.1697401731352546,0.027043904799298656,-0.18034604766161225,0.13902519526148083,1.0,-0.06458559359807974,-0.06112175169657802,-0.2640716355988076,-0.2609014210572519,-0.03774225729158128,0.06181404422085749,0.19642832489977158,0.11299756464739824,0.04334253688165645,-0.02728063101733219,-0.05095244872327862
269,3.511516745290752,2.9303231665667058,0.002637928550849899,-2.5787369716372086,0.047115406059625164,0.03558560773846307,0.10653727845421106,-0.16679608337436116,1.0,0.003037544745358467,0.05455024019108301,0.16355410253413943,0.03689035518146983,0.03063634397261334,0.07303832880948082,0.286704821228961,0.19258508414369038,0.14442166532492995,0.13550141683571046,0.10685847702993018
270,2.002074021227103,3.295892990589166,0.0035742581388648804,-2.446814085228203,0.11349337433617203,0.19244017787179868,0.09648364079247526,-0.24684368908394108,1.0,0.25598713247881555,0.12555947840411533,-0.2771677453011629,-0.16686898440534556,0.025949983250606084,0.058018094918921174,0.18111230887612184,0.1475010444518333,0.08538227248065794,0.009537220266335446,-0.0027478820627286635
271,0.944969647747695,0.7486087847737231,0.01511632094497263,-1.8205538958532692,0.1644084016971895,0.19792582302800796,0.26362509888631985,0.02605815034561134,1.0,0.29164183093341794,-0.10326791926212338,0.04154904644198254,0.2766027382565993,0.06520533270029417,0.10684543689718377,0.1906863479762259,0.12438102895364106,0.05958359605190319,0.060648721795084834,0.07170329526485125
272,3.6840163573150293,0.17776773751159328,0.000918323249783924,-3.0370044202294,0.15134631328718853,0.10565776578707695,-0.21850658446186583,-0.2812231024076697,1.0,-0.07565038139417964,0.04087775543050929,-0.006535412672756446,-0.18154099899623366,-0.051310256478195,0.017539441541634043,0.17973869531592032,0.09003340312062222,0.051087759537025275,0.008898175113036767,-0.021777912087016647
273,3.3682332601967166,4.843561762618428,0.0016565831172572745,-2.7807867689817813,-0.022800812182102757,-0.015089627721186792,-0.05956651268551574,-0.17410022815789797,1.0,-0.2145816135567533,0.13096198875452902,0.21834554306756707,-0.16815888757228784,-0.031567622097461584,0.019955976094367833,0.19328184563672335,0.10128216598855047,0.10357832892035473,0.10182040033814482,0.04431962699065454
274,4.338757435384457,2.972417659963254,0.00162057044079516,-2.7903320868880117,-0.13142793279925755,0.09994667741575032,-0.23135249335124622,-0.25312944360018336,1.0,-0.28060816953323275,0.12756517159558317,0.1793381181289784,-0.10535599863110863,-0.06317481038738525,-0.020775320387240427,0.14398664941480227,0.05754628932770388,0.060595908566552156,0.06287013310450458,0.026473349604136467
275,3.0083146173317656,0.6361872669166379,0.002259795447997695,-2.6459308705102798,0.12263241079836529,0.03458279632434467,-0.07255121504349166,0.20697576439081866,1.0,0.07593537668716858,-0.25163925516121594,-0.2879609052887121,0.026190471433626315,0.033784001183679344,0.17909227445997014,0.22268239074851112,0.08573095444004426,-0.022567995453964818,-0.03545459840999906,-0.005599821804527013
276,3.960397199838739,0.15752249937980878,0.003880365888792855,-2.411127321830586,0.011504163832652603,-0.21447573289936997,0.11426984339957497,-0.09879472934335382,1.0,-0.07052173649207875,0.1701165584484168,0.1768664203602002,0.2388973966587971,-0.007976632374501818,0.05206655626710392,0.2136357587433911,0.12657432794580464,0.11003795770836952,0.11186624619412322,0.11389451567639601
277,4.941850644369784,2.23716194659499,0.017925309709017574,-1.7465333319639085,0.2120514652626623,-0.2654398537817155,0.18513377313055898,0.04198533738694472,1.0,0.12337377283194433,-0.06370641759635894,-0.08809457903744114,-0.02085421445881167,0.0355783275475984,0.14151921955239624,0.31153409128535425,0.20590986280394208,0.09890698052970777,0.04166295775761943,0.03366777560026477
278,3.1726626054578357,2.441536464421396,0.0005221838087006626,-3.282176598428381,0.08876491583007329,0.011669003142687484,0.15880866298795962,-0.24130542325541987,1.0,-0.016264990031461778,-0.22910756552781175,0.10089394513027002,-0.2488617504877071,0.023650563348418443,0.06545910887382861,0.204074703890742,0.09605894617911206,0.027787130394890343,0.014254982902751416,-0.022664606113423823
279,4.100801286954355,1.0530740115420467,0.0028179919331604727,-2.5500602544448694,-0.1553507588913808,0.07137745817762028,-0.24772194932821154,-0.0845965342241496,1.0,-0.02335397946488634,-0.04757389941579302,0.12011197018070187,-0.1267059868648311,-0.0737077126065119,0.04871505258418809,0.22798522519457132,0.11939599779631596,0.06357264295614075,0.04640025009380529,0.007309462452422342
280,2.624540479690304,1.0920856176328941,0.016520815326995102,-1.7819685234032099,-0.11279946854433535,0.03045226112489989,-0.036918391219732026,0.22602124261478068,1.0,0.2825642927550054,0.012826570486933185,-0.013598633973391738,-0.22401930896194452,0.0061609175267866205,0.11703787005721619,0.26724009604996335,0.20594872150584806,0.11473581512823659,0.04756410536630822,-0.0053023594085486875
281,2.6689134895607975,0.10519171859422435,0.0005311869778161913,-3.274752580349174,-0.13711348927274966,0.20253802801909385,-0.08060805162730683,-0.24511198393968528,1.0,-0.22920848769169141,0.19093239771105744,-0.10118476032038602,-0.0823790179051296,-0.01510275778342764,0.014870342642500629,0.1462197966523645,0.061750752893852706,0.051818675337886116,0.007862105260449014,-0.004837470157119477
282,1.5429687091493802,4.560659114757132,0.004393546528377989,-2.3571847699886073,-0.1839863427044884,-0.04640374361053166,0.14098378370651443,0.24961324183974326,1.0,-0.18989422724037247,0.20557827761129507,-0.12283956374146905,-0.04236599803179817,0.024065064393230674,0.1132902342868089,0.20765734154093815,0.11506710458195551,0.09785199930953242,0.04824726521021902,0.035912971197376485
283,2.141570721850426,1.0773858442864082,0.003673292999135696,-2.434944428901438,0.13463341378813173,0.02236463541175284,-0.24463883968134503,0.07055207683500819,1.0,0.13059484659469978,-0.298392950263062,-0.21559494822676897,0.2684188589761852,-0.027563454882789214,0.03398949880989663,0.17201340822817973,0.1158462718852723,0.010829954839572829,-0.0175272000737084,0.03246524836016594
284,2.983081231460048,4.999058826413984,0.028783131662345144,-1.5408619557196301,-0.29093608234074364,0.17627010053544906,-0.006731471507126274,0.1670263931205199,1.0,-0.07086282818443783,0.06252365342112932,0.13583023409543893,0.14698073734453035,0.01529251435789833,0.13085510290119073,0.24727614599916872,0.15171272085414825,0.12369000348900308,0.1262896392816692,0.12119046941059791
285,3.5406305256921335,0.12135525657562153,0.00445656871218669,-2.3509993930577493,0.11328592932483023,-0.28662939548445476,0.05285548655297758,0.069503748931218,1.0,-0.15322741086337735,-0.10798186345223384,0.057701739541222506,0.29027049567564694,-0.01125724642005704,0.07762696388099406,0.21248395662316846,0.08819162930445096,0.027765859964719232,0.04454200032751136,0.08301098143968257
286,0.09517322204698589,2.519909444172387,0.0011884183232497838,-2.925030660785468,-0.20352432818133243,-0.1639575849490718,0.016704683299557186,0.05636872493511597,1.0,-0.25302445560165787,-0.07413715706433881,0.14387686755793333,0.03463291988363599,-0.019344942038119716,0.05833314815030018,0.1551269258242031,0.04187430498347409,0.02311892968198829,0.03814961909661956,0.032264141692187415
287,2.9461774015162776,4.732497525015184,0.003952391241717084,-2.4031400717491964,0.23561356247804943,-0.10843732055599505,0.08789392166153875,-0.17917486445278163,1.0,-0.13773554557570647,0.21893496175628058,-0.1311823710730383,0.1579796080993853,0.011777306937797362,0.06602734584071705,0.18935337915196218,0.1168771803524576,0.10139344049472303,0.06342387521329618,0.0772675186781313
288,0.7872292296970275,3.964682853130096,0.0007382598674733506,-3.1317907396076015,0.09655143919181135,-0.2691280699156826,-0.029564902019778804,0.12560127753887965,1.0,-0.10216451932081042,-0.18036654699065238,0.006592731193773749,-0.20698241007038107,-0.01948956683419974,0.07054209571326853,0.18381464676976855,0.0813463086728179,0.02439679558409523,0.007858937543171867,-0.016922373427057543
289,4.783442321241095,3.563949791086743,0.008057836358398155,-2.093781556675406,0.041356035952046954,-0.18929438295719797,0.045114701927949016,0.25331691301448883,1.0,0.24570399053954445,-0.25052653163078237,-0.1157923502677627,0.011338796056033829,0.01398281945696128,0.16123499496608026,0.32239390501394094,0.22379955364012427,0.0782042563801209,0.03355030475558129,0.03892828463093639
290,3.5351928390926872,0.15608047153661414,0.0027369634111207145,-2.5627310083825643,-0.041815185544043156,-0.2510793729985438,0.041955231681467885,-0.13019912070332287,1.0,0.2968862624816725,-0.14269463247116657,-0.267890372019445,-0.07951728031511367,-0.03029802182689082,0.05070672572034454,0.2100684859397199,0.14604444937882474,0.029640670920797575,-0.03526524543671785,-0.025988600147739266
291,0.2949138225179181,3.058227844803898,0.000891313742437338,-3.049969397393768,-0.05511131906369323,-0.036944755255165926,-0.021460016229249312,0.28779794588558244,1.0,-0.2299368741922163,0.2429535044465682,-0.14167323572252566,-0.20515631783729804,0.007883786385941045,0.09650546869363441,0.16876870954081863,0.07945576999529869,0.07164760417715256,0.01735701233612689,-0.00670620784693997
292,1.4665870382424473,1.7057567942600336,0.035490492653414,-1.4498879720478937,-0.23789981701095436,0.15959775510116797,0.06415168629515397,-0.08210224329026793,1.0,-0.2337179972503756,0.1960230630048433,-0.23690520003106832,-0.22997644390443422,0.009285503674864486,0.04788164951239989,0.14127036151502412,0.06085340677786195,0.04532709339872851,-0.015117370557439743,-0.03215615843129343
293,2.5243884321681027,4.339972033117283,0.0020977384039181793,-2.678248670965299,0.16512171167159587,-0.024362291151628166,-0.1726689406630755,-0.15056457216514169,1.0,0.15369995001429287,-0.011541537452218165,-0.2499964752308608,-0.13622576586283128,-0.03725754156211869,0.09839343996860116,0.20088958196434836,0.1303963619639746,0.044788221127589914,-0.012231161532930534,-0.009944109284332146
294,1.2201057664799615,2.915311763790873,0.001998703543647364,-2.6992516175406793,-0.011395987775257499,-0.19026674467563862,0.2154555372171944,-0.0705505934645415,1.0,0.0005149196551182955,-0.04422548319576852,-0.28959732169924246,-0.20753950524382794,0.01585332278987419,0.06284386694332249,0.18822756668277774,0.106177693366995,0.037979116802892544,-0.03166710361222527,-0.04055673329634078
295,2.8068801325208477,0.5702149498417968,0.002151757418611351,-2.66720669104318,0.10315392663991571,0.08196699339709519,0.2966556159260086,-0.2576740143319686,1.0,0.2914446364272994,-0.07150091432641699,0.01315289235079975,-0.29670354272645366,0.04838173662053564,0.06818483798795202,0.196136557274784,0.14074805297813955,0.06720759886674652,0.016767382309364566,-0.023528512943385472
296,1.1985653867449384,1.692041704595326,0.0019536876980697205,-2.7091448581427886,0.19416082134231835,-0.0002909381123251897,0.2087697715436636,0.054722346376948304,1.0,-0.12607714514220922,-0.2611628825117317,-0.05919613646566904,0.25431496033492695,0.052631453598533696,0.11323921665096837,0.18170797068169486,0.06047550091355508,0.0005925379019976455,0.019611479618907555,0.05285184449308129
297,4.865709672647518,1.5253122502573464,0.06279710458081245,-1.2020603800456828,-0.27254074003109163,-0.2641952436795132,-0.032438454621954826,0.0648208217187369,1.0,-0.19185171740983623,0.06425414160843472,-0.17509617162918634,-0.25521300028236676,-0.05624314975430267,0.07175695849195854,0.20192334323032984,0.08589779791083597,0.03719029176439773,-0.03412114401371273,-0.06065001764162221
298,0.41959915468764275,2.4859739817014166,0.0005491933160472486,-3.260274756980551,-0.025684081630514076,-0.15218346514551642,-0.011729852892859638,-0.14028187518583504,1.0,0.07948009415886881,0.04822761196449314,-0.08071821215538058,-0.07396466627670195,-0.03219302283759564,0.03417719129270092,0.20060432662155844,0.12646260120112748,0.07345260106308378,0.024033543852362116,0.010120755581793154
299,0.765051891901033,4.9697548004322725,0.03617473350619418,-1.4415946595790876,-0.289437259539259,-0.22854656421623154,-0.1536928630524413,-0.05986468635980835,1.0,0.14023109677197404,-0.15854186615464627,-0.2851965341674274,0.17843697386285293,-0.06630752317656183,0.001038448820765687,0.12516896707244238,0.08132795017145135,0.013975569429321044,-0.015837541183859234,0.017476630469900774
300,1.774801236092269,3.2256229091664093,0.06740672716796313,-1.171296758863279,0.21395123365763904,-0.28607822879608535,0.041626543575841855,0.2364762974998019,1.0,0.08007465573129692,-0.01703232535033461,0.01362300443332709,0.20876677490448106,0.006505236756035575,0.10666070360574936,0.2268775596969835,0.14793651570427965,0.08914348901313976,0.0752212539306594,0.08920456559887747
301,2.314184593394991,1.116913319336346,0.026946485162777298,-1.5694978751511266,-0.17078788077195112,0.22953320944476985,0.04357137809369096,0.19869054292658464,1.0,-0.10718358181579002,0.15728731664429355,-0.032984444305354466,0.0137725320496888,0.0390963228936997,0.10972388760631119,0.2387323061737859,0.14007273197969433,0.10036414319345009,0.05688401236459961,0.04186824988011529
302,0.9884939575946163,1.7890550283170068,0.014882238547968885,-1.8273317384198704,-0.2731179750403202,0.018377300203543844,-0.21164227277442763,-0.04757121918183608,1.0,0.2606057535335765,0.02995761321987389,0.037719919905318686,0.2139420959096274,-0.05023255964669753,0.04609114838859175,0.17331973472359813,0.12451600966120016,0.0725086358389629,0.06366346738751653,0.0693567295369567
303,3.874539224994775,0.7609111467675673,0.010632742725439355,-1.973354694377803,0.18306302820547932,-0.11431933722973646,-0.03937616732637672,0.25493096905378276,1.0,0.12840439063134954,0.2895881704252821,0.007314664219083422,-0.21840149548958834,0.008400349196799923,0.1189231976383625,0.25826521136220015,0.1961614424822808,0.15969401084493257,0.08016488163976218,0.012402991570478224
304,3.840203338462347,3.80687831334491,0.017961322385479688,-1.745661691968551,-0.00551391579794449,0.29072271588489623,0.07837058273425747,-0.14833421522184123,1.0,0.27157514550673856,-0.29399262129714787,0.21436170575258953,-0.16339275776636655,0.04797073023810454,0.06907940933348192,0.2266616575544585,0.18139189564786756,0.08138854966650177,0.07916739947541374,0.03785174333576703
305,1.2744610732241746,1.486825251640109,0.019878997407087293,-1.7016055229341567,0.24153403262590012,-0.23372926341203187,-0.009494534451176295,0.29796514855348327,1.0,-0.05688438186577572,0.26025133955875424,-0.0784852041299777,0.17125450088736613,0.014496613783358071,0.1155034310280232,0.1780371721451152,0.10447772020832385,0.08524209717666138,0.053469338555412534,0.05759553874354436
306,3.8331709324614245,3.386378854344328,0.00843596946125036,-2.0738650011035396,0.188520666197811,-0.19663257032212353,-0.0075733427527457375,0.2607351572003566,1.0,-0.29501217655208795,0.13786619048423102,0.2890770896770353,-0.06425458288658305,0.01283086646285652,0.13194827746605173,0.21385361665789349,0.09614431296422524,0.10564523001190462,0.11166466627736137,0.06876892462551623
307,4.5459779804769855,3.0968317508279735,0.002583909536156727,-2.587722695257326,-0.10050487713296784,-0.17578920411070795,-0.05934472908347864,-0.010117067806227531,1.0,-0.03146072756115555,-0.2654720421760816,-0.06400124691191533,-0.156483287603525,-0.062006847211103236,0.04596578871715751,0.2591481844560327,0.1404178680248851,0.010136009048422195,-0.026247471397333973,-0.043331530807090665
308,2.353632966349399,4.205202282180078,0.01607065687121867,-1.793966371543106,-0.23076658567543412,-0.0492341721764457,0.22630220574122506,0.22146572430269076,1.0,0.059471714106144866,-0.1419948826131555,0.07493842204486045,0.10786391574646359,0.045164798609048026,0.1472974373616074,0.24710843753818065,0.14667106109988395,0.07946089624364623,0.07991096223615538,0.08048412359090686
309,0.02185578227181751,1.3570751485215973,0.02132850763468741,-1.6710395312685529,-0.0065624469462822075,0.22022518250060943,0.10264492128445923,0.2289106256386691,1.0,0.2662603500008493,0.04588575795077005,0.17967493139035545,-0.0673170828425317,0.04867981670618014,0.11269415387353465,0.20293928430762026,0.14491055544214507,0.09623160919868648,0.07677679456191382,0.041906013422447146
310,1.322033269704297,2.35265573641866,0.05328075482569865,-1.2734296311667037,-0.21118596113235258,-0.08015862587652316,-0.17218781378169457,0.23167174834790363,1.0,-0.03619228370163757,-0.1874028056880268,-0.02109944229709775,-0.28999392811141744,-0.034942328827937,0.07013053151177481,0.17500922580559763,0.08260899134885051,0.017735968450775148,-0.007063824458505583,-0.037772683758895184
311,0.5218234732620121,0.8493179100583088,0.011848170556035724,-1.9263487027133812,-0.21159053800198815,0.045523444046311985,-0.052113348839458264,0.040003065384580094,1.0,-0.00703538967550299,-0.17928973387040723,0.11605215207847176,0.2712980015077794,-0.011731224928910001,0.06377248139468683,0.17828734490810635,0.08047870415392609,0.023412563202474736,0.049141727132627835,0.07194296181213455
312,3.1207777574800284,4.865140132185343,0.012199294151541343,-1.9136652967808934,0.2789513460195168,0.15320028685948914,-0.08019937531809339,-0.25213625370351067,1.0,0.06924287414860009,0.21774209773915237,-0.044862521571498955,-0.26373866322140116,0.008993288109053501,0.05265840312439531,0.19701906211360784,0.15695227657019248,0.13272033966617316,0.06333771575941406,0.01379637760617771
313,4.575557732362608,1.8165586531680087,0.09176930279458369,-1.0373025677793166,-0.1855280386864993,-0.2048703315939452,0.2633705050226622,0.030287112711787276,1.0,0.1392835893367458,0.17887169352810556,-0.1697529174722897,-0.22921704530351997,0.032698223380915735,0.1545735204024724,0.2342105762228242,0.16673035871492772,0.0924857301366677,0.0036099429442487114,-0.016437059404035725
314,4.857853913787317,1.5395405198253598,0.002070728896571593,-2.683876755973725,0.12560899871019535,0.20424809282359702,0.11820119527346923,-0.29671909907679567,1.0,-0.1505481024043824,-0.23899184833064716,-0.08122052413327856,0.20768648486402347,0.038830218788396244,0.059579513728147265,0.19392912947939078,0.07032880535456275,-0.008402083973250525,0.0017570997674436885,0.04660650046496369
315,4.147709934362919,3.7892197431266155,0.019266781907231346,-1.7151908186421272,-0.14970024738505042,0.23322044145328702,0.033793842408203024,0.2507628638006648,1.0,-0.19205584162623127,0.019100475206262235,-0.156621070011266,0.27988292603936143,0.05365341947899862,0.1650421815793031,0.257053762005106,0.13109053898783693,0.07357507636773244,0.05422971571740911,0.09594150306614486
316,4.307308403346372,3.008489664486957,0.03640881590319792,-1.4387934450723545,0.1638053307907579,0.06481068989750091,-0.2541427713846981,0.26108552270913116,1.0,0.2743197585332618,-0.28400719412193154,0.13887114269999565,-0.05045656802359034,-0.012709671362625833,0.09926399159783957,0.25487283020399376,0.19568873276130452,0.08024175393025143,0.07141861780496166,0.048406851125752506
317,1.0099890909462133,4.343731914556098,0.00459161624891962,-2.3380344158933815,-0.04709597732275473,0.20649840463870264,-0.1700132284605066,0.139504624487537,1.0,-0.05480340346625155,0.19498794552821147,-0.28676010168025695,0.16459059651288635,-0.001061008779752842,0.07632968701562817,0.18066028485563154,0.11567313353925024,0.08379461230335807,0.029251506117282743,0.05153489559708314
318,0.012141752901868773,2.329279203580474,0.00884111207144915,-2.0534931042043683,-0.24058110450026285,-0.04507719920615851,-0.03224745395191585,0.23004786693366527,1.0,0.08548269219850003,-0.24812416348401392,0.15488189672821154,0.08944077765877731,-0.0063940639083211745,0.0822690111577264,0.1754221920463719,0.09068196550505138,0.028387727705148018,0.04594070360287983,0.044222518412790436
319,3.104614240703193,0.9351705134511175,0.0006932440218957073,-3.159113866818836,0.13134149115970656,0.014991943266922058,0.2074339705890339,-0.1922099766510413,1.0,0.03790563675573453,0.011583583935809315,-0.23206650307378196,0.0653717702080091,0.04378663235961929,0.08971691118886554,0.23464542833835397,0.137078210709879,0.055266637008855625,-0.0023487776904282166,0.020521794302293266
320,0.659726281685748,1.3697616163670427,0.0009903486027081532,-3.004211906833093,0.06577154767565405,-0.22377682172874755,-0.08937500408534983,0.08230518221486768,1.0,-0.23997847159443364,0.25397498876907526,0.11699891512656448,-0.2943187713347538,-0.02620901054191976,0.03492158502544366,0.138143291835365,0.06095671584482703,0.06702058143486678,0.043147953900866676,-0.008602839076641977
321,3.876798528448668,3.0566734986146478,0.009696413137424373,-2.013388888693336,-0.13120551071725509,-0.05931038124213282,-0.016137194641980167,-0.1645770639823034,1.0,0.23155606914763285,0.17677562951935552,-0.03460644057574128,0.2690961019953984,-0.03631234792741437,0.01990220801798199,0.2227405634516426,0.20345822250300896,0.15430372961038394,0.10879093953405412,0.12774386355444273
322,0.1783797651742962,0.17379122089749077,0.11316983578219533,-0.9462693143053602,-0.18908227366056543,0.22085643895404375,0.29527202208072173,0.1806913343908762,1.0,0.03475829847644631,0.2076576498270881,-0.03980315278849902,-0.07685845130594439,0.06623013139355706,0.1210300044445554,0.17154563213853558,0.10124317633810402,0.07297476062253415,0.03025259808575226,0.014313733876492317
323,4.634111989191011,1.1641947984842598,0.0008733074042062806,-3.058832857725073,0.10666819498144316,0.02816636305095823,0.18044450871724646,-0.10802997954269168,1.0,-0.1578492760161763,0.12626023610571752,0.05011376751627903,0.029914540592866867,0.061446417105414305,0.10187679791394455,0.28588957963555134,0.15498413503357394,0.11854915618807094,0.08730571684635602,0.06856639210697849
324,1.4703014414777211,3.1413185662227323,0.00297104580812446,-2.5270906521134306,0.042630524866446605,-0.25576888977340045,0.025224252030320058,0.1106100225282516,1.0,-0.012934450402329567,-0.06826686553581723,0.259396338902463,-0.021540572050047224,-0.008680903752116546,0.10838020844554147,0.22206070491148547,0.1146742770150257,0.08328908828779077,0.09513833838848977,0.061954454845050556
325,2.631086708632488,2.452392562185883,0.0006752376836646499,-3.170543328599618,-0.08099140770722563,-0.0688659039019033,-0.10838127611801587,0.009753307345396743,1.0,-0.2598111930877209,-0.1064412003480789,-0.1959304305152563,-0.05649262454655093,-0.036455739730377766,0.07771829838281719,0.19205183143558813,0.05072385792267195,-0.009621210886309765,-0.04171915789317273,-0.025713821316765906
326,2.942621144517124,2.4646495506444914,0.010605733218092769,-1.9744593015402352,-0.15602379506975442,0.2583911650927161,0.005078466872081755,-0.14174312485987423,1.0,0.2212983913099738,0.044631576177613104,0.04824336633064092,0.11407097661188019,0.01615314443564398,0.05583112751451463,0.23246343204002004,0.18984382968272262,0.12389892267466149,0.09349207914099934,0.0874049562755927
327,3.2966904324938415,0.12723685601554222,0.0623109334485739,-1.205435742750562,0.26401209563424777,-0.25397842875104254,-0.10999249812160898,0.2511870220865572,1.0,0.023188764332893675,-0.046445943332455726,0.2305549594045957,0.16393999242374563,-0.017309978388738677,0.0932126407701439,0.21508549562714924,0.1237798141960545,0.07122879709960822,0.08581195389503604,0.07972181378598937
328,2.604774570058776,2.166416565208851,0.0037183088447133392,-2.429654540334917,0.12370060794272213,0.23938991700924414,0.218917309484675,-0.1602282689593338,1.0,-0.0663572181471968,0.15580838072613076,-0.2962885429890615,-0.1498263164738987,0.052565038868129146,0.12715942395822125,0.1676518741568513,0.1017657988434515,0.04263591886951178,-0.015531144069640216,-0.011527548744975333
329,4.326301943467778,3.414933802246738,0.014071953327571305,-1.8516456139721311,-0.1633058234615575,-0.1817161377458568,0.17112629201754032,0.1915525302697989,1.0,0.17265390537530845,-0.08368988906617815,0.09637311173348899,-0.24944909386813802,0.011137732575992617,0.11416839302922056,0.2688074385033405,0.20171037761119967,0.11514233962236638,0.07481375332212475,0.013353804015744432
330,2.421000952751218,4.854821088749846,0.06065435033131662,-1.2171380446386397,-0.19348275277899596,0.09770424780846973,0.12502321827543575,0.005700177322383681,1.0,-0.23421560690145138,0.28258579086801017,0.20098143435689236,-0.24300765046918804,0.0233534627240507,0.09195732453629789,0.17888892199937093,0.10172744155918523,0.12260432241417649,0.09299784268912778,0.03631620871196454
331,1.3622861058974542,3.5592219422269893,0.012604436761740133,-1.89947655631308,-0.16918001650705347,0.2088189280379932,0.15613618377997554,-0.008584991679418796,1.0,0.08451243167954241,0.29638080823727747,-0.07012123813355754,0.0698694642033753,0.043286052997639816,0.08871424825342933,0.21200141235948067,0.16192938719247224,0.14141157627894405,0.08597529500953113,0.07544934611121075
332,1.841233816723754,0.7594424096800043,0.015827571305099396,-1.8005857212535648,-0.25170373969795135,-0.1051302106847269,0.22118769572697597,-0.2579404046794266,1.0,0.06281870780886031,-0.02215406226093416,-0.13692195066113014,-0.26635463162551815,-0.0009119849191358098,0.04044743251591812,0.15226831707460342,0.08383870645692602,0.030134285714529457,-0.02115250777488939,-0.03897577395299356
333,2.629269154432226,4.506198073480102,0.005419907807548257,-2.2660081007334933,0.21781675630600186,0.20481750873784885,-0.08940786044525634,-0.027972802212886515,1.0,-0.009410006268377246,0.2752945950950132,-0.1732574002528331,-0.21236493806461076,0.026137035839511283,0.09955067408798798,0.21939461682382988,0.16088621043775206,0.1327926941227016,0.048037174596601714,0.012851463295637631
334,4.225565375596702,2.619018224853598,0.004807692307692308,-2.3180633349627615,-0.06670204168610652,-0.17214653191781196,-0.15664728045398654,-0.21723105308049298,1.0,-0.20175089857597125,-0.09830156627572964,0.20046134243967273,0.07182311254412845,-0.08420343806296668,-0.021942218706702616,0.16222391103233147,0.06125319953019445,0.02327938265194896,0.054925320529838645,0.054623424646524615
335,1.8683051429953401,2.7358325945910917,0.0006392250072025353,-3.1943462432722427,0.15629013969892,0.14156517020762954,-0.1656116167803687,0.055401316904857056,1.0,-0.1783486474023806,-0.17140689524509706,0.1804318201574801,-0.19364418274454784,4.235033076021678e-05,0.06883991245488286,0.1784061326504094,0.07204803837541147,0.02826436081083023,0.03620631322261176,0.001898778830508634
336,3.1146623729883007,3.2938973953008115,0.003133102852203976,-2.504025348044737,0.10760458075586736,-0.10810386433660832,-0.1825755443464924,-0.22637892974036725,1.0,-0.056494409974091137,-0.12819909536573262,0.0855917864960442,0.24700577675313715,-0.060387380711725704,-0.008600933639496027,0.16669723758180716,0.0889651659337897,0.033860236471079025,0.052209086936297576,0.08315789385940785
337,3.303862686931664,1.0001143293080985,0.0015755545952175166,-2.8025665433050233,0.17493218817638687,-0.13891089170283133,-0.2549565491839452,-0.017148953447119253,1.0,-0.2248521745897385,0.051472699071323104,-0.012003038801202447,0.20612538091887314,-0.06011897144205276,0.05628851075897399,0.18005214208299158,0.06521583190209285,0.04126717655121645,0.041324314497230286,0.06308578191750105
338,1.4739018198454736,0.49182871588090044,0.0005491933160472486,-3.260274756980551,0.019713976829706235,0.0513401172679752,-0.09117671687219865,-0.25186704972491125,1.0,-0.2922608033363603,-0.1253055742296317,-0.03076469341995882,0.2769166411002442,-0.020283896828185217,-0.005151641178821707,0.13258601389984137,0.03413600158708714,-0.007824247038966916,0.0019216737700479812,0.04717099622827056
339,2.493270107253876,3.9758800915602603,0.030826851051570153,-1.5110708359862024,0.2825585138995517,0.21069040992939395,0.18660776711430582,0.2834914968688286,1.0,-0.2930221336064334,0.24722192089123207,-0.0753224344602682,0.18836694898646814,0.08648751511233678,0.14353313650378177,0.20797643188759612,0.11192604892034837,0.10319685672267791,0.07576108065434699,0.08448398885141573
340,3.4437350612402224,4.274747971555495,0.008895131086142321,-2.05084764740369,-0.047720648224594875,0.27634967317435466,0.1543429728456465,-0.22767215921200096,1.0,-0.1283633972642978,0.04895624766928492,0.1816452303311267,-0.1623755131925248,0.05100258857435438,0.0831852144084436,0.20845162266208075,0.11799325419012836,0.10169233011355136,0.08704204526096526,0.041238030295031584
341,0.8923567426136486,4.797874290787112,0.019581892826274847,-1.7081453307006618,-0.21499765384454203,-0.2904401931657687,0.19544664811124976,0.22138368540774997,1.0,0.1466101462529176,-0.19686962413820094,0.05381399053718656,0.014463963986393201,0.0017222242131261633,0.08419435846928422,0.1886913063548471,0.12321715522802579,0.056182604463027405,0.04916323016541096,0.04340035824629028
342,4.040189275601476,0.49544596715747147,0.0005942091616248919,-3.2260606564494494,0.1989417696915136,0.03859731927771359,-0.01699770121979107,-0.06012078390951104,1.0,-0.10114625726465687,0.1705414012744311,-0.13142590790235048,-0.008363541646618821,0.014320931431364748,0.11130706354949421,0.2709433764665038,0.14904888810826442,0.10137119416194731,0.028673193904405248,0.022373535162671952
343,2.069982286614575,3.34600940147613,0.038110414866032845,-1.4189563235173077,-0.28996875843622677,-0.15916727957733764,0.2622046177870197,0.29932562949305064,1.0,-0.26312278450977156,0.2242314177229196,-0.09879863567934302,0.1820032983681576,0.03209469566139309,0.11464747430398885,0.16048313941817846,0.07661050502407254,0.06765244806859043,0.04580278694746577,0.0567007502486191
344,0.5666797479770245,1.4579458981624698,0.0032501440507058483,-2.48809739008566,-0.08767921011068268,-0.2526563575644578,0.2396878704205821,-0.011209308472942681,1.0,0.24213630933828406,-0.0658010012422792,0.16239627773696416,-0.08332696408902057,0.013564897610794989,0.06375013819042492,0.18027681801766218,0.12407532651867444,0.06878365234818648,0.056337854518087385,0.027048526660220378
345,3.1649488925421427,1.5880203817755223,0.0005762028233938346,-3.2394246180074306,-0.10160756389790009,-0.14386777266861028,0.05399970226078483,0.07738947277022316,1.0,0.08310274024676813,-0.28553468517705105,-0.07348126957763186,-0.022170690961475392,-0.008779018063618136,0.09097665918957389,0.26009743919188344,0.1491418341267814,0.018667993107581743,-0.007115886814636105,0.0007106686104550333
346,0.5117240935217804,3.4650830900908947,0.0006302218380870066,-3.2005065519770612,-0.12733534372320332,0.11616313253879974,-0.20370201473524902,-0.13718645979036018,1.0,-0.09892539713273739,0.1608620937634195,-0.10728591438036436,-0.026490376856833885,-0.04200179128172593,0.04038224296370848,0.14792893511642038,0.07832999519902904,0.058846499095731065,0.020606476336716528,0.017262764690816168
347,4.127669724350461,1.3060892594854268,0.015557476231633534,-1.8080608538484435,0.26686823634622975,0.16096586233492688,0.21163430017492774,-0.01662285070105931,1.0,-0.23536580146937922,0.007670299373169675,-0.2825480144758807,0.08462728469406051,0.08952841753879422,0.11869062500420957,0.2349823815108439,0.1053438600300543,0.04033634245697596,-0.01731945248614566,0.013018460145754938
348,0.76947838666861,2.3562540636324454,0.00722054163065399,-2.1414302237071543,-0.22093264456723938,-0.14061157201763752,0.00274850292261124,-0.020868894672619907,1.0,0.18309000569345332,0.1341750811947836,0.11529708186698479,-0.0194238400667188,-0.029315442565480382,0.0483609936863823,0.19721840822575984,0.1468414514525898,0.11115900189174673,0.08209665483759512,0.051981321218941806
349,3.4540198938453455,4.912864493733263,0.004663641601843849,-2.331274832246085,-0.2470764805663815,0.14969925662074293,-0.1451567887526441,-0.05838300735253346,1.0,-0.11343874089950945,-0.14034490712177272,0.15218488291006785,7.251013696087937e-05,-0.03577668108407298,0.11698771399081367,0.19252319829043182,0.07835427780703856,0.053780948894474837,0.06375142188749097,0.0501051404414421
350,1.3832965682070868,4.3218048149007,0.021274488619994238,-1.6721408703589489,-0.2173242082746397,-0.19127115274588366,-0.009900192691109977,0.09460653806559662,1.0,0.09398454726236156,0.25302986719035336,-0.22814896764511305,0.22655701905788647,-0.025676883705427395,0.06942824275578997,0.17270228237718876,0.12860443157221696,0.09422994471312515,0.04944420569742791,0.07006302661886013
351,4.9836416214564405,3.885586558694014,0.0008823105733218093,-3.054378516298823,0.17671227799857595,0.00878781984174144,0.06720361832132628,-0.14909137839488065,1.0,-0.11667567291684301,0.11347338853763245,-0.0931828288105491,-0.15485165119910488,0.030101099736359632,0.10308797872184794,0.28690615934318425,0.1730166161274257,0.12490579322753083,0.04673150045974377,0.008855606656323208
352,0.38040595676786126,2.3662890393519964,0.015143330452319217,-1.8197786005294245,-0.19545625714761167,-0.14966047173852168,0.09776710323024249,0.24828571789558543,1.0,0.17054821067442189,0.24497030241123924,0.05966742403565359,0.12325394151178656,0.0077367180904454,0.08835912829886056,0.1801142478553014,0.13267089817088526,0.1091470286752588,0.07951019666288459,0.06869903984812044
353,3.6071138883912863,3.026741043371014,0.025956136560069145,-1.58575994960311,-0.1965146167280258,0.25169505262230674,-0.19574204262059827,0.07105068638222263,1.0,0.1461884622162002,0.25146140296124164,0.1394315109874629,0.015422346916535412,-0.017097684794790183,0.06675671561448095,0.225825681507137,0.18866125283834873,0.16590241989813728,0.1317201096166925,0.09347795875229546
354,0.20471388670257215,3.692870087410996,0.0038353500432152117,-2.416194992888599,0.1980333613517455,0.014536770572555334,-0.17726576660854326,-0.18906757434125382,1.0,0.05270099269702544,0.13275871435846293,0.28155597597744164,-0.12419929439015512,-0.025700098066596216,0.01919996954068028,0.14633294122985005,0.09880373486398922,0.09308516497202701,0.08816665253830483,0.04400608309048317
355,0.33094327163910986,1.0637142016672134,0.000918323249783924,-3.0370044202294,-0.051859104611826544,-0.01186595958946135,0.13459678884952223,-0.1330557678312865,1.0,0.19461225968855803,0.20466026776546803,-0.017249483747613124,-0.06867775265366323,0.012404412923516057,0.07496960613536062,0.19528827625249967,0.14086491539624643,0.1011408344522507,0.046966826053684595,0.024464214556189638
356,3.350406996126656,1.741733064791057,0.00876908671852492,-2.0570456351127024,0.1596866791938067,0.03614882011067091,-0.24417135190512582,-0.12575533378826603,1.0,-0.17369200460512374,0.2652563428344446,0.20824177999144047,0.29235512765028865,-0.037405780694780455,0.01695204563450612,0.1528699531744082,0.08532403055570706,0.09821144165817228,0.1085395017155656,0.1135768475908095
357,0.21563679706961356,3.2823157198272206,0.154359334485739,-0.8114671025403549,0.20377141554643075,0.22015786495248327,-0.20409211557478876,-0.2230337197990079,1.0,-0.22179669591544302,-0.28031610513468724,0.28835396857656487,0.2549229972323574,-0.005623016920389284,0.005456294217318017,0.09913541605852898,0.03257542483495084,-0.00048805482327620917,0.03869334621499909,0.05513230310839175
358,2.0205516061380355,1.7692685135253772,0.0014945260731777585,-2.8254965039512627,0.21937027826774547,0.04566239302715107,-0.13452050963265075,0.19478325665304977,1.0,-0.09267454152112352,0.09155978610793365,-0.025617133953119087,-0.142945264054284,0.01218982212473788,0.12933860916003925,0.22192958320470815,0.11551573261828266,0.07855890381799858,0.03345646985021943,0.006465964404978055
359,3.2101218001309837,1.3739042092264637,0.003214131374243734,-2.4929363758791245,0.12695883517790735,-0.18099842134276828,0.009358202825284389,0.15567395986699475,1.0,-0.08791331918907316,0.24420069736578906,-0.15986083713697039,-0.12206485425103987,-3.6327549110918065e-05,0.09883151200970294,0.23145279999582144,0.13898479508180056,0.1083863982565038,0.02874082278997526,0.0007978206398289595
360,3.379502608221017,0.5019355539085507,0.004807692307692308,-2.3180633349627615,-0.024686050666404023,0.2846609925014946,-0.21315036274006152,-0.14196601449614296,1.0,0.29341933474297816,-0.11370120094873282,-0.12424295902132293,-0.24067394275592502,-0.021189372631113434,0.047197703969638405,0.19323562766768482,0.13962831045495488,0.04648362176339411,-0.010968589301718575,-0.03441071516085457
361,2.811698539843875,1.1100892933782398,0.0005852059925093633,-3.2326912353484625,-0.015796814281518346,0.0014017463765060522,0.238315492685429,-0.12476707738009385,1.0,0.14531923297034233,-0.1634083598373859,-0.1798096509894664,-0.04024792154028679,0.045991503873339765,0.07889711062765618,0.24063002566099764,0.15657415598801583,0.0435770117934919,-0.012195338487126376,-0.005843361235646088
362,0.8708931756730223,0.6345255796569731,0.0010983866320944972,-2.9592447613165698,-0.0049865434153359535,-0.07058325333583022,0.12076472541985137,-0.2528506539112293,1.0,0.03339946692878828,-0.16756819585221874,0.2643344511370098,0.232598268128335,-0.0031385762864566207,0.04280558519041354,0.1487756121457413,0.0649709249246635,0.034361483401611013,0.0701052539374307,0.06999344814900285
363,1.102988634984205,0.541164053891841,0.02045520023048113,-1.6891962649523367,-0.09453191660490369,0.16651045736488274,-0.09977965751103011,0.2746752949772561,1.0,0.2926232937537269,0.07378145641167845,0.062153361817828795,0.1994350063393307,0.011051747388103418,0.09877007208357694,0.2007468654343188,0.15033011738613092,0.09281755227257438,0.07183150371113776,0.07098495330540296
364,3.714382331031798,0.7953520538032578,0.013396715643906655,-1.8730016607814581,-0.048382971604097054,0.20339093701552735,0.08795524999340205,0.18294706195755922,1.0,0.24148445846530806,-0.16252676331924776,-0.28930501296671185,-0.2557168002016775,0.06268403446020221,0.17522676511060242,0.232647638548952,0.1273265561733916,0.01413118566991101,-0.0483227117030489,-0.04350292111590286
365,4.230301332861025,2.0523567731331944,0.0005491933160472486,-3.260274756980551,-0.01148919885783196,-0.17856305777092532,0.024207225082099135,0.05843905512744982,1.0,-0.24729529656624155,-0.13682488086686045,-0.17404755900873584,0.1564748841349812,-0.012605880497775163,0.10766954804586833,0.23348532616977746,0.07197465175422069,-0.005639556759304207,-0.018231779919845852,0.029549499481302675
366,1.4290500040137153,0.9860604459873241,0.0013324690290982427,-2.8753428765963607,0.16253619758797197,-0.017372503702662478,-0.150567004402248,-0.029603835249988796,1.0,0.22012785793377146,-0.18582594316831672,-0.2754633662983314,0.13226142344726247,-0.020091835055581035,0.04550446885978004,0.18119803370052598,0.11982339794668927,0.021764438854324376,-0.01802954154367542,0.015179058741871134
367,2.2993045942902692,2.394866663395731,0.007373595505617977,-2.1323206902308995,-0.09160797980263943,-0.19308324736513977,-0.0444888764206138,0.2677962448416717,1.0,0.2436627979225066,-0.19826349441926816,0.0293033897755407,-0.2317714547404036,-0.01787131973296463,0.090138912758531,0.2160446165756675,0.15155462120916044,0.05936517904497622,0.027370411501308662,-0.009709651013570785
368,0.4634621610250289,0.6315464744289928,0.003097090175741861,-2.5090461494197878,-0.10252135715440812,-0.19085130104497086,0.24437228624287594,-0.25124611364801375,1.0,-0.09215534147525371,0.125971633394801,-0.1975044039044013,-0.08878568577226509,0.0029904050576219886,0.04151116765673894,0.1259608273175224,0.057658725944100875,0.03098952100892017,-0.011922459136442841,-0.009732431724933412
369,0.432438055312096,4.268924933575886,0.0012784500144050707,-2.8933162476082614,0.20758832675376773,0.19301991801558266,-0.12362767729228061,0.22183723677868572,1.0,-0.2582255851524815,0.19067292439551153,-0.26258982344844495,-0.1410142152701453,0.024937668068212605,0.10230172094961573,0.14837172657493344,0.07255946104937785,0.053544988607664,0.004653838109264992,0.00022409832957890905
370,1.7939024122194298,3.1681645123294544,0.006329227888216652,-2.198649266971494,0.20643499641878915,0.24262678116636202,-0.22607221665173455,-0.22610529174590394,1.0,-0.057318248960250416,0.267554069887259,-0.2907993830380259,-0.17930102795224456,-0.010936095397754763,0.016679323225445127,0.13132754316695217,0.08812285984209675,0.07074560401519783,0.001346407694482563,-0.014399841868163238
371,0.43516329193033143,3.9788119815536844,0.0012874531835205991,-2.8902685545262563,0.18993972064032807,-0.23782751168297955,0.024902325837806005,-0.1661263083206195,1.0,-0.055455653758502255,0.11525029009246054,0.17798092027131598,-0.22914054054499677,-0.015846522825356035,0.02640294675745989,0.14552267163647453,0.08376254917585786,0.07748739818664516,0.05992304918141519,0.013901585324017234
372,0.46822595122528515,2.7331077012558813,0.0685321233074042,-1.1641058123763353,-0.2713914861071738,-0.2032544819164718,0.2862446889038423,0.21617059211913855,1.0,0.16085408196865655,0.029460193627482867,-0.27928856583041056,0.023925323790222764,0.02419857403491694,0.08796185235775626,0.17146351106878926,0.11503530013817478,0.05671674598459783,0.005788789989401119,0.015400789130210734
373,2.5805105124879866,3.6038969612384713,0.015341400172860847,-1.8141350015606366,0.2664191164521586,-0.14907207072541667,-0.05087205775851254,-0.1939737459557592,1.0,-0.20255018736852126,-0.09629248881072712,0.281323494761189,0.19358257913446467,-0.01790822003006792,0.019879057980001714,0.14884654241786402,0.06044964889875633,0.03865879344666594,0.078715976840754,0.08543371975152173
374,1.299226070534925,2.6069993229247745,0.0007202535292422932,-3.1425146049993744,0.22373664188399126,-0.06155668811526592,-0.17455694880027048,0.08744677305397543,1.0,-0.17702704109461148,0.06758489415817115,-0.24577505131584151,-0.06476291842522527,-0.014837468811492912,0.08555634014036594,0.17044190469817744,0.07364533825448695,0.03409464020417689,-0.013678621336531837,-0.007033493323097231
375,2.5251803802454305,2.2470873034947805,0.001971694036300778,-2.7051604771511997,0.07167454246693357,-0.1531534593409913,0.1150647787236545,-0.18442539364338092,1.0,0.08056061922384213,-0.27910314479067727,0.1973215035253101,0.286116555976359,-0.0003466577860832415,0.017663848729636764,0.16465517839070068,0.1120621846070898,0.030570038181669493,0.05671131580544732,0.0876987909753692
376,1.1008448759884208,4.613423383685124,0.00985847018150389,-2.006190472815181,-0.19589645292736713,-0.05799807583655766,0.1487734829293747,-0.23047460711423637,1.0,0.27598247568613365,0.002162991069250841,0.18134623412623765,0.09919890401433996,-0.00860053591451383,0.04104562644938263,0.17593764766006,0.13832877962561252,0.10015997228213167,0.09794022562672046,0.08397521416747547
377,3.688104947292125,2.9450954174820194,0.0023408239700374533,-2.6306312440205,0.21241803837323175,0.10801162184497548,-0.1976042051326996,-0.12774534477817326,1.0,-0.24683772753010053,0.061352608940189984,-0.014311337486410013,0.08247652229769491,-0.019224540292900646,0.03634787769271264,0.20089058336438495,0.09011549337871251,0.06141452615809412,0.04513227217928766,0.052599110180089365
378,1.4616274894361114,2.268254638397123,0.018330452319216366,-1.7368268183265967,-0.016225492425937703,0.29374916526462247,-0.12777989400799478,-0.0012678566669406255,1.0,0.07394255664371725,-0.1358783574676389,0.19741193219864306,0.24356163528469432,0.007535350608872702,0.08726003495823133,0.1935705741051407,0.10660370019964652,0.05989347702067088,0.0877860171802517,0.09203728337891179
379,3.078961796465653,1.7618162732093974,0.03134903486027082,-1.5037758252100055,0.25913353245018417,0.2228025688114096,0.21509301268199857,0.15355394349572063,1.0,-0.1966686988483253,-0.11149592701989126,0.26020532645067124,-0.016433508141233465,0.09338898128023504,0.15277267593922442,0.21460242489036513,0.08867479713491122,0.059489955006863736,0.07737364542314676,0.052774087260573345
380,3.082660790901505,1.4330045792715065,0.021832685105157016,-1.6608928490530355,-0.22020467421001277,-0.18786198894781572,-0.20049371634366062,-0.10835346205694411,1.0,-0.12240604334144897,-0.05644723428259954,0.22570017013392973,-0.1366888756249418,-0.08314212215853575,-0.00189854499672859,0.15230824443321134,0.06725564385713355,0.036513928376527394,0.046454857617947515,0.00943036675386483
381,3.82078542388094,3.790397638831753,0.01236135119562086,-1.907934054754563,-0.16457032683505235,0.144258733095752,-0.28366922154567753,-0.05581847851827427,1.0,0.11657073453077675,-0.036117077588684175,0.17027165585719112,-0.10508394777551844,-0.06510944469455725,0.019319702020554393,0.21707485454773487,0.16597702477081086,0.10482412526715489,0.0925279096253171,0.04842485804373211
382,3.620160983033826,1.3234390943872067,0.0014495102276001152,-2.838778715959468,-0.22253055509777966,-0.012788325628737284,0.09403849656020004,-0.2541093252540024,1.0,0.013883119800392429,-0.05326349488187356,0.0008187776848008532,0.20390164738834393,-0.025690003811527383,0.10601009938379367,0.20590206688807872,0.09966815791645309,0.04702160283320695,0.06126398582722752,0.07208896428095936
383,0.6530124314817596,0.33429255114784673,0.018438490348602708,-1.7342746396875248,-0.2506427737303973,-0.18978627652191252,0.12167587730250433,0.12405894531803915,1.0,-0.1722870927770123,0.2821680440098225,-0.18740567766973137,0.10888801742247405,0.005895220923908891,0.08068828503339227,0.13429629013491248,0.0636948828990588,0.051175010755567046,0.014020274032649096,0.0242192673212692
384,2.0519093310568044,1.544291735402033,0.005419907807548257,-2.2660081007334933,0.004595232061970233,-0.019992817594404022,0.20770421158525756,-0.12978243867487677,1.0,0.23821226944857912,0.23234749675119135,0.17228030426534538,-0.14061163479937036,0.030881979185501267,0.06192755563817269,0.20433073288155473,0.1702933750205998,0.14347193448537152,0.10102756042810754,0.044167404396602175
385,3.525734389720792,0.8947963937968981,0.008228896571593201,-2.0846583962574865,-0.004027205129447064,0.13161669062086104,0.29448997707032104,0.18888271181582153,1.0,0.07451884063171854,0.16943403298717954,0.087658712440237,-0.11533126090703144,0.10414113268393708,0.18471179761548254,0.2827392318322201,0.18693876528410514,0.14202456159974872,0.08840873881722976,0.04003492757272258
386,2.3959497184276315,4.101332394124667,0.0013414721982137712,-2.872418323579044,-0.043640989618237314,-0.1170084658596532,-0.17030277299754468,0.14749688697690091,1.0,-0.26398477584423174,0.2330027627356196,-0.2842691417694053,-0.20467721627270835,-0.03265830877043231,0.0737248185127387,0.1571099087960875,0.07400056125500505,0.05522823601221438,-0.01515859895865014,-0.028031726256262778
387,1.6599500501894253,2.0089535346861136,0.012865528666090463,-1.8905723632003477,-0.08501118847845168,-0.14256110680472406,0.28046654359680856,0.057864036259813,1.0,0.14850028799474826,0.2524763067819428,0.16139942108763797,0.05521412136281221,0.03602408806481042,0.09064908160989846,0.20654577768796506,0.15591781736427773,0.13695255375276408,0.10881879031884971,0.07970513238908564
388,1.1676776749571842,0.9468630689397561,0.01154206280610775,-1.9377165668085192,-0.2069152432757912,-0.07677437977331153,-0.08691386588742962,-0.020539087726470017,1.0,0.20880766738830478,-0.009311795814909951,0.24840393233923858,0.14104518253448742,-0.034949928418316484,0.042383544669272716,0.18547509119555428,0.13063197414835218,0.08313679714990482,0.09183589436924745,0.07695967015140712
389,1.9771662604122706,0.7870192148993107,0.0006482281763180639,-3.1882720955600496,-0.11824273742168528,-0.20539899458381178,0.07124524216860414,0.0028430496117767268,1.0,0.010822614246455054,-0.18768602427199596,0.061406680849468674,-0.24612001996692534,-0.014998259305598425,0.06372675718797018,0.20564945684334998,0.10239181618316874,0.025143125994849073,0.006264632812722963,-0.031884143149702344
390,4.9986324594294835,4.207950287195451,0.03606669547680784,-1.4428936470337606,0.2897569949789371,0.020456912597636646,0.23678853795960833,0.11174089649471675,1.0,0.027487689649911728,-0.09290054828709732,-0.06984387160430872,0.1530356300352985,0.12108535679493192,0.19410890776017026,0.3666537590611694,0.2557136411719794,0.14234187651944002,0.0991181251980468,0.12033910396426784
391,3.285848847136724,0.7989237442247261,0.024947781619129934,-1.6029680662090862,-0.2053533917860238,0.08085764097324362,-0.29305962955668663,0.08328408781912063,1.0,0.05148122619628776,-0.13419147340358548,-0.2854556105184884,-0.13876345501010684,-0.055642654112091953,0.044976722748112284,0.1934356017743435,0.11381769368542215,0.017353761911196624,-0.0478060908705511,-0.04629070456904073
392,2.639652871533123,3.8452251570677065,0.00864304235090752,-2.0633333589517497,-0.08706535118756506,0.1482399473812758,0.23479619973982857,0.01862311697404795,1.0,0.15173779400009205,-0.27676801724287087,0.11623901547194117,-0.2261485943543781,0.06253495640165448,0.12361410909143596,0.23612637126436886,0.14478206205011293,0.061062188246758645,0.045519950124702585,0.008694923072335839
393,4.381255757176315,2.8472669544683313,0.00451959089599539,-2.3449008748462985,-0.1225594284516516,-0.2809758328151743,0.1639469501120107,0.15448919252794915,1.0,0.08595087280145804,-0.2559790648988031,0.15859719354588667,0.06280526952024383,-0.012485240001064364,0.07921601967983205,0.24741812063787635,0.17851584887737218,0.06416642861106199,0.06648499009914585,0.06759563178294388
394,3.6653106349591007,2.149261681059808,0.003232137712474791,-2.490510143412999,-0.2727219123824285,0.18984430269131478,-0.18785726554397167,-0.2803824902270914,1.0,-0.21905334433921364,0.09243548417301758,-0.12126292819818399,0.22287266056637212,-0.05115625859582351,0.005539717341898183,0.12761141436107942,0.04964247182380518,0.029108019939092226,0.01678774066561631,0.046240820192188684
395,2.1722349937687,1.869010081742274,0.006149164505906079,-2.2111838883097854,0.06407237321104987,0.11491229208479622,-0.2333833107657473,-0.04581447506677949,1.0,0.17607931831448023,0.06882199796237655,-0.06839672338051266,0.24571592513147278,-0.031930778187453046,0.06526665724359033,0.20731050499681303,0.146974117907569,0.08666258312414145,0.06372532119512533,0.0826891838716591
396,0.23391977394105123,2.909641644444742,0.005635983866320945,-2.249030258780888,-0.04539466102377084,0.14996108156792856,0.1614915605066253,0.27411784549069196,1.0,0.0007965402590623727,0.11277289233698955,-0.1744493902676336,0.0944525496409044,0.0636395434911555,0.14891827926489995,0.20927755117680746,0.1237129906155536,0.07758724656761548,0.039279456716477264,0.048701733600910076
397,2.6912662896055917,0.395870461197356,0.0006032123307404206,-3.2195297892904917,0.04591384503301499,0.029956505240040808,-0.060156566146155194,-0.24875909394759566,1.0,-0.07802290854104178,0.10043930741434737,-0.2271164322322171,-0.1311418192149363,-0.023438437460483085,0.014671602423038655,0.18402442258686472,0.10014392243748067,0.05235249003188861,-0.022781247668515473,-0.032269424577908164
398,2.1600238945526864,4.465009337342653,0.010515701526937482,-1.9781617492149373,-0.12602620194452155,0.2131676944128287,0.184025625893144,0.014329732297136676,1.0,-0.1660116235234548,-0.13142155046092005,-0.14736603932406991,-0.1492400258777757,0.05781557344602523,0.10452948048249622,0.21803153805491635,0.10747136394239754,0.03963607353616531,-0.0009386160078816865,-0.012057458657898916
399,1.9116508438404891,0.7645491156959138,0.002881014116969173,-2.540454613671412,-0.07589388650433729,-0.14682692591589008,-0.28292420411352437,0.0689029279688252,1.0,0.038328685687388696,-0.04230423797247296,-0.0969285700830865,0.0451640424194853,-0.07911265457645858,0.04352244954087028,0.20696851275406547,0.11766240258484541,0.04468460695254727,0.009874503593607042,0.018579089442810434
400,1.802096053439071,0.3634694415573949,0.005572961682512244,-2.2539139429712,0.27488517000880236,-0.07780713467876897,-0.269355560356724,0.002027706851921085,1.0,0.107538481952974,0.2846447582348553,-0.23654859018491575,0.10915426004730648,-0.03591002456875559,0.05610283768471041,0.16371889055506628,0.11689060047178937,0.07865809586785623,0.02093795232227113,0.03001969776942325
401,3.324780655542293,0.6806968246351903,0.0008282915586286373,-3.0818167646457626,-0.1188791358126527,0.021848289832030687,-0.08157893047504054,-0.199512900975222,1.0,0.27673045556619125,0.07693552084745005,-0.2061751826623209,0.04966416847646613,-0.040682702403179075,0.09670114718257855,0.2197992867249575,0.15557924506958754,0.06026131512936935,0.014334465316049445,0.022579070117386805
402,3.4612999225014347,4.665237034191582,0.009732425813886489,-2.0117788980380076,0.016133490855486963,-0.07265801560794798,0.2834055364565167,0.03452928902392105,1.0,0.08976106000551494,0.06931593231265987,0.0904044112961901,0.21100112354669043,0.069396134426538,0.13722100861882855,0.31039236405793746,0.2362405648456057,0.17926880388333213,0.16226885725583598,0.16943634553044762
403,3.746552893607568,2.6029461119184027,0.00424949582252953,-2.37166259335723,0.1351467368552189,0.15139348197876148,-0.20539211250297532,-0.18226384184802027,1.0,0.22286279405540707,0.20058218237582628,-0.24069399762332833,-0.14005405013250333,-0.026086216052553433,0.038865962648804535,0.19429638583774056,0.1658701338151601,0.10750860961105968,0.019002868110821754,-0.0009501490477212851
404,0.561583189567705,1.233206201168311,0.0015035292422932872,-2.822888120843735,-0.03943271687817029,0.08137394983096632,-0.07024058457855335,-0.28947739506589754,1.0,0.17775583203276032,0.1550220605263121,0.056627553118090534,-0.1980795231865725,-0.026976261995955268,0.028311887907474943,0.15502715069729261,0.11117168927924016,0.08131425096660377,0.03592554527558314,0.0011025974985683898
405,0.6140122115919842,0.2804998048270212,0.006689354652837799,-2.1746157782307427,0.10861511908712974,0.29739928877096294,-0.1393641498812832,0.28486542065759485,1.0,-0.2075484583401113,0.1215451028392662,0.05181208869767018,0.28441397392540396,0.02155422313687707,0.09332067759873665,0.15249301695830045,0.06268693064824375,0.049887032194560796,0.049602773416978246,0.06335258181369527
406,0.4802247758146745,0.5620474753733246,0.00499675885911841,-2.301311608868642,0.17910995403657531,0.25928890256974335,-0.030948465217935348,0.0010241589134477812,1.0,0.20066436686307135,-0.19163674261196068,-0.2829843945521622,0.169891435553082,0.023944644364801017,0.06666851693650865,0.16770780621273368,0.10235309534094837,0.016687947066892354,-0.0129307843838142,0.020684051883430112
407,3.0971093969005983,0.11387326639033152,0.006023120138288677,-2.220178474223495,0.17058214264841962,-0.2746941356364221,0.1366741024221571,-0.07595244568248742,1.0,0.14279127851574938,0.20717802055688941,0.2527052372920254,0.03432780473755426,0.002227038860834364,0.054129793365755796,0.19791716199264264,0.14923829806052466,0.1284389181513428,0.11203636998026056,0.07237479472937972
408,2.827316885034581,4.897054664640645,0.028648084125612216,-1.5429044166807553,-0.2530108413138544,0.23361773927931198,-0.1898187813731581,0.15980710439099188,1.0,0.2809379574143001,-0.009876967060580865,0.14983821720532386,0.040914893126951846,-0.017343575451145534,0.07614596621219266,0.2283092732576371,0.19793918469801988,0.13612699729017572,0.12107822365133636,0.09862495892770838
409,2.1457831151036464,1.0402370181094664,0.0041144482857966005,-2.3856883919214678,-0.14343028535978944,-0.20572944388450673,0.21634922367572487,0.25554406341204167,1.0,-0.1491657815252769,0.2642030378131522,0.17532267671491386,-0.13698653885814002,0.023961945696172823,0.10097412445660628,0.17837680547218873,0.0947215528470074,0.09483270086316808,0.07099547713148203,0.02778254044921585
410,1.4477116836807749,3.1912035485191215,0.0005942091616248919,-3.2260606564494494,-0.03098851204214895,0.078402372303238,-0.05806791685373331,-0.14709175117212375,1.0,-0.0698722245559781,-0.26552864502358775,-0.2003136003080496,-0.11511836211390679,-0.015240953554353988,0.057146363378332475,0.17491529366506542,0.06348632916598146,-0.018320848616134526,-0.04453138078715786,-0.03339470676167904
411,2.4567050387384586,3.496291125043923,0.007634687409968309,-2.117208739734604,-0.0486964867014658,-0.284948322200958,0.10776875691545029,-0.03885009468432583,1.0,0.03876964278730983,0.19731963731937677,-0.19187685189912104,0.11824044496356362,-0.024857378094992895,0.03154139232494063,0.20009425832093178,0.15479711599919882,0.11795194957332537,0.04829323086758834,0.055969269395256066
412,3.8105039195229997,0.22522845556871246,0.001971694036300778,-2.7051604771511997,-0.10558531345625188,0.20916053644740842,0.04533388829390086,-0.2905155741182671,1.0,-0.02369895157789036,0.09475423031859484,0.2203443688250351,-0.26264378201468885,0.004282456676494777,0.042172495196166,0.18346792094815093,0.10719558713700171,0.0895186920503612,0.0613220298094465,-0.0034858677771842064
413,1.9732268149721444,1.9330107284446876,0.00424949582252953,-2.37166259335723,-0.18501934181307242,0.05471195512916094,0.20807177124274548,0.08174690222487731,1.0,-0.14985279009396743,-0.2769061105421053,0.20114908625855166,-0.22465679124005222,0.039217637091267354,0.10502741769437438,0.17325927501224056,0.05580224607379033,0.012631663871629163,0.021443100255313048,-0.008826773453831838
414,0.2839122806228779,1.0939608045172196,0.0006212186689714779,-3.2067555012540625,-0.14021714549693057,0.26744130802892613,-0.1302100450706991,-0.08831489938265082,1.0,-0.033142324813467815,-0.2331765626698797,-0.03420937229369719,-0.024207122432633676,-0.009499731130659314,0.04534061700095527,0.16290878024850639,0.06646379734581248,0.0001336922244654419,-0.003199079110828599,0.0013503250181587426
415,1.2138726881317101,0.8194815678119015,0.013189642754249496,-1.8797669673011896,-0.19867499602620856,-0.1126613491196994,-0.1570314080343812,-0.04724219534190872,1.0,-0.22307426140453093,0.012298102605828065,-0.1202723087710615,0.2969786737809164,-0.048863737454942484,0.025999828941286187,0.13872068204466262,0.043326211217838306,0.015229535690110062,0.00901602684600892,0.05014383509404203
416,4.3411587837761045,3.831351132121845,0.031033923941227313,-1.5081633085833703,-0.13455713471081096,0.27321593096736085,0.014141998050581228,0.10788109204981129,1.0,0.18910837333326944,0.17962533608155568,0.005094178154851803,0.16487875363931603,0.049552868659019055,0.15398466915392564,0.3128052967079539,0.25513823941370495,0.19769318460165913,0.15154043413211304,0.1447426248973676
417,3.1383650320006224,2.707752957769158,0.0026289253817343705,-2.5802217405428998,0.09721139569085437,-0.009212051752153793,0.012301299059812365,0.07341148197290583,1.0,0.19266328401611788,-0.17056666754026398,-0.09468352810633454,0.19770424403986728,0.03169122898837008,0.18698847080088404,0.2769074527509177,0.15397208577486468,0.05540022998349933,0.06136578702476967,0.0786421062718683
418,1.1398259724955035,4.526266887813138,0.034914289830020165,-1.4569967872486314,-0.2156177250704158,-0.25233821583651744,-0.1889098271130967,0.10725470532339436,1.0,-0.2306756393978947,-0.25584205033415713,0.004168759593717852,-0.12364017469309609,-0.06489427386434497,0.027267297566710272,0.13173131164448665,0.032650630652127165,-0.016088375665828453,-0.015083249333438013,-0.021192571400067476
419,1.1295624875942754,2.4297440943716238,0.0751224430999712,-1.1242302965728435,0.28917576847223775,-0.2702171035009724,-0.13246570757443513,0.15094923449473405,1.0,0.09201606126339865,-0.03165574223524834,-0.2955352439057732,0.08163461699920489,-0.0163658260208726,0.08190187939128281,0.17137823986793685,0.09932115027591515,0.033000352079792,-0.005416934773157374,0.015920594522981547
420,4.34887798404057,4.241993786636889,0.018231417458945548,-1.7391795644406307,0.26903848482044296,-0.0710418694466169,-0.2610317443583054,0.26501567175154855,1.0,0.058276145609815484,-0.14932532434814488,-0.22895701826598241,-0.0585184871995133,-0.018558989400086788,0.12536909074072336,0.26115440849536764,0.16316321929100974,0.05775828222094781,0.00020975886811536632,0.0032498862039955384
421,0.9575602635192966,1.9357886825535353,0.015773552290406223,-1.8020704901592561,0.29889021875729577,0.2575929921601034,0.08326519381769001,-0.025234045479930533,1.0,0.29802973491403556,-0.14825565725688958,-0.16460369569827446,-0.15692135064676435,0.04877469647996611,0.07819293572290974,0.18443636601335145,0.13457780332534916,0.05196002414623022,0.006603468500695219,-0.005473185566799474
422,1.5636083514982815,2.1068605483664378,0.001026361279170268,-2.9886997406548454,0.14214548112965641,0.026095771606361427,-0.18400033886766157,0.20035415602078435,1.0,-0.18066552339993583,0.10443817492246865,-0.19698096139801524,-0.27185293729590865,-0.003495585708412409,0.09876974014539275,0.16832879266349235,0.07589897697585699,0.04269538095122917,-0.015957681988455878,-0.03465931587074456
423,2.4911575001539537,3.4083617328749813,0.01613367905502737,-1.7922665866652117,-0.019792860259307453,0.03359017283092087,0.23348030447334966,0.25716810089214254,1.0,0.13137985117081266,0.2774484391907306,-0.0001152919977311817,0.17643955355204127,0.07036843764711122,0.15356217762897312,0.2702899516143737,0.21050397805408663,0.17868560592973062,0.13071759205326586,0.12406297586768221
424,1.8120105709944758,0.8104995001424088,0.007076490924805531,-2.1501820459519103,-0.17783490385063702,0.06815156316349873,0.15315711463707485,0.18854736205836795,1.0,0.25868459824287365,-0.14557900270762067,-0.06805634692090963,-0.0078062360473427515,0.04027252938254925,0.11637151427556668,0.23455046567991839,0.16083476718096051,0.0605472188051694,0.024199093054833986,0.02026454145133467
425,0.8926095314623659,2.3343024754914645,0.00256590319792567,-2.590759731982808,0.03919792253643217,-0.09424494984980768,0.10044397357328654,-0.17205922692058082,1.0,0.062146145541196546,0.22737880478526867,0.0656908557272626,0.04456044955924891,0.0016686193831311315,0.04367184990604994,0.19418951250891409,0.13562544718208652,0.12022997017689818,0.08504936568096094,0.06531730899431187
426,1.3355173014182626,3.353107659160144,0.0005491933160472486,-3.260274756980551,0.01771224883827984,-0.036866304352977,-0.0063849405229162715,0.12305491558072316,1.0,-0.29600576019077063,0.2542464532833286,-0.19812687484291283,-0.1322446508267776,0.005228455780756696,0.08558452200648742,0.1847862749792254,0.0815802605885046,0.07604657891937192,0.012457219949994297,-0.0032459031268602103
427,3.301777241797014,2.1457499746148314,0.002998055315471046,-2.523160358484998,0.2604005232146354,-0.007343553738282404,-0.28254207689334593,-0.18775874351009506,1.0,-0.033363480774436106,-0.19891261993261591,-0.024721424520656576,-0.23905702100533102,-0.052136490736853267,0.0024175671417818382,0.170785682940553,0.08940570435180124,0.013222861456109005,-0.012982954381038083,-0.041532642685358966
428,1.0550143033152104,3.590988128216761,0.011217948717948718,-1.9500865496681672,-0.18060220444171926,0.09229339067030395,-0.25398465500842743,0.1835610728429783,1.0,-0.09596898207364425,-0.07294688219313511,0.23342706193649876,-0.1761649167926049,-0.027861066334353913,0.07982171197865486,0.15913703286488998,0.0717341272215456,0.05136442321262584,0.051709303143991,0.015797446868567648
429,2.386167398488034,1.0232798456672467,0.0013144626908671853,-2.881251736206881,0.1754746965316685,-0.25051958317034356,0.24687752349112213,-0.2068769678241873,1.0,0.16955712623930183,-0.2302208888225311,0.22966654927221541,0.10602321368890057,0.01376142307097215,0.052039224100353734,0.16086576025554156,0.0907279904077574,0.03837544395501966,0.05740210540814349,0.050356456361576526
430,0.2126500435157375,0.8559313847747316,0.02397543935465284,-1.6202334255523767,-0.2917415357160489,0.01598584179448079,-0.103499193222764,-0.18850508935267465,1.0,0.2726963353611254,-0.2280376875136655,-0.0955660542554961,-0.10360327733614338,-0.03352741994008482,-0.0029940514812184698,0.1319129189058343,0.10020136815785165,0.01991950710321082,-0.0076306891652255905,-0.01343343061233089
431,1.3853659145196315,0.3840076132620712,0.04372839239412273,-1.3592364885182817,0.2101438934442104,0.11736058814961833,0.1928224230386853,-0.03324592156208471,1.0,-0.1425009183314592,0.03581409679135927,0.2703195728546863,0.2736636420143898,0.04981595721964898,0.09545497472656804,0.1639735859937753,0.06966796666947608,0.0642261833689499,0.09043472626603742,0.08693039781743034
432,2.9203998574786953,0.6626990940967631,0.005149812734082397,-2.288208563198294,0.2631527283161699,-0.04546524949950907,-0.24438556207095094,-0.2118176746018007,1.0,-0.2991604655091523,-0.08146528932465409,0.1706823596826529,-0.2837224340419763,-0.0457415220782368,0.019790342616107976,0.11929970896069882,0.02036448996158986,0.010701366629430433,0.00813931460865319,-0.028013149432796352
433,0.40622182440140986,0.03047100813850834,0.038452535292422936,-1.415075020564494,0.2477694694622461,-0.09568191607440686,0.2705797139977112,0.15225778313522167,1.0,-0.18295207530618832,0.2522789066584306,0.2600945306781033,0.16079251568438802,0.0454554633984874,0.08604299814175695,0.1420224009032122,0.06491699853139389,0.07411414686678175,0.0750393497705009,0.06028864361275113
434,3.4212010348560713,0.925419201739456,0.01984298473062518,-1.7023930018115705,-0.26313822800132175,-0.16623738307622385,-0.27287056405651494,-0.13597028868024358,1.0,-0.061119064120543465,0.21481510938354698,0.20017018997801986,-0.06506315260991365,-0.09647625430697952,-0.015247309901364197,0.14602002585781487,0.09134899777644417,0.09081101745183823,0.0775523026614339,0.03685502391124304
435,1.856284604226996,4.775645774087388,0.06626332469029098,-1.178726777653819,0.22764512904480405,0.03537949563288129,0.2314032140669626,0.22558441424887254,1.0,0.23793225557425812,0.12009253375586781,-0.2711856602176227,-0.19419416599689399,0.0725718782663741,0.132459619683763,0.23364983385523683,0.19188286195680535,0.13047274627757963,0.04770807976618599,0.02022340028357906
436,1.6046334421428394,1.9514200848575471,0.00162057044079516,-2.7903320868880117,0.1892271663043618,0.027737445353966494,0.27400215981749837,-0.1655936425963341,1.0,0.02347658901172731,-0.06333543925508373,0.237757399964585,-0.17297663123489684,0.04444482784845315,0.12664807153613494,0.17120234091920503,0.0877137571779013,0.07343515408534097,0.05028914284156026,0.019723882448483988
437,3.9802592872480598,3.099934476608628,0.014873235378853357,-1.8275945490069545,0.28341479825509924,-0.19923564826267862,0.17354638741996095,-0.2805496899243037,1.0,0.12642283877742425,-0.28325090907967254,0.18878292152291917,0.24564142751309112,0.010138374294433754,0.042283722873304536,0.17480720631017788,0.10409893921261033,0.0392741083074884,0.07057822879381741,0.08637291875935853
438,2.6531996488810843,1.9410450031863602,0.002367833477384039,-2.62564884350156,0.21674340078388626,-0.28179603142976595,-0.2649675229577324,-0.041241480833749546,1.0,-0.23335260586089726,0.18572541683834207,0.05270902541455564,-0.10414627308662854,-0.06748564318839678,0.014016627250793702,0.14452712716797966,0.06253783322683303,0.06237513966380051,0.03878516404234903,0.011416792696876185
439,3.06210747168962,0.9430542435131224,0.024209521751656582,-1.6160137897680165,-0.28716030484460325,-0.2960280887364262,0.1582443208694274,0.02680398144014775,1.0,-0.14740780171018902,0.1144682707316093,0.22494589737048748,-0.2438269547602936,-0.011176613673690935,0.07235164940610787,0.16229344151986078,0.07511397145414764,0.07096025986630856,0.05133311627576673,5.891563448564661e-05
440,1.6328124417030652,1.499591426779658,0.0037903341976375684,-2.42132249615565,-0.09383940235646536,0.18337601971078343,0.15779417316358238,-0.19778193996378202,1.0,0.23055949867716247,0.12042133668638497,-0.04857576662981071,0.17238731820836142,0.02679578385619318,0.0666682503066462,0.18749809672481318,0.14055225252225406,0.0902763978120382,0.059728765238127146,0.06487048277209567
441,0.20249441198813153,4.86872334842065,0.02862107461826563,-1.543314064076545,0.23028861585374738,0.13588431539675364,-0.1046227467873167,0.028454804172770132,1.0,-0.17317710600469452,-0.14063256997565796,0.18613958498477315,0.26099580818417445,0.014106978747658433,0.06989435664475348,0.163276253096719,0.07190209945529603,0.04316165554874874,0.07323484552771617,0.08840498742584013
442,3.3569078484921815,1.2499254197299674,0.0010893834629789685,-2.962819221674868,-0.17799148665412476,-0.07685409343379855,0.007015921818685177,-0.17076853094151526,1.0,-0.03497766214490546,-0.1798137797851759,0.12414397613469907,0.16285856857863934,-0.0350454940302237,0.02320264057959785,0.2032816141103554,0.10260446353935455,0.027337264425194557,0.049344949042706,0.06803941481990865
443,4.794259031278018,1.214245536415636,0.016367761452031115,-1.7860107131053693,0.008307561911389082,0.13922941359294547,-0.2279494086377649,-0.025011601127015913,1.0,0.24462724991442542,0.04512979183229575,0.07055137873824187,0.2660291129695449,-0.03652538753127313,0.050357387369188766,0.2681411296828647,0.22800225561565823,0.14438436308501962,0.11939598655205336,0.13540961174915608
444,2.8961132011898534,1.1999493530999557,0.004636632094497263,-2.333797362950127,-0.1374122609969315,-0.28059440635898675,-0.0878633741329764,0.13862640370572854,1.0,-0.28203289060373055,-0.2206374175624855,0.17328559532952367,0.04815319224101302,-0.04595272125445123,0.055515340583755284,0.16603073555865117,0.03992631561165765,-0.006479156045966794,0.02483707422569527,0.027426368958915644
445,3.4673876464912268,1.0954387435807704,0.0006482281763180639,-3.1882720955600496,-0.11005267267437635,0.134707900778048,0.02110397855639894,-0.111498135671548,1.0,0.19154160604265075,-0.13360028202351432,-0.09784469334725385,0.17982478099719118,0.006820338678766711,0.08196998492466416,0.243423138456309,0.15744625652389713,0.05252109766793416,0.031071140990015258,0.05906090586060655
446,0.5450202617031761,3.9844113120739957,0.0024128493229616825,-2.617469797962529,0.007373726490158772,-0.06702442626724857,-0.16719815125754278,-0.2051908061666096,1.0,0.1871475249141688,0.08665460765355741,-0.1677496594504635,-0.13909755824485523,-0.04629217637404183,-0.014091511536913287,0.15002058016349534,0.12942789023334034,0.08312728585115446,0.020550898893461098,-0.0021207261069126244
447,3.43042875762933,4.080074658721904,0.0015035292422932872,-2.822888120843735,0.1629283147808797,-0.20498358496776245,0.07420563002396238,0.08368785031441996,1.0,-0.15884869619237285,-0.12559637098988366,0.09373910406683321,-0.11857135061546453,0.009344093273509118,0.09876684317833191,0.2473970019054736,0.12374143562825962,0.05943736677396665,0.05223103231329194,0.023504392398148582
448,3.5967790332414653,4.77116595016515,0.002151757418611351,-2.66720669104318,0.27616224117129234,-0.1369907757795568,-0.014037123980503663,-0.14737244671818653,1.0,-0.08755933511457863,0.173315939728407,-0.2966327492410546,-0.06123362976972793,-0.00774210691413368,0.06316052739841857,0.2085513502652407,0.13427013358094364,0.0908199528182393,0.007417053031758617,0.006571869468219769
449,3.090359512342129,0.3730736017430372,0.016772904062229903,-1.7753917370950754,0.1417425233712887,0.24094487064465409,-0.27479883817729156,-0.26373216325375803,1.0,0.1979185835601525,0.02569272053693303,0.28245632447765706,-0.10844817292294633,-0.036008489726290976,0.020103747723821515,0.16106987364863792,0.11706541502400518,0.08496759903255513,0.07579611543986071,0.03114686682306508
450,2.3331092322138227,0.2641964982996438,0.07915586286372803,-1.101516912575884,0.19379434452628855,0.29776349347182507,-0.031985422151473215,-0.1621381186761279,1.0,-0.0789391935768077,0.2809807577748928,0.27467650329146115,0.23484368522326504,0.018705569948038597,0.06017056808673501,0.15046981892809327,0.09079523792535332,0.10236130468221377,0.10594387454188159,0.08976624519994977
451,4.265592032294013,2.0443868353922268,0.0017106021319504465,-2.766850991038489,0.0670233038128294,0.0037452809457123814,-0.2828632281237649,-0.09933660447955886,1.0,-0.039934278902476035,-0.0654900959007369,-0.13032936449043772,0.18861043732537439,-0.07708799397290732,0.0127829581140596,0.22918683168798426,0.1342337519892951,0.04662706732457007,0.013138215697174306,0.05634447035700997
452,0.2619140834187623,4.971123102769492,0.014225007202535292,-1.8469475050368953,-0.29792543242283165,-0.17142413994296524,-0.18533201378644154,0.00814483141692397,1.0,-0.07612000345450899,0.13933263399645004,-0.24861725751052474,0.2127955831394088,-0.0628077144356065,0.013657936307290678,0.12337599004959175,0.06778584509891944,0.044201947255617526,0.009374101026821617,0.038511441140780665
453,1.9821464217799354,0.27908473584445886,0.0030160616537021033,-2.5205597849544725,-0.04973118279979153,0.24350486380143743,-0.09139619194401508,0.01635555587174433,1.0,0.18884905234471647,-0.07892701651133464,-0.2128998651495916,-0.16015970611060634,0.013519119819625756,0.13743035974951762,0.20007794744682078,0.10668439999684501,0.01737770476883891,-0.02876754366611875,-0.023223323516003452
454,2.4281857290106554,0.6592906047604852,0.04504285508498992,-1.3463740891079088,-0.2913146002364522,-0.2442088895657929,-0.022496897549001516,-0.2560480414524919,1.0,-0.22870665570559057,0.20121753687701252,-0.1268940037934835,-0.2241756752356565,-0.05314690137737203,0.008980741603125298,0.10925292842366828,0.041116270108838844,0.03445782505490072,-0.014362357725756898,-0.03180224472478221
455,0.3874387913963309,0.058240658450890576,0.0006392250072025353,-3.1943462432722427,-0.12272114685160708,-0.10220498298435537,0.20699951074571102,-0.2327027245534682,1.0,0.10432488702030307,-0.031423831269621456,-0.2837309250502052,-0.022417232171645252,0.007560526458436881,0.03133049324794294,0.15264016392258647,0.08810469909329538,0.024297374955458216,-0.026198649688923537,-0.010847193246926528
456,1.093615594764337,4.46856030685366,0.062202895419187554,-1.2061893993074244,0.2808029563157833,0.09082721238944233,-0.2301822715716676,0.24005594203512587,1.0,0.2276518809584832,-0.049098175102651354,0.29647349208674983,0.04228885180145416,0.008245729585046591,0.10584962010670387,0.19786944833692005,0.14268374416168483,0.10688330074714707,0.11353431257197584,0.08623301201044695
457,3.818776927332025,3.797311673343886,0.0421798473062518,-1.3748949967675208,0.020008967130782505,0.20133709659918078,0.10405117508421007,0.26719074158714823,1.0,0.2076453993938558,0.004442807173018215,0.19175358775910167,-0.12272372075321036,0.08649427834549414,0.19875514831377908,0.3255992093992172,0.24429818203147685,0.17584715062800038,0.14504873009841893,0.08734067553469414
458,0.8958906040445014,1.1027911214843718,0.0009093200806683953,-3.0412832182086755,0.0993966289244815,0.021062819553283263,0.11314504243552592,0.26580562132477675,1.0,-0.23450160471668988,-0.17873071857415201,-0.2488517274834964,-0.049773821070354336,0.041900783650815364,0.1152371424833645,0.1818755028157732,0.057171905468486814,-0.005132198598580177,-0.03382646134759832,-0.01719240257459295
459,3.004171340295046,0.16150655962933522,0.05751224430999712,-1.2402396845248727,0.29542936439489587,0.18495097866578455,0.008781054323680858,0.0998391834736312,1.0,-0.2037634019379786,0.07710658717787826,0.1351696168917788,0.29964545536412285,0.04648278323752028,0.10254441861847921,0.20228459889390496,0.09035131344105243,0.06740409441671343,0.07980755087849349,0.09777059687519281
460,3.6747340483767226,2.530066860024756,0.010290622299049266,-1.9875583615960362,0.16481307442275894,0.15362309560228563,-0.21929597702277662,-0.02299550962767336,1.0,-0.2471099767082393,-0.11859654875090897,0.17074285242136536,0.2171346604994339,-0.01289444577574067,0.05221703234828091,0.18887889943270708,0.07298503108655446,0.030677485734347105,0.06493384651409115,0.08618023821428479
461,1.0738835082747062,3.3987195339492504,0.013000576202823393,-1.8860373987576977,-0.18025924160304616,-0.17739109354036145,-0.13640255121491432,0.175659894492776,1.0,0.15800306153815638,0.17241396773677192,0.12145919176643373,0.1057352045753172,-0.0411789033150795,0.05734573154216786,0.17838510985690234,0.13475025985821773,0.10965232851678645,0.09140309776161726,0.07727728117858423
462,2.65951214207716,4.054337446735486,0.008886127917026794,-2.051287439321681,-0.2457646071502438,-0.130181583201232,0.14170842264110087,-0.034769880197214977,1.0,-0.049832781349809806,0.09581314471024312,0.24274516145440672,-0.05529927623394435,-0.010583234435679548,0.05871640515651718,0.21189475941052385,0.13318118951892016,0.11592710692266465,0.11617552451708327,0.07423315039545586
463,0.7770603756267975,4.2019476803444675,0.027054523192163643,-1.5677601156525596,0.293018119881975,0.11386584031052298,-0.09369778908083379,-0.23078138222181238,1.0,-0.007694553689521544,-0.061515909711501546,0.13999789086655806,0.1353930744102178,-0.0018748320660377086,0.051987820535245956,0.16724156776879218,0.09158045449413832,0.06348936441105184,0.07505115822510063,0.07323197510616743
464,3.311724993920215,2.4688407385443285,0.0058340535868625755,-2.2340295861207244,-0.13596019998762388,0.10859972216798057,0.028357869674450573,0.18838831236317521,1.0,0.06021811805646755,-0.08279844102737757,-0.2900755188634171,-0.14766452274244687,0.026354524981992988,0.12343157819048016,0.2651749013847605,0.1699098100171087,0.06283726742296432,-0.023385639026040676,-0.031933572386813894
465,2.833564256780086,1.1321108120071872,0.001323465859982714,-2.8782872572431417,-0.10225332406399774,-0.1256407937824179,0.07286212756903011,-0.19113733465450453,1.0,-0.2746250196761682,-0.02936102861688413,-0.15326462549972866,-0.13263220975490594,-0.018511891197025367,0.007647797569081237,0.16393327396785617,0.060799937530398196,0.011273981228401809,-0.029018533262232353,-0.037633459734163585
466,4.365312756998819,1.536815748980913,0.02012208297320657,-1.6963270645233626,0.1365941612069992,-0.07617492997437866,-0.22393643078774267,0.21597507516759237,1.0,0.23892622374123162,0.19127744499895924,0.22835673037429977,-0.1033021033391779,-0.02631283928638608,0.10729160087875386,0.24859538180246404,0.19936838548270874,0.16257662168327688,0.12489799618048263,0.06295675846476027
467,4.774806120814346,4.212813411470393,0.004573609910688562,-2.339740879707399,0.08755274470923337,-0.002791944113195588,0.11218952526245322,-0.07148437379006228,1.0,-0.17569803529016462,0.06925731510643303,0.16226659050816405,0.16376028441262366,0.040494213333901095,0.12813373229580938,0.295194003444763,0.1608284366497874,0.13980533526664982,0.1553057920214499,0.15423427508490167
468,2.790358562057127,0.6556785158936552,0.0009903486027081532,-3.004211906833093,0.16621676546535102,-0.20221396834551864,-0.09892802153446306,-0.16972114552401513,1.0,-0.182699072827383,0.2635956388014837,-0.27338565269750714,-0.07723592463624296,-0.03898877643070872,0.032146796449721037,0.14015113265820872,0.06875021880025008,0.050353882970936376,-0.01556728446453442,-0.0143029522009977
469,0.8061877240501126,3.253060685464944,0.015746542783059637,-1.8028147825126415,-0.24944148714419023,-0.08437336885298574,-0.1349181047223805,0.2490436419395873,1.0,-0.2698199853693202,0.2904994243662537,0.196079936393647,-0.27434354803144245,-0.024163565045371056,0.05817704816187312,0.1276869840548342,0.05696252767188995,0.07343733184204093,0.054353995618444846,0.00785216936257663
470,2.072081606826722,1.829133983135064,0.0023408239700374533,-2.6306312440205,0.24360674820476125,0.1105666901512085,-0.07690269450187427,-0.04391207730194169,1.0,0.16435983327918746,0.0011109183786546684,-0.04892593422398065,-0.08052836827895378,0.014131975219257936,0.07779378118335786,0.24797419180315108,0.17798682119992082,0.09893502257958692,0.0454700588292447,0.021694746035186587
471,0.7962334721506004,3.522128450409308,0.004843704984154423,-2.314822316324929,0.1452619266751825,-0.16507377829517672,0.0010164316135973905,0.09932964557422545,1.0,-0.07697007875610888,0.2933418622161683,-0.045703429858189794,-0.024477110762155196,0.01614324062802664,0.15108915809975987,0.1813698558594467,0.1285881504247164,0.10423051878566343,0.060072333356985086,0.04514149348929762
472,1.0709870578749923,2.0214749257157245,0.0792098818784212,-1.1012206343504738,0.2830659610965929,-0.14566292000847308,0.2891198001856627,0.06431626634539801,1.0,-0.18752104802984557,0.29479901788993035,-0.2810412830498333,-0.28567778544027245,0.043418116876593846,0.0773251591404895,0.14311577806070894,0.07462282006833137,0.06345985021406582,-0.003028918655809975,-0.024593094206040153
473,1.5021719875982107,2.683404150090476,0.006653341976375684,-2.176960153596492,-0.005194938042724584,-0.125074839506373,-0.2869029785154241,0.2999289972295539,1.0,-0.05787279039469209,0.06517621669321928,-0.2822045399141095,-0.28381486048262006,-0.03387670813725001,0.08899061214484348,0.16545319057562266,0.08649792414923482,0.036873670986177255,-0.02869892015204667,-0.04252116824778233
474,2.3378277869165207,4.694722989012419,0.000567199654278306,-3.246264042537736,0.1277371701490421,-0.08946769139568908,-0.06053374155460307,0.041314222515348886,1.0,0.21087852380935437,-0.2958109295841929,-0.003432953396173577,-0.1849851385733054,-0.0074214293624160575,0.09548776346220351,0.24234070001803482,0.15658758177256804,0.052150071522775635,0.024901950479905847,-0.0003391783750177319
475,1.6198369608252512,2.862669716379072,0.002187770095073466,-2.6599983183930056,-0.10085900184788649,0.12704105981672778,-0.16960923250867257,-0.07934476123537365,1.0,-0.034777237394695244,0.24583653250384063,-0.02682453618318362,0.04830316802799008,-0.03255731495752425,0.039388073648090195,0.19591035415589417,0.1285121157585294,0.11515803345413654,0.07015004164498324,0.058745254234763136
476,3.7569641364076305,2.0907264677123467,0.013216652261596082,-1.8788785364112661,0.16064950144738036,0.24224887309866983,-0.19017658930026096,0.006447802806122116,1.0,0.06586847787284096,0.02391825342236484,0.014202354969954811,0.29172910647270606,0.007104678655641809,0.07998383404698163,0.25514071598335225,0.17813699211797043,0.1097939778832562,0.09423549501484604,0.12482696590147406
477,2.936810836415532,0.9733612715786026,0.01911372803226736,-1.7186545978253192,0.27730677394279907,-0.03161920016526197,0.2021986797234289,-0.21763397434505286,1.0,0.18509818256486088,0.28737750045321026,-0.041829182970744234,0.22467542403474444,0.03325661405949804,0.06550213626857605,0.18836373134125836,0.15079440884064635,0.12042504667228504,0.07938016650034158,0.08186233931864763
478,1.6021579205399903,4.948288621439053,0.008715067703831748,-2.059729234682924,0.035607415397217144,0.18360070542176357,0.08192510938982553,0.09372440702862436,1.0,0.2037099158584095,-0.14906040518832975,-0.06309566955565213,-0.1019248788737956,0.05565746778638632,0.12406807400657655,0.2685374151273071,0.20108356538905886,0.10425591909318135,0.06000066953582503,0.03852517636517106
479,1.1203933768983236,4.695604995587167,0.03334773840391818,-1.4769336139814213,-0.06554732454794837,-0.22500504778177582,0.28221773105328285,0.06961338533477869,1.0,0.2042052505544735,0.17544556366340958,0.17904374056602831,-0.17504376397939256,0.024483337519425417,0.07955712957291784,0.1921076533880191,0.15632765345305194,0.13415443362960988,0.10437926219598583,0.05494255152848636
480,1.8514093836976342,4.533552459725525,0.0021697637568424085,-2.6635875494164494,-0.03253105560226135,0.06623738193496886,-0.16891381947003062,0.09346121090415517,1.0,0.00905556739544453,0.001881095401921695,-0.16422258023028818,0.14892158919842477,-0.02563867935597528,0.08375780331364857,0.25364241251719116,0.1638932883263219,0.09080163983084721,0.044164822938342604,0.0710746734246951
481,1.9186485703702783,4.07611903802672,0.008733074042062807,-2.058832857725073,-0.06795525157331805,0.05229571001996242,-0.15945231265305995,0.1482178167005497,1.0,0.08747159154552546,0.0716952251090881,0.029929087939377274,-0.241650182057432,-0.01714878514128216,0.11113301097072477,0.24171341908013194,0.16457701283418927,0.11621791842401341,0.061182303576841596,0.010815622220117817
482,4.473032959270732,0.6252275674861253,0.008480985306828004,-2.0715536891984407,-0.12591436562948102,0.04041760555721476,-0.03529947110371244,0.12608879031806422,1.0,0.26507661577421376,-0.16572065072974387,0.2696463225643031,-0.06882419621287662,-0.00122409376112541,0.10058875500488224,0.2800893142494713,0.21123443593167407,0.10283275048387402,0.10371047487024192,0.05576202191604814
483,4.01719257306842,2.157109979130431,0.003664289830020167,-2.436010182766098,0.12942191604260464,0.16161018889699377,0.11619531308440202,0.2754779561373912,1.0,-0.07449966383363421,-0.09774796435844686,-0.06092210874964149,-0.14670322611528,0.08340291276962797,0.1635530350291759,0.3057245818109193,0.18969957065798843,0.08552498494236778,0.03442074352642638,0.00291435077661748
484,2.284658488993051,3.5080614388683182,0.006977456064534716,-2.1563028894850076,-0.1907636787098843,-0.2770274945106664,0.1226175204924089,-0.25032872253479604,1.0,0.2704815477321898,0.06830956149960361,-0.1542413698747236,0.21130322536140786,-0.03440374397861369,0.01845173439740223,0.15412146466961535,0.12532164778037463,0.07098957294591961,0.03891002852434179,0.05809093685361728
485,1.5199418488996954,0.39930322454860917,0.0005311869778161913,-3.274752580349174,0.1328394935960158,-0.004719411392139994,-0.1706416758317086,0.16316240219706768,1.0,-0.2259260237304864,-0.2150848718311961,-0.07243891404202576,0.16031092935150806,-0.00835254306932396,0.09673594778962823,0.1649967907067609,0.03589514219199535,-0.014397418682686704,-0.0005401782136539193,0.02673630781966295
486,4.063893681031066,3.828411664392381,0.038209449726303656,-1.417829216762015,-0.21015161929636783,-0.1400658654940168,0.10011856817473068,0.1233674426040424,1.0,0.21940133612152238,0.24686541876965828,-0.0009880125518376137,-0.06907135921093159,-0.00178453026713678,0.11942565670231681,0.27984613614353826,0.23727801683993874,0.19241452692755634,0.11850235579779159,0.0750071449437266
487,2.5840312486611534,1.424091330450675,0.004672644770959378,-2.33043723414286,0.2512699740733474,-0.08317336097272553,0.056191236369531494,-0.2701753413284134,1.0,-0.017255794172224715,0.23203367412076617,0.09293342980611187,0.16089587068167233,0.0013531959551801305,0.023094382417954987,0.1744815396336577,0.11686379699719142,0.10917489796408648,0.08912932270173939,0.08359743400024273
488,1.5165154131095373,3.685000712872343,0.0010713771247479113,-2.970057630598787,0.028155079737519916,0.06762094879963487,-0.19938079932316394,0.2320979098069,1.0,-0.029957955017059643,-0.04345363736961461,-0.23133271629194474,-0.08090851151634298,-0.013074533615227937,0.10118035854946748,0.22810218996402054,0.13122988846595549,0.0570726976247335,-0.002376452046862176,-0.003515195715405439
489,1.4877780305840878,0.7555190108828749,0.004843704984154423,-2.314822316324929,-0.1611675070889054,-0.06548415726162436,0.15076736811163327,-0.17108061454460421,1.0,-0.14570759800991598,0.18435572756634555,-0.09906626365045486,-0.15315191222084598,0.0029003501006961935,0.038055765849274795,0.15608108551900501,0.07527236680688762,0.05979551380052671,0.008916194627363015,-0.01218572001009283
490,0.5507937767849949,4.474458219218967,0.044034500144050706,-1.3562069291700356,-0.29114964867732807,-0.14978654778094255,-0.04775396593941078,-0.04496351486315607,1.0,-0.1187130500821496,-0.19637164899094425,0.2697361696062138,0.01976349291378776,-0.04283154844986443,0.04274456606741416,0.13712746109950502,0.04390719035545316,0.023225456469493276,0.053111653871678745,0.03923006496304835
491,4.1676989988176,4.786480188514047,0.0031421060213195043,-2.502779165032138,-0.2274361732323048,-0.17173968255300207,0.022383782121070728,-0.029082352082797556,1.0,-0.11439719386402553,-0.016144470677715617,-0.0962246481001405,0.1713996228389824,-0.04269092727328333,0.13522168119215058,0.22617729564746827,0.10856995672129229,0.05123911420308517,0.052637462088900064,0.07445722111003042
492,2.4082083365738387,4.861783269936357,0.03341076058772688,-1.4761136376425348,0.20508309864420515,-0.008448284227074465,0.2942172713773515,-0.023663932936818278,1.0,0.033157685360126574,0.24079759400334275,-0.29796483361652465,-0.21764548807507306,0.07339370832689912,0.12429161204922047,0.22832438015291115,0.16951783548306817,0.1254971397718238,0.02989152923270433,0.005378277833698082
493,1.6534208290360501,2.907030348186656,0.005095793719389225,-2.2927881608030467,0.05737268504375621,-0.27228893633241746,0.01776373123123809,0.08392472711133751,1.0,0.26411069155658007,-0.27604612058384664,-0.17680913909464938,0.21848269197154718,-0.010717063590076495,0.07828737846348595,0.18823720907303718,0.1162394165536631,0.020868354594245173,0.011673651515713387,0.04377284392906358
494,3.9583610146616115,0.6007721699636561,0.006950446557188131,-2.157987291655582,-0.13345750280162774,-0.19201600529470356,-0.21107856470655498,0.08040485384993053,1.0,-0.20115945141955283,0.07835979845401213,0.2683214457080432,-0.02303492649447689,-0.07533482397070225,0.04133982370993039,0.1937779320607017,0.08528039046432212,0.07170904246610042,0.08747120205557593,0.0514894452921976
495,1.0415977430162717,3.1282133995970525,0.0034392106021319505,-2.4635412290796093,0.04433165665467409,0.04237745372592814,0.07522862703400068,-0.06269419208254279,1.0,0.023931663842711635,0.02872899479892066,0.06664239806385482,0.2168271042414112,0.02500341720771669,0.08609353415253505,0.24867330555346193,0.1543002818034185,0.1055430469825173,0.10012314067424827,0.1150607710928351
496,1.3524221104729333,2.385946917054466,0.0005221838087006626,-3.282176598428381,0.024252375425941608,-0.01924772152644828,0.18585409247301998,-0.22237310902626978,1.0,-0.2346706973866707,-0.20700277167642556,0.21288886512264063,-0.07629547516638553,0.020260904586897558,0.040088063812986616,0.15133943280186288,0.04243791653196066,0.008713413922067868,0.033210541388710796,0.015864299472530007
497,0.027970296248230178,3.567714988236373,0.016655862863728034,-1.7784328635883042,-0.271987996554601,0.09207875985846785,-0.06339511246887286,0.06753815834040133,1.0,-0.19157465012047337,-0.18462359241720358,0.13486046942146077,0.1265375160016693,-0.012129000066876028,0.05805733365147417,0.1498907862892082,0.048745433077095356,0.014164507539202871,0.03787266366555716,0.04529725446760011
498,4.24770150768908,0.8397422513247867,0.003232137712474791,-2.490510143412999,-0.257673199212675,-0.12606718031750766,-0.060693222080332954,-0.10114818683244285,1.0,-0.061892160340089694,0.11210015838836326,-0.0442899317211194,0.1505431060855356,-0.06537298558874438,0.022796263729257988,0.22206608967298647,0.13255968138971502,0.08704835578684493,0.05043124339641163,0.06555818827340015
499,0.33911703042569763,3.040961924873662,0.0032501440507058483,-2.48809739008566,-0.15420206340331027,-0.23125648353858913,0.19478886905767015,0.058693392038893163,1.0,-0.22007864991177306,-0.11466706323025178,-0.2952505168945936,0.10935865525945836,0.00943386445655138,0.07634563574626502,0.13371119430621423,0.037327889147605424,-0.007037116846022255,-0.024040512584135806,0.006356864384054812
500,4.833245295698964,2.5714929016500165,0.0008192883895131087,-3.0865631996702243,-0.10686544475536831,0.07990112168983181,0.18006994154390912,0.0446500091570915,1.0,-0.2667131574850254,-0.20233187621259038,0.19806779277420222,-0.051795233950672225,0.054849778251887325,0.12183181812490838,0.26328121687574446,0.10238763233968912,0.028100662520697647,0.057249008190698135,0.03950231686978818
501,2.5609978765589823,4.57140638849875,0.0048166954768078364,-2.3172508099700897,0.242929516336424,0.06854046634701458,0.23033869029187526,-0.08421786860909554,1.0,-0.11615908993678783,0.1622126210199857,-0.12075196343349691,-0.15254601298024303,0.07296321696695594,0.12018264529555052,0.22455318896660106,0.13910630074777924,0.10982825786950844,0.04753004871082404,0.022587086065695965
502,1.7510199927813777,4.129936170407154,0.000756266205704408,-3.121325305929436,0.14672415800744698,-0.025151980228259128,0.11913626596462902,-0.216788854971421,1.0,-0.04309050237475824,-0.03768275960511477,0.12376953475367355,-0.25059663180032016,0.023886656441628944,0.030353396875023322,0.1910647019353636,0.12557333017670097,0.07806974692842582,0.06138457507215668,0.0070384477883564
503,2.7327887125315837,4.5230925243266675,0.00911120714491501,-2.0404240794875377,0.15239776307057284,0.2283445074521109,-0.0882139272134333,0.2128425614549,1.0,-0.21078449632888488,0.15804054863111325,0.0393312807485205,0.24024297126847544,0.04321410703565847,0.1410664719413516,0.22166647091811412,0.12349192171681536,0.11093425883500821,0.10637867767789469,0.11642692038675735
504,4.674602205632274,0.8025493884368101,0.05521643618553731,-1.257931627303825,0.018527777113942732,-0.21634522324988284,-0.29649486981305584,-0.20081938516988107,1.0,0.1952262645970503,-0.20579966746462633,-0.017468895700871866,-0.24744919044809482,-0.1066491136437803,-0.005135324343428808,0.1842758121113149,0.1193921093453377,0.023848272521311897,-0.015162507733462569,-0.045958097254920796
505,3.165993398369186,2.314861285033689,0.0028720109478536445,-2.5418139089341367,0.1472323429625151,-0.1924265065664351,-0.23956756922003034,-0.10443608571454682,1.0,-0.19524504602024373,-0.16298240565980426,-0.29896478097048046,0.23023510985679205,-0.06012690263249245,0.005602279783337194,0.13859433296117332,0.047996311032002394,-0.01714510293403377,-0.04140194578491249,0.012539551472943713
506,1.4518093846474154,4.426242057074419,0.007499639873235379,-2.12495959058453,0.24744941437145052,0.21505164232712298,-0.04929061537782476,0.0821565257529425,1.0,0.12602342360376773,0.12374611366484667,-0.16368707254431084,-0.14800724645261945,0.04173227492444937,0.10265920028133063,0.2259123448587824,0.17230497685560775,0.12137231063385949,0.05247719783770743,0.02563516415341387
507,4.43162500191823,0.780706723203234,0.00985847018150389,-2.006190472815181,-0.06878829689245043,0.21589690622228105,0.044864174737718775,0.2719482798938447,1.0,0.11550470579646543,-0.08496699677644859,-0.025346392849464803,0.21355514647815324,0.06238859755047425,0.1692506010183791,0.31498871869401235,0.20843744211368462,0.09563330071938604,0.06687132781507152,0.09209682355174574
508,1.2526565991960532,3.536773824163928,0.007004465571881302,-2.154624995001629,-0.11585233864312817,-0.282474405392265,0.12317498969292959,0.01978452613667867,1.0,0.22022007742755642,-0.20892408094208786,0.1455648220392747,0.2593751059533805,-0.008750087853975347,0.06776669908922434,0.1731311105594311,0.10747650991735815,0.04995798095272584,0.07086030856898537,0.08148725709956434
509,0.9679301896321085,1.6728454372513957,0.006977456064534716,-2.1563028894850076,0.2308763308050937,-0.16882765927207777,-0.27190310019458425,0.14089069287859943,1.0,0.0810015530479757,-0.010366684357707101,0.2952931858638989,-0.16459303867024608,-0.01741246572695465,0.10749972560520434,0.14538050199246144,0.07937068933604474,0.07187523033168217,0.05038054920475339,0.018695297398579152
510,2.866225027676221,3.0529082969525554,0.003691299337366753,-2.4328207352715827,0.2941310231602589,-0.22208836682248992,-0.1881068400742725,-0.0712843209753193,1.0,0.0687523593500203,-0.0643351619416535,-0.021649411842147293,-0.23828642462188068,-0.04851297741884999,0.04900999160146946,0.1937358513787243,0.11728110211134128,0.05666581260380653,0.013102195067946137,-0.020654624393701006
511,2.957365563226078,0.24123462961089848,0.002079732065687122,-2.6819926120991737,0.21384847405617952,0.1417163550372871,-0.07852601058418518,-0.011680814256100425,1.0,0.09056498889249633,0.16862208250975066,-0.19668044026055234,-0.03413001047622969,0.014490935636152774,0.10255933433680163,0.23843112873585,0.15944114310966273,0.09427552507402633,0.01566663499842131,0.010101579961897306
512,2.4802082623047865,3.5000585500246917,0.024398588303082686,-1.6126353011169121,0.24101321109777576,0.25250794984803815,-0.030129495062430386,0.1357337105594161,1.0,-0.1450657643819319,0.06478744154237796,0.19846815547002636,-0.07866414544643764,0.05647582275091586,0.12391344816713039,0.2357572774644272,0.1330906553416864,0.10860847088865826,0.10400039699713132,0.06514512393192604
513,3.436931522635943,1.8728930718059764,0.0012334341688274273,-2.908884024834911,0.16431010593109438,-0.09875255561917533,-0.2673658512452845,0.03375667432339411,1.0,-0.26366235167973395,0.2503499891355187,-0.2577166176185146,-0.2439119656808139,-0.04652865396662261,0.03430396888399069,0.156001306245246,0.07166754618315085,0.058619629322160645,-0.015336510099599932,-0.042200912756654066
514,2.137764276826298,2.2793079917815224,0.005104796888504753,-2.2920215330984113,-0.25788644416726053,-0.059568887356135886,-0.06699569087777481,-0.04857882762151385,1.0,-0.060099353473488645,-0.20065048332379587,-0.22946877105539276,0.11535499949603512,-0.041011088121500505,0.03465228672383885,0.1785117154310373,0.08074226943261278,-0.0055851352723149325,-0.03346023451457337,0.005637791814273189
515,0.6488619241308722,4.079245576753701,0.0007292566983578219,-3.137119573112668,-0.06829753002785499,-0.16412638912455732,-0.01244218026422772,0.1148348004593525,1.0,-0.12931882898337918,0.07829888234757669,-0.1776974256349322,-0.04637685917836102,-0.018592709534294954,0.07796567019496348,0.20129579787266347,0.10200910148679836,0.06382056069105507,0.011490916955484369,0.010296692732448503
516,0.1296896249677233,2.556670468436856,0.0049157303370786515,-2.308411949286581,-0.056997360009232854,-0.1694818575119939,-0.10773769599205126,0.04487546777199942,1.0,0.2845053459198019,-0.16702004723925895,0.05119008835352718,0.13267611545617944,-0.03334111252204644,0.04837238321840763,0.1796041779779823,0.12521264032732637,0.0503001663904847,0.04738208325329434,0.05279255712638076
517,2.118739474245803,0.26117921401107935,0.0013324690290982427,-2.8753428765963607,0.15908507004727326,0.1549122951629219,0.12004883693554148,-0.2916140571068001,1.0,0.2003476824846531,-0.041414548374681594,-0.08045763426727474,-0.23460128484318987,0.021886743710018905,0.05043952437427594,0.176725531259244,0.11593510536735208,0.048919357143437606,-0.0016716768692927667,-0.02518026032735265
518,0.007762705294036198,3.118568776060528,0.003349178910976664,-2.4750616521094204,-0.00229736753442179,-0.03821547373416032,-0.26760096230720554,0.06369783265367776,1.0,0.2168837126736756,0.11584014887075468,-0.29250679619631237,-0.009759142536977005,-0.04080862243632564,0.06552991681533017,0.1759290414866028,0.12639163515138577,0.06276828414790286,0.0039687850777250875,0.012701632394170902
519,4.343116725961009,4.366142814279762,0.004960746182656295,-2.304452993139533,-0.17718252502396317,0.13359551674549877,-0.11883672265431912,0.2691975218697568,1.0,-0.18386410646460383,-0.2570922662498506,0.2713670844001924,-0.25330335145550326,-0.0033234616990358025,0.10048827941758258,0.21907654797918705,0.1047569639511205,0.03721457488122538,0.05667886555994476,0.008760580136883382
520,3.179817596647099,4.494817048273547,0.0034122010947853646,-2.4669653820232456,0.05782280860366346,-0.1872516473654909,-0.0744510690901778,-0.24583775311098185,1.0,0.14604896267831527,-0.07980591568320346,-0.2400156266324909,0.19142103463681412,-0.05092299932255008,-0.028274606465804927,0.16343239496548886,0.1469386226086929,0.06630797121955231,0.006239343133443308,0.04107485236934381
521,3.816767882901863,3.7846933163259697,0.005644987035436474,-2.2483370511606013,-0.19693535653366004,-0.0651735300847005,0.09871119184434819,0.23852670424815067,1.0,-0.18492142297460137,-0.17263461945582487,0.10908746590407734,0.2198886401650071,0.020446264512019443,0.13992019936895547,0.23472009225453405,0.09809823258917387,0.04260957278662403,0.07132674361386368,0.09297980337842478
522,0.4520175638955804,4.659410269364544,0.007049481417458946,-2.1518428299333747,0.2537692889009954,0.033731741528119065,0.1883703705426859,-0.18633087939713858,1.0,-0.2908441541144458,-0.060732684709536786,-0.15364129043553967,0.06659866529255735,0.03848069408408544,0.07513409965915296,0.14799177132454358,0.048149616123818295,0.02006737815688688,0.0066346876500828844,0.023228546384571884
523,1.2614059702733624,2.026087929092093,0.0473296600403342,-1.3248666149728927,0.26855992546691737,-0.26187463150515816,0.05417821668075362,0.02177849198204975,1.0,-0.09081374438512795,-0.0739880766047114,-0.07775524205600803,0.015867693263311253,0.0015147706326877953,0.07523555009683895,0.2023215224130228,0.09393553240088899,0.03698509039323444,0.012949142917161057,0.01887546202173681
524,0.2472426523823815,4.140445323842753,0.0020617257274560645,-2.68576910965143,0.15205838771905236,0.03801201795197746,-0.24189178289892915,0.24262161053969272,1.0,0.08656177162011247,-0.17509591907529592,-0.1564528169650848,-0.0024604369686742067,-0.012008943540373244,0.08717647770201173,0.19388820669241158,0.116261467883475,0.040276801331243034,0.011852213151495457,0.018272318383148602
525,0.5164334125061139,0.9945149998887676,0.0034031979256698357,-2.4681127921540926,0.2722562085951846,0.06238135824475985,-0.22837743644989486,-0.03354121013351523,1.0,-0.26962551789743205,0.12783725501013077,0.015719373652199508,-0.21612687178030743,-0.019131755045877576,0.059495947000274024,0.12865656144094065,0.04153623952938137,0.03962930637098724,0.009606860150254052,-0.01447527240759202
526,3.760207608535346,4.093774003956851,0.02167963123019303,-1.663948109405531,-0.2641952396884554,0.15222447937317213,-0.23104645932342865,-0.1691656988760136,1.0,-0.0004105404609931806,0.07888507837034361,-0.08439836427623393,-0.24716095701441346,-0.06528173680347034,-0.0064058258592667155,0.17621389499101742,0.12493906132838879,0.08126941602291668,0.01955349547486558,-0.02648424656859645
527,0.3070555347310481,4.925671515220563,0.025632022471910113,-1.591217124844363,0.10681309801797798,0.20103742745723643,0.10175243078487024,0.07894208698059531,1.0,0.2404854373763494,-0.04492694068222667,0.24672679829907715,0.0621840947994779,0.05916294611027743,0.16144011556156013,0.21536142809449205,0.1478016028448971,0.12396826485931736,0.11977056298110872,0.09431446548497939
528,2.9717321717658454,0.4109788740755156,0.003979400749063671,-2.400182322642226,0.19651272226974176,0.09740920100328554,0.2865041516028133,-0.2641135128044416,1.0,0.17334008295089365,-0.07473368586894005,0.27096451142601347,-0.23536644762011297,0.04922850852088103,0.06477946282584049,0.17702891220345157,0.11391657897543025,0.07152748181203455,0.0578787294402961,0.007757045155821705
529,3.2168442720982027,2.704768602653154,0.016790910400460962,-1.7749257558466116,0.16100036964364767,-0.23983450732719852,-0.10885879923772591,-0.03500044994305775,1.0,0.10357127944808853,0.09822495193455917,0.1425025805853343,0.2990275769801127,-0.041645378019164896,0.05924616946393527,0.20603475678673025,0.14444525697409205,0.11310866919839818,0.11874396559070222,0.12700291754249088
530,3.5570401638688276,3.5667955826054336,0.000567199654278306,-3.246264042537736,0.1870337941493788,-0.08598400777092248,-0.2894177884718696,0.2569993662222152,1.0,-0.2403036770405595,-0.06678966886112649,-0.1325996086477561,-0.04478836480613698,-0.039399897792606144,0.08433917943493643,0.21309577400696422,0.09304145056384626,0.03312925262557371,-0.0003621480547387574,0.0004093667880240902
531,4.363982785100212,3.064179641209913,0.013747839239412273,-1.8617655549348968,-0.018727624642433126,-0.18997527387868576,-0.27160408800761027,0.060708537978426166,1.0,0.11299649160394726,0.2788811823165649,0.2837879906211603,0.030024617249513084,-0.08956300356647082,0.02565115761932182,0.21676654535695364,0.18347132863460391,0.18059921428536876,0.17021925339206198,0.12008853508729037
532,3.148905579082336,4.329140483879516,0.01808736675309709,-1.7426246552430689,-0.2562259452588736,0.10930974503538139,-0.03925914748507912,0.20518765403998426,1.0,0.10135641825979014,0.025456083051334177,-0.12768068245660433,0.2679236308491845,-0.0006164423085681186,0.10519172030258504,0.25358219319455855,0.18699382247318827,0.11415219165950498,0.07483185053352022,0.10828019093406722
533,1.4829264285995918,0.4143071742191465,0.027594713339095363,-1.5591741131368841,-0.03742975220567901,0.15877722928147328,0.17542597315821684,0.2108517520913076,1.0,0.2584926569902754,0.24846731898233199,0.09249148098302548,-0.18919975611190684,0.05333965087549072,0.11157304032879618,0.20470156210243895,0.1588506389687376,0.12272609705547131,0.0702649374959528,0.019734971900655207
534,0.9658345533697124,2.8594905475726327,0.004618625756266205,-2.335487226879502,-0.15940190511764088,-0.13921270183518272,0.04263937626725898,0.1804252710795233,1.0,-0.11078943668756512,0.24807917504056515,0.23168297714905128,-0.09592462125586473,-0.0037151401742864746,0.07988879053456496,0.17454799069216412,0.09896308871758709,0.10524044717570853,0.09101453837609134,0.04804849898471017
535,0.46659066505110147,3.1779523028972982,0.03390593488908095,-1.469724276310672,-0.29607396481755255,-0.1118259474057063,-0.1117973268970752,-0.24319528317702652,1.0,-0.025471307310027492,0.29672150786007084,0.058921308774596934,-0.25302500082328877,-0.054439101820035786,0.008672679554161069,0.11018552805286684,0.07191285540612441,0.07506814682459322,0.031168837073592005,-0.00436773675296196
536,4.250429437431714,4.296710757735404,0.0013054595217516566,-2.884236589756343,0.03820661839804973,-0.0633231798090761,-0.2355426558039045,-0.19947005576853147,1.0,-0.12536534944443134,-0.2651855497346092,0.21317164470980152,-0.15053521827229221,-0.07748357082584102,0.006991267101649245,0.16889510268334723,0.06056933831050916,0.006409348441870003,0.028891117901003575,-0.00062563214250126
537,3.3669590010917965,0.5129274043606209,0.0009363295880149813,-3.0285712526925375,0.08035639868663189,0.22710089209150822,-0.2793090657611254,-0.24917920077561342,1.0,-0.2671950636822545,0.18879546319740906,-0.2742766883231907,-0.09171647377328963,-0.033676849487828175,-0.001214470358775078,0.12629018578309012,0.05048036453230345,0.03425282135762304,-0.023765845281579035,-0.024298624689389228
538,1.7163611727345252,1.175174545178138,0.004159464131374244,-2.3809626164351925,0.034734264997774586,0.2616909881912772,0.2343649759542498,-0.05795668372513865,1.0,0.04912860405371022,-0.06203373112162033,-0.05252579969149047,-0.22775722828573997,0.0782226236819282,0.08609190917447983,0.21762288141514233,0.1421655131750895,0.06696520198889551,0.019531930401614796,-0.018641071052755358
539,4.718280407350176,0.9898979110066454,0.005635983866320945,-2.249030258780888,-0.1456685633504679,-0.26771630335446245,-0.020693511066666725,0.049660886608133635,1.0,-0.0007301204921062454,0.23387650670493365,-0.02739365402178203,-0.040597708442921265,-0.05581140871944486,0.09972740530258403,0.28522667313621275,0.18803105675378504,0.14951216720390215,0.07311060243792807,0.03875812665025699
540,0.7794337360451721,4.182954717703685,0.01586358398156151,-1.7995986879152888,0.0969954549823061,0.22223963865056226,0.03708473759903865,-0.01174396169176808,1.0,0.22093417468677826,0.03068119486651435,0.2068936033271831,-0.2748490249732621,0.03851161170059437,0.08459232690954593,0.21073477379956412,0.16459327725307,0.12218536465303945,0.09655382677948472,0.03381934621834685
541,0.4771306163873197,3.4166164825588674,0.0061851771823681935,-2.2086478549317676,0.25941970537948206,-0.20633241077790335,0.027500640177958145,-0.09845661976630289,1.0,0.2415818074321118,0.030159436491157418,0.2381906168246176,-0.03358798272580334,-0.004590355475715829,0.06290435033737732,0.17926534877866898,0.13016959363317993,0.09979805965088386,0.09053162494923297,0.058137863822844166
542,2.4601804044547917,2.348497498622661,0.0029800489772399885,-2.5257765982155993,0.1774845616095013,0.12135317103022249,0.19236436679329974,0.14939817291609742,1.0,-0.1985797416154008,0.05200620316193911,0.09151480533625529,-0.21534521686122493,0.07559599328554914,0.13288976475310205,0.2261709923720659,0.11064136056661364,0.080869959552643,0.055729240699536595,0.010486981541516503
543,1.090140130976188,1.4321111355001568,0.01451310861423221,-1.838239554522246,0.24199280730513686,-0.053832874218934054,-0.15229740969311523,0.12437192044207013,1.0,0.24428049816495967,-0.191727554404824,-0.19104899599469546,0.10133874340810735,-0.009196299079030908,0.06795630390904346,0.18272197866846182,0.12175674380223296,0.031933467862925495,0.0016990945938204897,0.021449472059675075
544,0.9286565034360766,0.6438859999257467,0.0018726591760299626,-2.727541257028556,0.13316125074116927,0.18095643716682377,0.021954389451689104,0.2040783721740356,1.0,-0.1310881591391714,0.011318838111394424,-0.10284799462169711,0.2905943878409869,0.04410817816903736,0.12832120988441773,0.18561857278004482,0.07813638508054417,0.03811764041549505,0.03510690486486105,0.06389764205248659
545,0.6920201932287117,2.8198411666292618,0.018501512532411408,-1.73279276577923,0.1856982449931979,-0.005272338658061759,0.2841757482336708,0.1430476342849274,1.0,-0.026979496758567933,0.23144088013817443,0.23424652619905467,0.17350621572872493,0.07175268150160849,0.15666179225282356,0.16900735296886318,0.11688575041340009,0.11811136283367356,0.11242179958759951,0.08814583391009931
546,1.7437040483818076,4.067258436272577,0.0005221838087006626,-3.282176598428381,0.05049440542727428,0.20996679153500836,0.0008681347654870608,-0.23602198306895453,1.0,-0.2256165606699624,-0.15144293075371437,0.03726115537240564,-0.13054241802842334,0.011034511072856723,0.058670387675151446,0.16760438862455396,0.05374652369700635,0.017479192322539056,0.01162922980562248,-0.002431628218833185
547,1.6735672596466464,1.680002841899021,0.0006482281763180639,-3.1882720955600496,-0.052389771365935776,-0.09781887900389118,0.08911665574310317,-0.20736231922061085,1.0,-0.018504868396784602,-0.15603848742731313,-0.14226287893449804,-0.256335284894665,-0.011216391325031636,0.048690431609697854,0.16972316177063626,0.0727422252776529,0.004861631390130462,-0.037513723277307676,-0.04999249538404783
548,2.0414697379120477,4.848135287094262,0.0018816623451454913,-2.725458305880264,-0.07140777786842728,-0.1293000943258932,-0.027105110128414465,-0.2776098469103407,1.0,-0.27926515117082956,0.22952622523569077,0.10623584250709221,-0.06934295362514582,-0.04482324478279111,-0.009667647253669287,0.1317078276002769,0.05521311945525657,0.07502266368290919,0.061294227951037006,0.03479717443537054
549,4.509941179725442,3.094362747740494,0.013378709305675598,-1.8735857825667614,0.24800621667966471,0.10780102859144687,0.18142885714104265,0.04940297422261175,1.0,0.17464187110519538,-0.28417515271082666,0.10801070277393454,0.00980812213171891,0.09310824027701438,0.14530128394106148,0.30774599526601315,0.2199801139597592,0.09052554825621986,0.08250862203943865,0.07148152477664588
550,3.0580350829463736,3.851021280814801,0.002754969749351772,-2.559883165509738,0.04524863851732701,0.12674795191013472,-0.25023381481989837,0.17081218533682632,1.0,-0.09386246972116692,0.07039124433545892,-0.12605054781579159,0.10427999250126467,-0.020870936145729102,0.0922002529586839,0.24380294133607547,0.14678479489789015,0.09383763786866306,0.04963351412242431,0.06193650176054634
551,3.9246360432697447,2.101074517403253,0.014927254393546528,-1.8260200657770633,-0.10293034296399829,-0.1729611561462981,-0.18374042561443668,-0.23139813367680634,1.0,-0.262833048178816,0.0906056664193139,-0.09425281299596797,-0.19535782286723719,-0.08473937298320776,-0.025799669844682578,0.13883717278500096,0.04942973250775603,0.029399669936358817,-0.013343036556641898,-0.03916658501225048
552,0.39511358038281796,3.8929735984747045,0.011307980409104005,-1.9466149525901406,-0.03553310087234481,0.05602513284539201,0.12407117298509357,0.2391979434446815,1.0,0.05871548984055042,0.07052542626719087,0.1661080961288467,0.15504054629075315,0.04518120722673853,0.12906210139574867,0.2322060683425875,0.15240482295835928,0.11892624756849306,0.11677937280516701,0.1078523276805663
553,0.4140765244412006,0.772497370068599,0.015602492077211177,-1.806806029277401,-0.09550294128745303,-0.23155242955534314,-0.23685564427474615,0.2509959742505216,1.0,0.16744811652313826,-0.03262564952005934,-0.19628936245279294,-0.021782003554577378,-0.035730727324997005,0.08198004279740959,0.16448610278464137,0.09459062503130237,0.029970719151708465,-0.005361468261684608,0.0009027438357232856
554,0.8108226965986152,3.486363018106707,0.017187049841544223,-1.7647986635976511,-0.1484885447224201,-0.21106488872282184,-0.04187952978049971,-0.11447996742770318,1.0,-0.10936519243824581,-0.18998701435343207,-0.2552914728374724,0.009113499476245445,-0.044157831590268995,0.037351757896523174,0.14067281335704154,0.04307379724173832,-0.019858433271261425,-0.04130482695470126,-0.01573012913564653
555,0.7133240887404274,1.437126821414397,0.012235306828003457,-1.9123851352588237,0.0968136415798528,0.24088069530534748,0.2365949309410296,0.1526471707712195,1.0,-0.038898626480477094,0.09513629883455918,0.008609173542526327,-0.2961998647876242,0.07583074441150563,0.12004742254277119,0.19806251776190895,0.11041261971633826,0.07710786800682871,0.032341926678107154,-0.011849245770748322
556,0.7945147457691281,2.42280190445275,0.026379285508498992,-1.5787369716372086,0.2601211687719967,-0.017809154034307637,-0.20133035983377803,-0.007252405201476186,1.0,-0.2831798238228022,-0.07867413578651072,0.12340131935885063,0.2552531504329385,-0.019238631492747744,0.029284464833351287,0.14551128024302776,0.049441679850668135,0.020267167673234592,0.042014010512513265,0.06691534459616724
557,3.1453732734201303,3.4356196543191775,0.004771679631230193,-2.321328722390529,-0.07654440996603078,-0.2106056251760209,0.1234496300431421,0.009341181956021094,1.0,0.056002202686375326,0.015561551318806231,0.052805330751130294,0.16779697841115318,-0.0038604500518148047,0.1117685429731215,0.2777838371693661,0.17764341792089186,0.11751015107675306,0.1065034796044929,0.11310512877748508
558,0.35627617800167377,3.443465715458185,0.014792206856813598,-1.8299670285562561,-0.29930947268219676,-0.21251536922013928,0.1826026980020389,0.2265849124212316,1.0,-0.13491501390245314,-0.14758517651521472,0.23862940205464545,0.1793116136682637,0.011809959158410314,0.08750636819973041,0.13641706258717204,0.050815350499254515,0.033175649846036666,0.05907261403137606,0.05777397754139704
559,4.303563830851822,2.753812506373214,0.039379861711322385,-1.4047258132896998,-0.26952801893987305,0.08376266006299217,0.20652461603633526,0.17429716928171168,1.0,-0.17267095196646962,-0.02809008113578256,0.23822542162453678,-0.017824116502099262,0.05225097167364265,0.13953509202981335,0.26557859142451834,0.13630521870601228,0.09023333323501115,0.104928716116147,0.07507514481687261
560,3.116427120525302,2.275727390924414,0.017574186113511955,-1.755124778660645,-0.18135949692854064,0.11037980877879928,-0.13316918510025993,0.19322687629805047,1.0,-0.10396441788295281,0.11053303334528371,0.22378273318921682,-0.18557938515393593,-0.012301769880796997,0.08878451477137347,0.21244243147753952,0.12071689827775739,0.10000509865739386,0.08818875678662282,0.030510621447134314
561,0.3434860208910131,4.4573281542450545,0.0023768366464995676,-2.624000665121487,0.24268586252502133,-0.11391326630481882,-0.04328606814714969,0.02800448840086409,1.0,-0.2815881377925936,0.046131947554610364,0.1684678642964351,-0.121750689977716,0.0017289035724468898,0.0851662814868628,0.15847875600404082,0.057968683974338436,0.06145857400213145,0.05582685836408369,0.027049687888066845
562,2.5473525605740255,3.9417408539572256,0.010821809276865456,-1.9657001243245973,-0.20443287264939625,0.1568064685623666,0.11590750629632653,0.0880156308176114,1.0,-0.017703119430453062,-0.2671823086528255,0.2409795451038045,0.09666938099027952,0.03507340765620024,0.10126151360741753,0.22473291075295782,0.12490286478933445,0.05072811572536838,0.08298442942144153,0.0810878676755157
563,3.2398797286799583,0.003593242367391243,0.0005762028233938346,-3.2394246180074306,0.03167361793183456,0.1598460684876615,-0.16452622016134952,-0.29762133886074765,1.0,-0.11763396518490211,-0.234500608428853,-0.04327877173834804,0.038486578245756076,-0.04790894237166748,0.07440784380736991,0.145428708774986,0.02449936158297977,-0.023318816046911068,-0.009226339570528477,0.005266626913629662
564,0.016413489289703476,1.5870431807961547,0.00944432440218957,-2.02482910379776,0.264782565400924,0.07956090858242533,-0.09263518547406166,-0.07841266789273725,1.0,-0.007986814204226299,-0.24546826466064586,0.10782587794914586,-0.23732437940818427,-0.0002777646721830274,0.06652018945215646,0.1516412311087488,0.057035251638142014,0.012608810497103511,0.007797495035448414,-0.016702178484001875
565,4.182166847138922,0.8781331878092704,0.015476447709593777,-1.8103287153042655,-0.19766501435462747,-0.22393347024539004,0.14682276787540874,0.03499188544190095,1.0,0.226713377689428,-0.10866087593491848,-0.1595735614748001,-0.2939398397347281,-0.0025722992428083864,0.09060909962901187,0.2288468523982045,0.15372163985512635,0.05077374470019024,-0.02309951366133495,-0.053312290178659134
566,1.6933570756039396,0.547919291287723,0.05080488331892826,-1.2940945417212766,-0.168425559233111,0.1424953810035118,0.24884148980388715,-0.24783901393202545,1.0,-0.26766298029392804,0.2586911877115728,0.05212285738885764,0.18033243353944747,0.03044173191317996,0.037373636853108835,0.12856249574899356,0.05223409382813019,0.062041020513790714,0.05035903588519991,0.05438992979709827
567,2.2481139220144324,0.5115748755986659,0.0006302218380870066,-3.2005065519770612,0.20291544313850088,0.0030393451226934155,-0.18730850540250665,0.04423525782693436,1.0,-0.2683547671201333,-0.23877113721242338,0.15385052537741742,-0.117173418228956,-0.019191423009576884,0.057349912475385,0.1672787968248814,0.03973403969115566,-0.008233223418082785,0.012448947867532567,-0.0045453253961194855
568,1.6555766751012047,0.43276990120991565,0.0010353644482857965,-2.9849067516377064,-0.062360274457384776,-0.018411904430123305,0.1592480073720312,-0.05147521450662149,1.0,0.2956738295969888,-0.09330455703140461,0.149379048422252,-0.10595858315406198,0.0242842791954499,0.07375260334022037,0.22159435485023704,0.16287779710805506,0.08188166860838128,0.061302514715909896,0.023303005269483316
569,0.9953647781334195,0.427365711587137,0.0005221838087006626,-3.282176598428381,0.04573630773779571,-0.09213166963875426,0.02353967431432744,-0.21955668163817907,1.0,-0.18622484328873676,-0.1995873294491092,0.017662832817213526,-0.09957020450992868,-0.01594398980824489,0.024661605438148715,0.15653378814137908,0.04002955240526097,-0.009938637611991699,-0.009163029135423223,-0.014837973429346916
570,3.1548559413211326,3.9384597818951472,0.02774776721405935,-1.5567719576089174,-0.18684710234694737,-0.12842916379133548,-0.2112189850900206,0.29437241973085615,1.0,0.1630391068134225,0.18857563559277293,0.12242884134120718,-0.011051791071620298,-0.05626515368706349,0.07638066285740194,0.22426182319396354,0.18242788963351847,0.15029921507697108,0.11835981351195715,0.08264734794420003
571,3.854754151832819,1.9022491767053873,0.0035382454624027656,-2.451212041615891,-0.00023168022096223815,0.0745348528260675,-0.11999490164972285,0.1344941857486057,1.0,-0.0846312429038091,0.18354051059640006,0.03005212631364018,0.17610097299805672,-0.002169685838473547,0.13768804787581565,0.2795229685347647,0.1650514835710282,0.13546656642309596,0.10990088537997215,0.11124060397782301
572,4.357734217024168,0.5467531911875639,0.018213411120714493,-1.7396087092205132,-0.029929016116243,-0.0006193062845149755,-0.09392056803481946,0.27093335505509714,1.0,0.1647598650563045,0.1689355310400407,-0.07909515402063982,-0.29919676092658165,0.005223518019800033,0.15159493941601793,0.2873216222952549,0.20664869680006667,0.13330697340579176,0.032037549289169985,-0.03074031108992415
573,2.2202148485491837,0.9290481175632634,0.021841688274272544,-1.6607137954607638,-0.09908265325183645,0.2871340798742421,0.14259575322225201,-0.06116870162541274,1.0,-0.17284677038677618,0.0315143109606703,0.17111617735298992,0.07209958948677198,0.05322751304050655,0.08638938755462566,0.19999769708999612,0.09002613348632334,0.0654618162939846,0.07239810148422889,0.060711053013941495
574,0.11007837381655694,2.150081466715754,0.007472630365888792,-2.126526499615244,0.27338412750159125,-0.17629210218633734,-0.2609363258156598,-0.17636908283754996,1.0,0.13389598174337095,0.27567970813364906,-0.20825494210375495,-0.0656861934546801,-0.04201992405779718,-0.008522710022795638,0.11301513731711603,0.09170446032113723,0.07442864560370398,0.017745532273118054,0.006265434272674833
575,0.3294007857478972,0.9773670970706633,0.10266313742437339,-0.9885854676685517,0.13558896017987998,0.27048526554961516,0.10447209818880365,-0.22192586574109735,1.0,-0.20612577267148496,0.2080171533338731,0.2540571391144377,0.04035203720013967,0.02493865505763625,0.0550596497577302,0.12101940874404685,0.053550456822720326,0.06939477063590155,0.06722360410503614,0.0445190933663702
576,0.6191211015325717,3.1006343169150448,0.03618373667530971,-1.4414865857992831,-0.105624005827658,-0.22887326788491896,-0.14692339378926045,0.015020452805468064,1.0,-0.042740996979700054,-0.03822398774968585,-0.22960752218775063,-0.2809848921288156,-0.052947769124246216,0.03111555994176232,0.15261886555764723,0.07540320775403281,0.022753443260727556,-0.03410256895390476,-0.05256303017177431
577,1.9831901818011173,2.2447809427214835,0.00432152117545376,-2.3643633546157306,-0.10404039519786476,-0.13106275337802883,-0.15517284027907355,-0.1168581066147877,1.0,-0.10176703338501894,-0.21631126674702608,0.030387652408749053,-0.026264694382180553,-0.06561513722283906,0.01309387044446326,0.1743691134505419,0.06768550861249459,-0.0011884296946537073,0.002054596271892403,0.0028157849825627386
578,0.2054705648043971,1.358842433419778,0.0005221838087006626,-3.282176598428381,-0.16439865785371857,0.1932016954299159,-0.03853949994765105,-0.20485981761455513,1.0,-0.04537307056674167,0.13147873015163306,-0.12986376775704409,-0.023944399879824208,-0.012178201347473572,0.04874934917566204,0.15129393336628708,0.07882363897128905,0.04886431711060565,0.00932264212518945,0.009879926255266382
579,0.8033510241078221,0.30650963313727925,0.0033581820800921923,-2.4738957601826304,-0.01284599698433364,-0.1583072114439064,0.21086026458055676,-0.29823425532121933,1.0,-0.048531576640780415,0.23951236077336813,0.15794418716484257,0.21032782146274534,0.0007015199495996291,0.03539373327894303,0.12844658845540885,0.07304717803630238,0.07662864645069994,0.07107975563308606,0.06460425986202137
580,2.017343620534307,1.3531126196697951,0.0014044943820224719,-2.8524799936368566,0.09197582045754712,-0.028981573308245256,-0.2327280825854059,-0.12136930599208472,1.0,-0.02955262826466578,0.03278192978920375,0.11258842063502791,-0.28494910405218404,-0.05340350632393892,0.01924073814340648,0.17975973886984484,0.10080775943771822,0.06638863274939087,0.03692403642773,-0.021546261972005102
581,2.0591231651206416,1.0889748737167602,0.005924085278017862,-2.2273786983773625,0.08054587186471451,-0.0009224079360099502,0.2640962969915491,-0.09021496205820058,1.0,0.1507429118491366,0.12456186030670507,0.24440992556741115,0.17513942783444056,0.046067137815139256,0.1384208099873113,0.1976319787616207,0.13442135656705737,0.11818520444924284,0.11475656043159113,0.08747860027516104
582,0.7561865326678703,2.325520425392013,0.002043719389225007,-2.689578734798195,-0.0005087800807206499,0.19894634401863656,0.2058837245429764,-0.09155219626772086,1.0,0.005290134874559938,0.05545247588596567,0.05679398274013256,0.021525548436534914,0.06226723467705027,0.11942322664436741,0.23229781257936427,0.13282565353338968,0.09480941404177201,0.07240635529267084,0.05753845130375219
583,1.3263165974670064,0.3720039016584193,0.012451382886776146,-1.9047824118820074,-0.17930128178247648,0.2678104878028004,0.07700013997481504,0.2122039907140191,1.0,-0.12556484032480195,-0.216928918046241,0.020737802523217906,0.07064621602558394,0.047010273443416184,0.1280636608032904,0.18337995423274187,0.06055587138806271,0.006879705965067369,0.01681710867918015,0.02480253869434851
584,3.604749736428082,4.72553665612128,0.01268546528377989,-1.8966935988819615,0.10368690185430884,-0.27339984745869456,-0.20588122070484885,-0.27377022197239403,1.0,-0.08143868260808407,-0.2396667593055944,0.10681759680688585,0.06593415797123152,-0.09201842266676663,-0.04244983681517953,0.13750871788241795,0.06461284828179129,0.0010836611677992236,0.019737617630085566,0.030522422783778466
585,3.1511138752950085,3.6243688718532585,0.012865528666090463,-1.8905723632003477,0.05850154157890841,0.2670409199790438,0.27149289077936434,0.08002462093478806,1.0,0.050086997316887594,-0.24474623381311233,-0.1936744220928877,0.24734588443764988,0.0984886903134765,0.13689673097496524,0.24751005615996424,0.15597842957606006,0.05114388116610175,0.024081254640940294,0.0681640704337289
586,4.817179256692689,4.642012139448654,0.002322817631806396,-2.6339848860280877,-0.03288049151074165,-0.01530920009353921,-0.21979380351719124,-0.22402033014905368,1.0,-0.21740190787911354,0.1853003647445063,0.15125212112546174,-0.23421466319913525,-0.07689234644891635,-0.025659987654034228,0.1671946780633247,0.09206358659107544,0.09859627548534054,0.08028372698437426,0.013486321875735249
587,2.620718758474092,2.164297468481246,0.025677038317487754,-1.59045507081149,0.24310886747604651,0.19371317515993322,0.20126417011756606,0.22765350930205505,1.0,-0.0822496851541621,-0.06974333727204553,0.22751778436397113,-0.07925292068245635,0.09131578563536796,0.15011103557431546,0.23785192974100844,0.12928480370554757,0.08166950396927736,0.0851953676576972,0.05090759587545764
588,4.19039309428787,1.442287865031417,0.00465463843272832,-2.3321140488973753,0.08450653255848177,-0.13386704958632223,-0.02363556184078296,-0.12088794414988106,1.0,0.14925225004539655,0.017387390807570433,0.14332182920507233,0.19705258491266434,-0.029561538933135352,0.0406612606310374,0.2574628445251347,0.1962354484925985,0.12637565191866607,0.12023516930641709,0.12328918105961646
589,4.028677059451906,3.0348471764941,0.0011253961394410833,-2.9486945789832615,0.09961005712779351,-0.10697655413298737,0.040944678063877755,-0.18985420518672577,1.0,-0.16920826428638744,0.2847668541751779,-0.06273498121367052,0.022847766570317816,-0.01354099023514408,0.05841640653047411,0.2154977877227119,0.12689290307669648,0.12508403488122433,0.06910581834391516,0.0563617098026622
590,4.58176941223467,2.822165798691121,0.0022057764333045233,-2.6564385076267856,0.008750026488359607,0.011091805764878603,-0.21994151120786806,-0.178739347357148,1.0,-0.03223946133715735,0.034835583388693546,-0.12559062878183733,-0.2398870586263111,-0.07906140812932701,0.026996469485215287,0.23559945443642816,0.14020188014754767,0.07147736865027605,-0.011145138657731363,-0.051055636964507954
591,3.1553279957770157,0.3517677431552191,0.007976807836358398,-2.0981708701042674,-0.238488351717269,-0.09603143930674303,-0.07605870318002207,-0.17978177057725042,1.0,0.11182075780092555,0.16032162413420917,0.08886061976484638,-0.1865331538448494,-0.053284953593656495,-0.012204586792319604,0.17233905313489328,0.1434264402430486,0.10776296185639742,0.06514355156607529,0.007103334851038287
592,0.4978063677131176,2.144885157507233,0.0093903053874964,-2.027320283564787,0.25216027458548546,0.08909719962803399,-0.06952405728694092,0.21740929706635728,1.0,-0.16066844805998107,-0.16835079008460585,0.26525418014785973,0.12395481833421648,0.02188763809813975,0.0927656938151243,0.16616656463682372,0.06503859447255599,0.03364450582430689,0.06391023022392774,0.05856123711246403
593,3.733360983543892,1.4729099344910557,0.008408959953903774,-2.0752577157612246,-0.12329773761293251,0.2342256661756681,-0.18129283010581418,0.20752519928124286,1.0,-0.07208025980950995,0.2569342015931689,-0.21127194316329112,-0.019918131393420135,0.002717300561121242,0.11987789218457229,0.22225842714393632,0.1369584361075847,0.09827247175395433,0.024923072873062446,0.01896445829055678
594,0.08407907229351622,2.870869878791988,0.0005491933160472486,-3.260274756980551,-0.023907822450080052,-0.016978296853436214,0.09325568143123765,-0.07494483468046238,1.0,0.11878881753360204,-0.0822792574989706,-0.2574171176750796,-0.07220022869267534,0.011388334135879318,0.06486103281195656,0.20367630894773775,0.12547713543995143,0.042844915464077024,-0.015562002058898041,-0.008308067152463947
595,4.138329860035784,3.621727843112712,0.0027369634111207145,-2.5627310083825643,-0.07000410928779106,-0.034636722219239836,-0.09193738830304986,-0.14761367419610025,1.0,0.12017093204209625,-0.026592319308934576,0.08053618432617735,-0.2217225851298835,-0.05502569334881133,0.04899630350161546,0.2635949544458286,0.1861040716007052,0.11405589281479785,0.06533036685300204,0.003956971690807069
596,3.740947840731039,3.9455019590493716,0.036021679631230194,-1.4434360406123208,-0.12870433044083374,0.24415332133287468,0.02475073210280505,-0.08319312049770902,1.0,-0.16850831490412604,0.28282780395733026,0.16146816114945742,-0.27338594315441817,0.024844608809975376,0.06588455003328886,0.2021054949012921,0.1275205069584974,0.13720978806542622,0.10393993838687915,0.030295863864078353
597,3.7995993187995425,3.2758352132484934,0.009642394122731202,-2.0158151211594624,0.2878843331614069,0.041985958517455346,-0.0706606336563177,0.11700137728153664,1.0,0.06720930244008695,-0.2910663066581832,0.2457732910471727,0.04639651445045396,0.02841845083140084,0.13276205033984825,0.2648018371121019,0.14883873434817751,0.06559105541941833,0.09611188203634104,0.08097984349087972
598,2.05262491384199,0.07129184379477896,0.0005221838087006626,-3.282176598428381,0.07424973938114199,-0.10126176916729669,0.28565178220132936,-0.23350096310276622,1.0,0.04119987157213325,0.03259014255991122,0.042887182831025904,-0.11771340453220087,0.037060723691339115,0.05166581219005158,0.19900958415550213,0.11929298313963105,0.07138636365603092,0.0365678342184518,0.006146372324443684
599,3.3978469066449533,2.287952890287644,0.0018456496686833765,-2.7338507309355635,-0.0012324691310510504,0.2238936519511871,0.05581098619508444,0.11942761642603676,1.0,-0.10877158825134242,0.052387115776695435,-0.21797420330055275,-0.08574477931865977,0.07177632065936282,0.21359027425902996,0.2492002011594996,0.1293335824147915,0.05183147435460942,-0.003827053279172754,0.0011205091510023788
600,0.07054291111511424,4.130356898718109,0.0019806972054163064,-2.7031819111691116,-0.054436642913532514,0.13076434260312894,-0.03977075202802164,-0.11074692864841,1.0,0.019781712499830628,0.010950399649971309,0.01600338796498599,0.11974375580807807,-0.00521252422449428,0.0854172199013816,0.22201801319207307,0.12759474998989206,0.08443743438004915,0.0746097745254694,0.07870768866183406
601,2.04564037651725,2.185128068986987,0.010542711034284068,-1.9770476969189548,0.13807197936875373,0.13418902818092812,0.2789969587292578,0.03881216930645719,1.0,-0.10653614454124173,0.12688239986030023,0.27685307635436823,-0.20874698764843252,0.07606761232917104,0.12505125738393166,0.1978293040814274,0.10882080404635115,0.10479598709325644,0.08720115737469732,0.032401672971397406
602,4.24519047780104,2.3720654333771636,0.00081028522039758,-3.091362082551993,0.10980630712240491,-0.1727679851959122,0.01946012218470694,-0.2345635148222775,1.0,-0.2927515911404366,0.04533867424204212,0.03715449431486504,0.213264962451668,-0.028561790565586567,0.011532735437413016,0.18167733878129927,0.06535761184296811,0.04379698177600673,0.05043881978941569,0.08004965951362339
603,1.4569497460681364,3.1239353336045617,0.01567451743013541,-1.8048058208739868,-0.14231058651931275,-0.2197367954548482,0.2894626672416511,-0.23730619028640976,1.0,0.12090177285906989,0.22653700282654954,0.2250262986211948,0.2648146310792184,0.005100172199808489,0.023918511057115826,0.13500399986804537,0.10460179657685066,0.09979127132659595,0.09959333383222863,0.0970968240230037
604,1.29183459545409,3.4712446680284135,0.004960746182656295,-2.304452993139533,0.20836400418930656,-0.031201679831659265,-0.02483377593376792,-0.1565990001114426,1.0,0.2959413927389694,-0.10481647760850372,0.22998217443203361,-0.037228823139651625,-0.0023059910605434555,0.03978518915232999,0.1943749990517639,0.15565682843233655,0.09398110977922974,0.09324358924794267,0.06147557470954377
605,0.4729795379749052,4.020282985151798,0.0005221838087006626,-3.282176598428381,-0.1420295544003404,-0.01816351042372294,-0.012854719694591232,-0.06396757269080987,1.0,-0.0594082992542719,-0.19591146763358483,-0.13084025064159205,0.053528855104558716,-0.01997528579581701,0.05116696916627493,0.19756798085821436,0.0896879632719157,0.011494463492141045,-0.006419200527221203,0.015789566357635808
606,0.5267779973329605,1.2371588245886433,0.011506050129645635,-1.9390737381689367,-0.2839905339605925,0.13037905702426472,-0.06844635441244686,0.08777957449816695,1.0,0.23660027545982765,0.17463899223574283,-0.033146015813223184,0.19043214123001365,-0.0065802200706937,0.06388980825894391,0.17465825418873004,0.13293095861767104,0.09147870246407892,0.058261832040673735,0.06273040601717324
607,2.079828305036127,3.0728596045937695,0.04085638144626909,-1.3887401004424007,0.29042442436527927,0.26938489624612905,-0.17160385387456675,0.062045103319941994,1.0,-0.23094326220537317,0.25004295996401066,0.08141224701378692,0.027192680497375266,0.02189576098136891,0.09814357032844005,0.17521758404690502,0.09262072472563788,0.09809660956314338,0.07776440283890587,0.05959310713341594
608,3.996628433941601,1.158176897552892,0.0006392250072025353,-3.1943462432722427,0.16554243171836236,-0.21150991776016353,-0.06137181124077996,0.09297501323388464,1.0,-0.08192872855555794,-0.07044011310944474,0.013352517123204599,-0.16747245253567414,-0.02085999512791263,0.11606995415400365,0.2606414331583538,0.12191384458127631,0.05233378112172771,0.0166001525848698,-0.01563996415447251
609,1.9609041329705954,1.5796509930355347,0.000918323249783924,-3.0370044202294,0.174580093756573,-0.07743494418477999,0.2860151213895028,-0.29868209152034014,1.0,0.2091082613446394,-0.05951236484437663,-0.29821952328815327,0.05203873876954512,0.03679566072646673,0.023919580250815135,0.15820950592477873,0.129529126782121,0.05546390797375766,-0.008246473445502599,0.0059674952477632975
610,3.4965807154879194,2.5834991963248837,0.006356237395563238,-2.196799890939514,0.1444341414079394,-0.10025933013649745,-0.09055341901736431,0.14314945155126485,1.0,0.09557111127120045,0.02820997704284618,0.261306067837665,-0.09393877532668428,-0.011844545658897438,0.09859024065986927,0.26856700969591946,0.19042990733564494,0.13805761971012095,0.1317773699140452,0.07362619633946191
611,2.585342121174598,2.132498957707742,0.030619778161912994,-1.5139979600585958,0.22077454865712562,-0.027114796651144222,0.10822164837479499,-0.02398561506629002,1.0,0.22307652425315053,0.1512711987424357,-0.12941601160905367,0.2816604563788743,0.03378178754034928,0.08260439368851069,0.22730275213807624,0.18395340734803386,0.12548563632779078,0.07483538507989763,0.09920375460212442
612,3.846162995217049,2.8747083852131396,0.0012064246614808412,-2.9184997936265105,0.011083217737807715,-0.2956093153217691,-0.019706069476655628,0.005297488711412735,1.0,-0.2169198938452863,0.15050464798987973,-0.20737349425769705,-0.04650162593994545,-0.0459451914293233,0.07652640313833928,0.21667370106251085,0.09926090699333777,0.06408681345643523,-0.0042275641645069285,-0.003031384425696174
613,3.214542048490916,0.3438874117604212,0.0009093200806683953,-3.0412832182086755,0.08421375111336098,0.06460764305093329,0.29018246529335306,-0.29377903668805677,1.0,-0.2784987581013196,0.15352592722856176,-0.14788706658009484,0.2972428440819038,0.04043871524191338,0.055220344767782065,0.1418070357561138,0.051681863884806375,0.03821644713223724,0.023927228309040503,0.057929966123168496
614,0.6827039406659702,1.343166988472328,0.010749783923941228,-1.9686002651979677,-0.19625679190776016,0.01225298746311434,-0.06182876386131031,0.13780794862556747,1.0,-0.13518362467647058,0.029204951132436617,0.15396800999759722,0.2522020925961622,-0.010051493717533173,0.07741516915399016,0.17735780742438495,0.07708709258739253,0.05574462809612257,0.07152683762309658,0.08205098344401295
615,2.187490135099932,3.015171252651313,0.01289253817343705,-1.8896615740194813,-0.011941412576574361,0.25298371135085196,0.09139246330637027,-0.059184909746418796,1.0,0.1525732448791263,-0.28922910910816,0.28066461584953023,-0.04831294229492857,0.044848926954884086,0.08154477293709173,0.2151350118305511,0.14015721401461853,0.058755628583285216,0.08095959889411657,0.053748573977284046
616,1.486635757423373,4.983253632215196,0.018501512532411408,-1.73279276577923,-0.25400680105817636,0.2179314459158802,0.2608976693881731,0.08442883859559444,1.0,0.01203252726709847,-0.08989571404018316,-0.19488074459938606,0.041261938649108494,0.06545996285606664,0.13224320626589534,0.22223686959975836,0.13250846185468793,0.06199890973566919,0.02690539758746169,0.039047396150093144
617,1.7565712440654333,0.9114230076881398,0.0024578651685393258,-2.609441944950562,-0.21539429428230475,0.0049725726919438,0.03588233843879578,0.15377156595829047,1.0,0.06377233680958513,0.11850281256798945,-0.1934120334772528,0.16339224466523686,0.02687516904916855,0.16118432846508246,0.1995596520571014,0.11936698054588023,0.05227038612513784,0.03290470592674315,0.04439355353418503
618,0.30344281335785767,0.4059726274171952,0.0020887352348026504,-2.6801166071004183,0.055788986343725866,-0.014858344920606358,0.05645658571454315,-0.022098170337962252,1.0,0.10254047374597154,-0.2738184102724135,0.2724841624181004,0.2786212382353053,0.01097810234501839,0.07901153772818524,0.16737674899305954,0.0724989010046971,0.02664371055973805,0.07164761682176599,0.07466402819468304
619,3.6513501281576586,1.1425255769165439,0.002079732065687122,-2.6819926120991737,0.20524806371284315,0.14455917830644993,-0.0012584515513534567,-0.04964579085113034,1.0,-0.0858132435446677,0.26807532174071946,-0.2849364657125999,-0.15814461431819518,0.029193423958368943,0.0977066285692563,0.21533078219286736,0.13182788511363314,0.09221858351002525,-0.005710944435766413,-0.02097817524166965
620,0.05242152095020026,3.3778848737570537,0.002583909536156727,-2.587722695257326,0.1540482239959725,0.044550502852763386,-0.10696763807511726,0.12714419868890015,1.0,-0.03184414916480579,0.20349679361126544,-0.2269187300429717,0.20541302801153533,0.004183247340641885,0.07894205926551631,0.1769339131551367,0.10865165961494476,0.08084072400189952,0.03568939895200327,0.059135658779979706
621,4.657011266762637,3.1439091026314188,0.009975511380005762,-2.001064831598907,0.14099030134024654,0.264075005062775,-0.09341459656769957,0.08712039365684865,1.0,-0.12997430340020705,-0.15094661989986963,0.22183998359974952,-0.16910868530848625,0.0419899798872852,0.11390527277370302,0.2617004687853467,0.14161086505905707,0.07130885223596818,0.08102032976733987,0.033308217772441896
622,3.7088693842697964,1.2889156266013921,0.008444972630365888,-2.0734017536122535,0.010666603508912575,0.15533520625527616,0.21613048516612438,0.08305621929396546,1.0,0.20714707524800444,-0.2436340294534098,0.03285433727734346,0.2792065202835373,0.07531238624592831,0.12746841702444148,0.2636928469882444,0.1806872496954306,0.0637051090952117,0.06204019237395924,0.09619932648697596
623,1.2054045824147266,2.2910852127205024,0.0015935609334485738,-2.7976313256295113,0.16352762006315444,0.015153019320013072,0.25205445032883694,-0.2061676957178735,1.0,0.11389437516160972,-0.03692252681418998,-0.23802622433844645,-0.21470060996612247,0.04276498437164522,0.055134935494190206,0.17619261907419154,0.11557785751286415,0.04979779920294112,-0.01263549709076414,-0.02696341530422273
624,2.530959356770994,1.0090534068182817,0.00938130221838087,-2.0277368730278122,0.276707978199122,0.08874681987671491,-0.23161116181147,-0.0680375064435532,1.0,0.15114988853776762,0.2519726491393402,-0.07528126869627197,0.16231094359078221,-0.020084716437110708,0.03878306146151925,0.18357978610194917,0.14577058821761107,0.11357433856475656,0.06409292375444879,0.06555880435620569
625,1.7687945180258544,0.8618866790844398,0.007175525785076347,-2.1441462705952055,-0.1994499718622892,0.056938584012199374,0.12227118230177107,0.03169289481029984,1.0,-0.1592738099972225,0.07112406677539133,-0.09739526577789709,-0.10743322204208179,0.026331009624010443,0.11141635278385224,0.2024537764861291,0.08609068865449986,0.048740681472569304,0.0036706293610095056,-0.006636444328690149
626,3.8099066631178897,3.722429824970215,0.03968596946125036,-1.4013630061475892,-0.28076547469895535,-0.15754152083970488,0.2798837069172418,0.29198867128993494,1.0,-0.12883598582249042,-0.1898515094662809,-0.1698223888893508,-0.005340322839782352,0.04179640240856935,0.14970262118503808,0.23058578328543752,0.10518749262041299,0.023430788239937453,-0.005022810666602029,0.008017435964915914
627,0.9481251945962481,0.11735167208568757,0.0018996686833765485,-2.721322136693625,-0.0745383947255193,-0.25776638738690416,0.05472188438789809,0.2558922549017365,1.0,-0.1926106168627089,0.23078185545114835,-0.049263049548747696,0.18370307486290177,-0.0069894006602544585,0.07209507700472219,0.1654274979896361,0.07759684675405067,0.06576425745653561,0.038264332074877144,0.04819237246704548
628,0.8216637356001483,3.405273051783808,0.00505978104292711,-2.295868276422257,0.2121690738136607,-0.1881805263653884,-0.1366168637874599,0.027274008242311455,1.0,-0.03955158899500944,0.04873178136410226,0.20414860041664587,-0.04619056644327083,-0.027346395102397246,0.0767700284680855,0.1845894355361298,0.09964048154381061,0.08583978527008607,0.08085921946484984,0.0493899540515366
629,2.6093028476044045,2.190087129320929,0.01580056179775281,-1.8013274711894751,-0.15231590636431938,-0.06687855844075569,-0.20217234061582873,0.2763026910584922,1.0,-0.13533950302561112,-0.024538804917627464,0.19115865169351573,0.20470668794154648,-0.03829637745263463,0.08270020612204908,0.1967300624471164,0.09425581438235793,0.059201808804688144,0.08010871445600262,0.08663736757814341
630,0.309126508937294,0.46072644797850204,0.006626332469029098,-2.1787267776538193,-0.021061326641367072,-0.2794498726135075,-0.12645644613384574,-0.1566485488034508,1.0,0.19898324135330003,0.1553733398507459,0.05559207066634599,0.27064541535111275,-0.048424192842108894,0.010214465808837246,0.13727525457749012,0.10082616198620722,0.07286990569090318,0.05849543841108657,0.06717676046606286
631,0.04377814875165891,0.8084991840199557,0.0005311869778161913,-3.274752580349174,-0.014747032202444365,-0.15805378470043585,0.23791439049043406,0.015854191891950076,1.0,-0.1307075578421917,-0.21765174932896694,0.11504055020045025,0.032188053084419764,0.02898428304439074,0.07933109008053994,0.17235026230548378,0.055546903058325145,0.008172020398775525,0.025396539323660837,0.024354983916824977
632,1.5814923780433243,0.9568754383158705,0.003070080668395275,-2.51285021299882,-0.17196927030582343,0.1585864480210534,0.2799404278949786,-0.26703297075349447,1.0,0.1900207274217199,-0.17825528611867048,0.057946038120622975,-0.05117371318615608,0.033451418878279356,0.05719312416496343,0.1664183226629636,0.09764297457888067,0.03513532608011807,0.024829609130251038,0.014451609943730534
633,3.7546227006116766,1.5607154769644933,0.02363331892826275,-1.6264752842493422,0.29776894659024317,0.2622127163022235,0.09194723721307689,0.056559153140490044,1.0,-0.2798238821440501,0.06048628587875044,-0.13782822718496424,-0.2092010843194715,0.07547920077630095,0.13446887493837653,0.21081833702120117,0.08537764480708997,0.04852397306796019,-0.0038459407273206563,-0.024082573031551893
634,2.5537628785960247,4.940777978563717,0.01147003745318352,-1.9404351639919863,-0.20096190927416507,-0.2549716777947728,0.07533575911858865,-0.1351355351407314,1.0,0.224614780142339,-0.17599137712488025,0.22231358852642816,0.2670818848055494,-0.03927032599971155,0.011256358061727858,0.15877593860411893,0.12524521549191955,0.06667094412514778,0.08990871689358966,0.10517782785725735
635,4.006230085391375,0.36881985916009,0.004546600403341977,-2.342313213872657,0.16596823862626364,0.1605242192216016,0.08257103527380831,-0.012429957166690764,1.0,0.19971791804446035,0.09375003550058114,-0.13479845338338162,0.14731717062219365,0.055263393888339604,0.18105006590492323,0.27184149302166133,0.18267807533761618,0.09146957201647275,0.05670403518255729,0.06185223169954429
636,2.4786165044809554,4.9932448623439285,0.027990852780178623,-1.5529838699481262,0.2776955411345535,-0.28909182209708745,0.1777439846164137,0.17546128532313052,1.0,0.25653923765675085,-0.28240770384964314,0.25667022647101256,-0.06066170011699909,0.032708330804047954,0.1108408169749127,0.20942396265461224,0.14485148877342477,0.08062979418952883,0.08796924335283444,0.06173418723157846
637,0.5242715245670101,3.931342947163607,0.0005491933160472486,-3.260274756980551,-0.0026643495961877982,-0.07951548229949168,-0.2174919995729098,0.09788885467739385,1.0,-0.2895852896053235,-0.1665613424265042,0.10311117362440363,-0.007162717725499923,-0.03757600130438515,0.07455917155092753,0.1521752972618269,0.029341987205373333,0.007115806241354768,0.023547506858485875,0.019110440782822875
638,4.860059389274149,1.0719959001863646,0.00478968596946125,-2.31969295969627,-0.21621172141627268,-0.14216159695911718,0.013002428651296171,-0.0029259327589603143,1.0,0.26934800196111125,-0.2927632223483073,-0.11888271575508544,0.04436148655078304,-0.03726252948406788,0.057471382159263944,0.2636247445099435,0.1979194984372613,0.03863243303442504,-0.007536258120725098,0.011410811663567296
639,0.6461078323301501,4.430465804073297,0.005915082108902334,-2.228039222431537,0.05815900440897663,-0.23178780627003054,-0.10509565894484883,0.10225999523844584,1.0,0.2080196636648352,-0.16822769556816666,-0.24533795951226214,-0.24514665378030367,-0.02880647028182481,0.04951358103749104,0.16631621165398358,0.11560125311628612,0.0370119400181104,-0.016348318495895447,-0.03154738611829557
640,4.6883772574705915,2.1094704138463536,0.008408959953903774,-2.0752577157612246,0.11155167389657279,0.2084376953244688,0.26789927658077045,0.005542609753081428,1.0,0.15654159549094138,0.0030827272272819337,-0.031488664156685296,-0.027362626646699695,0.13482375589758197,0.17529766779533942,0.36240496389910354,0.273755658629359,0.16396579620125065,0.09390130551301662,0.06568669041666132
641,1.4753049268182836,2.830772742047781,0.0075536588879285506,-2.1218426311626177,0.272094597942306,-0.13552756625826437,-0.0721302014029953,-0.07708403605845439,1.0,-0.166360285764643,-0.006347244860692702,-0.29743493233253915,-0.1713608675384418,-0.013681074246709618,0.042033582835615764,0.16045765407810123,0.07017916526057294,0.022763437340720675,-0.03651479824725358,-0.038671012997229054
642,3.1913332334747944,2.617158845924465,0.008480985306828004,-2.0715536891984407,-0.12070237164139642,-0.10785834609684211,0.20619915594353608,-0.004434857314993634,1.0,-0.14822404416296114,0.27719324434740145,-0.24093433580915094,-0.08951849889305179,0.021258184509536433,0.08022258715161823,0.20867389147051052,0.12282341490491444,0.10227768765522173,0.01825998585733886,0.002710683306870832
643,1.0303641724208883,3.0285624623960783,0.02605517142033996,-1.5841060652082992,0.2710766540586301,0.14596751316409143,0.05456727301089679,0.21002500201194121,1.0,0.2026202562217237,-0.04841656065913689,-0.1996520721550417,-0.04899425924594064,0.05774308540904473,0.1390011033152168,0.22493901810127273,0.15033977695011883,0.07141277946289677,0.023536290211282968,0.022523104018171404
644,1.7832907182176077,1.9255984319197221,0.008877124747911264,-2.0517276770501067,-0.03494846874431806,0.012626734379071336,0.2250486060905298,-0.26004384056742774,1.0,0.22193231723873044,0.20755406306655946,0.20919297104408616,-0.2761405926769024,0.019355716437445134,0.05032846878910631,0.16654790568191893,0.1329413104081453,0.11466240916375507,0.07199586931940496,0.014835047095795494
645,1.5962239060773231,3.158217820695082,0.07014369057908383,-1.1540113876423528,-0.18158859405220343,-0.01628539512993684,0.2782527505301225,0.01941793520594206,1.0,-0.14240018858280484,0.11077598086623579,-0.271941611683816,-0.2372171399296796,0.04058432510619478,0.10094671386255887,0.1777746801082545,0.08998068634074459,0.04960173461212573,-0.019357772159775882,-0.03081944576997036
646,1.317615083207133,3.3028343952006063,0.0005852059925093633,-3.2326912353484625,0.051232509525661295,-0.029621652913779915,-0.11571453720703712,0.25222001828788526,1.0,-0.07876679129731207,-0.2411565935003623,-0.05947485679409171,0.13177920606479557,-0.004298860751822889,0.10528319841780305,0.21743358904907764,0.10075897161721312,0.01913912638847306,0.017671338958871956,0.042235642624559123
647,3.6293829677734273,1.0291308199233478,0.005005762028233938,-2.3005298004092607,0.29597954397519594,-0.09168216231989647,-0.11279753104027579,-0.09707053122341272,1.0,0.26606549171927085,0.03538637077356632,0.07386290564707673,-0.08832708849762054,-0.01964068427935606,0.021314568404449407,0.2212658557783751,0.20554340820841102,0.12947255322831352,0.08202840888876498,0.03736725776125927
648,4.022448642413679,0.010022233188926005,0.002610919043503313,-2.583206594092362,-0.10762721185996392,-0.10243957420069016,-0.19286054984775777,0.2829795223233667,1.0,-0.23369220424513362,-0.19556655113003696,-0.2376763641635358,0.16720228223015923,-0.03676041184025331,0.08459625988898235,0.1946794157112021,0.06442181029518988,-0.018502119896388117,-0.039429047469300524,0.008140473391482623
649,2.711564773216853,1.7085340381342486,0.001107389801210026,-2.95569948055192,0.09142169816735925,0.20860056147191297,-0.17305474608635985,0.2501518606011816,1.0,-0.10765436380284314,-0.22320367369973723,0.17146740685857437,-0.20954161128675935,0.01287232971180503,0.10135107654749187,0.2000824081820085,0.09164843790987802,0.028276629705643343,0.032783844294645204,-0.0025415964834606267
650,1.0810281038140641,4.748561615949212,0.00256590319792567,-2.590759731982808,0.14822554729538917,-0.22629809673429008,-0.008273777966149943,0.12483676124227702,1.0,-0.2255318986185304,0.16318778002055834,-0.23038283722923827,-0.23581399407127757,-0.0025086171723343676,0.0855390072868594,0.15718527620329284,0.07602412690422854,0.05467112284012533,-0.005287297448148983,-0.020912180623453094
651,3.426973489534717,1.609240099353285,0.011479040622299048,-1.940094407221344,-0.23963591706921067,0.10765546708444529,0.11454618888238115,0.03517436792017847,1.0,-0.061544851425723496,0.2833591664618803,0.038780505572936705,0.03970462742136525,0.03129609401607194,0.12439350893265815,0.24879597868022468,0.15833377195312162,0.14523498235871338,0.09757303085794106,0.07283989941922162
652,1.0537176960561117,3.6547909865375647,0.0026019158743877846,-2.58470674923477,-0.057590692470972316,0.12256539881395351,0.23068666275706903,-0.03756587546983988,1.0,-0.24850273052689856,-0.025799846821288375,0.2846091925357569,-0.24210791875463475,0.047683426960165365,0.08107557124924997,0.17108605834613785,0.06934564584175762,0.05838655673027536,0.06609657325297653,0.01690543684552935
653,4.8137358602759,3.6281428335392105,0.008922140593488908,-2.049530937506043,-0.2412822202796087,0.09510228504717186,-0.11871139155567906,0.2657848000112151,1.0,-0.22663460601557753,-0.12785149125378867,-0.0672368833969206,-0.00947611962400463,0.014647141426094709,0.19982894992963812,0.2340440028938573,0.08071929280905202,0.021535807324876616,0.012326742656413713,0.01855972550290138
654,1.9406959461624251,3.9893000557821097,0.003457216940363008,-2.4612733676237872,0.05403230813153041,0.18412599544277047,0.26552310240400334,0.1099446024682338,1.0,-0.20677765047545554,0.10354626424856925,-0.2370106589754087,-0.0949678528132419,0.08527885967447262,0.145918336377303,0.21234951707413596,0.10964308180349226,0.07057668833327926,0.013550531027110593,0.010641525700221538
655,3.4853114044005147,4.586925671183469,0.018915658311725727,-1.7231785395853654,0.026440952424731035,-0.02377208536900739,-0.2171519622848195,0.19767643651085023,1.0,0.050652021722439475,0.1249857046248294,0.21574378334616057,0.11665662439046191,-0.03261770437830835,0.11844966286243686,0.269911515693374,0.192971561649154,0.16883478084996745,0.1687576751824594,0.14402325893289145
656,2.3734585559411077,3.9502541442344934,0.0005581964851627773,-3.2532129024930643,-0.11203575251957837,0.11179417967872186,0.01976456213201565,-0.18718329292185576,1.0,-0.014531453487225676,-0.12350709937840683,-0.19517258030299922,0.14324948522494435,-0.001634356090582231,0.03807230595792212,0.20588736295186075,0.12049235130666752,0.03694228578432819,0.0006985154934227957,0.03718035334442856
657,4.377577718791194,1.5476003366062567,0.005987107461826563,-2.222782946688213,-0.21710979371270822,-0.24405974402383657,0.1909064442118002,0.043618081715847336,1.0,-0.024729936362245908,-0.026287429203039125,0.04996692905995077,0.10717271568663841,-0.005033893186456995,0.09379303577619831,0.27258845041093915,0.16072030826023215,0.08531494630158147,0.06870213619989539,0.07334765416095729
658,3.29784037859537,2.4812157534538253,0.027720757706712763,-1.5571949030881198,-0.1601462207359275,-0.14148052766911787,-0.24922479959642121,0.25374658551142265,1.0,0.1420562944628058,0.14452280857050256,-0.040801048494332824,-0.21899002127240164,-0.06175421119776167,0.06612042279804149,0.21124356413446993,0.16105154858650897,0.11196645710667318,0.04821073264895845,-0.00038348694293122837
659,3.037266634385798,2.4540148845087497,0.023381230193027947,-1.6311326423620152,-0.26917624568643567,-0.17810789256305973,-0.12013044032536496,-0.1685410048600268,1.0,0.2394001445669457,-0.09250472478224699,-0.23857332091304342,0.23751978525336154,-0.06760145413088264,-0.007939300319363221,0.1516362686795402,0.12149651385016669,0.04074892416784743,7.693624894713672e-05,0.038327737405857765
660,2.1847285234575713,4.279974733388921,0.008516997983290118,-2.0697134555895254,0.20039477248418494,-0.2529343186672204,-0.1902815087241818,0.03295204116722714,1.0,-0.0479196477298502,-0.04203168143726036,-0.023359798231507346,0.20213366564888674,-0.055551206698063474,0.0416358860377277,0.19817943684555134,0.11398361764652601,0.061290824599633864,0.052179334732463056,0.0773635286624835
661,1.016887782628799,1.3343325705366347,0.010182584269662922,-1.9921419870658625,-0.16371456150129662,0.15652301497621843,0.26624715041845864,-0.12813348481400164,1.0,0.042004411223029156,0.05636238457827902,0.1678764222220074,0.04894450514929962,0.04561898964395115,0.08752926666013337,0.18441088255738666,0.10670100034829072,0.08107556624086551,0.07392511453751903,0.05483216506081336
662,3.5244960262228444,4.643250134536428,0.032951598962834915,-1.4821235065969074,0.29915745014523276,0.10611799810284239,-0.16500086139332845,0.15017162588385305,1.0,0.27479623943709647,-0.011372937685148821,-0.18199254396725376,-0.10307490427986635,0.022071080543119688,0.12919375183045007,0.27450938665513885,0.22160900918928098,0.12785744782418879,0.05426853435914219,0.03494568427931761
663,0.34551529328436215,4.529034916165952,0.003961394410832613,-2.4021519155051307,-0.02540317639310351,-0.15091813907217758,0.27303574604075675,0.24102617599112108,1.0,-0.24773774006431157,-0.26467887422163866,0.2858633856600739,0.2418892651280439,0.04029875473964238,0.10484580730259041,0.142837772505144,0.04389710520296672,0.02614290348893152,0.06636507154841464,0.07077841891194347
664,2.8002084003494017,3.474221543139328,0.0015575482569864592,-2.8075584888625227,-0.013507107682594898,0.2412545237926038,-0.10146182817189915,-0.12400170958256923,1.0,-0.11988846930233313,0.1928700135842366,-0.14402159872984152,0.12209228886852738,0.0032530294614527945,0.049397650964196314,0.20056907230132692,0.12279198464725777,0.0984455985876723,0.04907310053154516,0.06135626886001496
665,3.6430298899157543,1.038939433457417,0.004105445116681072,-2.386639749326883,0.15790180235546486,0.20160322942529463,0.07599916476193137,-0.018757528438756832,1.0,0.1084437240199448,-0.26681307514453667,0.028920066103213515,0.17401236258313627,0.05877373721334143,0.10405977575368727,0.2594776751774837,0.15962168585254183,0.041204559040722864,0.04196215009357926,0.06828160112349024
666,1.7070192900596446,1.8228880806413439,0.0005942091616248919,-3.2260606564494494,-0.06519973344870973,-0.03896505945888695,-0.08494073574768797,-0.2390548755770893,1.0,-0.1410765230284027,0.06488531122926723,0.03125813382576754,-0.271343098955179,-0.03838517127022144,-0.01353889687203829,0.15427092217157312,0.0803379361568526,0.05256163067590222,0.021710359983861297,-0.02886001051624691
667,2.1574098432264006,1.331356654167117,0.004312518006338231,-2.365269078576755,-0.274610252503516,0.028403795921855244,0.08984699514529397,0.06796947412766882,1.0,0.036095084334888394,0.016458840657488195,-0.009730706896214358,0.22233248945663245,0.01183036607714989,0.09799739659419014,0.24719148733170748,0.14958603908292006,0.08408748120909115,0.06483022881052887,0.08788951937710728
668,0.6311051175432782,0.3488112791555129,0.004195476807836359,-2.3772186753013176,0.19870184041008443,-0.0821663133261126,0.07332186413192007,0.11405265471862822,1.0,-0.21936680730568775,-0.04450584283086836,0.2628173603178216,0.1518342074660722,0.02455013410062414,0.1007107511491305,0.1554279040675441,0.04640840135876239,0.04160213026648008,0.06774869219071333,0.0576812746271297
669,2.4581955256467354,3.8011083253586126,0.014161985018726592,-1.8488758693680312,0.03706467978256365,0.21058236310152992,0.22683228686881304,-0.24024544485252458,1.0,0.0448631246565816,0.17211616800818416,0.15559712381807203,0.16856305182423814,0.054671021687637544,0.08067952757529895,0.2014702094815579,0.14498413891519968,0.13126593039006434,0.12345233103883166,0.11311424970173958
670,3.2634850568536296,3.859606638652954,0.013252664938058196,-1.877696781989838,-0.11227023102684748,-0.04338690167162329,0.16740623093572346,-0.006936718540642861,1.0,0.27556245449681244,0.10635175235372334,0.11754996083585284,-0.13605947406329919,0.02412313472880231,0.0912382611635813,0.27339924000751853,0.2408898201874587,0.18208645622307193,0.1323371136157131,0.07137942663577537
671,0.8009369630258734,1.6888763570987146,0.006311221549985595,-2.199886574024659,-0.12334641716970265,-0.2615569046146901,-0.08229341623100102,-0.1867891000161236,1.0,-0.15648803192270255,0.04264824873732522,0.27967803161063054,0.10534782706996855,-0.04816884811026403,0.06413815681538507,0.09888187356509696,0.03830546558903344,0.0544180435469456,0.06457701885150273,0.0454809755030436
672,2.130620232563149,0.2860551360714759,0.05470325554595218,-1.2619868268005692,-0.10481806995639394,-0.24791370892999842,0.18737448207062726,0.27026120722435387,1.0,0.102172812488699,0.11808316652783918,-0.22741037149899546,-0.2595825392265979,0.026585758023797743,0.11669991245619947,0.18822970579502118,0.1160824969466653,0.05856346720381039,-0.013015227747846353,-0.03195490520532254
673,4.4005187212267085,4.639170264650373,0.10369850187265918,-0.9842275177974305,-0.2246418502490268,0.24013719358668573,0.22474377487035738,0.13536117987011947,1.0,0.12207051462895732,0.09930689808959518,0.20489557576592957,0.25752094858862107,0.07455803458108817,0.13863572407444688,0.27427185212803823,0.2194836448210767,0.1767948802418631,0.17742367945902274,0.17907799912974226
674,1.568861341749567,1.780770196310994,0.036940002881014115,-1.4325030750244054,0.2491204290623108,-0.055608636759254246,-0.29311818449250227,0.2210974615442732,1.0,0.18597154139096664,-0.231629522878236,-0.010383266933218104,0.12374224043071125,-0.021605318820921867,0.08983999989756247,0.18544281934237006,0.10504305302918715,0.029720390076659175,0.029997133270114607,0.03933917169254187
675,4.141465849323266,1.8043916118651993,0.0007742725439354652,-3.1111061407477503,0.0005949521588962892,-0.2844812950444247,0.1500667821806137,-0.13497299313195513,1.0,-0.26173150097887127,-0.12032444519404156,0.018960381378231504,0.2568344488700181,-0.014781481468645172,0.03878256886683274,0.18793075850606802,0.061634046614806835,0.008553572286180722,0.02534895636593082,0.07010715439333579
676,0.9454506287750054,4.906520225808334,0.011163929703255545,-1.952182906829083,-0.15451319150046686,-0.07937732484656844,-0.09957296084716877,-0.2165033664076561,1.0,0.023004825420631536,-0.10669286649728697,-0.13764962052223437,-0.17684274901780483,-0.05488319374582336,-0.003685608116535735,0.15143266213399986,0.08766659648351251,0.027340035460691196,-0.014181647293022197,-0.02874784857180498
677,4.976612719904979,3.7331927334950876,0.0007112503601267646,-3.1479775007008763,0.038595448296421295,-0.29957489658776354,-0.04903940592530832,-0.07919313357613834,1.0,-0.009754916827058457,-0.2509155516086748,0.03978151993706149,-0.09256438198518394,-0.07909158595358382,0.021178796304618108,0.25979466020703856,0.15316679268792313,0.029719285746131047,0.015372162002301303,-0.0015138075331616878
678,3.403104360544988,4.047884347841469,0.0027369634111207145,-2.5627310083825643,-0.2605141988783105,0.1945847566840424,-0.25608509197481305,0.03148174593819122,1.0,-0.16549660647543454,0.04784850833485239,-0.027735907834285988,-0.01731577589721237,-0.05206929335312852,0.07026928373220014,0.20826715298821047,0.10193354375292527,0.06634525931236511,0.0393327327416904,0.031140794137259068
679,4.791110719668147,2.5821047455276407,0.0336988619994238,-1.4723847648768962,0.0217875590637548,0.273501888692324,0.02618569736955165,0.18192545854225786,1.0,0.2428104595360944,0.05803334312786827,0.06996819209303888,0.007742987733452322,0.08105519447451792,0.17968887912474374,0.37244553483926907,0.30749970139463495,0.20886404800455088,0.15198840309274605,0.11192129021399888
680,3.546439086776413,2.17802981768103,0.002214779602420052,-2.654669484887939,-0.2929221755817873,-0.051499198147024805,0.2323520785175057,-0.14561387746100163,1.0,-0.08426549100042466,-0.19853184771434923,0.13154211276449992,0.14581498405329732,0.01198704334220798,0.06871803623669953,0.18842513185844748,0.0779380920346122,0.02379808232392034,0.049008020720281015,0.06021002370146701
681,4.789691234356652,1.970077283181003,0.003853356381446269,-2.414160822978146,0.03954961912805952,-0.12068573774313318,-0.2698014256744002,-0.09303174622581135,1.0,-0.10005054144452281,-0.20165767804023796,-0.2740902557668349,0.1463429722921281,-0.08608777163649031,0.02748433582546909,0.1926640214925062,0.07507593185351985,-0.025528983367413653,-0.05247884418621906,0.0024996282558875874
682,1.420950073298459,3.2181382720765592,0.0011884183232497838,-2.925030660785468,-0.14779747209174332,0.11761906472558745,-0.145946966337598,0.06268997926108097,1.0,0.020227688648870545,0.2593325013339493,-0.266704492681781,0.06394162738667943,-0.01899464234685506,0.06132729736215578,0.18902827016814208,0.13197641889197798,0.10036645171535644,0.0278536585505941,0.035513601294111616
683,1.1450415503720588,2.2827605137578844,0.0005491933160472486,-3.260274756980551,-0.2794481763318472,0.0067144792686275375,0.14392275903203144,-0.10439212733033061,1.0,0.005879783997735677,-0.2421486979864013,-0.00811677462551238,0.01810914842007443,0.005755570867597093,0.05632767558694732,0.19785052074976953,0.09540826866995894,0.012575971559224623,0.009526558947827085,0.01737010661091118
684,3.2369954537660925,1.2401162474629297,0.0013414721982137712,-2.872418323579044,0.022889368629754058,0.25200282062130214,0.012083151521387324,-0.2497017753370204,1.0,0.008219634560081901,-0.17762392999274565,0.06983349525293325,0.2443747379292214,0.021877254874980875,0.038019451687391285,0.20438595938911747,0.11511580773905947,0.03614006644991902,0.05080261134985355,0.08304193208978368
685,4.686962445779006,3.0797191372023542,0.00756266205704408,-2.121325305929436,0.19920132074197663,0.12468871922396349,-0.06321276869582314,0.24077766878080104,1.0,-0.09184185276131585,-0.23770107805431062,0.2960299884903853,-0.16029842346612222,0.038719660369590736,0.11690120540116998,0.2656044612169817,0.1651457391840404,0.06680940535581559,0.08889587813734476,0.046982198976648855
686,2.8508785759165893,1.07359130299611,0.06948645923365024,-1.15809981775594,-0.16686522852880872,-0.21897172710954896,0.12777443349726708,0.036802573006873375,1.0,0.0241414650316492,0.2644936462031465,-0.24195528212850564,-0.2613130260180703,-0.002064292391936473,0.08327295655635983,0.18842773324764775,0.1246252986774886,0.08471368848513644,-0.007567562693207473,-0.03456316749541605
687,0.7058053192660887,0.1547282074007841,0.0013504753673292999,-2.869513332935637,0.20769571012024354,0.09492982265525185,0.2401686289252723,0.2134949575373118,1.0,-0.2934679305570299,0.015149979681958014,-0.16140781573571322,-0.005798472248429776,0.0674710331838242,0.11802855499097256,0.17363219920652767,0.053915034227762094,0.02303877468971592,-0.005205784485431,0.0032837231958719915
688,2.4434784656531434,0.6959295176851793,0.0017376116392970326,-2.7600472829835443,-0.17431886737269586,-0.047595653581587405,0.09858066758365736,0.28745945248903515,1.0,-0.1121811933911914,-0.16438711213611978,-0.19002767785616823,-0.03877929816728252,0.03253594554410426,0.14522866245530786,0.21591324177347765,0.0822520852222262,0.0030775894291229064,-0.026009783141781262,-0.01169808332932929
689,4.25349535565191,3.7076313155106497,0.0006122154998559493,-3.2130956792850816,0.04541329651917723,-0.05079653358411566,-0.09661912552092519,0.16043699854835228,1.0,-0.10504632582840669,-0.08523717010373501,-0.2714778849963215,0.07259584570620782,0.009680203177209374,0.1994461189557323,0.26324683245570485,0.11878132028544525,0.01758846482740015,-0.009022121789025356,0.022318892502038275
690,4.032531649590931,0.9515741813126595,0.004195476807836359,-2.3772186753013176,-0.023508015938248215,-0.2962581294267517,0.23499126490095745,0.2861048490916025,1.0,-0.29444329559631216,-0.1721451308550998,-0.03862360669958407,0.002457465176552187,0.04055639996640348,0.15508005945016867,0.22151546267489114,0.05970452167741495,0.0005518000595756444,-0.0024103540069088845,0.007345016681798071
691,0.3642992739210078,2.3060135782372075,0.0032771535580524347,-2.484503208342262,0.2652758726211193,-0.03498083537013058,-0.16609998143016635,-0.16192196217144986,1.0,-0.1973249193950839,0.09723427645521156,0.10999520349742915,-0.09979604440683358,-0.02488772665923319,0.02397854495271386,0.13607796465658367,0.05425975652509084,0.05101457918043393,0.03977136196174941,0.015342425642050433
692,3.9342275761439764,2.935063101666136,0.005978104292711034,-2.2234365126233007,0.05137464745794842,-0.18653730032584848,0.2494739626491032,0.19424738393303959,1.0,-0.09490015495535105,0.07764928909603815,0.20362184477844222,-0.038073641101469935,0.060063099907357885,0.16901570410677877,0.27525020569026,0.15614495942057954,0.1301877430152479,0.11971591714315727,0.0790556468171155
693,2.6148303780427398,2.691822936413883,0.014864232209737828,-1.8278575187285244,0.25672755657443536,-0.24261692132624432,0.2872278290119284,-0.27290906101485746,1.0,0.1786068126160172,0.12068797542492071,0.1950283358854694,-0.22756904084881874,0.023660826112714035,0.03241996521118658,0.15661867741472668,0.12624196013389735,0.10188892271528657,0.07595024393794747,0.024619504516818245
694,0.13571172456491262,2.7052741049958646,0.03123199366176894,-1.5054002921492582,0.004887534305877383,0.2884517776116073,0.18973543440521404,-0.1789789741366141,1.0,-0.28931478878189537,0.2301678313424736,-0.028117060465168986,0.261385710176342,0.04136590099582209,0.05303275069588641,0.12963872912409038,0.0529849644400245,0.05907559315181377,0.04747935214400607,0.06445565486629941
695,3.964088130799273,0.20522718982233043,0.007643690579083837,-2.1166969017473654,-0.197278617833833,-0.23879012165984906,0.11576424219468284,-0.022389587692978174,1.0,0.21608492203621923,0.1270568338767137,-0.11828646251593708,0.16603498876418665,-0.01935649332687301,0.057643885808613,0.22740648043302503,0.18160660574462886,0.11184924744194887,0.049548536395166515,0.060582757042148085
696,0.1035059045776004,4.126081602565356,0.0027099539037741286,-2.5670380963974746,0.07219296227624002,0.10194728790218936,-0.2638729167420496,-0.1120187977774141,1.0,0.1451712305565597,-0.2875694527052994,0.24823864607665025,-0.22235195912598996,-0.031150117941991223,0.037811960075691625,0.13540600718669854,0.07093409743184201,0.02906931035504942,0.03520546307654951,0.0038668257295979423
697,3.0855349092058852,0.015737093932110088,0.007868769806972055,-2.104093159356915,0.08706791621308752,-0.14410847097895277,0.14812537214290086,-0.2945853659660912,1.0,0.06973163474316514,-0.27750814198766527,-0.2912462135052335,-0.24035902741827567,-0.0033343597333311513,0.03327566175066267,0.15478673027948014,0.07004454935101279,-0.02279498645709517,-0.06917347978811517,-0.06310049593020547
698,4.454987045625412,2.8673555899635126,0.01329768078363584,-1.8762240966793684,0.10260935588272103,0.2466103262095216,-0.1875823231873967,-0.276529934874367,1.0,0.20360494347426603,0.26891124061835114,0.2620206761745136,-0.12541636305468637,-0.012419362306382218,0.005830192331273821,0.17780201161706474,0.17118144627103693,0.1631535433170398,0.1380749376330707,0.07394021577084668
699,4.730340351515397,4.368144875616697,0.04541198501872659,-1.342829514090274,-0.2433383826142595,0.1448227042525957,-0.07377208656697277,0.22634441019739598,1.0,0.2679609324783478,0.19774850647436784,0.0009795170704228306,0.1873825844626738,0.004935109200879608,0.1368457982582633,0.29445353860332224,0.25756943032213353,0.20112113876062201,0.1547691394558549,0.1490219176647512
700,3.429996775138859,2.9661792687759894,0.002646931719965428,-2.5772572615791605,-0.06592294543302152,0.024929527701850328,-0.23357959904173728,0.2233414276710113,1.0,-0.2579670487672791,0.21346366148155074,-0.03384347120880866,-0.2502161539081334,-0.034563144636473274,0.07985393179777317,0.20238171203409241,0.09889232839503477,0.08804088302090958,0.03693618000015721,-0.012404943199012192
701,0.8399326605864781,1.0986165665706884,0.0015215355805243446,-2.8177178873776443,0.15687791643185509,0.005707037095964118,0.17339834964778805,-0.2966154448909496,1.0,-0.16867301540873583,0.01740973439841842,0.23208553750481165,-0.029708185027879162,0.016189599692861944,0.048754509935544955,0.1427948285579623,0.052460110025154376,0.05135087974491253,0.05679046527765505,0.032245253848326605
702,4.910969713910212,1.490250768120759,0.019554883318928264,-1.7087447710745085,-0.22949601359370936,0.15090606793948624,0.14029881810831327,0.16485518890524337,1.0,0.1061698632582607,0.1285433469432025,-0.27887991047971444,0.2333246815003166,0.047873148519766116,0.12732638408830455,0.26610135816360175,0.19537242878695457,0.11619617767965248,0.03554437263725657,0.06900463343495516
703,4.122782443523604,2.675183530689554,0.0007472630365888792,-3.126526499615244,0.06869971339997298,0.055131319867707584,0.24863702413100283,-0.29013716586091015,1.0,0.06355016963617884,0.0493122262363904,-0.11343080831704519,-0.07612155948270621,0.06436142698552974,0.041682117335877775,0.2378609487255132,0.19398309455586343,0.12149347312854684,0.047458293518262376,0.019870466581310576
704,3.0312249735443517,1.3617707797713314,0.003565254969749352,-2.4479094060658055,-0.1795980527442959,-0.07475921892319005,0.10917441102733802,0.1823303925138579,1.0,-0.13408858715573554,-0.2945887035605252,0.20898542433482448,0.24260226253767073,0.01339488041916322,0.09535630035221242,0.1964925317253663,0.07813627260110237,0.009361708765058983,0.05187299339965871,0.07494912875027408
705,2.2385399451229344,1.88148340715485,0.0009723422644770959,-3.0121808365043683,-0.06029389873549666,0.22883363358299266,-0.28751074280465483,0.13007118873728993,1.0,-0.17433751920692434,0.253685152551969,-0.2666570192160306,0.11755789169956293,-0.020262871305672427,0.0594831293562735,0.16019930186538928,0.08533301980478872,0.06603409846781608,0.012217680301994724,0.028042532160091636
706,4.8214324614566575,2.940730496503521,0.024065471045808126,-1.6186056332347807,-0.2649511610178352,0.18719629915066524,0.10701799700895305,-0.2823185486882094,1.0,-0.176213030541389,0.2859569370432901,-0.04071590557826329,-0.06118421511351052,-0.004221066794071614,0.09247776107943771,0.1684647826701276,0.11058692811362247,0.09836622054498326,0.047506578124963124,0.02950226012205942
707,0.8272110529841159,0.5351102777312717,0.005888072601555747,-2.2300268436670505,-0.042199602516630595,0.037434886109052566,0.015808925248430184,0.29024105113998067,1.0,0.19056100280429825,0.05956145617966115,0.02543167753914739,-0.1385980397070841,0.03433621743273761,0.15115307610430034,0.2404508262277638,0.15332614216505797,0.09090246527149949,0.043551031017615045,0.011200967398661856
708,4.494547201530591,2.6516796925402137,0.0031871218668971476,-2.49660132996553,0.15995728611347085,-0.04675166805579234,0.16836152472507251,-0.2784624512823914,1.0,0.09011022528678143,0.024072975056264757,-0.05482370573763051,0.22941853038883675,0.025594369384898348,0.06454487272245388,0.24750667587691072,0.17220826790395302,0.10351578280166973,0.07799633770691711,0.10460398792109737
709,1.1344126795511236,1.7149743865990414,0.000891313742437338,-3.049969397393768,-0.19154395334411323,0.2551278657758809,-0.20005108510869574,-0.29993071026831136,1.0,-0.17150284515769992,0.17002095321211716,-0.19304366414968047,-0.1546006307622384,-0.03052056314823194,-0.002981681269559465,0.10413044730534693,0.046980115208415184,0.03419599698194475,-0.010257263554708506,-0.019370551466346902
710,2.244156299942314,0.4021316634989111,0.004078435609334486,-2.3895063899784863,-0.049901838591171206,-0.025876834880314403,-0.12167157069809004,-0.07651869053108513,1.0,0.05181884412098692,0.14188656915300352,0.128207574628646,0.20922954313242942,-0.037693522000421135,0.06600491233285284,0.21136364559585918,0.13246849562298194,0.1053790513805397,0.09906788526450219,0.09443255113673069
711,1.621925281288634,0.0383703623820949,0.0005221838087006626,-3.282176598428381,0.0807126240501694,-0.11567531773421658,0.29889626599002844,-0.18555940462598086,1.0,0.2634580400257061,-0.20756891401486444,-0.0964148131630793,-0.0719070075936692,0.03336914949737408,0.050461731528633084,0.17575823234994678,0.11825966576783736,0.029243810050330245,-0.002442143155438453,-0.005276161404291165
712,2.257871852434564,1.20923850912168,0.033581820800921924,-1.4738957601826304,-0.12821974668899297,-0.032402034479820374,-0.24178665836052676,0.0015394675363384013,1.0,-0.035487250965103835,-0.26339932719426984,0.012804861697633063,-0.2527376532559377,-0.06189373752681496,0.03458039841707607,0.18733983267508197,0.08270169604742364,-0.003185962687686636,-0.01822580669610931,-0.047503991844461094
713,4.930721559490619,3.7246094390756896,0.007904782483434169,-2.1021100760852156,0.2680648379146838,-0.292699676150137,-0.11793914026643172,-0.2410267051106075,1.0,0.21890717701879153,0.13029696770824054,0.2537592091829819,-0.12636981944373027,-0.05834187503407466,-0.0150542852426443,0.17811588026334532,0.17095407326043524,0.14493980291857933,0.12816242466446298,0.06921404115889622
714,4.315679252836649,1.7334977719337292,0.008066839527513685,-2.093296582329193,-0.13662660577867197,0.09158613578337223,0.119470359484671,0.0992715356463985,1.0,0.08014440131717415,0.26108280830966096,-0.138701788376608,0.23977085914430094,0.04335947348744993,0.13870415112917656,0.2697529765911072,0.1967218361029213,0.14740895634079912,0.08745840557573584,0.10465095807175864
715,0.842017291981348,1.4970863509090124,0.0032591472198213772,-2.4868960214581524,0.13903245564797823,0.0651795889533301,0.25170022202948833,0.13242643432520523,1.0,-0.025742615361528675,-0.09232328211519465,0.18334325747938987,0.1536136425415847,0.0683337588209794,0.11888832555934456,0.20809468891278987,0.10634802879876581,0.06053961831149433,0.07503746745780951,0.07322117833038914
716,3.4161636201266132,0.9799454880555487,0.0005491933160472486,-3.260274756980551,0.10212409445147548,0.15256521148113408,-0.02927121680787573,0.11646058717965432,1.0,-0.2024795143440148,-0.13092522474755955,0.14438462020633686,-0.08135903975635243,0.0350822101447443,0.13861716778072625,0.23830774114831707,0.0842371710261707,0.03666116313308146,0.043647235239826984,0.019168019082088622
717,0.29519416710421176,1.471687267092297,0.0043305243445692886,-2.3634595156174862,-0.25365112517013993,-0.022963600937737628,-0.13732063360073346,-0.1339948454370621,1.0,-0.05200751902029172,0.17369828072978605,0.2213653542379131,0.03360808180394476,-0.04429318420058983,0.037648313611607996,0.1382871421665006,0.07371072102584371,0.0772263589800564,0.07138470403953551,0.046524842503163265
718,1.5045926068855318,3.663352899826386,0.0028450014405070586,-2.5459175093729143,-0.0717776558819772,0.231169075111893,0.28809301799111636,-0.1831070483017974,1.0,-0.0030201881543193585,-0.14502083852773331,-0.15487817669834444,-0.19839747900336335,0.06173406949838984,0.07059816363760167,0.1841518679973237,0.10626036760381366,0.03846391563863999,-0.004136251417697745,-0.01897301584419487
719,2.400738007654288,0.02826861613675524,0.004312518006338231,-2.365269078576755,-0.07065798927997356,0.22491874106481138,0.08383384125560815,-0.2566478123541502,1.0,0.2937612075430302,-0.16978679528080207,0.2870607988473064,-0.2972651740436724,0.01700099322618371,0.028314374149441105,0.15515214284175652,0.11668086694720631,0.05489549490632985,0.04886322508620283,-0.005502375947155866
720,2.772065872611771,4.6784416001875915,0.015170339959665803,-1.8190046867839604,0.08388770973085721,-0.04720317245863948,-0.11190169184544674,-0.1304946614623912,1.0,0.27071804825028806,0.22547930141282282,0.005236869353432372,0.28228784188977113,-0.030525077148457744,0.02595126562919267,0.2078283526721369,0.20036661413587226,0.16839886282742775,0.1328027639481886,0.1455659877087496
721,2.7318120911258,3.6770108759087816,0.03568856237395563,-1.4474709461780804,-0.2512542785189051,0.24696387755312169,-0.07309762280713362,0.1528195692972061,1.0,-0.20814457971129158,0.01587952106833439,0.14859273396107062,-0.012814677213986702,0.007368103978956004,0.07935380237606304,0.2190995683068866,0.1183155844955606,0.07709776677109452,0.07934983641414124,0.060247404633186806
722,0.11452035069066739,2.855028344861475,0.018996686833765486,-1.7213221366936253,-0.28116415574263676,0.2171405577409704,-0.0382571346572711,0.2624593121065903,1.0,-0.12409778575842578,-0.10143152347768462,-0.17790806689209307,0.10460421292726618,0.01879853046906405,0.10673165145574019,0.1564555668441865,0.0626476062785142,0.01624265098956561,0.004576740884915078,0.023311230898534346
723,2.6837948502543014,1.7103837616343665,0.014612143474503025,-1.835286072165086,-0.11469089889018518,-0.14586661922580765,-0.28955903094704977,-0.21011215587144103,1.0,0.08711824533140052,0.01926541641748607,-0.07960937287432293,0.030412208705987154,-0.10122590901936723,0.059597585218301656,0.16560981694719437,0.09384541232958821,0.03844920947955075,0.016585199229798387,0.01865557016433178
724,3.6930331103196097,4.245997621889125,0.01563850475367329,-1.8058047735442193,-0.1753707125331475,-0.09398696750156374,0.12878892382284654,-0.1778460193464069,1.0,-0.10483963219702916,-0.24749615917166468,-0.14696372906375738,-0.21665908640089965,-0.012915031728131018,0.027852918118831987,0.1839569078916513,0.08864742913999946,-0.0016384459713365144,-0.0425196279508452,-0.05771581035351017
725,1.5382206581766387,2.0023726150548598,0.007193532123307404,-2.1430578126773265,0.15343955661065764,0.021445818424026153,-0.019156023342834727,0.07571673816332895,1.0,0.2674386882044839,0.09508534202797256,-0.009134490860927557,0.11432758753138632,0.019634808378067106,0.12315856885434731,0.2613137319725014,0.195825914483265,0.12652687776314386,0.08747569331793223,0.08082960916851148
726,1.8952177172902944,0.4316055109068513,0.017934312878133102,-1.746315257903638,-0.22136519768464533,-0.2456480001664131,-0.12796400526347085,0.2462932783604453,1.0,0.06703127111458985,-0.11551637671497791,0.12890388631210872,0.1738113271143292,-0.031341263642689306,0.08983807077221441,0.17734903764927262,0.08908832621086048,0.03999618957859225,0.052094249691139766,0.05420990824743619
727,4.2684696034565945,2.2806505625959974,0.00837294727744166,-2.077121643437383,0.131741992865135,0.24482449169687984,0.1505936868358628,-0.044171828351325736,1.0,0.08348704131023174,-0.20542705291292385,0.04338227494493485,-0.29059702638383184,0.08262450161358208,0.11423491481474336,0.26719646972449834,0.1754953087262955,0.06926653844585509,0.03169663916669387,-0.02284432509859006
728,3.4085643213252013,2.897031923434776,0.06413857677902622,-1.192880681200112,-0.29631559752832354,-0.2448257612393971,-0.20554747505428203,0.21056018185582218,1.0,-0.19107974402095285,0.15872593720549408,-0.1661392236808791,-0.2088350155682028,-0.06361293931707465,0.061954600924417964,0.15420243560731678,0.07232580810455873,0.047559766033485974,-0.008119609513343087,-0.027884563794710143
729,4.202730376245094,0.698392300805776,0.030187626044367616,-1.520171038562498,-0.1327105151812676,0.2723198726170088,0.22535132070555375,0.03265666458014422,1.0,-0.251293853750583,-0.15989516839913284,-0.06020611637497609,-0.08642377004670206,0.08264421148678465,0.1238081100550362,0.23614917028432858,0.08687774812822659,0.009206041431877187,-0.010810084605998948,-0.013149871764650772
730,3.197183970640895,1.2165135749742793,0.0017916306539902047,-2.7467515155816113,-0.16633689329388157,0.0103020922564377,0.056736286700858174,-0.22844313816837458,1.0,0.28214060355515636,0.007064265780234602,-0.1470217774278971,0.18546387896192182,-0.012746847901514398,0.022811778030519078,0.20865474893917987,0.1762241819629743,0.08922080202348495,0.035497832874508195,0.059040341843955915
731,2.433853540440309,4.624182450719139,0.0016115672716796312,-2.792751561011425,0.2626839531463177,-0.21578401223762603,0.1435792478622317,-0.10638540273311473,1.0,0.03050658380633768,-0.19085175358130949,-0.11936081025315218,-0.21599124979495712,0.016873793254192956,0.05850126851651991,0.19739253579271004,0.1229153909783755,0.04327285283595222,-4.456122596959535e-05,-0.022701700494053817
732,2.5768080181400634,2.071434116888189,0.053577859406511094,-1.2710146417265236,0.29818575537666653,0.059988944537817,0.13758213540130634,0.2781209273945097,1.0,0.05408078743697953,-0.2692047808256612,0.20940958607244534,-0.018728627370976723,0.07463997338762136,0.1616889876444952,0.23800479657795273,0.123190231872641,0.053921536949870556,0.0679293699219627,0.048067111216687275
733,0.002169642577046654,1.2452452083428693,0.023309204840103716,-1.632472541556446,0.14273653703190484,0.23373430836893977,0.14539164800687474,-0.1252973906893483,1.0,0.02538328584035181,0.1998294805746108,0.2947072857744853,-0.10034647556708438,0.03626136321826772,0.07454646495324306,0.15060483222289933,0.09290975654894514,0.09365719786954708,0.07743378767149343,0.0366963489783489
734,3.1618392093691727,3.8046747922726674,0.0093903053874964,-2.027320283564787,-0.03136404506048155,0.010714484108111577,-0.07286337806754502,-0.16801633212821832,1.0,0.06320577692480109,0.16423895147963935,0.164298055699187,0.26535697972338634,-0.030511941265022775,0.02398015305480107,0.2158488356506887,0.16717078804465557,0.14725242023286703,0.14802979633593516,0.1562586819816187
735,2.8293096753308684,3.550860244700841,0.002394842984730625,-2.620722955360251,-0.04081105624158506,-0.11734729396947363,0.05491411604579255,0.29892737905999894,1.0,-0.12434668803758336,0.21468470284820826,-0.235112526043795,0.0941576221572282,0.022943396268437874,0.1467066590049553,0.23354926976469806,0.13756522232087345,0.09958107115481368,0.039633947095525424,0.051723688044619735
736,2.4677154222762683,3.2201863778307405,0.002826995102276001,-2.548674943918103,0.07455628069062444,0.2457689722383123,-0.018569132953186972,-0.2111470117774112,1.0,0.05514473768572179,-0.2583274410706581,0.21384916781983646,0.041764940792519974,0.021044453745426166,0.04466600901373585,0.19785683410925453,0.1190321903825853,0.04444970335361665,0.06881495029030957,0.06053923279774268
737,2.4964354936089213,0.1966236983877567,0.041882742725439355,-1.3779648859349072,-0.2667894647368111,-0.14515210241340407,0.13393912933949334,0.1032531624454955,1.0,0.202035490547286,0.1727562320340663,0.22887623413467806,-0.11278716574476279,0.0030330909455585876,0.07661395113292707,0.19725705414271594,0.14889589858164515,0.11647097807598682,0.08933795331327066,0.03738419829099193
738,0.8574138496580541,4.166939414129302,0.006392250072025353,-2.1943462432722427,0.01909310907456949,0.05928631967655733,0.12031650095163168,-0.03541881137622096,1.0,0.12926428161378534,0.041163104545355454,0.27403517715259795,-0.17403856102738827,0.03301815087416805,0.08469570122560678,0.2253349192995066,0.1627209732169004,0.1294829643077624,0.12005022919614958,0.05925320354183023
739,1.6750003478794804,1.5955766488726961,0.00438454335926246,-2.3580756307766837,0.11662175677868693,0.2051957360911276,-0.26256482716150115,0.2679785043189143,1.0,-0.1793566301068911,0.06663052925106909,0.018483025790206952,0.26420417588222894,-0.0032242101188114007,0.07382024269997549,0.1786775353282206,0.0906401422896946,0.05786646331132004,0.05082158903050466,0.07274477571323541
740,2.988527104388977,1.8869713221656157,0.020428190723134544,-1.689770096106382,-0.08596120562427227,-0.18037643142980683,-0.2523963916358655,-0.039454609304648815,1.0,-0.2182626248759372,0.1556958964067179,-0.10078782002558144,-0.2209726818742055,-0.07687237354285116,0.03357335783679687,0.1508800631180505,0.061739295150572256,0.045793610861942696,-0.007546346127419046,-0.03299376941743662
741,3.073846297320731,0.3322586909517358,0.042206856813598384,-1.3746169889812838,-0.2792294961536404,-0.20662117935602756,-0.23702854739202142,0.04212150168832205,1.0,0.03370254187640098,0.2595493295476278,-0.2772618273536753,-0.16076329043904192,-0.05392772515615693,0.08904057838193469,0.15059901080474927,0.10237092559924367,0.043690017505475374,-0.023366004525864497,-0.023560152895399818
742,0.4860015550806946,4.477677648910322,0.0258480985306828,-1.587571399494812,0.29846831363354676,-0.03275934133610193,0.22821517478820438,0.09495107825866209,1.0,0.10297537464067663,0.12264398222939418,-0.02159779553834986,0.020051543420468887,0.07079891893343723,0.12581402799122354,0.24068478073354968,0.17352732348838132,0.13298089626170273,0.0916782207143501,0.07701719120584008
743,3.2894406430160754,1.2927091331940481,0.01220829732065687,-1.9133449024602733,0.23345024777313694,0.08020563323950103,-0.08571464789903727,0.07645973831198838,1.0,0.2657971010838719,0.2461697553646919,-0.20912685567790149,0.11479267423142618,0.015274726921590926,0.10453562906884671,0.23467246364535416,0.19227743084837198,0.1278495703614687,0.05341172227745931,0.056353285484662195
744,3.866318283333911,4.6712771265294055,0.05444216364160184,-1.2640646233853763,0.20853598320029756,0.26675431714544073,-0.029014183289524185,0.09085377842126878,1.0,-0.2544145102278597,0.21520383364264362,0.08920732255884745,0.2779891727145736,0.060233602859310155,0.13876955803934835,0.23292847184659649,0.1325444656387922,0.1334167151227203,0.13518120239212278,0.14643455547125567
745,3.1897162296967285,4.720867188331114,0.012244309997118986,-1.9120656836211005,-0.006671978439823967,-0.29199424998357226,0.173874483133601,0.09611904629102648,1.0,-0.16438674576180523,0.23863845461714434,-0.07581934917286295,0.24845789966928133,0.0021983817435719216,0.0841622146625287,0.21240644479490206,0.1290519081289348,0.11785278493778219,0.08605974587592902,0.10809212476425735
746,0.07554673870680037,4.39850479985222,0.008760083549409391,-2.0574917517229663,-0.21224463321607634,0.2779282707173256,-0.2535115250807307,-0.06147186472096423,1.0,0.0750141647551273,-0.26580104457710535,0.29963616252238756,-0.025254058252112677,-0.02648922310498517,0.02755060617589726,0.13295414534346653,0.07348133433603665,0.02958584183920832,0.05579156842209844,0.03730010450564157
747,2.6664386099062654,4.172729157125365,0.0005221838087006626,-3.282176598428381,0.07104679990101104,-0.11874419128659564,0.055393957538458306,-0.17263825706288793,1.0,-0.060716191981596196,-0.19395641406193237,0.08535595725935141,-0.22808237520079871,-0.011249480153546638,0.05843340251013379,0.20056607440141389,0.09269706750668663,0.03347224243079287,0.018876766405154028,-0.01636830466008612
748,3.664598177642056,4.28494586781242,0.03693099971189859,-1.4326089359589704,0.18884913175905624,0.2781250840768733,-0.07876503811434536,6.935481202074989e-05,1.0,0.2885119226071021,-0.18923712404701332,0.11842070351610451,-0.011105864991492876,0.04645218367111374,0.10176823085743385,0.27804015001212473,0.2324307479209513,0.12620373659122974,0.10910708479958262,0.08564124285269115
749,1.5883456016468454,1.644939873810817,0.006194180351483722,-2.2080161537558065,0.14791588120743254,0.2589000068938747,-0.06412866907908585,0.23966756155087449,1.0,-0.10556968363809982,-0.2519231328549798,-0.1926996733546206,-0.22875068337354265,0.037318127446267196,0.11819466983625591,0.17470367075823434,0.06537799029772562,-0.0038032977884483064,-0.03286586913171061,-0.035762724482378924
750,3.7509462039494252,0.5085408983129129,0.00465463843272832,-2.3321140488973753,-0.05115046227362997,-0.17451971862997648,-0.1632564676115689,-0.2368331371720438,1.0,-0.14085975903875547,-0.06322066961158775,0.09691066388676207,-0.06775448266440127,-0.08455789013059418,-0.018828134823680624,0.17377116303108306,0.07398802750876982,0.02795853597666215,0.025866157237285612,0.0065051382038815355
751,4.3865933383553575,1.8924507641160035,0.00634723422644771,-2.1974154749999193,0.15431904399207816,-0.06016355359279792,0.26758219113592235,0.2682905110816235,1.0,0.10388509895996113,-0.27135374410868013,-0.13226111628162077,-0.27560173104082697,0.07697065600926606,0.15660161107648268,0.26951313402810584,0.1687996706113317,0.04583741554182141,-0.01054567038162557,-0.04163275755471022
752,1.9515426525364654,1.254569089046039,0.0014044943820224719,-2.8524799936368566,-0.038417748493949334,-0.15280553947849254,-0.2167386315975596,0.17904993866414745,1.0,-0.08615679849192678,-0.1158690634076338,-0.07433415400187289,0.12906861364771446,-0.042814722871341665,0.0920412320855058,0.1917811503776987,0.07611574111461285,0.016435894785729228,0.012319937891601847,0.032788222184181086
753,4.282176835135261,2.6618298030439758,0.001728608470181504,-2.7623033632877685,0.16226672748448093,-0.09002613879361415,0.14328261622473018,0.12988633727000365,1.0,0.02689990948886205,-0.23398845997276232,-0.085052251384683,0.17945320660294944,0.05413507816202671,0.16024893563087284,0.29319901750105154,0.15842770078930868,0.04318375870464587,0.034816481260433345,0.07030467857131839
754,2.6772190753147678,0.8374820722373693,0.006599322961682513,-2.18050061735019,-0.11398396393336319,0.010084934430919823,0.03670547816146547,0.2895071619662512,1.0,0.14473476367310076,-0.2634916037847686,0.18374041546321437,0.19108360884020067,0.02140109138313191,0.12100173430165294,0.23399270026388347,0.1400352713831158,0.04634996143333122,0.06763014905979911,0.07652428905124518
755,4.432864398187016,0.8277665604602906,0.0009903486027081532,-3.004211906833093,0.09573473698753047,0.1887986158713301,0.16041050107046018,-0.015966348425762188,1.0,-0.18710492298034734,0.1524241403805644,-0.13418974172731563,0.017003532267184006,0.0819109789339458,0.12520780752710076,0.27283917684319375,0.14177119249280246,0.09733300376545932,0.032807063075929746,0.03003688299323833
756,4.410234546585629,3.1375583240829847,0.014017934312878132,-1.8533159794231977,0.29162578902995107,-0.14528794626240202,-0.1863360937702789,0.14206800072840045,1.0,0.23931127054045764,-0.20276516000004355,0.23968900951745892,-0.14179016414089088,-0.024090011112467394,0.07075450218221561,0.22991673881888822,0.17929321724478486,0.09125038230420845,0.08853685343118786,0.043767714012266354
757,3.8799546683738506,1.944082576264734,0.00108038029386344,-2.966423345943693,0.1024049608202106,0.20611502311289323,-0.10562269783878749,-0.18040778350379885,1.0,-0.06570261440919802,-0.015894355131657222,0.06692918205637,0.02939158423312551,0.011011416825679054,0.02345793762977416,0.23995748104449777,0.15973830684094087,0.08793994701082161,0.07013334663775979,0.06014545648257403
758,0.4109550346976962,0.20140154441858002,0.025424949582252953,-1.5947398996115518,-0.08287756139003727,-0.23965407968317273,-0.24514814532098153,-0.22913719483881026,1.0,-0.044866337909997174,-0.03551321753142148,-0.11404371592852001,-0.2870993073917879,-0.0647891810244965,0.052186238190631264,0.09668250710903,0.03301575204825169,-0.0016727144764697476,-0.03793973270176505,-0.03759191365783315
759,1.4464888806440204,2.198500002978601,0.0022057764333045233,-2.6564385076267856,-0.07631133826696583,-0.12147171846918925,0.10205364245754274,-0.10794335573651047,1.0,0.2329151404581113,0.11283361302519125,-0.13898978351163663,-0.18681111184054897,-0.003939535617394877,0.06483492265225912,0.1931632582176663,0.14431880647834333,0.08465488085550496,0.01596910126801994,-0.006671563478252117
760,4.70919340066414,1.6927585941501992,0.035130365888792855,-1.4543173269328187,-0.2822994459001838,0.22290464256579737,0.015146214295059801,0.2776278409643505,1.0,0.09873080346925878,0.24000430928624583,-0.2768335823407878,0.2351804446626124,0.0361925982250721,0.14398925647841027,0.24671257440097236,0.17885030942595256,0.11711060627284159,0.04840982457481179,0.07324992303202356
761,2.36568447869144,4.070388610026596,0.004618625756266205,-2.335487226879502,0.2964694942482448,-0.008022669921307323,0.010599623030859527,-0.1930245791548897,1.0,-0.012720972396103402,-0.12144267974627726,0.018811865912470527,0.1137945504381897,0.017350301793926902,0.054157729185563774,0.23470111809030872,0.1415139001079305,0.06850398847513169,0.061454005210352554,0.0749097756012649
762,1.7723776657611854,2.562904220695269,0.0011524056467876692,-2.93839462234345,-0.06909596567721212,0.21817743321994856,0.03536805303072636,0.0014585814813143916,1.0,-0.10302520081205199,0.1970834322670934,-0.2417843094964396,-0.0287705687431528,0.03153768398380616,0.11034924704671317,0.21258421964868465,0.12131226427663956,0.0816402208938107,0.012433604511925244,0.015465043479118588
763,0.316068445320967,1.7540676521547793,0.002052722558340536,-2.687669744990864,0.21284733774777292,0.19628941113348794,0.16083392064921057,-0.2191730923461233,1.0,0.0284651018699146,0.010499226416854034,-0.24674907645967542,-0.03508476963963731,0.04263428380188606,0.05359189532477558,0.1658089332241581,0.09559790937345099,0.0429175553258904,-0.006582798415601383,0.0013554019392737167
764,2.9192071724654065,0.4357493590028192,0.0016385767790262173,-2.785533204006243,0.05099072339487571,0.18002550617481658,0.23540185300174254,-0.2183114332203945,1.0,0.06249172883936657,-0.0033761649484106314,-0.1887191332519382,0.24828449988639845,0.05820604242128115,0.062486603454580535,0.2010282689236715,0.12793711406792904,0.05705404796673652,0.017066020559486205,0.05633077562546677
765,1.1746440301875294,0.996122413181329,0.0016655862863728032,-2.778432863588304,-0.04524593474869796,-0.1227667336252175,0.255741530679067,-0.10201218250421644,1.0,0.25013572325312,-0.08722852848159665,-0.16763801949614673,-0.24593292133903552,0.024135675957164673,0.05660328382626291,0.1764737606673938,0.1237044096897029,0.04625206483618281,-0.009848057276074997,-0.030956651296938736
766,1.1534187287596158,4.916220744569066,0.015917602996254682,-1.7981223313142636,-0.28812681252433303,0.05070255411096147,0.1846037790392825,0.05281943937258129,1.0,0.11275639490849751,0.027464738018069923,-0.26123148228003173,-0.10631035731840914,0.02647920146638096,0.10362716624066526,0.20976994517492067,0.14323175113704,0.07524124760882826,0.010826368733887414,0.007661070089512907
767,2.310221281986913,0.09006773724947159,0.0005221838087006626,-3.282176598428381,0.09870242117723456,-0.03575216176201965,-0.06298060460859904,-0.09402047128614101,1.0,-0.24314039788991318,-0.058358580565106975,-0.22117960996483005,0.02311090276721677,-0.018373461239889713,0.07125934591096247,0.18322075657454123,0.046741564871443896,-0.007661525389570251,-0.03760484318618302,-0.009299168010271334
768,1.354064884846644,4.511578442115333,0.002962042639008931,-2.5284086940413437,0.08490092412833716,-0.2987009400285543,0.09076449435125829,-0.1529552201704489,1.0,0.14309285853664913,-0.25225032121341406,0.11085081419273668,0.19329803399187492,-0.018467231064327596,0.02505992554799421,0.1605465398545823,0.10399645618971162,0.03747125386453684,0.05250606396437222,0.06818114682819611
769,3.792221537232857,3.2835558876335624,0.015620498415442236,-1.8063051128644254,0.037790484854156724,0.02657286317087133,-0.1708225062586258,-0.1284674373305604,1.0,-0.06307419698206193,-0.25427524187413275,-0.25569533143276185,-0.20244907557270517,-0.040484521438094154,0.021237479782928184,0.19776221516053727,0.10068498618572917,-0.009558528847674112,-0.06976125156825072,-0.0746743866718884
770,1.5515674240272643,1.568334672238364,0.020302146355517144,-1.6924580457773386,0.24895198658185824,0.1159415278119238,0.04063423623391491,-0.0367926893059577,1.0,-0.13422822748418187,-0.23295284240553876,0.29994571421517563,-0.2308389046049209,0.028485141489901097,0.08491394185491147,0.16176544133174214,0.05448877631167215,0.026027786611371194,0.04003572096725966,0.0004433189593231534
771,0.850577220732956,2.098905526334154,0.0011434024776721405,-2.941800871035361,0.11086955348295104,-0.22583380249529406,-0.0007277976295721244,-0.19237073135189217,1.0,-0.03728210661568758,0.05428641443247253,0.06283802435681969,0.05795073573482987,-0.03306003932970519,0.046675161060757565,0.1773016382003592,0.08960848659946079,0.06528086848328608,0.05338576186779544,0.04627138528105489
772,0.21099992639564263,1.6671199102307637,0.012928550849899164,-1.8884501520850365,-0.15335883610654336,-0.2714590453329892,0.29728296568978646,0.10428023318243926,1.0,-0.13165698454271518,0.16278204699377874,0.15056463735877293,0.025120215149896263,0.022953474256679793,0.07689960296163595,0.15317139821235612,0.07320394232579061,0.06932750087536366,0.059469639360390354,0.04200585413858786
773,0.9797703320327832,2.9288987350620816,0.024137496398732354,-1.6173077780084384,-0.08449648059805272,0.12046855142064025,-0.10390031685024616,0.07492772235584307,1.0,0.276053001004243,0.11658099781576096,0.10597845622031817,0.2908678934422088,-0.004990998948620967,0.06716843923914526,0.19413332560405244,0.1583347109187415,0.11574919638032394,0.10461067276430089,0.11152898650383858
774,4.279280424258902,4.807970382884628,0.05263252664938058,-1.2787457809699003,-0.2773523063339207,-0.158537352658048,-0.10284487251352449,0.28172674459528707,1.0,0.22146396639743668,-0.10097483457066327,0.18823756501183356,0.1777066151909629,-0.05395095050993444,0.07646667251370462,0.2378254930082165,0.19349053961863813,0.11828959141621394,0.12344097069307172,0.12472036014456052
775,3.929130332936015,1.2310864107529316,0.0035112359550561797,-2.4545399849648186,0.09094294554671885,0.20961983485104543,0.2004291545375579,-0.0773546198171975,1.0,0.10877265396975523,-0.005072700060627822,-0.11493613169814346,-0.24750839596776267,0.07851431469008552,0.12816379661579375,0.2667172931218788,0.17316952351162718,0.0858032422340268,0.007644266258008552,-0.029369727081543565
776,3.4400556303308916,1.6257714560174255,0.005086790550273696,-2.2935561441718795,-0.022005432784359857,-0.22828262032010138,-0.051676413068716544,0.1973156359819222,1.0,0.18940955171623655,-0.17100115916470252,-0.2057182671157064,0.11628675915507203,-0.03478386501590826,0.06578263358441869,0.23323272994884875,0.1802476886189709,0.06136155020788465,-0.0004317415723259282,0.023895748440644547
777,3.234496110180822,3.6182333019588104,0.025208873523480266,-1.5984465606490987,0.18538433551347533,0.01977221165737739,-0.10352645043207727,0.2823142133220324,1.0,0.14319478453763476,0.1171717181978133,0.10523985519303598,0.16563790807606926,0.04452011432896636,0.20333612478558724,0.2684073870763953,0.19222635714990824,0.15162160577419465,0.1399154760116008,0.12075364939465712
778,0.7086485010713333,3.146902400644622,0.0016565831172572745,-2.7807867689817813,-0.03712899730846357,-0.13478839682665664,-0.12135147442115118,0.24473310321530448,1.0,0.056586321102763376,-0.236989540319484,-0.2846079414103963,0.06904601573814288,-0.013179739794159038,0.09780340296701578,0.17949825761946178,0.08514806523781321,0.0006997914501088471,-0.02162330818036634,0.0060871096129358655
779,1.7090511222323133,1.321822158205268,0.0005581964851627773,-3.2532129024930643,0.011786136042999872,-0.14325017038823715,-0.1245530546604321,-0.032523728966885455,1.0,-0.29539045206570486,-0.13792059955700467,0.1385270337612329,-0.2873627992018048,-0.03736336586789868,0.03544682254134992,0.14821748446513608,0.031166354165394733,0.002405115925925597,0.004681077833654149,-0.03433219225154265
780,3.7376373015365716,4.8924234734761,0.0026559348890809564,-2.575782576013155,0.07374146398336387,-0.2135412514003209,0.10879375062751018,0.058954980291633596,1.0,-0.008466845947069169,0.04959417267864934,0.06756568997773427,-0.148301827574686,0.01146487500713513,0.13899126314714855,0.3117739407933525,0.20432998899545207,0.15330456654211375,0.10610803821611568,0.05351851757111453
781,3.7050679798660773,2.6738607578499476,0.011307980409104005,-1.9466149525901406,0.009560117069017758,-0.26447663610946814,-0.2726104220586145,-0.2130752048968527,1.0,0.015733778670932553,0.14660448412588717,0.07213377322631351,-0.05449779830332928,-0.1199046888050808,-0.04083032155847419,0.16988183760465886,0.12265135448442989,0.09996364862766441,0.06809645918292731,0.035306907425041244
782,1.8829891218265968,4.187035678892526,0.0015845577643330453,-2.8000919241771682,0.015405535187918583,-0.05477341177437598,0.24590473353183373,0.28162408076049067,1.0,-0.2495963612165234,-0.18546205570851043,-0.26903708258012227,-0.1290439762173062,0.055245751358397384,0.13017987727106403,0.2057462184492457,0.08561444228426461,0.016196443421995863,-0.026195166330645288,-0.02269710848470899
783,4.150646596567626,3.8341819853776182,0.008246902909824258,-2.0837091183234677,0.14640985300679518,-0.044605796296972346,0.13167296452689725,0.2538920468641623,1.0,-0.21048108622883446,0.2794987361259918,0.10402177920067299,-0.27021562823452444,0.05337868341805305,0.1447740470959119,0.25591388318231034,0.15361988599031498,0.1514857047803779,0.10753205925659153,0.03486042995896766
784,1.30446250914395,4.620742036462736,0.0020617257274560645,-2.68576910965143,-0.18236286813325187,-0.03308064816566656,0.2243790406722075,-0.23507996035344828,1.0,-0.062432121171849486,-0.039082999219279956,0.011847844082085501,-0.2649859078867072,0.008742075195326255,0.053498790169212204,0.16927494653246097,0.08679543603137012,0.0513964754343291,0.016046482166676094,-0.017122240955265513
785,1.4803960285081172,4.335647018685677,0.004717660616537021,-2.326273305007591,-0.05086409980242068,0.08794807162552494,0.10362562812160334,0.2638549658364678,1.0,-0.16897837690548326,-0.013737619762527397,0.19164093869743065,-0.21277266852329194,0.05162358574044342,0.15140711245751468,0.21947929837960964,0.10803128780954294,0.08723517332521805,0.0741319340976443,0.02859622755209537
786,2.5485280832509494,3.4307644573507803,0.004402549697493517,-2.356295732867698,0.15071613795330613,-0.03841167615923597,0.09116182271451453,0.11835001276194365,1.0,0.12307609832295512,-0.04513923025925754,-0.10650518790732443,0.12834471900039995,0.046157565806052674,0.153620850504091,0.2895258466513268,0.19051508312657053,0.10066356961644092,0.06496929968749604,0.07964581133236921
787,1.3550737083406197,4.170128982595906,0.0015755545952175166,-2.8025665433050233,0.08278997150618643,0.07438700047396185,0.14152160696536312,-0.29582505050861596,1.0,-0.235662583869658,0.27356288940541296,-0.21829446580047043,0.21756683240420774,0.02030089130288895,0.02823049170687084,0.1319955318702964,0.06785204083336382,0.06724960222730378,0.029303452865091926,0.053709537296798705
788,2.205734673113174,1.628352257487439,0.002016709881878421,-2.695356573657155,-0.1716820095450706,0.236691177119213,-0.10059882366483354,0.0921874559643862,1.0,-0.19291794036278176,0.08209208620269855,-0.18158941036426407,0.12143419630925428,0.0038488590443663505,0.0784581537624205,0.18679176045643356,0.0849438356261729,0.04712802811079959,0.009973393512585593,0.031204375903379666
789,0.8601039379906338,1.4442373379588467,0.0005762028233938346,-3.2394246180074306,0.024739351771789698,0.038126767608095524,0.2000690583441809,-0.18184490676734347,1.0,-0.08711503490376583,-0.05809676461555887,0.017224776212326407,0.19407778719375962,0.031062011665340977,0.07978965999684336,0.18456420424729766,0.07685808919082411,0.038478360105179805,0.045332861536861904,0.062227014997613725
790,4.588727438829363,2.4340945658104265,0.014234010371650821,-1.8466727220591088,-0.2416076917841349,0.17111291106028703,-0.2984835496552379,-0.131898806471731,1.0,-0.11068643199886431,0.03954372266435382,0.2173143570213081,-0.04464866366756287,-0.07419248014779875,-0.003297572037060931,0.18191949880093336,0.10337742253853512,0.0762378366324579,0.08444480919450142,0.050595707262704376
791,2.210175583750931,0.3914295820214831,0.023102131950446556,-1.6363479399524083,0.08940457244099038,0.15715770379788102,0.2716767211417414,-0.28196201212576816,1.0,-0.10257014422395178,0.10320588536953208,0.2940345457223207,0.039584712892383786,0.05202639822529164,0.04702251204033802,0.1612686553236232,0.0841705958844815,0.07726906526149975,0.08733765425180902,0.06013167537155345
792,4.959988121137593,0.9582678676127594,0.0018546528377989052,-2.7317373716221645,0.14620451424376302,0.04938171723924989,0.28505589957701594,0.09882722421710317,1.0,-0.21865366339276618,0.1568418685585438,0.07914450507157353,-0.040032113040475416,0.10577792645672786,0.16527156727329084,0.29506737561412366,0.14999687176540266,0.12027339861463127,0.08957172233424757,0.054260573763194944
793,4.441962951588186,4.568442872626424,0.06129357533851916,-1.2125850449147866,0.10731118388165761,0.23443281019613568,0.2525789989318617,0.26304880669218517,1.0,0.17651314224899342,0.14990830121186663,0.06083558341722432,-0.08286865395024234,0.12591705947226622,0.19136657802465448,0.3372398988578982,0.2942121768528507,0.23248853799406674,0.17520767046736868,0.11967022667098684
794,4.264282590158469,2.055239184539854,0.005500936329588015,-2.2595633817487637,0.23994969263565916,-0.23500881190775397,-0.24800636605967802,0.009145898682795672,1.0,-0.06857918426123268,0.20662472790616085,0.2634201855380504,-0.29142416377449487,-0.04753632161003231,0.09772943280257948,0.16638982226594645,0.10751730872600826,0.11435117024223049,0.06315707880326853,0.007264074481549515
795,0.799737985250296,2.455147314574383,0.004105445116681072,-2.386639749326883,0.13480341311542068,-0.2629841837589415,0.1680339796043502,0.1001824379141186,1.0,0.13324869614639775,-0.05150335930929153,0.13279200216156598,0.017623094597242848,0.023948213547357468,0.10867266047856713,0.20522583095743208,0.12314158746646568,0.07670142743278245,0.06891155176238073,0.051200645282197026
796,2.194781786525381,4.334892925002266,0.01888864880437914,-1.723799108133779,0.2744574263690011,-0.15157783156071927,0.1311926678461292,-0.11631304573136579,1.0,0.25135176938861925,0.2178557606517703,0.1342469138192471,0.018945462996565497,0.02108047019602412,0.07816671180386692,0.21163670524002207,0.1821924936970395,0.15811688150393935,0.12526648271493715,0.09431601941917275
797,4.955242260613353,0.2138899549542741,0.0015575482569864592,-2.8075584888625227,0.023808902885551684,0.2198549928608671,0.10754251528628,-0.09900423262778535,1.0,-0.28763397877816443,0.07383014094894644,0.23284833517141074,-0.19588750584394513,0.05455111424035054,0.08380848555490028,0.22264624056750212,0.08883482110364342,0.07238795103955445,0.07475657333147541,0.013185128840868893
798,4.875834671590217,0.16785679933412626,0.0077877412849322964,-2.108588484526504,-0.16931950446253308,-0.09116885510039147,-0.22227808163860716,0.24660814921550456,1.0,-0.015230495170452829,-0.2604605966489824,0.14401651375916677,0.12061585755995512,-0.05863665389341682,0.08509012976454293,0.2445741419653893,0.12620206494345995,0.021098050413952473,0.04322646077397378,0.055730545718947325
799,1.574419384605019,1.0301198190516652,0.0027639729184673004,-2.5584662165141316,0.04663164707365079,0.24991676191637646,0.13617181908102233,-0.007759189108945441,1.0,-0.09601665108871113,-0.2716017321156654,0.042559402307215444,0.2299562594722611,0.05315684048043806,0.10931818628584593,0.1895790056111984,0.0653131753277445,0.004647978385609016,0.03341701151596382,0.05841719953442584
800,4.352899789068379,2.3910302417299545,0.002079732065687122,-2.6819926120991737,-0.198167796400096,0.05943068077910893,0.03231658245928468,0.13139220673201604,1.0,0.05196730349889487,-0.23481071329799158,-0.22036364749370224,-0.020644602818918768,0.011760587118796167,0.11743422754086583,0.2928567646177808,0.1791051522200625,0.0337685290916848,-0.029743794903501895,-0.012624495015252856
801,0.40917244463792474,1.9584360425636538,0.01588159031979257,-1.799106011195517,0.20551022166244381,0.039084086415714835,0.25749693738715124,0.09259157346223236,1.0,-0.19530067757357997,0.26602771719783175,0.12847082384795563,0.24098703862366888,0.055577046498935065,0.09283940763677132,0.15945357055150694,0.07982540130331063,0.08656607666227101,0.08032364198561942,0.0811515721398604
802,1.6100947097337728,4.491020656438856,0.011911192739844425,-1.924044747803817,0.010441413756158058,0.02452091168421928,0.08941577757182924,0.05687604582811934,1.0,0.2171265037217103,0.22155386752594833,0.15078389523606375,-0.05211885871120475,0.03344429614564343,0.12724966940932575,0.26613355421401,0.21907700936242347,0.1915256842145389,0.14876976606303863,0.10127639791269746
803,3.2247912477114355,3.5954072237164865,0.009084197637568424,-2.0417134257544074,0.19152265584391895,0.09979054984238296,-0.1435693892795926,-0.29739579865991617,1.0,-0.2370003276222937,0.22384017114813645,0.0022711667743434915,0.24765237345448377,-0.023758904458528126,0.02241126072873662,0.1441472478308735,0.07176035264403999,0.07767716119686821,0.07055826443032893,0.08708612059432085
804,2.4861259659069495,4.855769540253389,0.015017286084701814,-1.823408545689598,0.18474889887888668,0.1633768136523647,0.029747920335880872,-0.22153733488206404,1.0,0.16352065429936,0.2876372057089737,0.15428543015101356,0.10980660044293145,0.02538278975573262,0.06713893725608225,0.20518794474520544,0.1786140929287571,0.17207477775890556,0.1481255277700397,0.12458068747322405
805,2.2957259312720906,2.03279511869561,0.0006032123307404206,-3.2195297892904917,-0.0685179679978803,0.11437459879808233,0.1749273377830429,-0.14391091667011519,1.0,0.19531922138658572,-0.24887659579559768,-0.0967731412321353,0.03740861178356727,0.03645692431410837,0.06477566865156373,0.21342154439217684,0.14329852908579335,0.0361614199417024,0.009314839945691782,0.021436334124948508
806,0.16468597207634345,3.3950489277187366,0.01268546528377989,-1.8966935988819615,-0.23869389486783865,-0.24126991176617954,-0.2248632327344165,-0.1400267812250854,1.0,0.04831819100553818,0.2792530211851438,-0.01173824912728999,0.2449761169409301,-0.07056869068673512,-0.007388526114277647,0.110291542502943,0.07737821425028979,0.07376564075816812,0.05312324056458168,0.06381161278469995
807,4.132553862923803,2.172527331216473,0.010614736387208298,-1.9740907868962287,0.19517270868981526,0.21223991684427962,-0.2412681263343878,0.09556526216293892,1.0,-0.14189540818045834,-0.11054660614541008,0.22409735282225862,-0.2874727582590752,0.0003558437933954317,0.096658561402361,0.20248047768394478,0.09094361307653218,0.05309580746814938,0.047844465458209216,-0.007119171408007408
808,2.418843219578513,4.472244892503813,0.00910220397579948,-2.040853436400317,-0.14646314792693152,-0.013084579226353131,-0.2364230724991516,0.1861267675072666,1.0,-0.20703777621044595,-0.025445598457092777,-0.00448187249628067,-0.0006518960424148346,-0.05899636589253218,0.07510177146982241,0.22635829220700682,0.10265702617126017,0.05556568617716263,0.03934548859186699,0.03497932068119157
809,1.1963697005189315,3.8476711133499486,0.030448717948717948,-1.516430988729595,0.2944982579978781,0.11098047067357188,0.13012063604159477,-0.13889706710012678,1.0,0.15358661901980358,0.07504230950111442,-0.04232323577332625,0.2704413009206648,0.04788423267272017,0.07091492670709611,0.19684838521660628,0.14914623953860529,0.10433967524207613,0.08123500460872239,0.10069247758777176
810,4.640997854696359,3.9959945126981693,0.00054019014693172,-3.2674533416076743,0.16584028504131446,-0.0717539046046139,-0.16852461422657036,-0.1244177158419301,1.0,-0.28520975453114783,-0.16590783813485172,0.06262201209398252,-0.10105196855335628,-0.04615640150037571,0.019489317263986644,0.20033704890074466,0.06922173738988653,0.005843552701527363,0.0095917190426645,-0.004717170689001128
811,3.469007151384001,1.7431864887241182,0.02725259291270527,-1.564592171034745,-0.25688877498162144,0.21532194807343288,0.2046160335335945,-0.08721832658365596,1.0,-0.025838059835340554,0.17851868791735692,0.04572528895445455,0.2818999912899129,0.04794225625173195,0.0639364243342174,0.20481162990987234,0.14526025564647851,0.11409246783039263,0.09279013759771637,0.11116118194816148
812,3.910978037276531,2.006399700407652,0.003133102852203976,-2.504025348044737,-0.03011288179550584,0.017226376560264444,0.23618685015100546,-0.2547586124991918,1.0,0.1494167275541272,0.23179314816856933,-0.22272581242712305,0.19869044568963962,0.030654984218198164,0.06323894053266628,0.2111830883598434,0.16769664295968598,0.11607224760773151,0.05063040040382878,0.07098674068267564
813,0.8455755195490566,1.3916913414389622,0.01734910688562374,-1.760722877335865,-0.2890949226120902,0.07292915150772838,-0.05754008508499361,0.08135272229701351,1.0,-0.25057752252257015,-0.014225821004789318,-0.07096614574249618,0.25018674275425157,0.002777502489267805,0.12073174625028,0.12140937206386328,0.033360338019809296,0.012370817737354076,0.03348985621884652,0.0458011091365564
814,1.8154341045248215,1.6972681916558092,0.009768438490348603,-2.01017485380677,0.10821522117658768,0.2630222123971931,-0.0033850137796260335,0.25609859555035264,1.0,0.013318552632577151,0.01602493040342996,-0.12517671352608056,0.24053807271702798,0.05870553497519603,0.1570806672974489,0.23624234894021215,0.13358272269239665,0.07015058528687654,0.049916009884023164,0.07513204376623052
815,0.9268970417244367,3.761638064660212,0.009147219821377124,-2.0387108840434176,0.21524615314763976,0.01574383173774323,0.14442775895795654,0.1251343049652279,1.0,-0.09768717418202845,0.14940790987012562,0.06453859407499533,0.06713557792215383,0.057954961292242875,0.1251773436607403,0.23301611431016947,0.137129079920323,0.1180778551769504,0.09618502064448073,0.08359901865125521
816,2.1544939614151954,4.521517852120358,0.004006410256410256,-2.3972445810103866,0.15528254567547597,0.21373410146390767,-0.2967697537898689,-0.11946670355433413,1.0,-0.2965144169872104,-0.2852016069339638,0.022293562316071134,-0.1271928350220121,-0.021888879795549338,0.025190632539405827,0.13932133339479086,0.03564404781326287,-0.016477555953201776,-0.010958990294600702,-0.017276012106147674
817,3.0711512491416952,0.12402021448169721,0.004528594065110919,-2.3440366069353904,0.07711059675061828,0.23049299737720036,-0.04877768355744661,0.040938106184579603,1.0,-0.09122265311404087,0.08553198785735516,0.22301234843537546,0.1732284997776216,0.0287626053048789,0.09513772481640599,0.2309884502897789,0.12407316160245037,0.09604680547106609,0.10839098812785344,0.09926163940401082
818,1.2484400971923624,2.13299581299046,0.002754969749351772,-2.559883165509738,0.20632360059259172,-0.2879265965956003,-0.2683528702553285,0.07798981814031322,1.0,-0.21971972834993164,0.1221214189085332,-0.14861216836846228,0.14357603009762235,-0.051044002697521546,0.033613360976127084,0.13229832029259153,0.05253802772200796,0.03590915039609455,0.011093576337084871,0.02869803264203804
819,4.053880131405046,2.9969932415977008,0.006176174013252665,-2.209280476284566,0.10389946166468855,-0.2537550164193369,-0.08613419117611221,0.1566226222340044,1.0,-0.03927117657972342,0.03644425542402434,-0.29868742267133613,0.10763615608493955,-0.031225182223085398,0.10955613561979374,0.249306601656024,0.1438314280575726,0.06268498773017807,-0.0026552412430759856,0.028952662584107003
820,2.61090650060165,2.2175976593237787,0.025812085854220686,-1.5881768990448335,-0.1923065930036823,-0.06989427092043814,-0.19327774395471303,0.11352206750733063,1.0,-0.27429007511506137,-0.11651118648606312,0.04188067153242531,-0.04510051401939741,-0.049457349289087606,0.07872288403354318,0.17736926056054497,0.04278203081770544,0.007270236175530203,0.009716766628568968,0.004641229498406892
821,3.5914639653439377,3.1629700816947786,0.014243013540766349,-1.8463981128296603,0.034371409604998134,-0.23249199801721626,-0.13520033917120342,-0.1354821408585063,1.0,-0.27277113115553964,-0.2415188762117698,0.2577444195689124,-0.2554721943191833,-0.05918326792514487,0.0013764742659944777,0.1380264850341088,0.03319937484123656,-0.008416610430294959,0.0177493608938487,-0.021555576403340822
822,3.2801265923742773,0.9208611122190279,0.02105841256122155,-1.676574370182165,-0.05709317411477319,0.21096491482321061,0.2462016108493782,0.29132373564407876,1.0,-0.15998039006233705,0.17785873376472763,0.2781905709874952,0.15295114582408062,0.08567779530684762,0.16034165001526587,0.21188990260878768,0.1100273159132126,0.10708013384821546,0.1135977670107605,0.09195293222733227
823,3.2308289452091716,2.1940678113211467,0.0006032123307404206,-3.2195297892904917,0.04043074180161461,0.004437354319714392,-0.15297716251173613,-0.173582357373855,1.0,-0.2675681208020017,-0.17433306756145375,-0.26367761765867376,0.08714398520640174,-0.04238316673765133,0.03587093994642207,0.1591879325460647,0.03135528294176376,-0.035260136936272835,-0.05336028674384851,-0.009929683267620257
824,0.09902182648103963,2.9598692443745462,0.004636632094497263,-2.333797362950127,-0.07471774209660174,0.19381260826759747,0.01830162050126749,-0.047809364054628135,1.0,0.16531683962107435,0.24264968211271148,-0.15454640533489758,0.2117780664479972,0.015296189576201416,0.061063129354453155,0.17630296149234947,0.13516764360910782,0.10274749927338446,0.05616559399612274,0.07114863977861437
825,2.9156012785075784,0.338581506062759,0.004447565543071161,-2.351877643067671,0.11118160284311611,0.2627584828714051,0.14108084166132814,-0.19645000879480093,1.0,-0.04940634462833889,-0.09306014824573083,0.11316994554212764,0.014925149940890024,0.05253331810836153,0.08864197502202102,0.21157343712206153,0.09856197378531645,0.048314828017672444,0.049063255243880326,0.037323778856307305
826,1.8531719691285045,3.0116267379514055,0.005185825410544511,-2.285182108568106,-0.13091001375488734,-0.2922250477134048,0.12965174714705788,0.07501810412376053,1.0,-0.17029977533400018,0.21691063752999196,0.20281976657428716,0.1037416174797589,-0.010899340784613869,0.062339573816405744,0.16748637279031078,0.08737416241554326,0.09354437455560781,0.0932329657080536,0.07782943243989078
827,4.7001857568330765,1.0616963996675386,0.030214635551714202,-1.5197826398346552,0.28035374479183034,-0.18424708962934463,0.14400756617158272,0.04988215878507713,1.0,-0.2754800724928893,-0.08471144150705041,-0.18972674487804864,-0.26212426011724316,0.031144143360445086,0.09445896836274424,0.21471696399835585,0.07995020165144041,0.012120501096417338,-0.042367600995766634,-0.06463475765474122
828,2.7866266048856385,4.631875517978488,0.03565254969749352,-1.4479094060658055,-0.21404175002648412,-0.1600779622718504,0.19698199680227987,0.22484874560299029,1.0,0.017368287711293996,0.23994969768368396,-0.02382033037716603,0.08822551829646885,0.016743567585731443,0.1168419224542125,0.24617345336566623,0.17981720002930915,0.15539000597273206,0.10932572925178399,0.09845003670463433
829,2.0624939796404576,4.219138759453136,0.0029440363007778737,-2.5310568393310318,0.004277141333745215,0.07201526095017703,0.1660622629148809,0.0026974185133298743,1.0,0.009393555200557313,-0.29472451824048485,0.21849790633901514,0.01401668504525122,0.052822140454759935,0.09415845283216814,0.259826501448667,0.16791847566948984,0.061005472252826244,0.08526729121305139,0.0758741339910931
830,2.599073155300787,0.5525741595215513,0.0014945260731777585,-2.8254965039512627,-0.06741143770278386,0.2659820660150973,-0.09726575224189594,0.13696079794075977,1.0,-0.19822570455698954,0.2879641700739623,-0.099807525610094,-0.05150020320714117,0.01898599324365379,0.11218783260338813,0.19038553985542625,0.09677042038351052,0.08495913860065615,0.030318121135186782,0.015566054661511824
831,4.756735427110837,4.801428506166111,0.03199726303658888,-1.4948871685220353,-0.2990684115898441,0.029005151555759376,-0.08430932732801812,0.2525075085579765,1.0,-0.2085614165827623,-0.06946417557421426,0.1335243766736454,-0.28346110125301127,0.002153077440741938,0.1740055573840284,0.21616039419725025,0.09224053920997091,0.06756146680797102,0.031726460133932835,-0.008476716863781814
832,3.6229966057187095,2.8063108697331214,0.004024416594641314,-2.3952970688593815,-0.11341096265972386,0.024136750947705263,-0.1968190103940152,0.1623184181501312,1.0,-0.07676008015045567,-0.13806425628793126,0.08259018939604135,0.17712959388526997,-0.04129623349167712,0.08258603411442374,0.24586609616084532,0.1302180924569772,0.05188195586449557,0.06370906416631622,0.08489961637483925
833,1.5714993286196282,1.20566619603056,0.08736675309709017,-1.0586538041328015,-0.017457531591199716,-0.19819195302003684,0.21837591590190122,0.21402462360264943,1.0,0.07703618855836067,0.27249451906886296,-0.22554841294851843,0.23666714258121532,0.03464320564412736,0.11283086717222565,0.1829044480085755,0.12287384330482094,0.08481839608288556,0.0390883934638846,0.057385579131579385
834,1.7224420995636682,1.7973731285729375,0.006977456064534716,-2.1563028894850076,0.22165088908154434,0.08293004289898928,0.2055984483054373,0.0004935619178281669,1.0,0.2694504053177392,0.148346802544486,-0.12588809845198215,-0.09904226183901144,0.061552706663467814,0.09840084301500453,0.22368120356680377,0.17977539703122702,0.11927667336832226,0.04794927843463024,0.023082288517946702
835,4.172761147000469,3.149598294018055,0.007265557476231634,-2.1387310572692475,-0.11187117604445948,-0.010464792715274462,0.21125772256825145,0.24414011637262947,1.0,0.08954236240441515,-0.11273883513016451,0.0954975992456233,-0.030934656358102785,0.06622589169153256,0.18037887500409228,0.3408703281899008,0.23181175439027935,0.12583933441604359,0.10202649070399035,0.0738825588877133
836,2.7291641853443895,4.829707376822881,0.08567415730337079,-1.0671501586260894,-0.258651538708024,0.18422969741124876,0.29835461491827164,0.05028813245221304,1.0,0.19333390297731057,0.12870558080015035,0.01646411086342765,0.07417291534536241,0.07052966984988,0.1206713027497786,0.2576415370212585,0.2143251834937958,0.16541686433502206,0.12381067469628226,0.10894044691063402
837,2.6189771491705764,2.6989425818113446,0.006626332469029098,-2.1787267776538193,0.29687341999339417,0.13333537413668242,-0.22716178849131843,-0.24402158083772899,1.0,-0.20059070280764166,0.11382706559408393,-0.26331694817821644,-0.2429509213598812,-0.022781478986453385,0.026470041903920584,0.12614813874838363,0.0564956154402363,0.029193493523356633,-0.0283938611264878,-0.03915831208877415
838,4.111426546200199,4.951085157761941,0.07162021031403054,-1.1449644080087176,0.22845099235966346,0.16303009398648563,-0.05373249680227138,0.16640620939374157,1.0,0.037148432461386924,0.07458424417129679,0.2679079937782278,0.2731251807129957,0.05510024164225027,0.16004416601067278,0.2903497362114192,0.2085246300538136,0.1802450161277813,0.20345661609379573,0.19969034218293719
839,4.675043388119159,4.840510613033032,0.05030070584845866,-1.2984259206311535,0.14919927703337185,-0.2608304860389871,-0.17623431294127587,-0.2570104203388145,1.0,-0.24571825877496167,0.05053797582951347,-0.2584641983436653,-0.28672702567833847,-0.07973106551280863,-0.011863753826256236,0.13194577514472525,0.04926172423263425,0.013793477968255153,-0.05570623902976005,-0.07732976869014586
840,1.8902996126312854,3.998297457583433,0.01937481993661769,-1.7127623249969663,-0.016951136583795146,0.19884916404611783,0.06912352170851006,0.20854971033398617,1.0,-0.23697972421909358,0.25535240688615174,0.2753433094180912,0.07478622724069525,0.047757671533634666,0.1183567879953658,0.20458757395051813,0.11211072037058505,0.12559569946529392,0.13084688074522577,0.10440519615922089
841,1.4316652161155479,4.13726617462173,0.023255185825410543,-1.6334801858180008,-0.10730572561227847,0.2554499513141247,-0.24109109286663763,0.11151168578423311,1.0,-0.15752664302603572,0.20885168552857641,0.2922170567077825,-0.1490570467006131,-0.010769869080759904,0.07590407422243813,0.15158453337280148,0.0858446783863847,0.09869658009890009,0.08938987595948407,0.04506473540125998
842,1.7750897750633507,2.6310190058187706,0.0006212186689714779,-3.2067555012540625,-0.12038404151628943,-0.14845285061274296,0.08230325564771002,-0.23549000827323086,1.0,0.12469719569446885,-0.2890654416360875,-0.10433701146649146,0.08122980241718047,-0.02225918644268638,0.013528868335252723,0.16238232037128075,0.09563431643778816,0.004936848320135461,-0.007867712261653175,0.014467739073329934
843,2.1251561688879685,1.909569572230576,0.020149092480553153,-1.6957445097989867,0.1823976307310041,-0.1884075459826884,-0.18356466480492048,0.1774064155416717,1.0,0.18727107824428083,-0.09713520480028705,-0.09012613793287526,0.10506041662615725,-0.02545352280827714,0.09271424412013118,0.20675181292863185,0.130297993203386,0.052376346758621316,0.02995101090449998,0.04014758710757908
844,1.6722239613542935,1.9305193660074567,0.013378709305675598,-1.8735857825667614,-0.2924292409198626,-0.10329233760228469,0.23900355209908386,0.21857617354468908,1.0,-0.1880591158559724,-0.292206616820193,0.007969822137956961,0.25539598570512917,0.02539652333303639,0.09227435246454886,0.1637513884168531,0.05485604756707446,-0.004533448145037893,0.014238643353826031,0.046560802632792
845,1.2108606863181672,0.8461214226817813,0.007643690579083837,-2.1166969017473654,0.048917429220630824,0.2981727195536769,-0.11434588444134924,-0.28409222916748383,1.0,0.18414064330776428,0.09867631809728906,-0.0008856577609188009,0.27873221318705715,-0.0047913981303503855,0.016326934120475353,0.1508436978571804,0.11340940943159852,0.07395151682622016,0.05660526800495613,0.07290325980173767
846,0.993693803377282,2.1390979202972042,0.0007382598674733506,-3.1317907396076015,0.2286242301911092,-0.15559665602253345,0.09490248100220548,-0.2495531056692606,1.0,-0.017595973703187707,0.07004889693388869,0.04608308355063049,-0.09735094016783735,0.00033435124010775116,0.0283979990938098,0.1692686132541493,0.09726742302758849,0.07000277464952998,0.042424892297395274,0.01732850279431751
847,1.1592992236424122,1.865473237790396,0.005041774704696053,-2.2974165649851175,0.025965564477305934,-0.12774056157985902,-0.026824954010602753,0.10109233207000935,1.0,0.2738150942034679,-0.022569522559227496,0.03366192539645043,-0.29833478791754153,-0.004749639177756618,0.10062209129917815,0.22340506625969717,0.1551363105147356,0.08459509341780586,0.030699971554492226,-0.016304902121209813
848,0.5780019131417538,1.4782280846294504,0.0013954912129069432,-2.8552728938210263,0.12689423495863297,-0.22895227525281936,-0.008648086445818737,-0.06376519551829808,1.0,-0.27383209493237387,0.1593485471955714,0.16981741095342343,0.137080972620209,-0.01887305007998927,0.023702300989428448,0.13974317177542483,0.05226331920609035,0.05508511024306333,0.0618846667030798,0.059240581159462805
849,3.0986083452315945,0.7074847689862579,0.007364592336502449,-2.132851288319995,-0.17256210768020294,-0.11487951067990203,0.049978739435908116,0.07743371684176356,1.0,0.12161846588860048,0.2665419756160377,-0.035147857180168815,0.2604257017127138,0.009546154738857539,0.1490761853052196,0.21625153154075671,0.15872217883562886,0.11274360097907649,0.09306770616931742,0.08872217593118284
850,2.93263421143158,4.3303495746091265,0.007256554307116105,-2.1392695501862273,0.1565945146376789,-0.1679332897815054,0.11275141909398649,0.023220378469311596,1.0,0.08409567541141975,-0.16268380967788457,-0.2704707941425234,0.2060279223762033,0.020231302443877667,0.10513160761619297,0.23359128702225732,0.14318744663614366,0.04398841446266166,0.010530914536735271,0.053698688251084176
851,0.9186237859918043,1.4822358176990955,0.009264261019878997,-2.0331892172288852,0.19641358716255075,0.2587413556527149,0.061949810142853834,-0.269388006977385,1.0,-0.1648182086340552,-0.1879686682663865,-0.24627861197846623,0.025751156684647024,0.02666063998752896,0.034881844138318144,0.13454191880206634,0.04564131605501351,-0.00897335402288472,-0.030684868976282198,-0.006869680785048271
852,4.68062797049529,3.6143382119557765,0.010641745894554883,-1.9729871154460814,0.11711475032045442,-0.19960970496101607,-0.2939902908219539,-0.10392462275434457,1.0,0.17035914370873745,-0.012850199988278521,-0.12744626000742687,0.11709154211413714,-0.1049796000377334,-0.013587894526821513,0.21428561912945426,0.18078672749139127,0.09605038387474472,0.04087078393381099,0.056369905773019695
853,2.1822195308348498,1.806857324879882,0.0005221838087006626,-3.282176598428381,-0.007392616050126843,-0.2811114059613616,0.284640932956833,-0.2387796838342659,1.0,-0.06532177058912482,-0.21936920176229674,0.04556658507314421,-0.06538467583346054,0.008393988895071246,0.0318195528563692,0.16467345605446343,0.07217982281859749,0.009503652186691264,0.007764227708210577,0.001702179691722197
854,1.1631410212314692,1.5833459103295238,0.04490780754825699,-1.347678147184813,0.23784520980210017,-0.21000223914612354,0.06800575956777062,0.08880774633852037,1.0,-0.2707025709917428,0.14054870853615964,0.14167621926482346,0.2596346759693763,0.012897215847326579,0.08616908752872406,0.14342955507130611,0.053367933436116406,0.0590344904555428,0.06961313560686823,0.07370640938972009
855,4.261750083918757,0.3528135566803918,0.006230193027945837,-2.20549849753456,-0.06618256890689968,0.1099051053278365,-0.2954397493086235,-0.07521305741844032,1.0,0.28716246752378843,-0.08194367929148508,-0.029303302119813156,0.19207889342630227,-0.06265784622488282,0.02031742830700991,0.22631839383843105,0.18832407254008796,0.08340318202924873,0.050507343807742806,0.06997109303956621
856,0.9532642276667596,1.7305149027383904,0.006383246902909825,-2.1949583568082516,0.013708586519009235,-0.16717314963581292,-0.07166012904464417,0.053625894048565104,1.0,0.12527534926127046,0.22848962315098895,0.09663058145323251,0.1930634292785136,-0.021081732774410746,0.08126405742410824,0.19313848191767047,0.13586128019489296,0.11468442309356523,0.09507228136658617,0.08678756297237307
857,4.450945676032408,2.6396079627441886,0.003133102852203976,-2.504025348044737,0.14231162892577584,0.09031689165050251,-0.035940752258776805,-0.23922006198830245,1.0,0.10621475644702268,-0.0178573724499814,0.20339322680311647,-0.024678003983895847,0.0031853229379100586,0.032571163579841675,0.26029798986108627,0.19850737925066456,0.13210924000533725,0.12652356357707495,0.08559892954094833
858,1.6387845567662778,3.1034064932237593,0.004969749351771823,-2.303665514262119,0.11202477958653201,0.09859152059330774,0.07033968435598252,0.060599437545638034,1.0,-0.11575452640640063,0.23359142235366728,0.1313579524697166,-0.2890313747571015,0.039029753038029996,0.11426356753571883,0.19985890880670418,0.11866689287042347,0.11761316161982942,0.0706159601284203,0.012541582823336409
859,3.6389327149956605,4.653973757343447,0.023129141457793143,-1.6358404877249717,-0.08745736873210569,-0.17641305707462013,-0.2048614536966233,-0.15703695267953607,1.0,0.07047690366824011,-0.20483184847095876,0.19780195367436507,-0.15409483133183074,-0.09176508480847351,-0.021151934595613146,0.16861358705509866,0.1129439339959297,0.04336490968322913,0.05023282421043265,0.013334597561475333
860,1.1368492742257346,2.9695940747403844,0.00627520887352348,-2.2023718138933086,0.006139098409083798,-0.19501517832386975,-0.15728968732926535,-0.08519636825206872,1.0,0.2557013422532615,0.07637431975037479,-0.07386670893088212,-0.2771235628085701,-0.05098332813019826,0.039704007213786925,0.17376765842833455,0.13205253075799878,0.07784188882072333,0.015895971626326808,-0.018418956677835975
861,1.114554902729092,2.950683530234457,0.008408959953903774,-2.0752577157612246,0.2564536455299297,-0.16311877898374944,-0.04609284307628662,0.006879058170188634,1.0,0.19886548715539135,-0.09499015406020606,-0.12797133483056164,0.12939420028188844,-0.006087579894702064,0.0825947912089555,0.2031348570342626,0.1308946367028433,0.054375483328353826,0.03147196103053511,0.04755393349422822
862,4.296472151699559,0.045338336654922276,0.0009363295880149813,-3.0285712526925375,-0.027580828940199174,0.13091968490563935,0.27864116099410713,-0.020303863156585222,1.0,-0.12850292450506381,-0.24391478632391572,-0.043890701608605774,-0.09207167553058503,0.0891510788208744,0.12716376950702155,0.26817918619953246,0.11442294436463923,0.002279073697790397,-0.017811299549570156,-0.02001138886718769
863,3.5486573066108336,4.147463839713495,0.003772327859406511,-2.4233905690250226,-0.09345259780305683,-0.0076550933966879064,-0.0780015648963195,-0.2635911312219867,1.0,-0.22353234415350912,-0.10184362452440461,0.12742190494330252,0.29268228511025124,-0.04508107114158348,-0.008292281025312008,0.15884148823817942,0.06033764704592668,0.02279894303048332,0.05783248159437714,0.09849236196598776
864,2.9388493266396596,3.6808878410828694,0.008264909248055315,-2.0827619107900754,-0.2190853750749815,-0.29309688358028757,0.07648278026225379,-0.014495818046447216,1.0,0.18230357355751062,-0.06701381577627982,-0.04670543427553272,0.06262567686039512,-0.04681323877581599,0.0428349557718836,0.22600184205097462,0.17101414652892727,0.08637455894565388,0.04930952022343787,0.0519044629382847
865,3.826090432229663,3.1564358698985058,0.008832108902333621,-2.0539355846113696,-0.2946966966174986,0.12361536822584908,-0.12089390179048277,0.13316409792969378,1.0,-0.052303145965320215,-0.07266239162094194,-0.14105603687866713,-0.27164729395150145,-0.027203035225634876,0.05549540588362214,0.22178683969561194,0.1456370328570525,0.06070353511989074,-0.0033945146770787164,-0.047918624530780364
866,2.4710075982361484,1.050276868999794,0.000567199654278306,-3.246264042537736,-0.005781766461929194,0.06381641352772387,0.1053023615530978,-0.12357710321219707,1.0,-0.05162276965229682,0.10750303480440113,-0.09493706328224545,-0.16190664422915974,0.023849738822093024,0.09549890307112831,0.2331056503809612,0.12753665208989318,0.07949414743036688,0.011707398721958912,-0.0137200757560493
867,2.4505595104281004,0.2707656960697671,0.0020077067127628927,-2.697299728943157,0.12237990350571334,0.16279512062638263,0.0936043517622673,0.14814531439530276,1.0,-0.008738200031851972,-0.16731869160180016,-0.24803323054800522,0.061298317935697594,0.06766352536469096,0.18499346192348834,0.20815159762673577,0.07872659400610389,-0.00850085779625752,-0.017357057437602002,0.007766316506055866
868,3.7749201763041973,2.9829369660908767,0.01996902909824258,-1.6996430501781767,0.29755926879531325,0.23861753343075642,0.10716693699523216,0.08554034501810266,1.0,0.04972612942719485,0.13976177077171845,-0.05123432713307478,-0.2283769645035107,0.09319603071082068,0.14405607007234714,0.2796575693394824,0.20295271160437037,0.14935519496088354,0.07596001520822591,0.019006832635718746
869,1.797086737131156,0.569717796117049,0.005717012388360703,-2.242830866699342,-0.18885179734014326,-0.13269798993972853,0.2615965712684305,0.11338940176658763,1.0,0.24756221301883188,-0.17624691176548946,-0.24694491661478893,0.10969244831182524,0.03258417457740034,0.10014559690442877,0.1868901025386937,0.11231903406698202,0.021411354285337605,-0.0076800663052536255,0.016384026988118118
870,1.7924113531826278,2.9741245524549305,0.058340535868625754,-1.2340295861207247,-0.25238289234620226,0.2989351474357613,0.27083699801765637,-0.16750310132438542,1.0,-0.21164337926518695,-0.13932600892175495,-0.21723858833973636,-0.08881165969066078,0.04815592963002188,0.05841838713885828,0.14643921712952632,0.05659632072485288,0.006382621005936584,-0.023888270412982162,-0.017177809536696263
871,4.531171642236824,1.7674009318463537,0.002745966580236243,-2.5613047526445323,0.0999843593764388,0.06716062341038125,0.07806390596509062,-0.03201470229279415,1.0,0.11969881695273432,0.13679197563810544,-0.05195850996466143,-0.21691683627331518,0.044964685877696225,0.10917297130859445,0.31510600969916647,0.24256704590758582,0.16892753053621726,0.07188351140692682,0.0011458196598941753
872,1.902185339649377,4.11409190455338,0.16980877268798616,-0.770039876921468,0.27245920624860137,-0.28304788862068375,0.06518161368999824,0.04867478923471924,1.0,0.20834797081809892,0.26612239113712394,-0.22499707223215656,0.2275922355941956,0.0030302948055565097,0.06261198386382817,0.18132586530235553,0.15479573835509383,0.12128885199131349,0.06366394406376549,0.0792476658535299
873,0.8280375978396983,3.108401158418981,0.07721117833477384,-1.1123198196426232,-0.29946700616910427,-0.031059301700118523,-0.2959135162803757,0.19665586517571396,1.0,-0.04102895627282279,0.03111779370763743,0.2944387575826081,-0.2395005483747986,-0.046464932758577035,0.06300035128628413,0.14061181570306133,0.07194491216844684,0.06352292512920962,0.0563374357272457,0.010530079402323507
874,0.7205531407153448,2.6686365518085697,0.0032231345433592624,-2.4917215653474436,-0.2076025514191532,-0.13969801540233157,-0.03785104860241995,-0.06711734213706093,1.0,0.09492979839994635,0.09617955519668309,-0.01820821992876218,-0.06415697798576064,-0.040508926977764266,0.060616970913770815,0.19468357935647185,0.12391059404124335,0.08188144470266318,0.04001614780917996,0.022237983868407807
875,1.2665186624827565,1.9145174169713761,0.005671996542783059,-2.2462640425377365,-0.08151680829607785,-0.2776241743663178,-0.17993670783646895,-0.02844871556748685,1.0,-0.016841188151062947,0.29272859059212186,0.04641900337879525,-0.018949824515694623,-0.06751836723425109,0.04540286347397058,0.1665306260057182,0.10691545250688385,0.10338251215394226,0.06202518018663122,0.03767622688250472
876,4.011087330541865,0.247302332071341,0.0009633390953615673,-3.0162208143061084,0.157621338206722,0.031169515367130727,0.16701902425409199,-0.1882996561937839,1.0,-0.23831956353694,0.16757356117744393,0.09606062242411252,-0.2576953534659873,0.03850679331977361,0.05619162289999954,0.18860235927010185,0.084993322806679,0.0774330825342981,0.044550541192450895,-0.013714540134724689
877,4.550334092592645,2.9569066612131345,0.0026559348890809564,-2.575782576013155,-0.13923087089226707,-0.09089055021660881,0.2238962295261755,-0.18952574073550013,1.0,0.07239727087269433,0.0935461147194915,-0.14983450864824743,0.16206057586871417,0.013787904615953488,0.0720424018437525,0.24247069878021127,0.17108016876880647,0.10572724904395545,0.05363982246234432,0.07519123571802488
878,4.9866789297413625,1.8179529153364349,0.017033995966580236,-1.768683459925544,-0.14687878853725014,0.2543528694291784,0.18481251693806347,-0.10987566128669775,1.0,0.03248200946141881,-0.023769333883268073,0.010315183817136407,-0.2935977792921068,0.06911962522506204,0.12301379168750903,0.28109253696971065,0.17428784200264597,0.09577667112332637,0.03098314365962592,-0.030037040203661408
879,2.71466086460491,0.8664778819172064,0.0009093200806683953,-3.0412832182086755,-0.09686561126947422,0.10024347902092376,0.1820007605341606,-0.1337233020777038,1.0,0.2701321527735392,-0.1312777884973476,-0.26444322752557753,0.09881992165560934,0.03290993847295009,0.06067305553581708,0.20378172204074327,0.15225456632413223,0.04773630720746804,-0.00874974521084275,0.016676757268947826
880,3.4052263290101763,3.3552989268105433,0.004834701815038893,-2.3156303062917623,0.04224669847140363,-0.2364840316592914,0.24776165563922334,0.03653625131843334,1.0,-0.08513457877673632,0.19903504906134675,-0.12360709293555366,-0.12023655734514062,0.029949555090359306,0.09968239431667492,0.24154461019490847,0.15340291739211917,0.12170666121982383,0.049322740685301895,0.0185085504127112
881,0.4705605030564973,0.7777592980717702,0.0005221838087006626,-3.282176598428381,-0.018246905064861985,-0.15449766493284026,0.26682407941333863,-0.11368877628855449,1.0,-0.22468465326975043,-0.09189397161915105,0.14794096987318325,-0.14213774179966762,0.023764589142443077,0.05442197417055583,0.14524864243638075,0.04091696803600023,0.019398156492370474,0.02274520829123812,-0.0007056693191816525
882,1.972053428452634,2.6951241503820498,0.001674589455488332,-2.7760916477734017,0.06048474299702393,-0.2647200164897662,-0.004092015692761086,0.2562786586386557,1.0,-0.2999639211307973,0.27483724640380225,-0.11091640188731587,-0.25798706783334646,-0.007984357520331397,0.0830119026544073,0.1647151010022801,0.07238822179474579,0.07162903095420528,0.01789282833920402,-0.01675617064870427
883,4.3695645364659494,2.4132639082017278,0.03613872082973207,-1.4420272238398513,0.13408074255538985,0.28903331343564237,-0.2889270590871024,-0.11897040029255945,1.0,0.21558296708626326,-0.2835244828294507,0.14140556495849269,-0.08511935939988687,-0.009499171073595492,0.011438930471216824,0.18757208215442994,0.16484437349441572,0.058204494526860585,0.048499534809192606,0.02698466594587949
884,4.913006696881629,3.257558693747167,0.016016637856525497,-1.795428643907393,-0.2451537142647443,-0.10984121893479455,-0.2730442089799574,-0.2248797235406863,1.0,-0.09533363724243796,0.21402093188955787,-0.08364280543590549,0.29982255679767883,-0.11405806534720762,-0.02394081986874372,0.14355557010383768,0.08902078173137552,0.07604817507509215,0.05626645784105209,0.0888864505896188
885,1.8943669608922418,4.774482792672748,0.005140809564966868,-2.28896848374547,0.005282712057609507,0.24475501734692187,0.14935938095648849,-0.010379243278996997,1.0,-0.003464130919756614,0.1337447293864374,-0.12716463148880028,-0.19078702451053628,0.07149339820678438,0.18677966014039749,0.24066678389466967,0.16525058305154317,0.1085064640617015,0.039225537355763805,0.02125809366449858
886,2.3414911996442416,3.2133791183357263,0.003907375396139441,-2.4081148624788073,-0.017764176555692266,-0.0031162264589073897,0.14494403184741028,0.07182121181701769,1.0,-0.1152202660295198,0.19425810627444842,-0.1713270995049084,-0.2854218642342025,0.036220854849310286,0.10478495133479103,0.22927006893515497,0.13606851760000208,0.10448915593460258,0.02021831549088764,-0.026172433957148824
887,1.7345700083040847,3.4237730386397205,0.006473278594065111,-2.1888757016084353,-0.030764836190088938,-0.28976242643470174,0.06899511744520039,0.029767800353371607,1.0,0.09839320249771323,0.18680871305145708,-0.03506389894145386,-0.11930712425150314,-0.02251072011496627,0.06452582700476828,0.22094865650564807,0.16282196994427223,0.12781440630550428,0.0658318325115925,0.029283256085367988
888,2.7830576952437243,0.9324098486112589,0.007040478248343417,-2.1523978389314697,-0.2366165712542934,0.18751879700359816,0.07930970364023453,-0.1635074026234299,1.0,0.17205008944209116,0.07255411150824873,0.04738566613485755,-0.11447955319040448,0.011384023032477857,0.06921635946793085,0.2110732601164551,0.14897013382343752,0.09523538005445638,0.050845928332704904,0.017657316558127897
889,1.669201408401158,1.654562400279758,0.0005942091616248919,-3.2260606564494494,-0.0011350767812896678,-0.15951191636394343,-0.12562559606645052,0.21142658148818533,1.0,-0.12791807863664803,-0.17343592524816218,0.04702833271492968,-0.19449083690144323,-0.0265833490305165,0.08317263206143759,0.1944796261880077,0.07801806249881946,0.017629319498450154,0.007103650892836537,-0.019292038038569666
890,2.008892784074491,2.2519134366927296,0.0032771535580524347,-2.484503208342262,-0.16235661353942135,0.24842955888006235,-0.15983516808444467,0.18319665668895252,1.0,-0.2213842930618443,-0.01747167681383772,0.07637795386396497,-0.13044405759343036,0.00016599355609873962,0.08865720391736344,0.1886787786373341,0.07787208385341439,0.04535655460350456,0.03440155126014537,0.00851998287842608
891,0.33533118445472976,4.383131582324334,0.001674589455488332,-2.7760916477734017,0.06558943935971351,-0.0004502163217123933,0.044513806684901853,-0.019321681949874447,1.0,-0.288129391299336,0.1799208169161596,0.17383939581047475,0.013434163129869158,0.0151633792995176,0.09689587055784976,0.17999590750544248,0.07694220338135538,0.0968438236741872,0.09161462830773943,0.06814448500798961
892,0.599050007173893,1.5241235003761804,0.0008462978968596946,-3.0724767383916194,0.013976916303475794,0.07147583164589011,-0.23220209878254283,-0.2197033467667927,1.0,-0.28243209034444405,0.06705906044773628,0.2820753805566869,-0.07138884222826851,-0.04346885533903365,0.024007598020445428,0.10935205896211667,0.026165174769501327,0.04287261478627085,0.0515286805907351,0.022478678061472485
893,4.8414068460606545,1.6501659775925213,0.0005762028233938346,-3.2394246180074306,0.22391684543202586,-0.12638437608425745,-0.07324240510014457,-0.09298846226114767,1.0,-0.15084285898704267,-0.21208754986590725,-0.060365349863605165,0.13769465723550905,-0.026092870361681994,0.070148647633476,0.22802406510633144,0.08248817779782472,-0.004238487676039791,0.00123924293215074,0.03772884946051197
894,0.7438784279788457,2.7946052639451584,0.0026019158743877846,-2.58470674923477,0.10795850239833849,-0.07563515565685038,0.14307931416472625,0.25177049460032036,1.0,0.052864222039849904,-0.18830861281669906,-0.1461159875535367,-0.18831698650074458,0.039734487743036145,0.11664650266959342,0.20720376115511344,0.1152834799292563,0.03602357124757817,-0.002657514879719356,-0.015965032899948585
895,0.5574939017989868,4.6284538157542485,0.04743769806972054,-1.3238763934185298,-0.2847885378031454,-0.26055034405197985,-0.1590988954416809,-0.15869092476802246,1.0,0.17085757747748784,0.2785883548469244,-0.1814019496286904,-0.19939516351705674,-0.06542483766349955,0.004036361426179055,0.10920144756206601,0.09044212591741463,0.06813334091640767,0.010720595056425593,-0.006386197807043737
896,4.3327176804789795,2.5511641333992774,0.02665838375108038,-1.5741661846020187,-0.2949731306924307,-0.12311257009247636,-0.16131190466722042,0.02503278413369676,1.0,-0.1537105965432465,-0.09635022310555115,-0.008851644656174306,-0.05289580980705215,-0.08700076902492757,0.060423103301429394,0.22343442366152086,0.08742914879116678,0.023057388259881722,0.006330356127905535,0.00020777053992838743
897,1.8782078281390007,2.3834372248388287,0.0005221838087006626,-3.282176598428381,-0.012559789198251126,-0.07871705430854506,0.2814517688508636,-0.21511696107065162,1.0,-0.0909894357076704,-0.26882345277991343,-0.17100949505421442,0.006324341326403071,0.031776962099891094,0.04950557279644851,0.1762670307035471,0.07322953059174393,-0.009207281979342096,-0.029507139453820774,-0.007638364128982932
898,2.8774202569789074,1.8990335585118066,0.007634687409968309,-2.117208739734604,0.07124025215717641,-0.06197086621086503,-0.2908916071144159,0.10835202606157797,1.0,0.11472093343326137,-0.06892457422893326,0.007715706584451065,0.22110697147865505,-0.060109012036677165,0.05824433513906456,0.2304723221904929,0.1547252240658281,0.0739930827424809,0.06182747796672461,0.08505669438311064
899,1.462567562247796,4.875894303989602,0.010812806107749928,-1.966061584588412,0.18183538513454883,-0.15875415688880587,-0.1029424014278801,0.13759037076993005,1.0,0.06467154158984498,0.26911998178180147,0.06904916413958737,-0.0022392268913071557,-0.015581237526690854,0.0815631908873372,0.22171238083385306,0.17011203878272632,0.159333021708917,0.12028754465468534,0.08966371821504684
900,3.893259981294475,1.4474194135344258,0.000756266205704408,-3.121325305929436,-0.07826209761959456,-0.19057381709414603,0.29985331077771,-0.12930891516400694,1.0,-0.06270266405797993,-0.09891163596628184,-0.21933548808673967,0.21073565752886675,0.026022194316311694,0.06262286282634504,0.20447132937631154,0.10801283323498753,0.027147609435106915,-0.009601834547324654,0.03744651278104905
901,2.320722224059501,4.087959516827324,0.0005491933160472486,-3.260274756980551,-0.06073462241974371,-0.008905245581095744,0.09663308070364353,-0.1557897690301805,1.0,-0.2606922649589053,-0.06505336244989791,-0.23329519052162456,-0.18251757765217383,0.006102705362496419,0.027823333417373683,0.17755766549848523,0.07864856127038454,0.019872062846219524,-0.035934830006198355,-0.04969340816382866
902,1.2399419436121075,2.877302169925748,0.0023318208009219243,-2.6323048279100663,0.23840901003753404,-0.1133978490194721,0.007527414189073589,-0.18134565043210288,1.0,-0.11691684897473259,0.21224279733161436,0.21607172083434087,-0.04104809466116337,-0.007748422501648567,0.0520373745637113,0.15649546849873783,0.0874883549336498,0.0988594882335847,0.08547063259661007,0.05169149751154669
903,3.0640987892624247,0.8173889824909304,0.002989052146355517,-2.524466508287282,-0.055600940224763015,0.23882471591021026,0.15648051792505693,0.1845337463354394,1.0,-0.2548387301737895,0.042513344123906505,-0.19077019355491873,0.0019317987693244108,0.08476135024855005,0.19634678863681093,0.18948869779541808,0.07213680243998101,0.022394633958863652,-0.002935111366120873,0.008703089189919284
904,0.8225193251783192,0.44651753273812267,0.000864304235090752,-3.0633333589517497,0.19586672006026554,-0.21184179309829243,-0.1642094508871232,-0.09798219988672331,1.0,0.22850772296567345,-0.25351965829012946,-0.004579442621195217,-0.13392260449526988,-0.03782179624136896,0.04177310018276998,0.1529513217872683,0.08203519866657238,0.011494310111771355,-0.0018590278708325455,-0.011487797769900956
905,2.9299167960753008,1.927912900809641,0.003340175741861135,-2.476230682376272,-0.20312675862562424,-0.039474334444342195,0.23972410797821217,-0.18293600870965854,1.0,-0.21325086549275615,0.07982153046116926,-0.24739096305101566,-0.15989847681919606,0.01776950491870187,0.043814951423814884,0.16370180305156046,0.07136301847971482,0.03540779545982684,-0.026064494642191044,-0.034305378930737804
906,1.5558110987321045,4.039132328333134,0.002187770095073466,-2.6599983183930056,0.21154289679914332,-0.02337501011722861,-0.13094345083729075,-0.12923632677708619,1.0,-0.021358524119736343,0.13001906093244656,0.10969240645429101,-0.1408788520951986,-0.021221723399880543,0.03696661625984737,0.1946201745828137,0.12728685507050652,0.10930119807115041,0.08115684965503255,0.03693526933864746
907,0.9624237373082734,4.0691610053764125,0.014864232209737828,-1.8278575187285244,-0.26646487148979087,0.04730349362734221,-0.05599918717353223,0.15639693772989813,1.0,-0.16972239508080725,-0.0801379609825718,-0.20274555521707632,0.2094935556595377,-0.011980677883762796,0.07248218421179822,0.17104580046183976,0.07370473090726254,0.022480363301892934,0.002911011128173972,0.03973005331223338
908,1.038683406225157,4.796438755273273,0.016790910400460962,-1.7749257558466116,-0.03824001337677194,0.2242918147528839,0.034164774933537465,-0.041462203885351476,1.0,0.15629263158152698,0.21087207685159426,0.10162010996468263,0.2880540089203093,0.029015157674117366,0.07548439988066583,0.2074081887955319,0.16915218234872267,0.14853298064271173,0.13507493199202084,0.14228828434752275
909,0.6986084020677956,4.820074710535543,0.0067523768366464995,-2.170543328599618,-0.06439864888318754,-0.24196245316809747,0.10346054582197335,0.17873321299085274,1.0,0.24083324329170286,-0.13217998575378373,-0.1753384873098568,-0.06671627551876828,0.005509996580514434,0.09991635251801932,0.20069549991861388,0.13635628650146628,0.05737800479314866,0.01792742398385392,0.016460333459227827
910,0.4529720632724271,2.2715461745736483,0.0030160616537021033,-2.5205597849544725,-0.11859425803681677,0.17654394136990997,-0.16274411100469321,0.12068500709047619,1.0,-0.024519087080394884,0.20918127878357604,-0.2088604558739816,-0.00043472794090836374,-0.005857662618877529,0.09248108461202993,0.17551338872114472,0.10471404399879244,0.06983014653464734,0.01682916419483986,0.01968749835192681
911,1.9334534960566114,4.225371946729827,0.02363331892826275,-1.6264752842493422,0.027304723464813007,-0.023509436022537644,-0.1891493000482026,-0.11474235767844077,1.0,0.10666990085925922,-0.2183536894104959,-0.2958465825712644,-0.29537029941192416,-0.04270516626297355,0.0380157140682786,0.1682633577855559,0.09516728475590039,0.004006554448840452,-0.05649736564898623,-0.0655858069250883
912,4.416795490219145,3.955876081802294,0.01950986747335062,-1.7097456806715,-0.07098276004797784,-0.2591880061043363,-0.20666165031367825,0.24349537801549423,1.0,0.09514202806641278,-0.17968754334422804,0.03412284084572263,-0.00018306264199932087,-0.08678739700023258,0.07139797269370748,0.2638919277856262,0.18101867872165753,0.07381966741914135,0.053611462122327445,0.04518450131442898
913,3.9417108300690593,3.2321354495664463,0.0028359982713915296,-2.5472940382017173,-0.1572280928413641,-0.2255202564065607,0.08687405405142139,0.15132380784639712,1.0,-0.26850775872075705,0.25479136756343684,0.019651202593759475,-0.29868757530230633,-0.007234945600506592,0.10084289050673051,0.19351470950188873,0.09422546957981844,0.09640178897325287,0.04089573912735606,-0.013416493005684156
914,0.6565806172485131,0.0022178991417066115,0.015035292422932873,-1.8228881208437346,-0.20593062868259882,-0.2789831937363859,-0.21516833820799613,0.2052972482963894,1.0,-0.022814953063210363,0.22628457006441988,-0.24457153115604047,0.11956454488193115,-0.03832795756978401,0.06569640534559162,0.13214741964400537,0.07276872973139055,0.04320333271324146,0.004543373261982032,0.0187748790658333
915,4.61692461776181,3.9114812058098565,0.0035382454624027656,-2.451212041615891,-0.028003674585753525,0.199994962512512,-0.07965663169170893,-0.131391705459882,1.0,0.035258994743246806,0.1617256721533102,0.01096153270243123,-0.23223226299026248,0.003846696140980512,0.05666854081532446,0.276436092792992,0.2162218262025609,0.17378345933460848,0.09953181206160583,0.02163661489196313
916,3.4020936670294577,1.6617422091165082,0.013936905790838375,-1.8558336356444443,-0.08529761063189102,0.12394025121374021,0.26949640631934096,0.2062265074644244,1.0,0.18375263113462897,-0.07451918118548673,-0.0070836577319496104,-0.11163738214963331,0.08877423926942607,0.16366366872493557,0.29360243496943905,0.20674175828065405,0.10614210479266642,0.056196368066683496,0.024210896361283707
917,3.3080665030944063,1.7949095260559487,0.015494454047824834,-1.8098237216637578,-0.2163513553849383,0.25569687038429256,-0.29010743049642185,-0.20524805324750003,1.0,0.2571292175671504,0.054900737055533354,0.1144537228566516,-0.2326486110219065,-0.04730084445206506,-0.0029787597520350914,0.1555822445924036,0.13729348643250755,0.09062128188179873,0.05518995137965899,0.004086650748234912
918,3.8606144479176816,3.388352270817572,0.00850799481417459,-2.070172783482055,0.0751718935554297,-0.2247299483645445,-0.014820277914796941,0.17040485344766132,1.0,0.184273910015759,-0.11459551376270558,0.2886761854122988,-0.04278243302154195,-0.017524711355932636,0.09657322229126065,0.2686181556273597,0.20142476964157327,0.12271157827458577,0.1313666134581955,0.08810744940173514
919,2.839265979740146,2.701252429645544,0.014360054739268222,-1.842843904598118,-0.21823921980897057,0.12801223609979842,0.01694394658219971,0.15952245195782958,1.0,-0.09824600290393264,-0.1611438406217763,-0.268369618529691,-0.04567358510724364,0.01272731051182774,0.08632510977236384,0.2278647853751092,0.1289379333456278,0.029381769355737115,-0.032396400556180566,-0.02250959841281101
920,2.261886168001654,3.725637156453312,0.007175525785076347,-2.1441462705952055,-0.15754875787590644,0.1719112860349092,-0.10423408329461788,-0.144705683768888,1.0,0.20159124101847217,-0.27565297630893365,0.280012249825408,-0.10392492154645239,-0.01933487383074668,0.04431283425547285,0.172243005899291,0.10817857295177069,0.04933294893854542,0.0638577678386722,0.03348007737637793
921,0.2705395068641427,2.05459454055426,0.009561365600691443,-2.019480075245868,-0.2363836423727225,-0.2500142429116956,0.06595953717948622,0.13166724157581813,1.0,0.17189809140829984,0.022276813367768454,0.10320558138422954,0.06810215467417391,0.005181781810266891,0.1259654983391345,0.16726136355607016,0.09973627486777285,0.0684348831900788,0.058547008740889604,0.04492868957055781
922,2.5430458087719816,1.3040242158235835,0.001107389801210026,-2.95569948055192,0.034806687163226054,0.16880165596709937,0.19909991411715222,-0.17000620108586773,1.0,0.010485285243877662,-0.17724773091897225,0.05070081081705371,-0.25883252093342696,0.04933383136171092,0.08881893345318462,0.20597398816644635,0.1002862267933571,0.03340416151684728,0.0077973420583236685,-0.026147010280471616
923,0.935530637092242,1.6325974489785389,0.004015413425525785,-2.3962697332791763,0.14878022358329535,-0.2393378002302703,-0.24077914742607143,0.012927198393263372,1.0,-0.11223478887005003,-0.10509153691892824,0.063491803153883,0.2664950160874366,-0.05277939641371731,0.03119651459129475,0.14607192651739168,0.057440315775069355,0.020237351902725107,0.036571438896389176,0.06115054513115145
924,0.6759398050836767,3.7929284608072074,0.006977456064534716,-2.1563028894850076,-0.007888622147497236,0.0850519090774307,0.10319131172097566,-0.033975896363432664,1.0,0.1504877989475641,-0.2695781418619576,0.21045874635192025,0.17539065748206686,0.026979829219450333,0.07425774850940906,0.19962076709240967,0.12493128933425471,0.052779608690444554,0.08075967785706828,0.08554058505377858
925,2.404020123862271,1.363925292274446,0.002322817631806396,-2.6339848860280877,0.12502749566010454,-0.10390286276377811,0.1116885229050939,0.03936661782037243,1.0,-0.2813476190615204,0.043737200634330904,0.11173821991162665,0.28412999667044236,0.022484492513159,0.08593921332598158,0.1939896406448272,0.07031886149562527,0.052952439259676735,0.07019548690164792,0.09417212545184823
926,3.6902313692079103,3.9003187877421137,0.004429559204840104,-2.3536394892239576,0.0018045531168298322,-0.21033391579380975,0.03158831940316149,0.07654494476188778,1.0,0.11845476194500978,-0.014914335970802162,0.22785907853339685,-0.16405586726540236,-0.02112948581106215,0.08801308560885648,0.28459305988974853,0.21206061037969512,0.14733107346969915,0.13293938697867794,0.06360813734908631
927,3.9717162259840384,2.077685342336782,0.0010983866320944972,-2.9592447613165698,-0.09211931554127371,0.2430729434169555,0.023723541727504193,-0.12678640453220127,1.0,-0.15708026281814352,0.2438864983837806,-0.15745680990666178,0.14968607893175126,0.02191434057560566,0.08209922075473873,0.20763736732146676,0.11846866488178315,0.09622675283091313,0.046786944072072296,0.06259888008492973
928,3.0939887352520836,2.729801173243798,0.009633390953615673,-2.0162208143061084,-0.22318492354281885,0.03240242983785722,-0.23834292068568386,-0.05165322886391431,1.0,-0.07034638334604872,0.10016930612247511,0.231038239167309,-0.09346816116997994,-0.06914035667849529,0.04330622638897903,0.18728061733367588,0.10483263878880734,0.09603270140726185,0.08873705868896696,0.04332286358797952
929,0.6883692698884227,1.1272629424967402,0.005122803226735811,-2.290492325596247,-0.09072157220304498,0.00784014251748295,0.05198897822025685,-0.058524736655253304,1.0,0.12715202784008217,0.09678230745278771,0.20006958747519424,0.19831978764240202,0.0037289966040553674,0.08192474732723364,0.19698949974289617,0.1258900692445138,0.09925917069331615,0.10166790420693321,0.08960713729928699
930,2.849143613238959,0.3233939085295873,0.11010875828291558,-0.9581781349550326,-0.2738364172387141,0.16578947822142837,-0.266173461193366,-0.05207099548258189,1.0,0.07769598836006379,-0.24013961929803126,-0.23185314149792857,-0.22677841727879566,-0.04514978827451763,0.022540585325315273,0.15610774358550422,0.08751957882420044,-0.0036228153832026334,-0.04960387697085711,-0.055760989827212476
931,4.6630583427776875,3.8797612396731695,0.005446917314894843,-2.263849217338849,0.021531952968489355,-0.1411680639212954,-0.14047620831784594,0.03762859304741175,1.0,0.037748483364812,-0.030882369767028205,0.1449339247570778,0.059598924525165305,-0.06766026407963269,0.10139715340413413,0.32977209850918965,0.21310611192035397,0.14112380059757537,0.13965149827262135,0.11888629771226433
932,1.7498715493772685,3.31849708124013,0.03470721694036301,-1.4595802096043422,-0.05302210827261161,-0.12428473773888381,-0.24274069253060276,-0.2000034573653711,1.0,0.00615905795465419,-0.2593590418805191,0.07154384106475857,-0.1683178343946318,-0.07781899202687965,0.008801544992708908,0.14544367214820195,0.058227293681492286,0.0003931364409657263,-0.0017460360394782298,-0.01963864062212167
933,0.281053599060978,4.29921988679175,0.05032771535580524,-1.2981927841048946,-0.2932871593927066,0.16558584763304546,-0.011213531799566334,0.22841614461613186,1.0,-0.21439700419672592,0.07175151727221703,0.22637378031492095,0.15403552266565593,0.009907670386007076,0.08538702763235334,0.15932374483667636,0.0730755365481805,0.06837657523089918,0.08346355912308623,0.07817468006642453
934,3.7357539960107666,2.727443146341402,0.007679703255545952,-2.114655560823795,-0.07891614762073247,-0.03180126777786152,0.13864916237516448,-0.2751600695467567,1.0,0.13541092360075227,0.12402688575640686,0.29388011007697784,0.10324995200738986,0.0021550227446266493,0.022320665497527814,0.20347602490935693,0.16590660644978106,0.14214573122102167,0.14819499849171178,0.11974898882222348
935,3.8909855507188658,1.3273252990912956,0.010218596946125036,-1.9906087304621765,-0.193133008222007,0.04964790035459945,-0.2899041057867248,-0.042818065396953486,1.0,0.1623941803111061,-0.08079317647136067,-0.29399491166144937,0.11500538745398652,-0.07299721035080986,0.016439217340172833,0.2001105237809578,0.14692920428698802,0.04423388666184195,-0.02244700221356784,0.010577260993321264
936,0.12558737506104262,4.19557288353853,0.023111135119562087,-1.6361787233198746,-0.2304837956341034,0.023265907799302064,-0.2632891877112929,0.2956461709107808,1.0,-0.1535289098800414,0.2951212296862596,-0.2624106470985847,0.0315550208859326,-0.031196826003641476,0.06174754140679029,0.13703285952270627,0.07585423395103083,0.06622739201319586,0.01647944112967455,0.02146230879701928
937,0.3266611057565628,0.22206984452895706,0.0005581964851627773,-3.2532129024930643,-0.039866552117178655,0.0029747464372558373,0.25029084252858774,-0.19709060346033494,1.0,-0.027772095194962366,-0.04686519489359533,0.1134003738582677,0.08664759681215352,0.030340877390800283,0.0753002345645149,0.17745814522280007,0.07655125688560854,0.04466505482444806,0.048683740274492446,0.04348267482057829
938,1.1619006949219364,3.334967685111928,0.10456280610774993,-0.9806227702940126,0.280060646139375,0.0040743371971167395,0.2818526277310468,0.25262160497998337,1.0,0.2608565026842497,-0.12375438789786408,-0.1718660046317755,0.25895467260179555,0.06710565824262099,0.11119629290120739,0.2029244974461513,0.1592974498962395,0.08052949046707868,0.043503402042723766,0.06897958025470594
939,1.5305393941176524,0.7233301197714431,0.017583189282627486,-1.7549023487034636,-0.013088849877660591,0.27844654505284877,0.09553414496621686,0.26543664692399616,1.0,-0.06412240652720258,0.0978991382152166,0.04033049023877746,0.015940999147793677,0.08783792283281706,0.20784094805995706,0.2088249265565332,0.11199491362447847,0.07899381178597342,0.05577429804065653,0.040482134187409244
940,2.2507451780283674,4.715885003573555,0.0017556179775280898,-2.7555699806288,0.09550057239929303,-0.1270986607902895,0.285442450576525,-0.05563917649339316,1.0,0.16208711986215038,-0.1699831483444411,-0.010046994168690137,-0.2931379984061733,0.047500978304642734,0.10537342353810025,0.2285310328700394,0.1520176840094226,0.07444103787834892,0.03030293210864685,-0.009135786799951244
941,0.9086806795596849,0.6700603724152122,0.0005221838087006626,-3.282176598428381,0.11809732547220794,-0.0973068969498645,0.03652598328475942,-0.2846885745769095,1.0,-0.1835580604088606,-0.21466831470882367,0.13907950405603245,0.04597895242089107,-0.012827421313041602,0.013706906092745797,0.13458886761911415,0.03341014406520742,-0.003741012624964226,0.020133924394083905,0.022149967176698836
942,2.8782783322913765,4.095415341073317,0.09790046096225871,-1.009215263325626,-0.18361653678417664,-0.29401028572021604,0.00012941669460799776,0.1979390162331933,1.0,0.1918187087509349,0.16236557309143584,-0.24034143292835544,0.26236781753274313,-0.0363323605652158,0.06365928251614737,0.19648201967602455,0.1615547748490423,0.1098846038761846,0.052105306836252176,0.07913406843026344
943,4.4962056324675945,1.1020561336193042,0.001269446845289542,-2.896385479335938,-0.04004890322701092,0.23003815392392815,-0.040675739776675664,0.004663644879382534,1.0,-0.01073157762810134,-0.2029666728192609,-0.2352838268534911,-0.060526317875916356,0.027761379092528772,0.10259848727254178,0.29192855819024727,0.16314074862071243,0.019810692528538437,-0.05033791867490272,-0.03525089383309313
944,3.9018815228027206,1.1416302970003005,0.005987107461826563,-2.222782946688213,0.011231078303057406,0.06271550398204621,0.2835883451217187,0.03981035899156262,1.0,0.05018673804741216,0.20871521810669932,0.02683719334873764,0.22394202127086374,0.08884452298473709,0.14252184976718865,0.2955610537708905,0.20763000990804614,0.1637998549356596,0.12220870374993924,0.12744854555336063
945,0.16853301435256562,0.49756654200820377,0.04535796600403342,-1.3433464288292238,0.2643173455635641,-0.21787517956092461,0.027659691886910708,0.05439978882599632,1.0,0.10274021126024231,0.1376587455391605,-0.0951613712258119,-0.1494536932870771,0.005302910866166463,0.08616549670980711,0.17226360699234397,0.10441649173047995,0.06371975944654412,0.01222916532322526,-0.004343039190201387
946,2.516109533541063,3.9244353712905466,0.02963843272832037,-1.5281447654510858,0.18153682822116748,0.2861924244351211,-0.2658821179873387,-0.1521471772376811,1.0,0.2811072966474306,-0.003970683070379355,-0.04536039395551165,-0.03198626258807467,-0.015080601739472203,0.05415723507303244,0.20729926394283113,0.16829157031190334,0.09987683445905388,0.05907002371621903,0.04419160914582753
947,1.799196260619421,1.1057016523362917,0.040838375108038026,-1.3889315461064677,0.2583988905406388,-0.1371291021633884,0.20039418928019073,-0.08282472443721191,1.0,0.28699053953220727,0.18120749510163756,-0.2782641740996428,-0.09142641783090463,0.027917229286145425,0.07518829680960212,0.1797055720787592,0.14066806260392,0.07939121378689654,0.006608470553951003,0.0014962079651517348
948,1.1051089933863063,1.5402383123805263,0.0005762028233938346,-3.2394246180074306,0.11611014564056334,-0.006407328267084622,-0.11039971783042053,-0.2113915229853095,1.0,0.11047542257626057,-0.27877565017165445,0.10570707276924682,0.0655466981245613,-0.026863396834127223,0.01821189158809954,0.1676867188900961,0.09177764258082051,0.015187930756231548,0.029766028997486725,0.033118200124858596
949,4.762557619064017,2.97696958175196,0.00661732929991357,-2.179317252907123,0.08808099822032249,-0.23698406092546143,0.17613455623417498,0.12462288484488923,1.0,-0.16682463537263686,0.18055176292780217,-0.020723062273402138,-0.23493239793439472,0.030885376559827333,0.1401010464764502,0.25873207640096174,0.14407016887101387,0.11883536667921074,0.05196984320498168,-0.0009081586463011807
950,4.330692348507314,1.5573168920952087,0.11035184384903486,-0.957220405893615,-0.2855072563747022,-0.26809095847730485,-0.057189343459455894,0.09023798880012114,1.0,-0.046673803978315366,-0.26088766150487547,-0.08237112159499353,-0.2946558487401827,-0.055359510363721144,0.0697467420280317,0.19804329295395037,0.08046755474787143,-0.010722015685240808,-0.04616246933006975,-0.06908085663231085
951,4.154237117672853,2.7571562832914527,0.008057836358398155,-2.093781556675406,0.2926226399964541,0.1024691222002796,0.06232491402206006,-0.04374221669670784,1.0,-0.15965276777000165,-0.24207989452796935,0.0408346304915036,0.07519182373585138,0.05990575550498167,0.1064436534138978,0.2624508123285862,0.12243796942670118,0.026348449836459353,0.03446022840701083,0.05130571929562957
952,1.050460348517208,1.329344207057084,0.0005221838087006626,-3.282176598428381,0.06182510165521979,-0.12378825955764698,0.154190464925357,-0.05715329982436848,1.0,-0.19742573968434884,-0.11357212520548587,0.0025473114845037557,-0.041424853813650804,0.019538084166377596,0.0740957125154416,0.1964989210499137,0.06544020633129595,0.01763389640062437,0.009794065519423308,0.006580053975864327
953,4.1082313005939115,1.2247784700156124,0.0005491933160472486,-3.260274756980551,-0.15826244530925002,-0.02839171166298915,0.12901130863992746,-0.27194814350786395,1.0,0.17132480526831356,-0.18310645720240432,-0.05335723116049501,-0.01237074786808543,-0.0051596440147573756,0.02071349804365511,0.22446462693453248,0.16118147735484323,0.04781644255834412,0.010671214733573856,0.011022183665093927
954,2.128687308769187,4.3496306482687865,0.04696053010659752,-1.3282670092674542,-0.033595815107005086,0.2418138190800413,0.26446733590844473,0.2704428194346029,1.0,0.07092066754130462,0.05001748873209306,-0.27080234143056153,-0.18890956858398134,0.09137198777568266,0.15593635927567837,0.2487622131595472,0.1757085149743391,0.1080686491442428,0.029369603585338796,0.006709136263184371
955,2.513696139450668,3.1258136521218787,0.014089959665802362,-1.8510902501088506,-0.0611757557831675,0.1529654864752963,-0.07488875165061315,0.13526907342101707,1.0,0.007456169787260136,0.27029383850579136,0.2476909907748429,-0.022691874769326614,0.014456966536136703,0.12481496344119625,0.24124512754954233,0.16905836238241329,0.1702865526618615,0.14751325371213694,0.09637082691335444
956,3.294810784961259,4.325919220526696,0.10515701526937482,-0.9781617492149373,-0.2741025056582613,0.21355794787680174,0.24808279877897343,0.14381239255786962,1.0,-0.25699596729149254,0.24823298887945744,-0.02707372873989723,0.15065677043490536,0.058747786149691526,0.10647496252077188,0.2145873534162782,0.12679646621170296,0.11419485931320036,0.08687333363937452,0.0900092843363456
957,4.922200110921721,2.3248160416926202,0.013918899452607318,-1.856395102409012,-0.1437361234607638,0.17380366568507005,-0.13782531773634707,-0.013115430916631332,1.0,0.2279843423392569,-0.1444665248965441,0.22225653663033598,-0.035904714489483146,-0.013774670518798085,0.14954639542222622,0.2767342249304961,0.16999967134286215,0.10806525683148198,0.09922686356551501,0.06343628885574275
958,3.0680666316184846,0.17215753621247232,0.0005581964851627773,-3.2532129024930643,0.06818606316054492,0.041380940419629475,-0.26466735924537943,-0.08244742055913767,1.0,-0.24444290649234246,-0.10135623772733425,-0.1281978299668766,-0.03465841440862505,-0.05516102789353796,0.05143790972479243,0.17684682517374778,0.042086296542018425,-0.010740552509230877,-0.03004693771095426,-0.01653280702692446
959,4.080682190836708,1.2611476409478641,0.012028233938346298,-1.919798133851791,-0.1991173172637647,-0.2016292459048184,0.07982602481741197,0.28720880694524653,1.0,0.05085200840619308,0.23415458122359986,0.07134559138564656,0.18109622478826362,-0.003168231356859607,0.11822594925738124,0.25030493162057216,0.1750271218971812,0.14240656454839676,0.10961906442962877,0.1022830725632452
960,1.435046570224463,4.244083984657074,0.0012514405070584845,-2.9025897917372228,0.01694120813876989,0.23994142623163628,-0.1637071086935861,-0.2623176101703184,1.0,-0.12455482600153153,-0.033283135425478914,0.1927479603759403,-0.22515841099425368,-0.015770948060567315,0.01243726956524549,0.14367057910959816,0.07154907238191448,0.050949845234602255,0.04913694620667702,0.0065907874007136895
961,2.908511683110764,3.6431888204173175,0.014197997695188706,-1.8477728986624151,-0.23158290620536873,0.08649152239165933,0.12431007131017659,-0.11587032549058274,1.0,0.0011844732982836613,0.15706866484851445,0.1721969487114013,-0.08462130075323113,0.013799683693476334,0.06040616961270939,0.22293676486248717,0.15600703134364188,0.13725794856970516,0.11554663778373475,0.06788579110485754
962,1.7176268325930755,1.3083469735525746,0.0018006338231057331,-2.744574596327337,-0.09575038449957729,-0.17001975012380213,0.17401508225202159,-0.057822952824217864,1.0,0.13566458543412752,-0.04881021377408052,-0.2196674212321364,-0.17530826698264676,0.008443132043209905,0.07908521179425927,0.19425795164747037,0.11580047980307001,0.0374573095257995,-0.022690360241323336,-0.02827997489183605
963,2.6934738915654393,1.5767615167902596,0.00243085566119274,-2.614240827832331,0.06996329257981974,-0.1508906083856534,0.11303056892384623,0.026603493999802018,1.0,-0.08359344049585037,0.2624926927578648,0.05352863427679983,0.05735739348614566,0.01506700036084652,0.09304841590498335,0.24233584481564804,0.14755071303074593,0.1377374481135842,0.09764621410065728,0.07605606649917247
964,2.1119994842422676,1.571355786051103,0.04145959377700951,-1.3823749574584503,0.23438276877499917,0.21415619051259607,0.16773156795921643,-0.03273027450931214,1.0,-0.2597590473401287,0.2551506571716791,-0.07662859410104633,0.22694980147182733,0.058505923224281275,0.10030805484762727,0.16444423905957553,0.07769139282252496,0.07406684667726918,0.052973111989120504,0.06661422745120239
965,1.8851720764425655,0.7265102872103799,0.003097090175741861,-2.5090461494197878,0.28354508405523043,-0.24024028657266563,-0.030348914560347395,-0.07280202629343875,1.0,0.027042948820510393,-0.008345930276585645,0.2632723102670108,0.07168557214789618,-0.019414784217055968,0.045710223458442674,0.19009053526861933,0.10985175382018787,0.07523205938035825,0.08898805822553023,0.0670189745795573
966,2.6001904890998393,1.3453230939864844,0.030196629213483147,-1.520041533721251,0.1735917070088231,-0.29782785448334365,0.007420808335352368,0.2970495756230498,1.0,-0.021022815468245793,0.2775777866397851,-0.1337897368471325,0.1560012693609377,0.007467173348081879,0.12295540278252794,0.20411527104981983,0.12830747700505904,0.09966352435333849,0.05262079382481734,0.05833638599878928
967,4.1714900085420465,0.7689849260984237,0.0019446845289541918,-2.711150840840387,0.06441633593266269,-0.062389994508788904,-0.1283783689781443,-0.021760311752107565,1.0,0.008879376703681928,0.0026672198239325426,0.13212280977665244,0.10808983621544337,-0.04586093211996573,0.10266805850820622,0.31121997421469344,0.17768227924716334,0.11224636225339929,0.11112479312064324,0.09876118528634585
968,2.739761733488706,3.137119396742778,0.006905430711610487,-2.160809228042337,-0.2659719934172143,-0.06120833522877214,-0.20908735976891601,0.15861302828787097,1.0,-0.08314226725853065,0.14789835348115962,-0.10015706746241572,0.2304410377872601,-0.05145436337953893,0.07479252240408124,0.1832393659971558,0.10374416721615587,0.07331095040157012,0.050843896488743975,0.07232117133244777
969,2.7421171020436637,2.6269492962867287,0.0013414721982137712,-2.872418323579044,-0.12133437066937734,-0.19265571125191988,0.02557925365894902,0.12148258807628828,1.0,-0.25216491279971576,-0.22121483746953416,-0.25063948394510766,0.0985725728646913,-0.017809079333108782,0.07107356417592764,0.1828310499515541,0.05675811674281721,-0.020574220012511555,-0.044190449834612844,-0.004377928814780243
970,2.0855256236573334,4.908468460426414,0.025893114376260445,-1.586815710280473,-0.2802194423096731,0.29846541432741025,0.14970663155327435,-0.07808393604350318,1.0,0.025707892338198146,-0.0003381318991296345,-0.187126549261349,-0.1655772428430562,0.04171491045045737,0.07771717022502674,0.20901834929307359,0.14292943702338162,0.0817944000584424,0.0192028963256459,-0.001225875808104323
971,2.082884509893131,3.082480125789247,0.001269446845289542,-2.896385479335938,-0.08394396987468317,0.2125787309301201,-0.10495784920652418,-0.09443955565489144,1.0,-0.2283005173932769,0.10245366175952476,0.1406206150271762,-0.006325869874910339,-0.006291769441189881,0.04905718072391327,0.18480966420986808,0.0829613204904955,0.07558916420980084,0.07328540362192341,0.05216311961968848
972,2.4259820549647833,0.6926503004478644,0.03314966868337655,-1.479520807823322,-0.1034190490506166,-0.11549645763629912,-0.14324460593001187,0.2767886278410176,1.0,0.2857182501136576,0.27995859065170564,0.1271279244018674,-0.21787521042874605,-0.02298138100819087,0.07899543449463915,0.19405740254603324,0.16237727530991475,0.13127614987213682,0.07879960512796556,0.019080691711260225
973,2.953444477048274,4.228351218998272,0.007427614520311149,-2.1291506434413927,0.20121046800727235,-0.15611302639896868,0.13950200000956192,-0.26615286664956195,1.0,-0.026423090450512585,0.07332307342833581,-0.07110728009652652,0.2978458700306175,0.005313874030868182,0.04857125972643901,0.1868077824844483,0.11729276046809048,0.08180915523538622,0.06998936943689794,0.10170453933899926
974,3.7754049368660114,1.082166884979455,0.0005221838087006626,-3.282176598428381,0.033746872425105746,-0.022615124413868815,-0.10547285927532654,0.05590698427409004,1.0,0.009658955386112477,-0.14723782524846293,0.0886005597703455,-0.18476826977496852,-0.026206811037893865,0.06326244491685903,0.28650219446858455,0.18777144676777466,0.0691058393763925,0.0433251763996941,-0.008769910555918501
975,3.3748087739118726,4.684388281449363,0.02752268798617113,-1.5603091532652291,0.10051299616760294,0.22503247730930462,0.2768037218461476,0.1637939446744179,1.0,0.0025188072159725073,0.22126847472694008,0.01987513000122416,-0.14505737992935255,0.13179290772697352,0.2426257472946251,0.2862157625816629,0.21278310502647224,0.17615998677494965,0.11051406834520622,0.07321341955016727
976,0.36576639445475523,3.394787351300823,0.00229580812445981,-2.6390644115573627,0.03783524287316204,-0.21391130690871454,-0.1262210009008195,0.13851241694761457,1.0,0.11356420805908726,-0.23655930162957345,-0.20977502440719217,-0.1099955881328993,-0.024199672129663594,0.07673689999211557,0.16799322453607585,0.0847459811641847,0.006757563670038338,-0.02198134461047414,-0.016277468293676024
977,1.9532666653302622,0.07546368286169733,0.002619922212618842,-2.581711603005411,0.09318782187724457,0.12997668680963814,0.24908350873204765,-0.23716338100317155,1.0,-0.0683333024339604,0.23786770653208805,0.048864536619646626,-0.21019724679008892,0.04753032340638253,0.05104941678925863,0.16521295196807548,0.09648007225740822,0.08752731804852794,0.04239544613371604,-0.0016764779512284556
978,1.4194591529746607,0.39274264273892856,0.00978644482857966,-2.0093750479050234,0.27414568893666796,-0.04275503149782933,-0.23809824938914068,0.14483289012785128,1.0,0.10934492164032183,-0.0283915335073172,0.14753566514655672,-0.046912669023075046,-0.023319516231986137,0.07391252837972888,0.19971291184968262,0.12269073187660424,0.06935567119524026,0.05822583788296594,0.0300450450272653
979,0.5323545827716918,2.4614908530742516,0.007400605012964564,-2.1307327744512676,0.26842896033542096,-0.03423625038779573,0.06868945340654187,-0.004513486041723391,1.0,-0.12365747587049006,-0.11628246255339209,0.1880947050376467,-0.07988602317742714,0.02726842398901246,0.08227801260876247,0.19288621418224688,0.08276766190781713,0.04595861832849403,0.055595927016478426,0.029173943822906646
980,1.5238980832282465,3.9730806087665687,0.003205128205128205,-2.494154594018443,0.1274854269786511,0.07931773746701376,-0.0542065272796557,-0.09591940126489314,1.0,0.1301326969804061,-0.1844605500485885,0.2910929135498007,-0.23611699506578993,0.0020602174839551494,0.06930924070783377,0.18854885737031254,0.11473853630527242,0.06994556845312785,0.07066209718081559,0.021094865463740217
981,3.0765011140625016,4.015289366586312,0.00324114088159032,-2.489302091224031,0.17390673182198393,-0.2842144676321722,-0.12258888114818899,-0.10291664426403475,1.0,-0.19259008051215237,-0.049552344303182914,-0.24330800159989388,-0.11040159689461211,-0.0550094668903256,0.01322082990061577,0.16257819712804336,0.07029014614509985,0.01582750076020761,-0.03681975641281326,-0.036069550773413
982,4.228862331422371,1.1562120812824648,0.0661732929991357,-1.179317252907123,-0.28614592862376537,0.10712638626052513,0.2482398653042014,0.03856537612983746,1.0,-0.22061575829283203,-0.08161392542273739,0.08402714362310845,0.01935114717231461,0.06050347714654963,0.13859697361239573,0.23987571736582658,0.08800491599280409,0.040423166767835784,0.04375822367430571,0.03840941577994724
983,3.0128736490313464,4.87258720784593,0.0005221838087006626,-3.282176598428381,0.0156617536445657,-0.17706734132579474,0.13418702979630154,-0.24081323092225618,1.0,0.04534513416532255,-0.10350260507953918,-0.09845111866297053,-0.18584131405561344,-0.011461051938261765,0.021894158697864954,0.20611722447482794,0.1400696618453118,0.06259852064925323,0.00964397490275989,-0.018593667489489887
984,4.236553819525645,1.8724096491577722,0.020356165370210313,-1.6913040296459583,-0.2626784605844038,0.0644363598073731,0.2672446245912526,-0.07309183318619589,1.0,0.2930369792558822,-0.06256592622717629,-0.08215044357874318,0.0277830541054614,0.04841952089697459,0.11163559686475541,0.2737366447915089,0.2077236761911601,0.10008879812210868,0.047930845806673714,0.04472045392587503
985,2.028703697485995,1.5137491838796022,0.12033635839815615,-0.9196031352036435,-0.26377622537352735,-0.026309457437885764,-0.23440811737353967,-0.27484748967518696,1.0,0.2060682696798719,-0.2574285160134452,0.05860225997006463,-0.25188378644363807,-0.06834782233389504,-0.001321620940627896,0.12971514289101785,0.07417048874002026,0.010026998082360634,-0.005065438086280574,-0.028562798835441335
986,4.092084574528661,1.1201877099554458,0.0019176750216076059,-2.71722498855258,-0.21364594105580637,-0.209850181267428,0.12958201866701985,0.051022242462419196,1.0,-0.18721740826620079,-0.21732705905846816,0.15689982868307897,0.25266415486836497,-0.0044434099463757405,0.08936616820572457,0.19010031948108647,0.05824210694965906,0.008744372475283426,0.051679490678249666,0.07614034809230248
987,0.9170617865511892,1.2566163799007892,0.03104292711034284,-1.5080373348386429,-0.18931319332435814,0.10655376379963068,0.020503008656155286,0.03202507928433427,1.0,0.2996392741172308,0.07909269661998686,0.24875147913504736,-0.19495858696450064,0.007045818859320441,0.06676495965048347,0.18859704795919446,0.1481158507946193,0.10535857043051809,0.08225622951206145,0.02585451662958218
988,4.224902010272042,0.6102121738769224,0.000864304235090752,-3.0633333589517497,-0.16177124741517065,0.2129632071457086,0.08020606518374133,-0.057403761306970655,1.0,-0.05016761521343288,0.18454020066794943,-0.21442449537927105,0.04566787165539108,0.036760347365960386,0.08658958762380016,0.2487478205478395,0.15667386526984195,0.10394792637476934,0.02032999124703769,0.025249404023626482
989,0.5532676706286055,3.0126975902441604,0.002619922212618842,-2.581711603005411,-0.17687242151339228,-0.11055114084140535,-0.04410317560380835,-0.09206929866313024,1.0,-0.14536316714114578,0.07085245396129781,-0.055096653288221484,-0.04403900808405326,-0.03872551500020476,0.05588469723613726,0.16683877756601512,0.0699707936381143,0.04648618628297603,0.01656842439525377,0.011243103599134083
990,0.5442028316101604,1.5203525238910007,0.00378133102852204,-2.4223553015934174,0.061732354744098106,0.20393936996858014,0.20828623753141648,0.27974958155982493,1.0,-0.18167974835110046,-0.09921256274075736,0.07723577154089996,0.20706369196570013,0.06772072114569172,0.12492192160960026,0.18160420408327946,0.07273016156929468,0.03599975942865849,0.04683395573396518,0.05981404905501675
991,3.4397301017875126,1.6127717819456089,0.0030070584845865744,-2.5218581251797536,0.09026769709412232,-0.18079020119308836,-0.021267039752258052,-0.10477580823837052,1.0,0.21830194959752283,-0.2511916325335478,0.07813072088646744,0.27617613845533046,-0.027090990011811148,0.034267750175755764,0.2067165963440936,0.14704894780830055,0.045265009716757065,0.05557591370740103,0.08810352621558767
992,2.390514501948368,4.4287286429768065,0.00465463843272832,-2.3321140488973753,0.17813859701125237,0.29593977599670346,0.03612155853121883,0.04048777444690572,1.0,-0.22712871369829626,-0.14009150691312885,-0.2260993537020448,-0.2907100695531139,0.06130672308439899,0.08881946452712569,0.20158271947971657,0.10664000995219768,0.0364497648499901,-0.017098614168678132,-0.04552627828613715
993,4.678081360557277,3.600734703324049,0.003556251800633823,-2.4490074963648576,0.24417744012837647,0.012995774370585656,-0.2554498055417605,-0.2787614759403333,1.0,-0.2768633106816267,0.07791258604250995,0.269314633009364,-0.0774818320745377,-0.06317545446086002,0.05779614509135407,0.13263507925225645,0.05225412969491794,0.07711854428948761,0.07520769947474458,0.041037555512429096
994,3.000920642409463,0.00612783015985047,0.009192235666954767,-2.0365788499044077,0.12152905629435884,0.22613119823412473,0.08406409062133713,0.2206280863270416,1.0,-0.07179260388289582,0.06358936376027768,0.21695431573504467,0.12262767858854601,0.0680989344833267,0.1414530998563232,0.24329087214887282,0.13117414237858369,0.09395186957210527,0.09901092625776439,0.08288340761025118
995,0.08638412251191493,4.554161157057318,0.016727888216652262,-1.776558882333695,-0.23550133486159402,0.27900169691101806,-0.24594429880674,-0.090445941381191,1.0,-0.030204102411072686,0.1882570217290228,0.11287662411861638,-0.23674029856374565,-0.029415842106036285,0.040016101860754924,0.1268193660615435,0.07978000757043363,0.0761098263675769,0.04588583708928982,0.010527204287826561
996,4.952050866932963,0.9661670149902396,0.0006482281763180639,-3.1882720955600496,-0.05023789657304821,-0.09463514179585812,0.06835707181506627,0.24480705342878725,1.0,-0.19020464764283643,-0.08400302188344522,-0.09401203239556008,-0.17028611290480403,0.019884012350544232,0.15039789374997106,0.29818672554485054,0.13426095879209882,0.04041257807227093,-0.011105939207544184,-0.0363317336160149
997,0.19473678714417342,4.974685342114075,0.005879069432440219,-2.230691410716244,0.14738316840961088,-0.06902821818271204,0.25620467327759516,-0.17800101019432177,1.0,0.11020727537586388,0.29366678404254404,-0.19731284591661638,-0.06265213690411875,0.034761277117983914,0.05412970245156243,0.16636510000660715,0.1320824128011539,0.113228926612253,0.048989891936665676,0.03632704097095345
998,0.9841512440752459,0.7416628415163383,0.0005221838087006626,-3.282176598428381,-0.01028431422431616,0.09569641925538737,-0.06569581538830117,0.1075204847775142,1.0,-0.23508227683498906,0.13891231134910453,-0.1853496087762958,-0.1208442728792905,0.008241043190175953,0.10277364497105909,0.1712456482467079,0.06476655486263655,0.03914218309339485,-0.011678329993205425,-0.015024988387069463
999,4.156566474004554,0.3162977305669589,0.00081028522039758,-3.091362082551993,0.11451247861205617,0.009195991271467063,-0.24491085262840795,-0.21334200110669416,1.0,-0.27610678435881064,-0.005534024110573421,0.027207195798376025,0.2138503959095527,-0.06665425949756075,0.02018674344448155,0.1676079947528562,0.043503000001820974,0.020983548156515895,0.037049082608250516,0.06429763560060907
1000,2.1370473215727372,3.841702815141443,0.008012820512820512,-2.0962145853464054,0.2784837814839998,0.12188662867155761,-0.19356080850932503,0.08638900338144952,1.0,-0.04629113985654212,0.06745285910854228,-0.013018736543764698,-0.0473938038357458,0.007688643428612806,0.12017434968791581,0.24318021865273592,0.14557722235334117,0.10358902304967868,0.0664788770269407,0.04694601155368026
1001,4.806836402343188,1.748187304992153,0.005257850763468741,-2.2791917448789185,0.1926824657051041,0.24434724516514142,0.05098682155692797,0.05065149299455161,1.0,-0.23278057486643194,-0.009030949497821706,-0.11449052783616293,0.16806230230534772,0.0788103347053296,0.13616658606916066,0.2800042839335579,0.13146025858695665,0.06175808497302636,0.031298932422094014,0.06564505911151403
1002,1.8578018002009264,3.023373858430883,0.004024416594641314,-2.3952970688593815,-0.29705096855370905,0.030214574917549863,0.25160645339073473,-0.15569893049716926,1.0,-0.12276437168856538,-0.021338762239390074,-0.02007770743124442,0.1868514207918539,0.023340118926280955,0.05363354554911425,0.17925114217380883,0.08726312607603351,0.04704455086428479,0.03962182821470443,0.062150911257812906
1003,3.3636930216716694,4.436159303540296,0.0033041630653990206,-2.4809385277392284,0.16122694155057885,0.189374598386536,-0.2558177996871444,0.2771668421431745,1.0,-0.220499839833122,0.14311743308206534,-0.07316897758885856,-0.05418668674018272,0.011379625194471126,0.1343271871367109,0.2241505742017416,0.12109444708681462,0.0958393372434131,0.055220902727578035,0.03952569757368942
1004,4.740094662002542,3.9357363947253705,0.0018456496686833765,-2.7338507309355635,0.22019551891673148,0.16695015914941638,-0.28068713087029795,0.23890238813736753,1.0,-0.22809964183951537,0.20295861529491196,-0.19579089318199877,-0.16662849165308255,0.0041446534908189964,0.12080098542221111,0.21995205390343034,0.12239277310397936,0.09342236183497529,0.02372596199522529,-0.0003629622156085167
1005,0.6956598397392313,4.257570680666556,0.006176174013252665,-2.209280476284566,-0.1335003821238753,-0.20670698384444466,0.11019290993895951,0.04817620647073637,1.0,0.2124481587152363,-0.29855190462284587,0.047695851925784294,0.2719835752949658,-0.006687122931651569,0.05615373061295391,0.1715922844202967,0.11241280776155113,0.034450477279799746,0.04715212896686047,0.0729440047320145
1006,1.8719482872581772,1.2922359154761665,0.005960097954479977,-2.224746602551618,-0.11726509616380532,-0.22664522238358112,-0.1820438451849589,-0.1449210991373603,1.0,0.022028318295724537,0.13292271047609563,0.23508108445575274,-0.007788030188898942,-0.07531065941958014,0.00012046245693328597,0.15715025088603804,0.0999235848740583,0.08747728647197417,0.08376497229875018,0.05012494656992831
1007,4.513204781876406,1.778215609716359,0.0005491933160472486,-3.260274756980551,0.24674257129917543,-0.10677217406159435,0.07220661623437653,-0.23124004809581966,1.0,-0.2931507591797641,0.04477632888119971,-0.16516710808241625,0.11334749490738169,0.002238676331790341,0.053009588521070086,0.18295227552849702,0.06056029539379112,0.026629509566968156,-0.0009705690793262783,0.027348097651556578
1008,3.9270937729506277,2.9812576244386326,0.0016565831172572745,-2.7807867689817813,0.140245369431257,-0.2469676402912928,-0.1680396881676735,-0.23308717651453792,1.0,-0.12499674376147774,0.10955722755492793,-0.08330909115871506,-0.05904884209955769,-0.0797425940092555,-0.02174225190277864,0.1663981176823775,0.09382220174459538,0.0651568173663928,0.01946329866577671,0.005450994732326492
1009,3.7246512327477346,0.2344185944161188,0.03077283203687698,-1.5118325336065999,0.29949986256884925,0.1604689830300314,-0.18934498708479852,-0.06769019477827527,1.0,0.016539388258723874,0.17740187514631753,0.2744891385559632,0.20490887012487288,-0.003362255869395965,0.04792392511246154,0.19293517519752032,0.1308177283285929,0.11558888866860784,0.12325556300731297,0.10846590836346594
1010,4.435348435959611,4.901601273878894,0.08369346009795448,-1.0773084769450625,0.043207509815428556,-0.299931309898996,0.15121902699588644,0.2196580140921576,1.0,0.07720447965749903,0.17301463410034104,-0.16089806443250984,0.12001581867808665,-0.0021774668826595933,0.1022231571208843,0.27978611406287984,0.23586562215469198,0.1808093006635739,0.10325560046714914,0.10103583306514761
1011,1.4013738855246403,2.509219075488251,0.026073177758571018,-1.5838060344662086,0.23868801977471374,-0.05168930831708276,0.029602160957212506,0.2667417997601133,1.0,0.113396847943023,-0.25273081578633283,-0.14968285190355837,-0.10876279090655484,0.05192147586588382,0.16975014860099794,0.19795102055274413,0.0876163949438288,0.013472563375037667,-0.006906209773703155,-0.001866595310345794
1012,4.314690452268308,1.006542127819101,0.0006932440218957073,-3.159113866818836,-0.16742217378895857,0.04853265405659175,0.023372862477018908,0.20576199017108537,1.0,-0.27934905496323786,-0.10899060882962526,-0.18840330500399863,0.06601495683432206,0.023606124932849134,0.14950803461541423,0.24288421373574157,0.07351332832700182,-0.0014392681501824134,-0.025846347830682657,0.006573650120079019
1013,4.541594535233632,4.317384262096047,0.008652045520023048,-2.0628812043227724,0.10413614173208556,-0.18363197039105725,-0.05984508127552624,0.06904656492073755,1.0,0.29233291121278976,-0.2856631030786268,-0.22102065285942377,0.14799559768113976,-0.026863201347484225,0.06566429742615386,0.2526240314182489,0.20836113205887907,0.06559186436623825,0.01035557576925,0.044929426710830424
1014,2.7439573876685373,0.45581008523311234,0.005680999711898589,-2.245575232747184,0.02579764059303122,-0.17484761786493816,-0.2235964672084677,0.10405866903041824,1.0,0.08684443463215112,0.036923750011282494,0.2702974557406433,-0.15781684306220292,-0.056857965188326115,0.05404871860463499,0.2065396569938463,0.13484260715697238,0.09406068141022363,0.08615279355403928,0.02665486419079711
1015,2.236705293458993,1.1956387919834195,0.007013468740996831,-2.1540671343187534,-0.13394283013763011,-0.26246926453153957,0.08608677463333876,-0.1486020422608931,1.0,0.2056945956331834,0.2509979618322041,-0.07634630577363703,0.06036282688644161,-0.02781806483316202,0.024659749960725875,0.17630381747991072,0.14642084271543213,0.11283832732643527,0.05459170654519631,0.044526013752079256
1016,3.4627680429415304,2.304633280324546,0.03739016133679055,-1.4272426608814397,0.24445606035861625,0.1846317825433098,0.0037874735923003385,0.20263823675931128,1.0,0.2615676750748883,0.14401396114597176,0.29162813576495944,-0.03624791889128718,0.05881512303328668,0.1494288536558125,0.26428851288798955,0.2091948637285502,0.1710979735796456,0.14952927965093613,0.0949010009356606
1017,4.4693296817792145,2.720847661586832,0.00614016133679055,-2.211820217334839,-0.2041511165319059,-0.23889537274762696,-0.053666215782391245,0.19254316869525015,1.0,-0.054065983606542585,0.0531939856630935,-0.1569266698977263,-0.00891971015307499,-0.04976824637192969,0.11675611997393734,0.26835784343806895,0.15179716518890615,0.07971231861091226,0.017188340611098973,0.018027994654464363
1018,4.57189223255651,0.13695173360550703,0.000999351771823682,-3.0002816132046606,-0.1622619113359082,-0.004082883411970506,0.17873619488001413,-0.25501474965766174,1.0,-0.1785133841915085,0.22047335643539578,-0.1654739453737409,0.25069553464378774,0.008070088945069718,0.048660533772514364,0.17548534269532495,0.08773580308022651,0.06696894591431445,0.030537852805811585,0.06292352088020137
1019,2.358427836307094,3.237977340362238,0.007904782483434169,-2.1021100760852156,0.2826154255404291,-0.2421356449727676,-0.1965914443232318,0.04155855682139426,1.0,-0.18420013485782227,0.2637237140437573,0.18447027042277198,-0.035604741180205846,-0.03940422659585816,0.04032127438147708,0.15939073351758137,0.08740481416973443,0.09964208276091002,0.08835043940634488,0.0556934328073517
1020,0.4343547293479841,3.9591037568973513,0.0019176750216076059,-2.71722498855258,-0.12409541631916865,0.09636918377483518,0.19667362541736344,-0.10694661134836549,1.0,0.1698895013693507,-0.19277052801631653,0.08204653843491998,-0.02826166752181638,0.03271996963406954,0.0667167801410772,0.1954862345302724,0.12899381018384945,0.05823757840222758,0.05232991208022985,0.03942254211757381
1021,3.132351395066789,4.450753843897811,0.004852708153269951,-2.3140158268045794,0.1616972146843729,-0.13422520903487403,0.11129916945727081,0.14353049536922355,1.0,-0.2078112086306917,-0.2104686445894845,0.24069194400803848,0.11939999604943309,0.03413210454805702,0.12747012974165634,0.2171728983290323,0.08771779276811721,0.04814688828447782,0.086364910452731,0.08509270406176427
1022,2.8223418211212636,1.2965972001419264,0.030205632382598675,-1.5199120674863071,0.234659129955613,0.1452846895287332,-0.10669890367276608,0.07958778520085653,1.0,0.2949781230222612,0.13328268675048974,-0.09262140254330652,0.2726777940877754,0.017156840781713745,0.10106565596435621,0.22247758101051468,0.1757415040570199,0.11018186697358559,0.07411229644604354,0.08870402219618813
1023,4.949101316192818,4.991497310976434,0.002619922212618842,-2.581711603005411,0.05654172098563537,0.0543712142838235,-0.2161004123456373,-0.1611825351229901,1.0,-0.05843443449243558,-0.016574801055436215,0.13235374758695564,-0.16985314006491603,-0.06011669601547173,0.006581491195711054,0.2508296145642711,0.16924288700600382,0.11268938035621837,0.09497716415636374,0.03474342153843234
1024,1.6524062113610516,1.1376733810846775,0.005320872947277441,-2.2740171111100627,0.17991014686580767,-0.1320010070741661,-0.048370652777346375,0.043998703932336354,1.0,-0.268894087468358,-0.13883566664894315,-0.22321421032876096,-0.18761668460989658,-0.007971241065237483,0.06164410031371262,0.1613000863798813,0.04319762354371185,-0.010605429056923988,-0.04687648768594814,-0.04685616158476439
1025,2.6740602811452394,1.6552148281394166,0.035994670123883604,-1.4437618022092198,0.18366293716889065,-0.17609464847977138,-0.2819730481595088,0.23090525616836516,1.0,0.2895925249763008,-0.1557919662262435,-0.15626646335637887,-0.1609232258609902,-0.034243641009392214,0.08114038010426629,0.19028752673968047,0.12884172266859564,0.04025558905968512,-0.004714224242191926,-0.015500267883988507
1026,0.14052387394213742,4.121941889638787,0.040487251512532414,-1.3926817044233761,-0.2648510220862859,-0.22288992406600927,0.010480053574327618,0.27532699833658836,1.0,0.24020974267563988,0.05927269438171354,-0.11174193901378456,-0.03428744172842004,-0.018112462446049426,0.07818768532516049,0.1829131671528581,0.1380681604208822,0.08468663723542424,0.04042882500178625,0.03066908892473544
1027,1.5673842011220815,4.235040401232643,0.007751728608470182,-2.110601440537663,0.27519104480601025,0.12304446950532234,-0.13338110947174786,0.15709375232223213,1.0,0.105243632627341,-0.11164030385832113,-0.2513232524217447,-0.07484073959927508,0.020756438403940557,0.09800284872289844,0.21662537116728436,0.14661032453987052,0.06366425009870225,0.00740866299904594,0.006667345636213249
1028,1.3062524512862526,4.934685534111615,0.0030520743301642177,-2.5154048937882356,0.03969860904510329,-0.2183532547654281,0.2701685433986049,-0.20188663158624243,1.0,0.2009401424937228,-0.10565554083688167,-0.0029671004204311234,0.17673248488079832,0.016087769531993805,0.027450675272281858,0.17489867004513623,0.14744958189266077,0.08121731875390578,0.06174658102040394,0.07708416272494578
1029,2.0760422559709553,2.0475315712561897,0.00985847018150389,-2.006190472815181,-0.19029156493746097,0.1707737542985897,0.048046202427599626,0.08959570357567655,1.0,0.10828162989545494,-0.08599971800447183,0.04897815088756856,-0.2500272044027591,0.036660295756801436,0.16261668010987046,0.21391298800178238,0.11483809905534673,0.060478271491010246,0.014627012155705015,-0.008785419732558628
1030,1.8032419770017665,2.069669731596263,0.03521139441083261,-1.4533167760391874,-0.026773499579807892,0.2803281066918602,0.1534167118759312,0.15523526784119268,1.0,0.018039261132616866,-0.28488150225957665,0.1810476329932826,-0.06633690450799835,0.07019774434757654,0.14137567077510835,0.21854944101993676,0.10273426139617106,0.03733701789733206,0.04979145376583088,0.029922739223613534
1031,2.4525643275233455,3.3164565286196437,0.0024218524920772114,-2.61585231198891,0.07709202903199072,-0.22454655934891904,-0.12947173358164432,-0.28529971621841216,1.0,0.1593863019616634,-0.14995457709606827,0.21169608358829078,-0.18615267440477398,-0.05930850497813129,-0.01899555242760434,0.14204321598208297,0.10246746076897975,0.04979793008086566,0.048768056959935406,0.009208744878197183
1032,2.881572697057001,2.2652785077404767,0.009336286372803227,-2.029825835602277,-0.22974218712744068,-0.26985779673532334,0.100732811444541,-0.23417412559116324,1.0,0.2990345813914889,-0.2577009080969627,0.27292923119535795,0.12564205685029342,-0.03458977027345559,0.001526249659877708,0.14347754033198507,0.1121361372032616,0.04409191345617616,0.06490113727590983,0.06100717964654906
1033,3.7317246999492415,4.385708594054293,0.012514405070584846,-1.902589791737223,0.01728364407792038,-0.0881535562882473,-0.2581666839060394,0.2813977155887332,1.0,-0.13115662101387093,0.27212061658643755,0.18641874796614066,0.15962113594242833,-0.04626164234280414,0.0812461675409572,0.21769810870333708,0.1412252192382494,0.14516401020529918,0.14276970035529524,0.1300322548707126
1034,0.42660155527953386,1.4279288185240546,0.0006122154998559493,-3.2130956792850816,0.23796839245203083,-0.07229270988082087,-0.0942054529449507,0.05401432883546307,1.0,-0.25421747706528125,-0.18655139772172347,0.13723658612453363,-0.28816939486291,-0.0033317686385851445,0.07347317384668209,0.1313856890261726,0.025068876376386575,0.005196741077492682,0.0025331593255980135,-0.025279495379729625
1035,1.7608146413094794,1.8757263960986768,0.0243085566119274,-1.6142408278323306,0.18622079592874866,-0.27374767241585357,0.19813194765036973,0.10027724367197173,1.0,0.25035850939888754,-0.20000408486965185,0.009454411771095605,0.29440220380891235,0.02633133708208852,0.09626770596405068,0.1887572002670434,0.11765789899427759,0.04530802900956173,0.051858974185523855,0.07247131479324986
1036,4.573754889580872,4.150031507703791,0.032825554595217514,-1.4837879276723605,0.10325301006184193,-0.18286221676828798,-0.13205798344916095,0.17829610774751428,1.0,0.18687686457495234,0.26183431349326164,0.25146235274140055,0.20806947895670103,-0.0338169483238488,0.07533791642677934,0.24221926318770703,0.21546907496731368,0.2002788442417097,0.19337101619406916,0.1745555698732636
1037,1.191195645263683,4.462462606110165,0.012739484298473063,-1.894848152131009,-0.25657055174575466,-0.04050586582486077,-0.028533411782855355,0.07252664944210174,1.0,0.1824822239926811,-0.09593274660959542,0.06163035331379576,0.09562348608039055,-0.026846415305973308,0.06636085091070694,0.2223202868561267,0.16012452365367966,0.08725968143220861,0.07723182740651123,0.07654320119333191
1038,4.982142049301933,1.547016851747214,0.0073375828291558625,-2.1344469832513413,0.014495459717177427,0.19931571073337728,-0.25680653896181443,0.20465489650991017,1.0,0.11617097203945138,-0.2991924671236705,-0.23119061299518967,-0.1834804478890395,-0.00898875647333106,0.11543209576031666,0.2477080277861319,0.1396314250366583,0.00610549845388707,-0.04883897530458949,-0.05035680840761547
1039,1.1502493694747054,1.807987632999021,0.00756266205704408,-2.121325305929436,-0.07730496184086842,-0.010180065493880995,0.18702711470379035,0.2881296560563322,1.0,0.26320599549158885,-0.15913217349005343,-0.1857162516130504,0.0997810488459826,0.05000772076870465,0.13589538501722678,0.21393362932096444,0.13420313154879912,0.04341822851390405,0.0161922501055896,0.03227386494059793
1040,4.205882031157962,2.4068325313550427,0.016079660040334197,-1.7937231374387903,0.17642177292942687,0.28645415052446027,-0.22125178732711165,0.2863245815535561,1.0,-0.25596297765299786,0.18263970892821926,0.2508653901202072,-0.0032015555751156665,0.02721312285478521,0.13547704902390204,0.21127248766038792,0.10522044170649064,0.10915180368629566,0.10946930212143827,0.07437614031301452
1041,1.3899553941318619,0.8206868553153808,0.03516637856525497,-1.4538723530394824,-0.12675203082727413,-0.0390069209860468,0.2939610161842199,0.20804452474117174,1.0,0.2753070983173104,0.06061029907293107,0.22935855458301993,-0.19202506924690704,0.04945480923983791,0.10743370980588722,0.19910546183411543,0.14687227014943188,0.10015152104033152,0.07571717593597904,0.02425148663278797
1042,1.9364353528639644,2.0184729142010265,0.03596766061653702,-1.4440878083413078,0.09414854797858492,0.09474365628929848,-0.2062271421667922,0.22942078182325398,1.0,0.19841502687607618,0.009754292247832886,0.26576656481955685,0.16656457774562713,-0.0061336647657467104,0.08988996983035576,0.2104259671023,0.1530404234602792,0.10523860809681915,0.11348373267038002,0.09867247552976793
1043,2.1127050834204253,4.728947498367663,0.011452031114952464,-1.9411174806789229,-0.05520118269975981,0.07181207998996901,-0.18458485495710927,0.17325168877703698,1.0,0.22071068381885361,-0.2573988782233927,0.007130747305586493,0.07592614211955319,-0.020840078466473944,0.08417964800678114,0.23841341159932658,0.1745885521325626,0.06898978530025023,0.05690769537612403,0.062456926989779685
1044,4.504882569082414,1.919312854784705,0.009435321233074043,-2.02524330934361,0.194908799065343,-0.06611431066406964,-0.24719680172621752,-0.24258563886820128,1.0,0.17563656592865382,-0.13591077536440183,0.18484564709088094,0.28797485836325787,-0.06398720275033792,0.007794345568962335,0.17996279601386342,0.12393973395520665,0.06327972876966073,0.08974443285033282,0.1052126330886008
1045,0.6740098619933043,2.1609351604887257,0.05203831748775569,-1.283676753570789,-0.24314273658151725,-0.18236858668800132,0.04926297636027514,-0.08015928964335176,1.0,-0.25391162385852817,0.18216592792061428,-0.21255812773424074,-0.1695523475826072,-0.022825311784664508,0.02925684375245741,0.12302449710108011,0.044262096863692625,0.03473835652153558,-0.015087947003942932,-0.024126118230773805
1046,0.8188301320337245,3.4193620050642126,0.003394194756554307,-2.469263241785525,0.033908032297557344,-0.16339854361645692,-0.1668048585486694,0.19178849751701024,1.0,-0.24097525944223716,0.13834135232573588,0.2332848330275321,0.1178401154886737,-0.03325397282407716,0.0466761227825215,0.15619879324133382,0.07216416238971182,0.06870410651949914,0.08235271457915762,0.07393254470424404
1047,3.5670075526293674,4.487759637747139,0.0009543359262460386,-3.0202987267265478,0.20092925355345068,0.09912802145976796,-0.03683020388125528,-0.19045048631224795,1.0,-0.06701930096114112,-0.1836200411290791,0.13455480750046037,-0.2029301344431085,0.004000437029451935,0.12214049478262771,0.20270225073811038,0.08913391751799302,0.05360528436470442,0.03331615913865679,0.005786117845163806
1048,4.4625162773123686,4.893409075353853,0.0031961250360126765,-2.495376238936224,-0.1949922444759062,-0.04021552415640994,-0.19223872391395724,-0.053893714967382475,1.0,-0.2502784308774498,-0.03409054683548483,-0.05403859295750506,0.14997917804751074,-0.0890697159748643,0.03686050388178939,0.20576434154710563,0.07463479491767444,0.029230947692100592,0.026020031798688257,0.057398306893057215
1049,1.2833487537405435,1.3405719703234502,0.009867473350619419,-2.0057940378429677,-0.09247596678735998,0.23836498981322884,0.06421497354531065,0.058068382479484,1.0,0.22952986664039926,0.0954393572406065,0.02419675310517273,0.10209119729877687,0.039083131951137544,0.09927461176299417,0.231014315782012,0.1730492339422199,0.1134433425568995,0.07787854888531054,0.06925776669246382
1050,2.3199567784320356,1.953044645606695,0.0016835926246038606,-2.773762985454819,-0.12100977874928025,0.2687843290504505,-0.29105131177233373,0.1729150338936979,1.0,-0.2015325300560692,-0.11212681459036068,-0.11117510447553454,-0.21152542744371447,-0.018298385810281467,0.06742811501874385,0.16545095115710187,0.06468909438136863,0.012496788178293857,-0.01677749217755287,-0.03251609762496491
1051,2.3685136591484457,0.7426199237353557,0.00891313742437338,-2.049969397393768,-0.20836481293025697,0.16626518636918053,-0.011448836538443807,-0.07632222695123134,1.0,-0.14157575078612336,-0.13445147939737415,-0.06241845807114379,-0.25219604021513453,0.00035669871444414427,0.054159921959167745,0.1841725293427037,0.07340388495622485,0.009978555830130003,-0.021525782325621606,-0.047280800032150835
1052,3.107226357181143,1.8362268198120333,0.013450734658599826,-1.871253994511938,0.2841280594736836,0.2661751708829338,-0.16200574717136348,0.006155883909478033,1.0,0.01173116941903891,-0.11683009532643436,0.0054113562841160865,0.032804253605806764,0.023018803702631832,0.11656724956960914,0.2541753192893417,0.13778018022118613,0.0595806151009992,0.045725852827787926,0.04417927576675085
1053,1.3637037205154365,1.63510785618075,0.008895131086142321,-2.05084764740369,0.04929131485930647,0.14908038930832807,0.2620966051403788,0.006984875681083768,1.0,0.22375287859130785,-0.029504501969481154,0.0909930269032598,0.2748673377294408,0.06833096876358097,0.10261860699053267,0.22025252108630877,0.15728372223968404,0.09253962853480853,0.08748478892904903,0.10044531941620032
1054,2.2861090416035434,4.676167978078855,0.0037183088447133392,-2.429654540334917,-0.15117759925763968,-0.24074203111617232,0.020951917676966646,-0.1907318794691652,1.0,0.13222705812738203,-0.1331528463929997,-0.10337614330234653,0.037981772098080686,-0.05651142538510878,1.4078767036995927e-05,0.18086419188127784,0.12856292014292262,0.04813090576692405,0.014902195793581359,0.024453083158313238
1055,0.5704883311712657,1.762892837860771,0.011551065975223278,-1.9373779356163894,0.17762258014623003,-0.13326430891492846,0.0774215524642345,0.195590597687562,1.0,0.10716923901554007,0.05462409956078649,-0.036118215657295956,-0.12992192015609857,0.03078762445810228,0.12812594235237984,0.21405879044368284,0.12988645855979242,0.07823009739886913,0.03329420699348517,0.01140545372512286
1056,1.6641882979195002,1.4551639347108625,0.01754717660616537,-1.7557927528736965,-0.27160087721639653,0.13694442201429424,-0.21804284072040306,-0.12635761289317501,1.0,0.03731130727308261,-0.22722918919785473,0.014947675274323724,-0.0017494320621752712,-0.051106204720147236,0.038732780085710086,0.16569217128262767,0.0722728231323908,0.00547522641707403,0.007240350833705951,0.009613389325326157
1057,3.186846406938243,4.657282836953679,0.010155574762316336,-1.9932954923439945,-0.25487068016094594,-0.13755435299441543,0.16247300821673413,0.04547979873304315,1.0,0.20675461011754884,-0.2453032502548458,-0.11963210703933702,0.25247367475211663,0.000537884586584349,0.08645023641607613,0.21640965021932254,0.14494620857442,0.04670222086421924,0.03783543542944188,0.07382600201224038
1058,4.832152740230877,2.5060662017169184,0.09325482569864592,-1.0303286853094427,-0.2030329967969952,0.2536754170708447,0.21914723292237095,0.05925919702944089,1.0,0.24407065864308922,0.20949483012687964,0.045117379765272435,-0.1649916161395933,0.0780434820992242,0.14737534355856163,0.2855332292562925,0.237086455190554,0.18324465705023285,0.1090738405536531,0.049863369347879966
1059,2.167322920508407,0.5277553472259016,0.024659680207433015,-1.6080125597373567,-0.23491897204902068,-0.10104237552561247,0.2827151066000247,0.29117148635520224,1.0,-0.07524067069639319,-0.03463650078254745,-0.15246833582859404,0.1261582497716669,0.04664392536288258,0.12773074382055258,0.2085616154824713,0.10191692713636953,0.03985589712669157,0.009125801990235312,0.029577722687051094
1060,3.0451272737719215,2.0355803228361906,0.007940795159896284,-2.1001360068594983,0.0867807124875797,0.20737190526413554,-0.027862347991205526,0.21426252822335545,1.0,-0.05502955577707606,-0.12663559092045765,0.2914879905660057,-0.09568022541431394,0.04458765826815477,0.1324554043839773,0.2516350667444999,0.13680650448725118,0.07722896078701422,0.09520416541676337,0.05210253993139844
1061,3.2751010773083706,1.0455559156543992,0.013468740996830885,-1.8706729984628754,-0.1605613291749214,-0.17975833495753923,0.2736360685467358,0.14515742522309663,1.0,-0.16367524124319974,0.10488652449531626,-0.14589060330238832,-0.16640321460770308,0.03306495897540609,0.1067594264083995,0.2093524283047013,0.10284240604118774,0.06181702225657564,0.003285747528954142,-0.018861601512565315
1062,1.2253622213987867,3.4784818457482514,0.011325986747335062,-1.9459239508820678,-0.07304584877793045,0.2827677865475393,-0.14127229925649673,0.06312656787045787,1.0,-0.20954899170691987,-0.08570485076085944,0.09322885385486113,0.29128087935372754,0.00623339084121701,0.08826212290806225,0.16311758627481612,0.06064414625708688,0.03652289522775614,0.06287747468753452,0.08276069038281599
1063,1.5286305438943417,2.089226527708873,0.0012604436761740132,-2.89947655631308,-0.1161494631303675,0.01671058562204981,0.07050301994622318,0.08020967291026086,1.0,0.2893091663577099,-0.2595216490989626,0.036609302479726824,-0.1331678348668676,0.015129751034972095,0.08763339669093889,0.22568939474591443,0.15817383508240895,0.05195837598299787,0.03022710338408125,0.006485278199727996
1064,0.6868366435319615,3.33192147936264,0.01747515125324114,-1.7575790566029552,-0.23450941656851582,-0.20365001231834157,-0.028435836422947003,-0.24749311421161435,1.0,0.09970894338039993,0.02450363237053239,0.23595062171607947,-0.2879448951503852,-0.047688206775457265,-0.021844634526214022,0.11758333240451413,0.08780246647165046,0.061700565596071615,0.055011567664902054,0.00124209589534092
1065,1.9238599932602836,2.7738049265590026,0.0015755545952175166,-2.8025665433050233,-0.12951745037409795,0.08776667177204535,0.030955028881443056,0.15205689492415234,1.0,-0.0310007089389448,-0.21368042997197703,-0.20510936044441988,0.15337220123600195,0.036724174506703136,0.1674228636620896,0.19718166288737934,0.07397073225470667,-0.0023650243700806877,0.006971519102406045,0.032867873033725716
1066,1.8495504428608602,0.08224351606934038,0.004420556035724575,-2.3545230998683495,0.2282603904351633,-0.1520105484281439,-0.09179769529007976,-0.07013337655224954,1.0,0.2024330663030437,0.22511306317812174,-0.09128848704319929,-0.062109052965874864,-0.022960382489611887,0.06119296475608333,0.18887208317276963,0.1413576100661014,0.09601286567794484,0.032583413736451634,0.014014808715408658
1067,1.9047572746502672,4.413929469781288,0.006158167675021608,-2.2105484902712016,0.14964122023392953,0.0366613186735653,0.18291215035979086,0.12727288801471648,1.0,0.00841534123354719,-0.04817228193452033,0.18255437731739696,0.02857496184732293,0.07660412333712599,0.15248176266426125,0.29115608200296555,0.18721710790026785,0.12967997918483493,0.13086394346853777,0.10676704902614065
1068,3.266298788518353,1.617535845230278,0.002511884183232498,-2.6000003887177203,0.24525035262152034,-0.002349315393119522,-0.11424426529806937,0.03544552039204498,1.0,0.03489063812163975,-0.15015916674215546,-0.21924836379640303,-0.20066198472457655,-0.0033672708110596907,0.07802511701452557,0.23823431445599125,0.14087900114418297,0.03464651721501789,-0.03440638168579211,-0.04968489950551048
1069,1.1103041329290737,0.2653822153427663,0.0006122154998559493,-3.2130956792850816,-0.2678624454374937,0.05894685910037358,0.14487921372139587,-0.23466734761526153,1.0,-0.11393291957381288,-0.12963334627709963,0.09075905998010421,0.15131854434236855,0.004605020902934403,0.02855634060340826,0.14236105831408896,0.05258555715204099,0.014229507195511908,0.02836502938600445,0.040562033976322805
1070,2.625886107831849,0.008306061320209565,0.10313130221838088,-0.9866094984659016,0.29227071662368204,-0.28572230827278333,0.24295732522369728,0.25959910520713264,1.0,-0.07235438658674656,-0.22246839434502255,-0.06959420345473898,-0.0037650929327421867,0.04500099768372978,0.11999337395842131,0.20382209980514035,0.08947673691712785,0.011230941899501627,-0.0035697414110065833,0.0036850504671708004
1071,1.3299560752382948,4.441090211183539,0.054649236531259006,-1.2624159009160603,0.22265088349269732,0.25066950579656794,-0.28784925297031577,0.24324720839582262,1.0,-0.08178440396632124,0.23541127259810268,0.25184771257533334,0.24307003284194703,0.006872777915482816,0.08045481951830555,0.16249725065017215,0.10623768099089621,0.10817229484510058,0.1153239888450475,0.10966605738434042
1072,1.7005574826172518,1.8952586143195371,0.0024848746758859117,-2.6046955099261004,0.013447966494806752,-0.16688381500193517,0.11008958601597386,0.07164916117194421,1.0,0.1812040111820139,0.03540044317164015,-0.2594159543759669,-0.03048355705643134,0.014981254891395535,0.11246304218128035,0.23625641826896712,0.15788202865497475,0.07059623732503952,0.0006408355895815837,0.007544781634632702
1073,3.3581965000153113,4.69905398902561,0.006860414866032844,-2.1636496206517175,-0.15645579151786962,0.20608941480017468,-0.240212818746174,-0.29729538075062173,1.0,0.06412258411320841,-0.22423903966963832,0.1897916176796846,0.013082859751731046,-0.058689380475051615,-0.0007204785064279108,0.157663826474652,0.09104106467393455,0.03611188838489019,0.05545786600315797,0.045292384938405816
1074,2.1339380367770926,1.9496013441417668,0.02599214923653126,-1.5851578081105975,-0.1874823252376376,-0.28703689753612904,-0.2763082941075263,0.12635443533538984,1.0,-0.14213185722673158,0.22094505188148564,0.2554509547809761,-0.2258506580710401,-0.06383288937452594,0.043572110726001805,0.12657606572144395,0.06445251759012978,0.07489834241724248,0.05645723515355521,0.009337698643560044
1075,1.2226754901635766,2.757748827180286,0.004339527513684817,-2.3625575537524686,0.2081061303501453,0.04492043927899276,-0.13400431770889545,0.18114633799498772,1.0,-0.2050934317309298,0.2869602099158209,0.030948101721176458,0.21225450037703478,0.009253503221840374,0.10223791190940257,0.16739587825016874,0.08905136407720286,0.09325397714696013,0.0784901458284524,0.08019314674186946
1076,4.405498192571348,3.4330095959774014,0.10963159031979257,-0.9600642859543701,-0.2460555862737312,-0.006205849905705563,0.12113561257526378,0.2124530087081308,1.0,0.21520928305363898,0.22341176469171553,0.2624252629114849,-0.21552887329651363,0.02617775587105613,0.13478542926129497,0.2621312896819229,0.21605270818085306,0.1908186286724515,0.14833466645941382,0.06958610285312207
1077,4.120639641934892,0.5887880537337592,0.0019356813598386633,-2.7131661320757128,0.02458998713233349,0.12740931383535872,0.013673144710959062,-0.22517567460403326,1.0,0.11905514189735564,0.24649941509384132,-0.17306567910617038,-0.23144296425402408,0.007961697243023789,0.03341586156172477,0.21452516351474513,0.1729913496192003,0.1281348549781969,0.02360886191215651,-0.027104346918794556
1078,3.5099244382220385,3.757061468739507,0.1076959089599539,-0.9678007939152298,-0.20953949477292014,0.2638134223424749,0.25912219064634306,0.2117250593702081,1.0,-0.19919680615646745,0.0858393023972042,-0.045221326468934904,-0.16144114336171664,0.0852970374080469,0.15079371388896531,0.24497574497369726,0.13519263273158538,0.0963618364133931,0.052415409386166976,0.01992213243985023
1079,4.757649662452592,4.147829303708629,0.002106741573033708,-2.676388734581175,0.2790186807106477,-0.04614488693107469,0.12374307719625337,-0.15269063417741052,1.0,-0.2763439746308707,0.2563322548679982,-0.06695496663791962,-0.059491928581441283,0.04346043311117975,0.0732804958404811,0.22969137027163497,0.12696356844279574,0.12525558260853578,0.0723786444049654,0.045689814471324676
1080,2.891927301828075,1.9601608090745097,0.0005762028233938346,-3.2394246180074306,0.12206946036431081,-0.04177486314166829,0.20172164775912538,0.05728159416379772,1.0,-0.2359650253942054,-0.2221753474307382,-0.002187290154399113,-0.21998793689403753,0.054111348979715757,0.1288949870839041,0.21281399942276635,0.06336110934007971,0.002827637383681918,-0.012049010832058385,-0.031529761663825824
1081,2.229337496659648,4.2116123832181875,0.033860919043503315,-1.4703012585689188,-0.23201666134220972,0.24912441928106582,-0.23739047237227606,-0.22551079920132444,1.0,0.2864695676186824,0.2009785075370716,0.2802767148718254,0.21008199961250534,-0.03550285717344383,-0.002056444919547558,0.13058524821394502,0.12810099441757097,0.11607088822069203,0.11806415968138563,0.10660223732106122
1082,0.30097200674649305,2.586416447919949,0.0022327859406511092,-2.6511529111651018,0.11731282184960018,0.17366870091150136,-0.21755494411996398,-0.27582901150949196,1.0,-0.12188462967181668,-0.29059470256458964,-0.190407180516884,0.16934208357483294,-0.01910670676513115,-0.007705266105317708,0.10656945697950136,0.04236539110426866,-0.017305490952573947,-0.025866218987356134,0.008772282385763578
1083,4.4571950378368665,2.8331884215894703,0.003853356381446269,-2.414160822978146,0.17827188382388243,0.005687370450646112,0.19520613259900324,0.10689467098758147,1.0,-0.24969889353236263,0.2918764394158671,-0.20440350402854002,-0.1196134484315366,0.07966537625694059,0.19496394173782713,0.2169165483098965,0.13062163944265323,0.09378093436918272,0.02143483868607107,0.011266526638648619
1084,3.8880017822033457,1.9787339161491002,0.0024128493229616825,-2.617469797962529,0.2250673632850927,-0.1978905902233268,-0.05437327021456745,-0.15024158860715853,1.0,0.03443566724946645,0.13862825371434856,0.0897880062902574,-0.0963164159779941,-0.03473924676231627,0.02726957383367486,0.22283857070423704,0.15922867021999104,0.12525285562574856,0.0858685783080257,0.039533133091553554
1085,0.6233130071505327,1.4112674983805427,0.0013054595217516566,-2.884236589756343,-0.08023579466889391,-0.27852615335780956,0.22361801098006773,-0.20871737355023487,1.0,0.22383120701528264,-0.27428188344388416,-0.07698923288187312,-0.2930059027834404,-0.0029823411436143686,0.037788975697821615,0.13062946089243146,0.06947041333116608,0.005041805601296246,-0.020280822743581686,-0.03362870840237292
1086,1.4132624736840327,2.7700671353850197,0.004582613079804091,-2.338886809654559,0.2455826932355389,-0.13852871364512012,-0.2709900029412122,-0.28896241594871946,1.0,0.235936251241872,-0.017180283257298656,-0.06510996994882937,-0.22261547272301468,-0.05663694147382077,-0.015529772669691634,0.13117332975422968,0.10514809967309291,0.05401384537360057,0.011841415599429854,-0.01561482183040337
1087,2.329161546820426,4.000551320038433,0.008850115240564678,-2.0530510741591823,-0.0208364065150878,0.02755588166232461,-0.2762454249631588,0.27922156923090785,1.0,-0.16739868793848117,0.16453102075025186,0.16673021023543194,-0.08114880143085731,-0.03404289765683085,0.08721068311548857,0.2054551429427907,0.11416774867056725,0.10637608598190372,0.09437730082817314,0.05595940189495698
1088,2.33155653006971,4.484848981058011,0.02005005762028234,-1.6978843749572798,0.15176825523425758,0.011142899184890198,-0.28223020106827923,0.06574159085882955,1.0,0.24483150187618755,0.0665310666531171,0.2881436982578314,-0.0383549766660499,-0.035867108438634,0.07614985367324902,0.22197685768551942,0.1792665330007487,0.14743966240913053,0.1402133199392691,0.09405634966369607
1089,3.2449430896962026,0.5172397095617212,0.001026361279170268,-2.9886997406548454,-0.18818749030696152,0.16252742390655758,0.09153898121439323,-0.07573915390482273,1.0,-0.1487050632712339,-0.2867886357449075,0.2843102436442845,0.0981716401327418,0.021646601645896272,0.062436490339938,0.18236349332890653,0.0668079152620427,0.005045400635853293,0.05293583246726712,0.0538134149025447
1090,0.3329763234128532,1.922677112937122,0.005365888792855085,-2.2703583322510816,0.143351440472999,0.16220627449893826,0.06077910383546119,0.2845568952327803,1.0,0.048226400596115,0.23818013540411692,-0.053003256927552075,0.11189290159393972,0.05024476197980531,0.12504881597735867,0.20625520444677597,0.13471252377364698,0.10728312780111005,0.06602164220973825,0.06238654895981396
1091,0.9379929823656646,2.4799974046070696,0.0006572313454335926,-3.1822817318708623,0.16898688932590214,0.18822121184481755,0.009702894441201449,0.11440433338601468,1.0,-0.2732795115408199,-0.08308929176135817,0.02837198650742756,-0.09078512375284453,0.04340299168420443,0.12582044874565482,0.18840974109162012,0.059028276141189114,0.03090305579422682,0.02257005214819865,0.010528291685053554
1092,0.15526005462318987,4.759100085182106,0.02368733794295592,-1.625483743905615,-0.2863581047750483,-0.08239586290194531,0.12278483836507871,-0.04901063682281887,1.0,-0.24998869332618345,-0.09365464276997039,0.15763265533528414,0.26492420897032437,-0.006124200728344647,0.057188291408532474,0.12595233622304225,0.034811135827267484,0.02620498704303919,0.056451328185083714,0.06997321234471533
1093,1.3790577958006547,0.162703030059833,0.0010983866320944972,-2.9592447613165698,-0.12967735654198145,-0.10643663814680121,-0.13611749400547327,0.19904839805065874,1.0,-0.20561670907786167,0.10886286062887644,-0.08003554157672764,0.18161476066692553,-0.019594146509278213,0.09378325753156894,0.1611189799713695,0.060330672199631556,0.03894653932617262,0.025563852781132507,0.041788844261706294
1094,0.3113439846379391,3.6069742517643273,0.009336286372803227,-2.029825835602277,-0.14509790181192356,0.08912122833994693,0.24375767626189812,-0.12223638534721916,1.0,-0.2615811717870942,0.06271206257152692,0.10411176980433634,-0.11574566921817225,0.03493181919080245,0.061298307758909605,0.1536468915242605,0.05861052753448195,0.05304437414199957,0.04312800718520884,0.019222474864090438
1095,1.9287702998133727,3.6725308987280805,0.002043719389225007,-2.689578734798195,0.10608496773561664,-0.19888148924745533,-0.1510090662885241,-0.27922701522804705,1.0,-0.08097690130532732,-0.09959111764886444,-0.20878430224406258,0.2284334827206833,-0.059732571955141575,0.003824730989593922,0.12749111709399946,0.052054593454972084,0.0018379099687385872,-0.007758308640631112,0.031519058211657916
1096,2.555992771691628,4.691488428443901,0.00054019014693172,-3.2674533416076743,0.06533454623862589,0.013743740921494595,0.18211104531067626,-0.15770675844654725,1.0,0.19663910879706054,-0.2928396149378524,-0.1345539720747049,-0.09688326634605644,0.037561294114849396,0.06612796946346078,0.22541716107867305,0.16426982629913026,0.049809580971459294,0.007410899570423674,0.0017923160931182626
1097,2.4161713193453362,2.8235543996625885,0.005185825410544511,-2.285182108568106,-0.05056533090043954,-0.18626584352610534,0.1647261454016594,0.2098799735503041,1.0,-0.07548241830073028,0.16731623921619512,-0.23473532558884752,-0.055865964791034936,0.021905739507667856,0.11332658367147432,0.22513548951572876,0.13466299820836242,0.09183081456064313,0.018381853078710875,0.011285895761355722
1098,1.8993502087452774,2.53275987921143,0.0005762028233938346,-3.2394246180074306,-0.10810135102083922,-0.10058163549019158,0.2813546923180105,-0.21034186309986186,1.0,-0.08031343833471423,-0.008766491401071807,-0.13623539310633195,0.11010033849307077,0.022180313486306377,0.06627057432643428,0.17944747731032767,0.08595513973997125,0.038598795708988595,0.0146547597960199,0.03475303852011781
1099,4.201142399354138,3.3377273771486,0.02922428694900605,-1.5342560765011048,-0.10938275578612557,-0.157114521050042,-0.2971682756734499,0.04074575664148201,1.0,0.1344458845285642,-0.25914839182994603,-0.14200490563960508,0.1629708447910765,-0.09721277641655941,0.013371757663799914,0.20116310089700135,0.13826979387447516,0.02203179524813365,-0.005023760780059019,0.032858242007957866
1100,2.381652934206195,0.6677899236220184,0.004798689138576779,-2.3188773829647458,-0.08214084731139117,0.1535877012690594,0.17133621720834266,-0.17189056992539353,1.0,0.27817735313921244,-0.26283597405925413,0.2955577872330488,-0.004694246712787076,0.02304588618214115,0.10743297598407314,0.18061863886420826,0.09120578748677258,0.055348670966433165,0.06147353608536432,0.038171487628612624
1101,4.377159139492306,3.825784467799909,0.012055243445692884,-1.918824014979309,0.23503032999346404,-0.14365587837930582,-0.08330103412457529,0.16161344516888848,1.0,-0.17609250560875833,0.2167286983356181,0.19874497342745204,0.010078947111524017,-0.0063828784647557936,0.10033903140262769,0.251149724275202,0.15170839679411702,0.14917059980569478,0.1427975342535053,0.10611333169402645
1102,1.5912659535822737,0.38515815087528704,0.004906727167963123,-2.3092080897146756,-0.20862923975940173,-0.07648038375310669,0.05551047084941434,-0.194630292256605,1.0,0.25252725157088923,0.15908520609575882,0.06959387347471051,-0.1520479201508425,-0.01787317749447711,0.006932240191936648,0.16233680533801906,0.1441775264990579,0.10429820650444642,0.05941715205491079,0.013632742514339841
1103,0.053617785113069125,2.5103806512427966,0.01261343993085566,-1.8991664567055433,0.2671866719876022,0.1340210479186548,0.09690148309837317,0.07004079663854634,1.0,-0.2864589547627231,0.028826682850793706,0.15164445938616555,-0.15943671417765573,0.04534587641846012,0.10526777867002954,0.1528224753720498,0.052083285109161555,0.050706150190449016,0.04098531079242342,0.013393390683603944
1104,3.424075610793585,2.204366370969973,0.009354292711034284,-2.0289890444341405,0.06721060193051975,0.031401503367189075,-0.17692158911463593,0.136714387656813,1.0,-0.19488328591239945,-0.06654143687646548,0.2688340541026016,0.29566538514471624,-0.01751729208916821,0.07866085301561211,0.20773086230591725,0.09210990238310127,0.056913476127579694,0.10281976452167538,0.12193787293970285
1105,1.6051602283791542,0.629796025768457,0.05137208297320657,-1.2892728246702605,-0.23224002515112543,0.22189052472940687,0.018038406658575677,0.15407435714513684,1.0,0.2732048120502566,0.298278260326624,-0.23436467534148778,-0.2433768860407463,0.01932749476522363,0.07772910658023528,0.1723772173597055,0.14134567796627057,0.09874610597723313,0.01600387331559965,-0.014769425037770411
1106,3.8714554274586916,0.7190335477995641,0.0036822961682512244,-2.4338812839839763,0.044575610645926945,-0.17387302535771845,-0.2700690782146844,-0.0633843037452704,1.0,0.0452334463905754,-0.21670355567161817,-0.15356955172652353,0.2035705237960285,-0.08371185596410631,0.009942637849106473,0.19292753349939012,0.11002703449346683,0.005460122654475021,-0.015245980510860114,0.03259891696015228
1107,3.051930336051725,0.8681175254613166,0.02303010659752233,-1.637704051848683,-0.11428923471808129,0.07256481016913408,-0.1376615626262818,0.1958018516796816,1.0,0.2280130465224884,0.19850543182612687,0.11127513769102315,0.2584439874346942,-0.006279359967511808,0.10706389855255087,0.2236609655459468,0.17135024248796452,0.13046277590795174,0.11137115062867556,0.10587190762275228
1108,4.777832205551961,4.358526720750701,0.01295556035724575,-1.8875437980547127,-0.11149719168549839,-0.12200594074737671,0.2321419531534168,0.21908741092053444,1.0,0.1739066006919059,-0.23159960220841802,-0.27621953029892216,0.0796228765477774,0.04777788323112206,0.15910945806390303,0.2913438663685804,0.19690761787182498,0.06282130695642944,0.006537411151622753,0.033931145252537015
1109,3.729608197771288,1.4639185762085727,0.002052722558340536,-2.687669744990864,0.25453417503996734,-0.1704711946808416,0.1707965664014023,-0.2932123933284748,1.0,-0.2970129247883436,-0.16374481853891099,-0.16651556194999462,0.23199830996314783,0.007770724547191647,0.037473003421320046,0.13460982555234313,0.025096465520215817,-0.019258419701842933,-0.015183825596274594,0.028765310426205525
1110,4.908928390218767,3.2690955391229,0.010038533563814463,-1.9983297246071385,0.22684227250243594,0.037171674135265786,-0.28850014520356576,0.20141621437725418,1.0,0.044439741076093116,0.11634817953860274,0.002760063748609287,-0.21073503635902238,-0.027462607912821707,0.10112912038990259,0.2887756253142504,0.21390105699555018,0.15483745465274307,0.08762247464239754,0.02145383074672809
1111,4.443892595813935,4.573327812963417,0.0012604436761740132,-2.89947655631308,0.19728432775614124,-0.2029559878879276,0.06686796005312294,-0.05652751976096188,1.0,-0.28339559436451783,-0.040949457706031485,-0.04714974884065491,0.24649108448946253,0.0019403873472759621,0.0909034286141489,0.22572317867472563,0.08736770959950654,0.04498577803110289,0.050711058220451105,0.09262150044250209
1112,4.522288324820586,2.8280248830246455,0.00162057044079516,-2.7903320868880117,0.2637297701032388,-0.024765112653776344,0.11349708956156476,-0.040223156887631804,1.0,-0.17218634010880426,0.07970543739289335,-0.21310628752490637,-0.2643668528341925,0.04792947958994678,0.09769225570798859,0.2499435427078807,0.13816104385060515,0.08180237071264848,-0.006040678143354566,-0.047447336040565016
1113,0.951302414870377,1.0170736464066072,0.005798040910400461,-2.2367187246315057,0.18652785297548813,0.2999151936793964,-0.15545453888298186,0.13920753441591036,1.0,0.007865689560816213,0.016521030105005805,0.027941482989883946,0.1257281109601364,0.023304725970402625,0.11719816331407712,0.20136779326720886,0.10714628432045024,0.06436145928775498,0.05498005036938144,0.05514584337938398
1114,0.7122269620884719,0.3782733146173923,0.0005221838087006626,-3.282176598428381,0.12470193589969274,-0.1626877354550945,0.2583848598487196,-0.2595077018058922,1.0,-0.030342612664475386,-0.20870486553607645,0.0797629672938599,-0.1095144875552311,0.01927614437006117,0.03295348706192784,0.1438383382866374,0.05920497396347103,0.009486906209688593,0.009509033081317968,-0.0034921535391055905
1115,4.312037952497759,4.836836643525567,0.0178712906943244,-1.747844080892184,-0.2328417975778214,-0.06934389130834094,-0.05496909005902773,-0.04672527321125893,1.0,0.026639894126321773,-0.20641061261901725,0.2859282409933272,0.18063710447271267,-0.056477697103043116,0.028512034043550922,0.22521042559923468,0.14688123324831587,0.0695548016431948,0.11772508506285168,0.12916723229786978
1116,2.6056805958836686,0.8430302315086474,0.0108668251224431,-1.9638973218939688,-0.25955656727143306,-0.04881586036168851,-0.15787500266525678,0.09092056507278647,1.0,0.19745170769268489,-0.1228765203382709,-0.2919026814674141,0.187534899178075,-0.041505250393785616,0.04957292271141783,0.186302240181027,0.12768478201828723,0.031764943078680524,-0.015611522089530351,0.02296214461430063
1117,0.8151979467382136,2.3110006123782103,0.01841148084125612,-1.7349112796479573,-0.1587215475613716,0.11858743194893445,0.29315862315791275,-0.15898699060684712,1.0,-0.20207414114183472,-0.17415241255559977,0.08027238096300544,-0.20841038630428937,0.0374349453782171,0.0696740413553126,0.13688986449566062,0.038733847333679156,0.011200119348066181,0.005687488598027714,-0.012888570994145882
1118,1.2194483544255286,4.024115858970577,0.03983002016709882,-1.399789473694676,0.2069318149075475,0.2504947278149072,0.028614266064519753,0.2250406206335943,1.0,0.11998020741672796,0.06978072863731159,-0.25678201407782425,0.28574949690124296,0.06744531595626455,0.16536984745718983,0.19673257334750888,0.1322346960861341,0.06853052886968841,0.06246560485591685,0.07705359572509014
1119,2.9795860699951353,2.447255121284255,0.0178082685105157,-1.7493783047301574,-0.20982244186985846,-0.20823518685432502,-0.11359823767315452,0.1192223507012723,1.0,0.13090568313664033,-0.02868323747060404,0.15719499837951348,-0.2037523388548699,-0.05716573285652091,0.05273109593749023,0.20820520833197648,0.14587131334408063,0.08726668173438017,0.06474159811625486,0.011702474708305313
1120,3.360470187849856,0.9921785944863384,0.0038263468740996833,-2.4172156619410066,0.2319793572680405,-0.16083604116434358,-0.18590045822203508,-0.1272535170928961,1.0,0.16796450694652568,-0.1752487590145848,-0.0040525210369614095,0.20410635524704265,-0.04765775801010186,-0.0039796204076784185,0.17830221689409478,0.14300971871218288,0.04903047481378709,0.030813376947859676,0.05807108095663632
1121,0.9236916284871606,3.855578279620489,0.0009633390953615673,-3.0162208143061084,-0.09798485602421576,0.16926784812017662,-0.015393721551452343,-0.05492391467381023,1.0,-0.03964678378891997,0.12537253240573182,-0.07736616357930677,0.024186989499491916,0.00844959275302229,0.10008804234934306,0.22855837770598786,0.13654955834798435,0.0994725618704559,0.05653939134348168,0.053016412400437606
1122,3.1008147395342767,3.198132299777672,0.14918251224431,-0.8262820835719812,0.17088855047336377,-0.20119473079638825,0.2969769960440345,0.15885572830572944,1.0,0.25467104431014886,0.15082551475779593,-0.2871880022482786,0.08318472485883388,0.05253868497148894,0.11431912840825546,0.23049468428887004,0.19094199873347784,0.12553701503485756,0.046038228320349504,0.050611042453459446
1123,3.2606503554918276,2.7171570541612757,0.0006212186689714779,-3.2067555012540625,0.04198147348582879,-0.08399817426365193,-0.08851632600861292,0.2379522756625682,1.0,-0.26422208068004416,-0.0037775285371475452,0.14536834285045652,-0.07342713970598107,-0.010487941914623546,0.11634016217504188,0.24835638809430596,0.10329637400852631,0.0678461310003562,0.06919598385766033,0.03864721458879834
1124,4.849374479723907,3.06617818654636,0.0011163929703255546,-2.952182906829083,0.15816221025811175,0.054276432900769486,-0.08295016384263855,0.14560647545202987,1.0,-0.19704650665721257,0.12436106693457205,-0.13717105742326952,0.057752802115362975,0.019167619005997436,0.1290947065941732,0.29997626799394456,0.16676265043857022,0.11463602248227872,0.0531412521246404,0.05747185964875458
1125,0.2762809257185977,2.6018264082219367,0.012865528666090463,-1.8905723632003477,-0.15493875245493194,0.1902658486548749,0.25492797296596725,0.037440004444742915,1.0,0.23445774439812994,-0.23731515130955724,0.036531197811469386,-0.08920611147425629,0.05229000403114165,0.10379464775515321,0.18743904964720728,0.11104260839395645,0.04126081325752121,0.02989520988274337,0.017552376469348353
1126,0.2698758301411148,1.8595361254257161,0.0024848746758859117,-2.6046955099261004,-0.1507681909484125,0.2964364756000664,-0.24946311823840728,-0.06548605185652093,1.0,-0.06781859429160067,-0.2964409998914245,-0.18646836521056415,0.18609488734856866,-0.021442508524344855,0.0464250525511353,0.1204071474398594,0.034729818619320674,-0.02174425603583921,-0.01391787154802117,0.017012243978893917
1127,4.283981373347207,0.9842340221518752,0.006527297608758283,-2.185266585420324,0.270504275618797,0.0011040680673358061,0.2907124778957466,0.1601388688206173,1.0,-0.27781875610484374,-0.12010590444879368,-0.06064033259130891,-0.18963797458954074,0.09708238104828926,0.16785588867960918,0.23606342036867173,0.0786776898657468,0.019671937215396097,-0.009701023357086638,-0.026254276593997997
1128,1.8664147584344533,3.4819285826489037,0.006554307116104869,-2.1834732126782805,0.24057248196715342,-0.028081291028828215,-0.13815050992980613,-0.26972312990068537,1.0,-0.17545882334220425,-0.2970854139174637,-0.17038841423548415,-0.10137946158976689,-0.02543770714267147,0.004525832444972896,0.13134763483762316,0.040711312753441344,-0.02643168917936441,-0.04362812454213618,-0.03423817898438362
1129,0.05816324271903157,3.9183945625983805,0.004096441947565543,-2.3875931953342056,-0.0986504558137591,-0.049008385752486734,0.21445093479159863,-0.14326548231474567,1.0,-0.10454682073281037,0.2577449946363558,-0.2603187844139518,0.19503715815394895,0.015220862213008553,0.05980349157094351,0.13707791178650286,0.08030643560417763,0.0621190782700787,0.025122806967157105,0.047150461071105
1130,0.43997295966280264,4.341931400083015,0.0005221838087006626,-3.282176598428381,0.046349946854316905,-0.17939626598684894,0.1935122505527999,-0.2834546558944607,1.0,-0.031732595764135674,-0.07517326786503555,-0.17227792600815786,-0.016762631708126374,0.0024096435172987142,0.0228552446557953,0.15803040261447546,0.08349131693998789,0.03161996660585916,-0.0033293316373889767,0.005299013613980941
1131,2.5732688604486254,4.064380681410657,0.0016655862863728032,-2.778432863588304,0.22997888026647467,-0.1702758471465702,-0.1453682637961081,-0.24485274474791555,1.0,0.07496856054005596,-0.007266698678275573,-0.049904612636668955,-0.09450421610637601,-0.055997059331980764,0.019498632182471987,0.18639054106664557,0.12227927465697556,0.06872240031375929,0.028470883610014947,0.0118337833250559
1132,1.4079250534120946,1.6025954371487563,0.019149740708729473,-1.717837102088589,-0.10450542133096449,-0.20140047050717516,-0.09555354894026356,-0.26305793991662835,1.0,-0.24124481698605163,0.09199778186603062,-0.15920760864231953,-0.21421326942398414,-0.05274448190200762,-0.009099111030448845,0.11119855368488034,0.03425885698549177,0.01909586137564209,-0.02317637083308087,-0.03766993681695952
1133,1.9262307940228427,0.8069560615456464,0.007049481417458946,-2.1518428299333747,-0.21768229116077456,0.11551304748869079,0.017576081451170445,0.010375490480803462,1.0,-0.181231874672824,-0.09961063408049993,0.24742664870455963,-0.08684343859713033,0.005747828885201298,0.07236584421983573,0.1901955001835772,0.07063527474239753,0.03620593813563319,0.05595709982516494,0.023830596931197046
1134,3.4514365947994126,3.570082603552547,0.0076526937481993665,-2.1161856662770253,0.21491615829760158,0.10524563823754844,0.04610213665791924,0.24894128714544317,1.0,-0.04910899907999704,-0.2062549717524667,-0.08752083032972176,0.04558282554912245,0.07487520715998383,0.1912679596551566,0.29765560826913606,0.15570318228838512,0.05530482950191684,0.0354573717496638,0.047479301818992695
1135,0.9019989811045065,4.83973203372572,0.007805747623163353,-2.107585494515108,0.19978391414558808,-0.13032551360690878,-0.11581211946565671,-0.050143995996291234,1.0,0.24316124206452808,-0.1410472540193052,-0.07065562662748914,0.20132318049516898,-0.016496210452055907,0.10499235112292017,0.1829649792459021,0.11049531486661618,0.05122342433977976,0.05855751730833742,0.06637820631623013
1136,2.5359212081253872,4.197967633138433,0.003286156727167963,-2.483311727534843,-0.16164758296859488,0.07726191904577591,-0.12926478332965322,-0.20589183698839963,1.0,0.2086117403984439,0.10712300593370953,-0.13985150873983435,-0.09894021856779163,-0.04332816716272546,0.004165703071131416,0.18366247967195512,0.16107140541805723,0.1074358205214626,0.0390794967632763,0.016491504140882424
1137,4.963507449917882,1.7242813111777315,0.0036282771535580526,-2.4402995458502086,-0.010551208003485912,-0.07903022594110108,0.27746134883145696,-0.1859880246323956,1.0,-0.17671880751688807,0.1766803549806017,0.13653055314234547,0.20570977135555868,0.04207372504037784,0.049806830770674604,0.21764011525605265,0.13434213937584186,0.11256458740654683,0.11170896172376872,0.11970683626561536
1138,4.447079293210014,0.8317696840220296,0.0020887352348026504,-2.6801166071004183,0.16780537248731173,-0.008157740810781,0.0268623391625846,-0.2920600476524341,1.0,-0.19120009286708614,0.007424489816619339,0.18295793799969864,0.13658815669910762,-0.0018549934572407948,0.016478752617759634,0.20249134960833756,0.09083551215185524,0.06120059074754785,0.08376953408488855,0.08591600456389932
1139,0.4896284205004073,2.90255518174534,0.0007742725439354652,-3.1111061407477503,-0.18280107262938497,0.1717636899609061,0.16898922939013497,-0.19902838354039612,1.0,0.039338671913569365,-0.027503935693986046,-0.265751546014839,-0.030814906188399282,0.021103539625673552,0.06353097580771735,0.1645363234024735,0.0908090296911574,0.030285851938035867,-0.012897986753727449,0.0003143063777631148
1140,2.0362178870713588,1.1870301049050902,0.0005852059925093633,-3.2326912353484625,-0.1355359758797305,-0.009771816530590205,0.25105043071777855,-0.20885180419457372,1.0,-0.12228429935245803,-0.02412485913990059,-0.11600275785015451,-0.13241172831746992,0.028447105202546757,0.04971161216633646,0.18218292697176355,0.08249545324829645,0.03260140081002149,-0.00920374013362973,-0.019821233728807595
1141,4.420461365158685,2.635144841386716,0.001836646499567848,-2.7359744245654194,0.07975343965671186,-0.20012269342910954,-0.11784589179146958,-0.15496661587547392,1.0,-0.274184142311972,0.03817515411559218,0.03066937105192513,0.24224728246974092,-0.06426334046355925,0.0040556283405464525,0.18250520861460462,0.06902164398186748,0.042910841162653396,0.05071497990201423,0.08630752759073489
1142,1.627314628480085,2.84778369276452,0.044511668107173726,-1.3515261299105585,-0.20031652207570064,-0.2703316766822661,-0.17539530595777605,0.12596387003632764,1.0,-0.1809231667267256,-0.22970787012153476,-0.1307504356295772,-0.0927476524472188,-0.053353174571991645,0.055570513724580245,0.13732337610790676,0.03294150854727252,-0.020144139348021946,-0.03194940676262381,-0.024838688355955905
1143,4.915611919824561,0.047876788979697396,0.008453975799481418,-2.0729389997252072,-0.05133966280109724,-0.09361052582812313,0.16868368368937,-0.024254314666228592,1.0,0.04724565799756073,0.23503802242677185,-0.2662010581538182,-0.18937153895965986,0.02685361459100576,0.11436557093924105,0.26761629691912797,0.18216224157364072,0.11455540131978571,-0.010355952365998948,-0.03850122196337085
1144,2.7457746120266218,3.718642029036148,0.01640377412849323,-1.7850562193543384,-0.25929637342744954,-0.0024821457554626723,0.08301966248413646,0.22468482137459325,1.0,0.026015677492547896,-0.12720769527509068,0.14346347771325949,0.18952322195129068,0.0129570731333926,0.11767636635261254,0.2506387195032475,0.1545779303268517,0.08265004103954943,0.09535153223348301,0.10604037530647278
1145,0.4602546290709505,4.294986757295746,0.005644987035436474,-2.2483370511606013,0.03574876091100685,-0.04438811361826709,0.1903898125157612,0.2804734977540331,1.0,0.012375106270684255,-0.25800639069785974,0.2819331109996541,-0.015915975200541933,0.055457478026920526,0.14463660965644104,0.21118058374994259,0.10583455290566497,0.06151579205865722,0.08405504198023228,0.06055344038859302
1146,2.195460279381256,3.5106073492536605,0.07038677614520311,-1.1525089258950896,-0.2965478226495046,0.13847280026185227,-0.29929582339936445,-0.29618692322657075,1.0,0.2367378913798592,0.02497969627752561,-0.23412968832779768,-0.20080740787485374,-0.06567956173375543,-0.027780697503605133,0.11877716533857118,0.10409599460603615,0.050311884830480165,-0.010203527708259807,-0.027372421964694013
1147,3.7630046017231105,0.6728860653804296,0.000864304235090752,-3.0633333589517497,0.14148029998259276,0.0268975884412169,0.07408833360310123,0.16737548782636794,1.0,-0.13651617553666626,-0.04710732464590441,-0.23374586171464223,0.12334285745469586,0.05247402159465286,0.16168907617037043,0.26439478500642194,0.11551667403628896,0.030581292459123208,-0.010060718961329164,0.027276537693208175
1148,4.46691701623176,0.22315837346074924,0.01970793719389225,-1.7053588304233862,-0.24828714010842762,-0.2491872189303722,-0.2346371795239659,0.2604903103939073,1.0,-0.2679840079232611,0.1711442240010642,-0.10648641678114026,0.23673881538170444,-0.06938213751802233,0.05713619421902758,0.17170678247097398,0.07116488434855149,0.04993360173254073,0.0258912439441016,0.05205537843434118
1149,0.52866655399192,2.894015299462222,0.03874063670411985,-1.4118332459087626,0.2570687727750122,0.12089197725427678,0.21029154771756545,0.13734892605473462,1.0,-0.20300848452062817,0.16009100823196254,0.19589521726830997,0.24060359321058694,0.061561800538528395,0.1137065310276347,0.15772532742793996,0.07823169149780958,0.082046440483193,0.08991516480171532,0.08575330593780653
1150,4.460350464296704,2.286735240277717,0.0009003169115528666,-3.045604591991318,0.05474434503148538,-0.16845599127295757,-0.1906410709731279,0.043016115328660516,1.0,-0.28886568798596046,0.15650948589237687,-0.035846090586853806,0.044098906801140966,-0.06924975785094586,0.04684613132727084,0.22407944415465025,0.09505366316001226,0.07737570564418497,0.045523072303047696,0.04325873614319441
1151,2.951924665029268,4.303575672581468,0.024155502736963413,-1.616983919319379,-0.24878138906949848,-0.09719926115076329,-0.24677531788162355,0.16526308702615775,1.0,-0.019579657490968072,0.2707940320235201,0.2511041819856388,0.03767081349662558,-0.07173593527374063,0.04169720618793489,0.18468488448001708,0.13275468050118427,0.13849305714421192,0.13413017492399257,0.09997062034108016
1152,4.625572645794652,4.308494232316428,0.0023588303082685107,-2.6273033006715725,-0.22512142789741707,-0.21481648811644255,0.06994172411626372,-0.06210470625818498,1.0,-0.22916954509072363,-0.09683755761108051,0.02757725303695726,0.12218291667665605,-0.04799694940939991,0.06016863890863951,0.21551963376192945,0.07744199185990501,0.02746946563462354,0.03774225712239566,0.0588909541106761
1153,0.6680254010986248,4.462981554940552,0.01588159031979257,-1.799106011195517,-0.22157330124004684,-0.1974149061078744,-0.14731784891154684,-0.2954181865949507,1.0,-0.05433166955367569,0.00862744676978806,-0.13814965097814702,0.2600507508979162,-0.07487186845500832,0.03383286077747799,0.09251655201912663,0.03971877371932196,0.009685624216355803,0.022858740018603288,0.039506779550186846
1154,1.806808987927274,4.233368142269752,0.004969749351771823,-2.303665514262119,-0.10015264296337828,0.2510851295637676,0.12587163805162985,-0.053054075301814295,1.0,0.07219103418290795,0.22269125388650307,-0.211976773771257,0.06469583741498786,0.047015076143715306,0.08618307694829805,0.21801313085414276,0.16617707502594165,0.12865027836796603,0.05884002278727309,0.06055871011181575
1155,3.635700880537464,4.538517515941679,0.0014405070584845865,-2.841484609335393,0.13885991275889914,0.07354196324427364,-0.2941729330323242,-0.11703345105153773,1.0,-0.23121105829355798,-0.1780293337649647,0.2675387755753911,-0.19768832078787746,-0.04601590901734418,0.03417334875566981,0.15622774287026853,0.05063727546324328,0.025274226471505935,0.044753941486402396,0.006122063594589
1156,4.438894787474908,3.816017101998587,0.0067523768366464995,-2.170543328599618,-0.28015466015431784,-0.011263160936964634,0.09736755881630008,-0.2934568340579582,1.0,-0.01564601712753547,0.16127040920508842,-0.28063679237370825,0.1812800062484308,-0.02346505554450032,-0.01849507034291923,0.16911499974864608,0.13932774557023916,0.09802548998421791,0.019681943753597456,0.04577686846957299
1157,4.060839039318942,2.986111752159456,0.010605733218092769,-1.9744593015402352,0.042950244442777154,-0.26729800040865315,-0.10179675759454539,-0.1988705863391185,1.0,0.21755818473844393,0.2621795979929041,0.16969975232074386,0.15833428711204964,-0.06679108107299747,-0.009972532023214369,0.17871702009464144,0.1711948611161188,0.15765688814795487,0.1361593909871175,0.11783572661743492
1158,1.7372183709195905,1.5919769871305856,0.01761019878997407,-1.7542357415397354,-0.17324845531577687,0.007270930870857728,0.2753000073912564,0.17118517431133398,1.0,-0.08845969018446762,-0.209391662552778,-0.29063290720223034,-0.17766512129243317,0.04815817564669319,0.10589006328035878,0.18738412354609207,0.08281634112402744,0.0025086273907439995,-0.044081973269210914,-0.04076836559450336
1159,3.7432154441195604,2.362276646104428,0.0023768366464995676,-2.624000665121487,0.1741731715904931,0.043128990891675746,0.026429687655578425,-0.24290121687053023,1.0,-0.0514250187734349,0.005017856480141569,0.19038580169845767,0.06495718482138994,0.013133633958460539,0.03953323024437861,0.24090788750796568,0.14618166590596843,0.10220088840187869,0.11117130476985733,0.09372543105346268
1160,3.034770411414329,3.7524906439291272,0.0351123595505618,-1.4545399849648186,0.21034535011806332,0.15596173199066096,0.001721264975408232,-0.1250980769687318,1.0,-0.08525706259021326,-0.05973034265633589,0.2788084784094244,0.18648206127604464,0.03467347208604542,0.07007120047746682,0.2192604976162927,0.12721886346521116,0.08969613104323665,0.12505969729298055,0.1256631445990893
1161,4.014283268241045,4.784401988953123,0.00911120714491501,-2.0404240794875377,0.19047625152708553,0.05024317932636844,0.2699307321164607,-0.22823326564029567,1.0,0.11194274741007844,0.2843565500946854,-0.22240110596122034,0.02365602776235951,0.06855296001385618,0.09534244039802313,0.24192817154363602,0.20391079372287585,0.16525946760282198,0.08036111826820624,0.07220553847981437
1162,0.29169963113838127,4.418322329752048,0.08117257274560645,-1.090590688953268,-0.21683605947028117,0.053296356096595776,-0.04694866943962328,0.16869783146835807,1.0,-0.029346676994745666,0.2915096372729033,0.2867372337996888,-0.28619353601212677,-0.004707950525595365,0.06934320382622296,0.159577951082178,0.10687751894141159,0.11723089865581042,0.09633170498848213,0.03371977010785081
1163,2.1027198968029106,1.405072848595281,0.002394842984730625,-2.620722955360251,0.2172966476877967,-0.08925420883367986,-0.27816853423364535,-0.07234243722628628,1.0,0.2713538951565257,-0.2950532788610134,-0.09113201002703243,-0.07161295003318567,-0.047527269772902676,0.04088121634933068,0.17173017212690225,0.10417479666065083,0.010868474557390954,-0.008382301206906473,-0.007325354322833905
1164,4.209152682887892,0.8579149824867469,0.014486099106885624,-1.8390485478922884,-0.23181835539785983,0.14007704662535092,0.03977846450723481,0.2908173592890478,1.0,-0.285777058521435,0.1340455668642508,-0.22367488341883526,-0.07060490415236442,0.03782091785797225,0.15096740373351503,0.2193736599713988,0.08823596149849448,0.0484871075495694,-0.010362451235351138,-0.009898946534753397
1165,1.8196357560025855,1.3000147110134157,0.011190939210602132,-1.9511334633496733,0.08357342005239954,-0.06315821878621933,-0.20926886185831034,0.28663110096604455,1.0,0.003836063545864987,-0.2977798360089447,-0.27520038708268324,-0.23659650608837882,-0.01198192618825674,0.09972440733926016,0.1741601547503431,0.07041992745074567,-0.017494006096532726,-0.054642442939605934,-0.05121925621379344
1166,3.343859261934224,0.07832619712888084,0.08435069144338807,-1.073911353041457,0.28926838701256397,0.2857748245699547,0.29630959444474075,0.017283659389554607,1.0,-0.10581636248183215,0.10270337766012468,0.08108937224639982,0.16113330024136455,0.1094308833802306,0.12603758333432544,0.22280193462757897,0.12003969993238091,0.08615773958810971,0.07358579125722302,0.07405683204475397
1167,2.406232384467583,2.0115891203000045,0.004006410256410256,-2.3972445810103866,-0.22363245238648796,0.03220857057656403,0.04305755290891109,0.20196700091179862,1.0,0.0557984219630149,-0.16056471328673694,-0.27968893128754896,-0.05038361835187533,0.019052989964515397,0.1301979554699926,0.23168223226614604,0.12199402073981705,0.01930360488697217,-0.03126696727877747,-0.014653426472735622
1168,4.396009877048605,4.930859656466397,0.0016295736099106886,-2.7879260171221336,0.14117870636531585,0.0397644533149702,0.2544396508829658,-0.26278870075970406,1.0,0.004846750608077932,-0.1319524970290257,0.11994029546671334,-0.10568060342152866,0.07392314589065185,0.07548341242340278,0.2636065596643569,0.1819038266994632,0.10331854741964096,0.09051460086210555,0.05516273303999093
1169,0.23795062675466275,3.26546767938166,0.0058340535868625755,-2.2340295861207244,-0.13566081161203383,0.017776115438176032,-0.17345998906587587,0.12922109680602314,1.0,0.04310796133860555,-0.2201537974249471,-0.17091962516906126,0.07124079436928277,-0.023443032505200394,0.08535232843627233,0.17851897015905902,0.08172570787699678,0.006170080796817218,-0.004984540115560146,0.016180592361651445
1170,4.65884346809567,1.2108708236425998,0.006572313454335926,-2.1822817318708623,0.2794830500712154,0.08436556881375376,0.16193812716839953,-0.25935096865498664,1.0,-0.1437354725191166,-0.08682803834567739,0.1627438902690698,-0.2343239755073748,0.052120472194619544,0.05165821474842033,0.1988785837541952,0.09788781538896972,0.04829415511036012,0.042199274779373144,-0.007273036919516169
1171,4.198556523519121,4.812541444353101,0.018312445980985307,-1.7372536434045922,-0.23898422647042342,0.28168369383363273,-0.04352860190577248,0.2686945931262134,1.0,-0.2510528057168748,-0.2435609268159502,0.2873071161390876,0.020184332374427582,0.02738573288680649,0.12109183345543303,0.22958630949826592,0.10469776812568173,0.04304534317639701,0.08253663091883483,0.07281423068309863
1172,4.185749560535492,2.0670475753756956,0.04333225295303947,-1.3631887303139596,-0.21572839317368692,0.2068356357773279,0.2719222387053386,-0.027092300571285356,1.0,0.013785914025752532,0.1031843686392936,0.1846639145837398,0.2808922578631668,0.07128234903092195,0.16959659280348344,0.22735515857349584,0.14417000256245457,0.1254639891497583,0.14037182542796767,0.12755871125284426
1173,3.5690967249614873,3.2632166422331976,0.005915082108902334,-2.228039222431537,-0.16585739164230176,0.19218685127220905,-0.17128931037059172,-0.2481354478903277,1.0,-0.03295093640959067,0.03392749855402637,0.14675319734215686,0.12845734765764008,-0.04762153254747683,0.0208292844285437,0.18311610908891068,0.10850358382769235,0.08247463677799964,0.08956264827089683,0.08516363678467692
1174,1.9217250006258264,0.04060172080724552,0.07893978680495535,-1.102704050851024,-0.24377380396980336,-0.09522734373942937,0.20700206649118394,-0.10898713641544354,1.0,0.19397605679334368,0.20252914168879857,0.24951329751627105,-0.25474580434263855,0.008866178718083427,0.044277385029008735,0.1585103706695333,0.1213809394331335,0.10148227551283606,0.07149005067740732,0.01044793211929599
1175,0.6517505826956606,4.346046936785445,0.04258498991645059,-1.3707434512535064,-0.2750579562029107,-0.04803433349628672,0.2536134861956776,0.23232981392832158,1.0,0.16029936066434597,-0.12590131691133802,-0.24418784024107998,-0.08590395876252802,0.026329031376705087,0.08584128127881727,0.1871829672892415,0.13712973897037153,0.061717697694714316,0.008633673633077208,0.0037504338614685225
1176,0.17247034117889792,2.1694431296301664,0.023993445692883895,-1.6199073786287268,-0.04152882553777162,-0.27434212628169374,-0.17312078309805135,-0.28834447265308605,1.0,0.07411938751902215,-0.16472048743550102,0.023522956322195854,-0.26962637250870536,-0.06422617826927031,-0.017040966524028655,0.11269106069917686,0.057334724877349204,0.01078646905289605,-0.006058517388139422,-0.03187702140401117
1177,4.696595843002014,2.5651284897065336,0.007031475079227888,-2.152953558114018,-0.20111312160925482,-0.1102520452341206,0.019997521411573294,0.16810530022255524,1.0,0.1544320807448248,-0.1518076448809287,-0.012600471315245476,0.09019634639641505,-0.02045369547023778,0.1130027000587432,0.313801839753372,0.22437034379010803,0.09509656933631255,0.06133297595389141,0.07011703625375933
1178,2.8830678275966304,3.004529086534661,0.00898516277729761,-2.0464740507039467,0.018286565786243946,-0.019659019518040544,-0.18167334399427915,-0.1436097825035693,1.0,0.1783083796199578,-0.05100244184811715,0.29831044269797724,0.09230328361809012,-0.05363947398563908,0.039887126042416544,0.21253372480164734,0.14988551261096497,0.1067225783263309,0.12643457353542378,0.10024300406649676
1179,0.22958361287677953,0.7142750986872232,0.019257778738115818,-1.7153938074197899,-0.24921486169559315,0.22691235139989324,0.0835043127344018,-0.08585278430612626,1.0,0.10899924779960021,0.03127890647740741,0.14295317692162868,-0.19870210970489627,0.017359922049726254,0.05499910653657767,0.16276962079254695,0.10032865170745105,0.06464518531711336,0.04297953339748701,0.0032799401009383534
1180,4.699505458282824,4.9653929915326955,0.0019897003745318353,-2.701212318306207,0.021070851491264243,-0.23412282021736386,0.039389186027402,-0.04822202739749957,1.0,-0.05930225106723727,-0.0776020615271049,-0.1867832424612978,-0.2911555265936141,-0.033708645861915756,0.07915592554977109,0.2635197413561965,0.1497552802036632,0.05697028720250811,-0.03188554990079648,-0.07199685673518436
1181,3.434882276390614,0.711366611722064,0.006455272255834053,-2.190085436323518,-0.021589279251746273,-0.27163994521968005,-0.1115799716267654,-0.290999398361317,1.0,0.07155414122622425,0.143782693387875,-0.02899313710147513,0.24682882055519975,-0.07787843588389018,-0.02602646104218189,0.16245199220565146,0.1197857080006859,0.08535932469373235,0.0566603458877801,0.07757751211977673
1182,3.7118835486798005,1.517275374892269,0.08231597522327859,-1.0845158722234218,0.11496383850078115,0.2651024596011931,0.12546466838364204,0.2689035594954111,1.0,0.28479133759445474,0.05871427773348676,-0.08414101421485293,0.2966454888599924,0.0847522949320828,0.16779319595942294,0.26677448068487836,0.20061983508624645,0.11885629050547472,0.08560916500548899,0.10412444229908964
1183,0.808412587594306,3.3274605310086782,0.0013594785364448286,-2.8666276446981485,-0.14613803202188888,-0.04116315404378874,0.0400259297365872,-0.040032363335864296,1.0,0.18351991814623034,0.022541666265930682,-0.07755754430740261,-0.11907693284209075,-0.007786085050128305,0.08734815241552613,0.2294482661775513,0.15704351497234292,0.08802557198522949,0.03343726294999785,0.013838444437768176
1184,2.362059938253244,4.454854556082068,0.031096946125036013,-1.507282258759878,-0.2984740427073047,-0.14635723900070424,-0.08719058136683429,-0.26776043206671923,1.0,-0.03583587782199558,-0.07544465245373005,0.12486923380774725,-0.23325394248070758,-0.07596496886254611,-0.029405839289669816,0.13043937698154934,0.0715213674651191,0.03516354012634645,0.02491340468024057,-0.015361315013184529
1185,3.8309572832592638,4.633669681170257,0.0005852059925093633,-3.2326912353484625,0.26126214411711407,-0.18877543233265123,-0.03131032023643192,-0.14546772480365258,1.0,-0.2979717261696599,0.010704120432599206,-0.10026690436185802,-0.014263722545611823,-0.022908219703221464,0.058603245839370044,0.19952653988679084,0.07204688450660461,0.03891546569096679,0.00959693833077843,0.01400021909474224
1186,0.19957042215227042,3.336958320714264,0.004906727167963123,-2.3092080897146756,-0.14758555699536505,-0.23639861340529622,-0.0032512187969416795,0.28535841115653293,1.0,-0.14470981583302486,0.23322606494815146,0.23029455827431533,0.08046469324614791,-0.011755881324852885,0.07818497153911874,0.15396618712195956,0.08071226467548412,0.08848894658195136,0.08693989392926427,0.06755288355041385
1187,3.482378585777955,3.735949477253185,0.019329804091040046,-1.7137725475550694,-0.2643116082212611,-0.0016826819020013927,-0.0362065614776367,0.2699989913141306,1.0,-0.27825323572919824,0.14118693763845308,-0.06653771423454564,-0.2811116672237996,-0.0030966482567620405,0.1231915059439045,0.20693559977121653,0.09307493514637279,0.07263401031224816,0.016628814999585448,-0.024025468143673474
1188,0.39051023786700934,1.7774710782133487,0.008814102564102564,-2.05482190018818,-0.1681774916563739,0.24275067299310055,0.2410223199332528,-0.21628481124857743,1.0,-0.02229431539267035,0.1696806235780786,-0.12359330239995087,0.2018677427269885,0.03686653436489915,0.04612615727651025,0.14215995098622403,0.08411598452656245,0.06194942523266183,0.03276940632436552,0.04955598436164405
1189,1.1890419502754843,2.4726203292504563,0.012784500144050706,-1.8933162476082614,-0.03434595397482102,-0.28984602070121057,-0.1480796585111184,0.02046054900908767,1.0,0.29789008730929484,0.23845086818202244,0.034997216885651425,0.008323260310243262,-0.05738602436288727,0.03300294205047616,0.18436277200566087,0.16192391830463937,0.12829048631326806,0.08073088195222129,0.05508438583696056
1190,3.828987316943805,1.7559832224325507,0.008183880726015558,-2.0870407087693503,-0.2700303618382321,0.017573015367400302,-0.10933712741148228,0.07131589738445125,1.0,0.08571644803269374,-0.052414425648524776,0.04061464684720475,-0.02334384960591993,-0.024157393870055926,0.17851353547526116,0.27940398519476306,0.15256186914238765,0.08052208552371135,0.053950350724718876,0.03729376293220951
1191,3.32754183006657,2.4663960919298837,0.004744670123883607,-2.3237939767787714,0.1056319235577952,0.06064460145848509,-0.15357600701774998,-0.17378069250675848,1.0,0.03570437364464039,0.08765508302535856,-0.018838442341812388,0.2763997264197124,-0.03495750391529464,0.049605395210118954,0.2207876210563049,0.1447271043202138,0.0986169377598593,0.08558413248817985,0.11157157009679716
1192,1.1932093800607018,4.755416584486911,0.00499675885911841,-2.301311608868642,0.22777753820857125,0.18609035661360346,0.027080373328065944,-0.2951254394442508,1.0,-0.04175722676733635,-0.2320047154409107,0.08478232380125221,-0.27232439994419394,0.030794873661197823,0.02102873024319261,0.15143568639173688,0.09342984219089136,0.032296230570044444,0.023942828337614994,-0.012028882944165192
1193,1.6666019944174413,1.9456917757641303,0.00904818496110631,-2.0434385302348104,-0.06293655574736713,0.06252118983618322,0.22195801545405383,0.17230936342223024,1.0,0.21033388221490876,0.056807047690983076,-0.1739686879285733,-0.22319971590544105,0.05524108821659345,0.11823791308473885,0.22652087158015052,0.1651443834227265,0.09342368895017203,0.019363649839207183,-0.011230978176026812
1194,3.326191666901819,0.7764044138070275,0.0013594785364448286,-2.8666276446981485,-0.03616198758978014,0.03196350845978757,-0.15877196012360772,0.21322622562120125,1.0,0.10974450831397198,-0.05868944505194968,-0.1509426159289929,-0.12942941594094512,-0.01825644376169004,0.10896952273085612,0.2707460922658213,0.17597097701379283,0.07047745147902623,-0.00014617155691752813,-0.019314117138836857
1195,4.943085213014743,0.5644806276457198,0.022417891097666377,-1.6494052448955816,0.11284352114595783,-0.27913295080793815,-0.2943248496278893,-0.1409976598623518,1.0,-0.2789534950773181,-0.1978980130456218,0.2496731029137574,-0.15123845720992643,-0.09367226809123236,-0.01791470059821596,0.1384627452386812,0.03182426716911772,-0.009659062136301577,0.022294525409593244,-0.005407222671904765
1196,3.976204299966995,1.4391693911065824,0.0010983866320944972,-2.9592447613165698,0.1378533071611278,0.2729466051632027,-0.09622613548929967,-0.009373780164153732,1.0,-0.2463759625255475,-0.10983276670480209,-0.15171618193708916,-0.20978875338923425,0.027459332854326404,0.08113432577022522,0.21288896113657907,0.08263496040122423,0.012310995442117629,-0.03205146884006691,-0.04882314181083955
1197,4.996874371948191,2.425284884888888,0.027297608758282917,-1.563875395031302,0.15036758962235333,0.24383205490305176,0.2610177496499861,-0.2685964019924669,1.0,0.2786688445136128,-0.2793720915698445,0.26877781772127984,-0.0034406216192977234,0.07547551692061534,0.08394735907292378,0.22886465957612068,0.16533164544985324,0.07917018713852124,0.09262134569538001,0.06823301534584846
1198,3.610154882817511,4.923332993413256,0.01824042062806108,-1.7389651509670563,-0.25215513858606603,-0.05257001053461878,-0.08983538109897148,0.11514120171835786,1.0,0.03564638118722256,-0.11829019694104,0.1997675095605693,-0.11585659426107328,-0.04462225347875595,0.09352843493838887,0.25160188741809936,0.15392493699254192,0.09427347364601579,0.09328794309855541,0.05075421934022289
1199,3.747951713328721,3.0834570376863835,0.0043305243445692886,-2.3634595156174862,0.01472366920096284,-0.23527705408244032,-0.14995710400074028,-0.05950868184205621,1.0,0.1658567415056633,-0.10944141213000126,-0.1656178950395588,0.08867854414831955,-0.07491990098357548,0.04526950295833412,0.23173033827899792,0.15601658160585602,0.052871657669798934,0.010866029130599397,0.0327956628267531
1200,1.0955907790181914,2.2338566755014018,0.011866176894266781,-1.925689181733327,0.2581445802913801,-0.16120609017645104,-0.19592251674911637,0.2544027084041892,1.0,0.047647567881982496,-0.12757659254249282,-0.11317077472874837,-0.12507238242200572,-0.0176882139144567,0.08119028442462244,0.18257437171098828,0.10209459826411929,0.035364034286624955,0.002665457342457745,-0.007186517927255439
1201,0.2585380026118844,4.271955388565004,0.04047824834341688,-1.3927782894303133,-0.2777866269101855,-0.09931583501423594,0.2868318988856335,0.06478187179929355,1.0,-0.21551733920878036,0.24718379853648703,0.2757003093024727,0.0768256831492498,0.02473782684891908,0.08108636243933816,0.13444582475544115,0.06928543174309414,0.0893337504297299,0.09032581023370227,0.06979458976595779
1202,4.569138227595504,2.016221207042706,0.0008823105733218093,-3.054378516298823,0.053016966682440755,0.1492651369901829,-0.1806968340547477,-0.29550639417163044,1.0,0.07660312319756486,-0.08868402837122798,-0.20967129321096567,0.06435694378796832,-0.03757796477763655,-0.009500672825857029,0.2032668026113181,0.14487036816694387,0.04758024691609316,-0.012169387389437,0.01126718279347111
1203,4.258193979507367,0.2835552679619467,0.0009273264188994526,-3.0327673672861457,0.03264159150273127,0.10481233789445255,0.027968990135162897,-0.2277460385140127,1.0,0.0848044850347094,-0.2336603402938099,0.1852483404754099,0.18344044900599676,0.003332229794625879,0.05779264163858716,0.22519757259559872,0.12005145420655411,0.03801316936414859,0.07247193280951017,0.08209202375836314
1204,2.4461518783776492,1.6207416535799974,0.04015413425525785,-1.396269733279176,-0.19082087393042213,0.2613588114864411,0.18992314918882544,0.2642840168301027,1.0,-0.19563637492693722,-0.22461059256066224,0.03431865782024561,-0.08381475509969152,0.06565741648401825,0.13170522708583643,0.20479002299833593,0.08065163545838572,0.01569252608812934,0.01356125302726022,0.005409176271051097
1205,2.7790284196095523,2.226227133797664,0.0050507778738115815,-2.2966417307351565,0.03314865706143566,0.10435794350260931,-0.014426830808739986,0.039168342379443465,1.0,0.18962313457264535,0.1429326662475875,-0.28030746602070533,-0.2633726118508563,0.018464540883395004,0.10802130266860856,0.2416932225619211,0.18117810136050097,0.10209180234699682,-0.004634545018430945,-0.0329683182429512
1206,0.5972848066314802,3.260877466740813,0.022714995678478823,-1.6436873414737434,-0.10263494979918861,0.11707877971634423,-0.17901009088714312,0.2940617268021422,1.0,-0.2940975573940283,0.2290691840342801,0.16944949748654187,0.28651064853717106,-0.004931545775731394,0.0763218544632161,0.13916461175859973,0.05949269105217653,0.06985873135550064,0.0777939521292551,0.08376516284900315
1207,4.097184436440477,4.54151886414183,0.006104148660328435,-2.214374898124255,-0.25041157721836954,-0.2058473209420953,0.06169040303825084,0.1856870620299712,1.0,-0.09286698247727597,-0.1814984814428471,-0.055928965487046664,0.017702997533888154,-0.00023542680358304365,0.17630578074302958,0.2352766024256313,0.09525366834438208,0.026400587897921324,0.020890244897776782,0.028491894049562184
1208,0.7548174932685735,3.798463444550459,0.001161408815903198,-2.935014881692069,-0.01737058949101452,0.06993699135550276,0.16370292252663904,-0.14600358317513049,1.0,0.09063415194853265,-0.07073006323984596,-0.22848854285907988,0.19825422731563203,0.029643738770887995,0.060543665923690364,0.19313674496213645,0.12482395553209746,0.053356572333820115,0.01682375301599054,0.05215337898420521
1209,4.882836023954361,4.085977114795555,0.004447565543071161,-2.351877643067671,0.20234991730029328,-0.24667141099791945,-0.11618783093848768,-0.1630176261531604,1.0,-0.21224865625563674,0.19578292230927352,0.16458381249837425,0.08516528015660663,-0.056176122600515715,-0.018988911952593626,0.17148359551667605,0.10890247060923687,0.10390992313040738,0.10978979956126235,0.09850626624599573
1210,4.619237694498568,1.9749566304520683,0.003700302506482282,-2.431762770115249,0.025156169344619395,-0.27072716232086336,0.20357498522639111,0.07451981373645326,1.0,-0.2110826608853548,0.005206433358906093,0.023790629082796833,0.27356899378616134,0.01735798658936753,0.10724695516249057,0.25655638940648073,0.11910802021792755,0.06711445290147901,0.0684665872426017,0.1079585861663328
1211,2.414821129878566,1.7266430427776718,0.0009003169115528666,-3.045604591991318,-0.1387363924536241,0.1519711709766509,0.031879701920946114,-0.23555013508398237,1.0,0.03191055166286234,-0.14679200825937905,0.2125854250575571,-0.2708157860587114,-0.0031828516415841417,0.04581499500562406,0.1711906319178511,0.0876597023259863,0.044157133818013526,0.03553801251063151,-0.011603346394900651
1212,3.242292129920755,4.575321801710734,0.0019266781907231346,-2.715190818642127,-0.2119173969690419,0.28418527520644454,-0.1422597673245212,-0.2462842238981071,1.0,-0.21359932858583824,-0.193145673042246,0.00441008624956094,0.22720084000377816,-0.0217305118071264,0.005376540091556527,0.14279956993695547,0.05430945365795859,0.0014847188690852843,0.01603562487959603,0.052777445146309124
1213,3.0879345259437034,1.5580878829690104,0.04886019878997407,-1.3110447704118418,0.14504520213862188,0.26094706825010405,-0.2886982249678685,-0.022740222823346368,1.0,-0.10706106803022812,-0.10035591401608032,0.24195590654990684,0.261674779576034,-0.015500465027908692,0.04560135818485614,0.17377815686583914,0.08530150608710131,0.04557376241420636,0.0807147628575842,0.09442758564851518
1214,2.704507428891436,2.851145282122189,0.0018006338231057331,-2.744574596327337,0.14778467158492972,0.06670742227151717,-0.053357207972481266,-0.0852455281902142,1.0,0.1768835589944655,-0.01051698566516257,-0.1432226631857062,0.07086831537482437,0.0034967202288367196,0.09404374561374419,0.2665060770593375,0.1881742145984088,0.09539874714000798,0.043516869147093594,0.05352653564215351
1215,2.994700081508187,2.815048276787203,0.044574690290982426,-1.350911665659834,-0.04561097572002654,-0.2780692949972195,-0.24324600140847014,0.2590426772424639,1.0,0.08498826390120844,-0.005731174849460685,0.2289464371510808,0.2937854215406785,-0.06482594071601686,0.05949181223970645,0.19339362224548523,0.130460387245741,0.08747332523157222,0.10634190081834578,0.11644796098654261
1216,4.754308709400573,2.4184686795981087,0.017358110054739268,-1.760497562424506,0.28409324086673804,0.05051144674122219,-0.15575152649902224,0.11618422270523414,1.0,0.06117887812380937,-0.2718243302648529,-0.10303988752216896,0.26610179716037946,0.007935269885246534,0.11976731093491087,0.2613009017796927,0.14492315646810902,0.027939143091677734,0.028271177782953218,0.07716452537162447
1217,2.591668752856914,4.616548315588415,0.07497839239412273,-1.1250638754888382,0.16874442027768774,0.24754736411710487,-0.007286576882311557,-0.12616648331421346,1.0,-0.25738518705453156,-0.012999775742500797,0.16006817832560696,0.27933335600564885,0.035476214788058326,0.0879633325296879,0.1873510402092523,0.0809789992110353,0.06887296867792127,0.09929966888642557,0.11624770217999568
1218,0.22463140411352442,3.599710294992967,0.024281547104580813,-1.6147236455384268,-0.27429123564266333,0.05705714058740247,0.1323208839088687,-0.03588932966420004,1.0,-0.0784870890393779,-0.26411700108591396,-0.16800374512487143,0.08604781872035294,0.010715574864090574,0.05902697084789657,0.1623639560455196,0.06626155434056641,-0.004205148683457292,-0.014766093692109452,0.01173626630491266
1219,2.01865787559156,2.228104760999772,0.005149812734082397,-2.288208563198294,0.15490378580518394,-0.27484090468571215,-0.121825690185761,-0.20351477445196856,1.0,0.2144252932011096,0.09925624183630921,-0.11524383836266756,-0.10477686171203485,-0.0535358257628839,0.021212050338114567,0.16323918493278317,0.1237127603168471,0.07259449923645765,0.018461719945734686,0.0036583311067261903
1220,2.179170720551347,0.7546292067957193,0.007193532123307404,-2.1430578126773265,-0.16495583299297564,-0.29392542535492167,-0.13548846397791123,0.023427712626744146,1.0,-0.22515592104082027,0.1141099929477439,0.22547651383490042,-0.1575982152602642,-0.05880874500773668,0.029235881617566368,0.14454610376799273,0.05484477510001204,0.05450539689911315,0.052355986596391894,0.010356966984957576
1221,1.1425361517017514,4.3907718369959525,0.005239844425237684,-2.2806816073414296,0.12846102070479784,0.07288338957469988,0.046597594426870635,0.24754066194214885,1.0,-0.19334922850409558,0.23127893976544756,-0.12462852523849105,0.2758970320191353,0.04441324586513148,0.13173694331762353,0.1907788952988954,0.10799450507753594,0.09396017628375286,0.07191246843821217,0.0918146233412043
1222,4.81781050036291,2.730976113663262,0.07660796600403343,-1.1157260683345347,-0.23391640794144866,-0.12045474807568868,0.21938717572366734,0.022283228706983314,1.0,0.2882800923357762,0.08303321804265686,0.024596109733371316,-0.29265294222177857,0.020004041515055807,0.11166011912403803,0.27670820063766705,0.2284603397552441,0.1529399689065126,0.0717131926082051,0.001174556862506313
1223,4.390075589938239,2.9780866341204906,0.007382598674733506,-2.1317907396076015,0.07664993774165767,-0.0950777897542832,-0.08195166555330653,-0.025822381292447284,1.0,0.12422480827907713,0.21242916547352433,0.21669510825413613,-0.04327379374862884,-0.032728463728263914,0.05939517699755637,0.2780619137760809,0.23062801309376468,0.20561194681596473,0.17679411475809298,0.11214389275018695
1224,3.5611793778892187,3.291455797404836,0.04597018150388937,-1.3375237815230865,-0.24470216837507539,0.28703312660279534,0.12854607324851006,-0.0896467728723891,1.0,-0.11845807806741969,0.1408315709652596,0.1909431618468842,0.2934906948515077,0.039128550115553086,0.07040907365895409,0.19311829075518838,0.11758465082226187,0.10512686565927995,0.11813844476883617,0.13051119996284538
1225,1.9142198915641129,2.2605917038485113,0.012982569864592336,-1.8866393316079078,-0.29852562570342733,-0.1536378149027147,0.1482719173595398,-0.040807399219387294,1.0,0.03088430849226076,-0.1853713930734259,-0.1439111991340364,-0.22020126381657426,-0.0007800273272247126,0.11039768093294909,0.1584564387589683,0.06098629949547068,-0.0026433257478459472,-0.036347034334338536,-0.03366479441573849
1226,4.147383667976056,4.707141890288882,0.10939750792278882,-0.9609925711260666,-0.23682528023999316,0.18315936065314256,0.2593623602816862,0.10493935967902225,1.0,0.2733835825686305,-0.1290309018991564,0.163347824668336,-0.03665098674823781,0.07189742955551585,0.13459438077195063,0.2851702837265921,0.23833871947245638,0.14716927490745488,0.12948409659087343,0.09655416231211586
1227,1.263671526948783,2.7183584226709296,0.09162525208873523,-1.0379848174739146,0.10923919951910645,-0.24755284429943414,0.09621648923729624,0.18655857156353392,1.0,0.2547793364695026,0.25846636524982297,-0.2396830905115935,-0.27589929737467433,0.01372593812188179,0.09146777989395405,0.17427649232610343,0.13849363001058038,0.09273250437270214,0.014748052369947449,-0.01019711574701403
1228,2.990150445687987,2.964151957691836,0.0006032123307404206,-3.2195297892904917,0.07408787238503708,-0.1325851980780386,-0.05248692888312517,0.06291715803943339,1.0,-0.009188488644822945,-0.12216057457324195,-0.13336424153838014,-0.14543123677173733,-0.024965096405792815,0.060191086428344864,0.2596349245139656,0.17086843388575745,0.06331888942854685,-0.0005160177043126396,-0.02441712001256067
1229,3.931994237390806,4.264637303920201,0.007985811005473928,-2.0976809721595915,0.21309194842108717,0.043585071865695824,-0.2595663446403494,-0.17478870963944798,1.0,0.24550337361324362,0.14797077716809617,-0.17369998417723634,-0.06271206971082795,-0.04140702600059155,0.00854672194429919,0.20383258166743873,0.19534249902789277,0.13941742206360866,0.057299182005532655,0.03392284562713081
1230,0.835861131224704,2.9391227617797937,0.0024578651685393258,-2.609441944950562,-0.1110463302157262,0.29626372540181345,0.06273643903301614,-0.2416346169807203,1.0,-0.12350054411935033,-0.17891294974275906,-0.2607958989945933,-0.2498502705554487,0.01751744263143125,0.03221207900733267,0.13050883704245725,0.05290829485692582,-0.002208029568608385,-0.041121059422624014,-0.045948302507638816
1231,1.0688305880501638,3.227853221441841,0.009768438490348603,-2.01017485380677,-0.049474248078374146,0.07665044653046468,0.26184351757581015,0.16395503344125972,1.0,-0.05270240983138003,0.1282898662232232,0.25294686457911736,-0.2515599431941818,0.06064561672160296,0.1161604102879107,0.202482632489046,0.12178832911641092,0.1084229877965074,0.09168822227739418,0.03189593895754013
1232,3.99444077552849,2.8360972700356872,0.00094533275713051,-3.02441529292138,0.1603611246580602,-0.14772432304255526,0.01616888508139991,0.04339125243634292,1.0,0.11688088550983111,-0.24695418669576735,-0.17057634696051396,0.1478568473788349,0.003720145851945879,0.11130975628490268,0.26694301127372116,0.1570582838713547,0.03138540899860815,0.006660975576803928,0.044576745571186155
1233,0.4831844553946776,4.285949175521323,0.04238692019590896,-1.372768137819921,-0.06038069506941743,0.10900809950696151,-0.28460715393987623,-0.025590387123181988,1.0,-0.270026216304449,0.11685316444985128,0.28527213047397243,0.2824454292955429,-0.036981497667380764,0.02667271181626994,0.12174062589361556,0.04569136807297734,0.057427317341201066,0.08690615664116136,0.09251309781834433
1234,4.937695485598143,2.654415738339304,0.001053370786516854,-2.9774187302451565,-0.01993448029236361,0.019816242435630693,0.11066947583007533,0.19443599954792642,1.0,-0.23964003866179234,0.20387407842589067,-0.2715458601515702,-0.0582467600357333,0.05432765142848777,0.17467828182707523,0.283586593938318,0.14545797227901075,0.09978900243262319,0.007705863075889452,0.005085018726563188
1235,4.667696041102801,4.877514475758477,0.0217336502448862,-1.6628673262299876,-0.13526223471239635,0.11804901143402091,-0.028038520391018205,0.2587141466197248,1.0,-0.16026451172486797,0.20207148879778206,-0.08278154533164149,-0.2565714770786936,0.02659748497457341,0.1627885698819644,0.2821147305037335,0.17542966306177107,0.14509527823508114,0.06493291655443328,0.008733150537792616
1236,1.3386442010027766,0.7744129224590126,0.0012604436761740132,-2.89947655631308,-0.018315572156422655,-0.2242594137367774,-0.06905154578990809,-0.05088651427678702,1.0,-0.17189686279296446,-0.28706906426862544,0.09512254546151808,0.2693359950560063,-0.03562964448520423,0.03303606402479883,0.14669734523558664,0.037583318248991165,-0.016031113562230945,0.020511801691710952,0.05356056880964686
1237,3.7255500054782598,0.731863796256632,0.004258498991645059,-2.3707434512535066,-0.12926982741227327,0.1481426538020777,-0.16744618767372274,0.2714963512104857,1.0,-0.03425458435802598,-0.27095692885405637,0.2972767529437423,-0.2693603223310239,0.000737523354684983,0.11447821513994587,0.20106529296436118,0.08626783274667889,0.028533234995739645,0.040008228006036005,-0.008988986351599783
1238,4.270622923000055,3.9256172321885145,0.07297968885047537,-1.1367979925856437,-0.24983497731099336,0.16787335063596098,0.15456734390719554,0.24950309770444945,1.0,0.21373060373205366,0.1660855168374137,-0.24755630274510704,0.19272431013479935,0.04985192730205646,0.13363762836662121,0.2614155503672182,0.21990824497726513,0.15336887034224253,0.07657030981145103,0.09110244093628689
1239,3.5522656173003506,2.081019979923312,0.01625972342264477,-1.788886846013831,-0.27340688682549574,-0.26265561353052175,-0.17602913357957553,-0.11971634927835678,1.0,-0.012321566499990265,0.19818713317800835,0.13793295851969128,0.15738760619413492,-0.09332749038209326,0.010841175794608006,0.15806074693852695,0.10214502741718809,0.09581272449256689,0.08815509778105884,0.07965524637604746
1240,3.6483775625331596,4.551020698687285,0.03441911552866609,-1.46320029397229,0.12879847784820167,0.22056244784763182,-0.1639951568814226,0.23688108558149817,1.0,0.2835195215325546,0.2511821003951916,-0.18915830437374803,0.12893794487749927,0.02718559361400125,0.13127849380976944,0.25483701524101177,0.2255950378551096,0.169574191419504,0.10116624168522693,0.09918575666502367
1241,1.278405956334385,0.24455382647541485,0.05391997983290118,-1.2682502789071093,-0.21080499899968128,-0.08663433742959248,0.28472548511430656,0.03421528302259256,1.0,-0.04968905565063768,0.19291021318927395,0.2145265732802999,-0.2703007843071046,0.0317994371092997,0.07644627698300499,0.16558081177327313,0.09212759179474724,0.08449361468628484,0.058445037552695346,0.0014848813658517252
1242,3.75750552835042,4.046378607770545,0.013459737827715356,-1.8709633993308694,-0.08858855779633754,0.29961074994007936,0.014855061108108835,0.23459674014660198,1.0,-0.2601707389224074,-0.035108736287087945,-0.14059516756971577,0.23403321372639213,0.05701061008215021,0.14391937249208195,0.2533102196898958,0.122989902980836,0.06169949424204172,0.03935217545681557,0.07928282322622986
1243,4.871138669506295,0.5239653737314,0.0011163929703255546,-2.952182906829083,-0.047478042333088256,0.1689440689209808,0.13376605244473785,-0.04709227169431683,1.0,-0.02841445123641546,-0.16155118039961022,-0.058828995161197245,-0.1827054587807129,0.06009238165381148,0.20007091577539107,0.2763529801828048,0.11113049509106078,0.018873754718844938,-0.025951389584730887,-0.034340750686483554
1244,1.6829748215796847,0.2938761768193943,0.0006122154998559493,-3.2130956792850816,0.027647200651691396,-0.06109269164390802,0.15857043109605132,0.031132197881969657,1.0,0.14175587333735637,0.11155110171636418,-0.08780010379874195,-0.026881718721739733,0.03568279377923097,0.1062960242810789,0.2598933062740258,0.17712982977333436,0.10833533757370838,0.04046032812782987,0.024287849029039788
1245,1.300509418570838,3.289667597745078,0.007040478248343417,-2.1523978389314697,-0.15698359455990826,0.08044908139222928,0.03759270087556199,0.1188879872507822,1.0,-0.0139584253714219,-0.02336279358446608,-0.25176833505224144,-0.18522050760760586,0.02009654176178023,0.1204053435548606,0.22045314016370438,0.11949097208005828,0.04631248414306029,-0.020111390489791405,-0.026398750103682832
1246,0.6018819139349056,0.36696753091076584,0.013207649092480553,-1.8791744781480353,-0.20664243284790487,-0.17320577856621924,-0.1629376511097091,-0.29132374484566054,1.0,0.1053470913843739,0.29196641533631235,-0.2553864124036168,0.02966509134322881,-0.05608097317379147,-0.012619045150135035,0.11034099731164417,0.08151832248329584,0.060305608863442044,0.002517825342180388,0.007663913753765898
1247,1.0775848126278977,2.516318153719557,0.004564606741573034,-2.340596632657982,0.003080083304492365,-0.10926466892530709,-0.14886482955653027,-0.05100968043974965,1.0,0.2638209420935072,0.037293306135523174,-0.10099604714068443,0.14532942025315318,-0.045348089102105194,0.015203080432736014,0.19250199839307033,0.16782947748599747,0.09837151108797577,0.04853825854968998,0.059786750725465
1248,0.03779854381406429,0.044461422017284216,0.0006752376836646499,-3.170543328599618,0.11974195904756363,0.08560619702688674,-0.24212524858220635,0.2952569734617072,1.0,-0.12317531656250692,0.006403942302202381,0.04854593176931286,-0.2059312470282427,-0.007983476585748892,0.09003105465971419,0.16421009211494564,0.06674238143903764,0.0374255453816914,0.016519165730338622,-0.012597511148421697
1249,2.306921454458511,0.9719548437886522,0.0028990204552002304,-2.537748720295487,0.05609996252803888,-0.10567725261363524,-0.28394626273475293,-0.20964638341299055,1.0,-0.220992987270172,0.15152428095931286,-0.057736669329488344,-0.1831172445668871,-0.07162005965596431,-0.01110959499387161,0.1298073047270052,0.051147150595695086,0.04251390705579157,0.0033703636987311735,-0.02229854476809978
1250,2.5878636956812553,1.9157939153186467,0.0006662345145491213,-3.176372872260342,0.029179167030897624,-0.1680241077369136,0.03892718592455011,0.288934231422138,1.0,-0.2974730762454299,0.04678602371727949,-0.24501127651449892,-0.06705200471032592,0.018531051128958292,0.13712854181958614,0.20087398010964602,0.06972284947591513,0.027253259194962784,-0.021331966324865826,-0.013028974406680256
1251,0.7597408483832282,4.601993444753328,0.012307332180927687,-1.9098360774234957,-0.19830133397639335,-0.025261721726152497,0.2126226108898305,-0.2657106696867485,1.0,0.29114720574669894,0.2670757657508726,-0.16065386015963504,0.24380178461679106,0.0051824952873345985,0.020731617027217215,0.13941384641588855,0.13054008947820717,0.10459783877956279,0.06157352968306135,0.07568032594338328
1252,0.36086020012517595,3.787091955858214,0.015026289253817344,-1.8231482553120713,0.0022797659758962527,0.28543456370754544,-0.07558159122095716,0.11092808394688,1.0,0.042400174518166044,0.23935423622655203,0.16628587406342327,0.1781965977368568,0.025548903493024248,0.10762144416579911,0.19159775588746733,0.13371163850771647,0.1269238293091475,0.11750307042462238,0.10370004718275351
1253,3.857864111111148,1.528339547969348,0.011280970901757418,-1.947653520997168,-0.2685540973339142,-0.2836676722899944,0.2683873765362274,0.19395860845483479,1.0,-0.2841926666647669,-0.2492860401148585,0.24531280316997542,-0.29566261422742063,0.018113123814726437,0.09802176401996855,0.15551221933546855,0.036412581918287175,0.004219566726345273,0.01480841816453506,-0.021108531013497005
1254,2.9697961602363483,0.14652360754688792,0.0012244309997118986,-2.9120656836211003,0.17300316691590545,0.09283426899498994,-0.14432489733786982,-0.1972637059208123,1.0,-0.23142941672650605,0.05257261988787798,-0.02665437085294021,0.01044011504350577,-0.022338797257607623,0.023645082479192083,0.1828654067448524,0.06879125245698042,0.04010950421295974,0.01812195146906171,0.017176590732748378
1255,4.065985265344092,1.9968599372534823,0.008219893402477672,-2.085133814457019,-0.27076024512246016,0.26118695941550546,0.14711143164870058,0.12194830461608423,1.0,-0.11428098781039951,-0.14862281733699587,-0.1290247482518846,0.09770941949365756,0.060145830619867696,0.14306830057906975,0.23890404424225004,0.10813444255894865,0.02615637122461605,0.007916771675789393,0.03225258113250506
1256,4.240024937714693,3.271340329353705,0.0023048112935753384,-2.6373646266794686,-0.0735806965355417,-0.2992018717452067,0.008476157466027257,0.07351796002971187,1.0,0.04099488700984561,-0.26825864641192815,0.23747380891434988,-0.1744055519078939,-0.03923033666521558,0.08530316641161123,0.236219796329018,0.12383389504563877,0.04557915269763942,0.05692171805141418,0.01329516469409988
1257,3.9693035224660127,1.5988276621338042,0.018834629789685968,-1.7250429117960813,0.10149621499415647,0.2313258635800065,0.06641128152679084,0.17152518645752401,1.0,0.26471777697140003,-0.14622056290081953,-0.10572670496083163,-0.2192937973744111,0.06607391788204696,0.1358643859657483,0.27492166684507796,0.2073067266592561,0.08870513105875656,0.020866151273198626,-0.015934779568812295
1258,1.441239325867265,0.3180733709801004,0.0006572313454335926,-3.1822817318708623,0.07345203988629025,-0.2553535632596056,-0.04128104532722576,-0.16162530471244582,1.0,-0.10099093796208507,0.014301214800629047,-0.1782178854517695,-0.07454107915864462,-0.041037060794017546,0.04365693072394055,0.1624976938522924,0.0650305249197809,0.01928140018472739,-0.02292109231302357,-0.01716281481478619
1259,2.143379295019222,1.7990183404117959,0.005563958513396716,-2.2546161169025023,-0.007692086868687575,0.0978386224117197,-0.1112348948636085,-0.03730976333514328,1.0,0.07061033357294262,-0.11422418595883653,0.23671293588924813,0.1189732943512133,-0.014164683003465822,0.06115663118554673,0.22736507299691813,0.13871107162584143,0.07442000243435073,0.09809366656910831,0.08834383611287619
1260,3.184215498601461,1.2203799479721342,0.0034752232785940653,-2.459017287319563,-0.15292134845366093,0.20432640204860686,-0.2588757678047159,0.07945287374478378,1.0,-0.13596122897928625,-0.22702647883523694,-0.1513893029657827,0.2715284678139435,-0.01576666292444354,0.11409471630680086,0.14733842846147946,0.034069162095431066,-0.02070687231158823,0.009633143756676154,0.03975335019852036
1261,3.5193111774101964,0.6150403860126878,0.0054829299913569576,-2.2609872993584426,0.2046948672429048,-0.21695863689304698,-0.010537948310698686,0.28568918291939743,1.0,-0.24214753845381728,0.27426170128807703,-0.03946712851203821,-0.28034306011873883,0.004351100559098598,0.10408410566330989,0.19745361100014408,0.09497920975101198,0.0868337553965714,0.03011317138961821,-0.02051411113818609
1262,3.479295660200396,1.853157790235045,0.0005762028233938346,-3.2394246180074306,0.019283349866726817,0.06786658090585058,-0.046430613278299594,0.272224795326847,1.0,-0.2552819096525876,-0.13397514645101477,-0.26745601367553123,0.0686178868672731,0.02135317445004986,0.13121021052144438,0.24223962597687126,0.09277138766624128,0.006810471240060867,-0.035396174432285446,-0.00016750207749276745
1263,4.086185867207403,4.031275669489978,0.0008282915586286373,-3.0818167646457626,0.09229956977350813,0.129381386776456,-0.007185812027644433,0.18706820776896632,1.0,-0.28832919769286386,0.05830003605560114,-0.25020285690950866,0.0798638989436183,0.046127570679723194,0.1426113344781255,0.2751648372251916,0.13375901209459568,0.07572514904781454,0.014069529875798212,0.03702460965177067
1264,2.8320192489301266,3.441432157558157,0.03422104580812446,-1.465706722388214,-0.2557708326481733,0.15614507743681957,0.25310286681846117,-0.17738445267290376,1.0,-0.11172458923818719,0.10803152721542535,0.19555938886206364,0.23300257062099397,0.03515149971861271,0.07121919816096894,0.1703994474869746,0.09580610797074814,0.08980576870779633,0.10301918375055784,0.1038443135755984
1265,4.35012931002683,1.2669456367815175,0.006509291270527226,-2.186466294696787,0.11875995047426299,0.1953717613158293,-0.22983104021777537,0.23260042137191483,1.0,0.0575196869025393,0.06555834300094267,-0.12305999638851525,-0.1559190671038427,0.002347437444561239,0.09294019741988224,0.26384707565146776,0.19631721934427115,0.1153731368252821,0.0372457084293517,-0.004856125163247152
1266,1.5414584597006888,3.762770888668401,0.004852708153269951,-2.3140158268045794,-0.08368594596231385,0.04700241785969654,0.1774326458498844,0.22868952301467427,1.0,-0.29885978058481955,0.14926657081877023,0.23547965175580082,0.10029088386719158,0.04531692444902515,0.11682685954987353,0.19302354740099525,0.08687520412681761,0.09065668701285749,0.10149762740204477,0.0870428265365536
1267,4.1044170801668525,2.7660679639698227,0.01282051282051282,-1.8920946026904804,-0.09698219756657196,0.2724229196027028,-0.27424231195340487,0.2599179100601959,1.0,-0.18039234245396166,0.07434546551671402,0.08187181884848427,0.13630330723235135,-0.005710166384543161,0.12455665209498445,0.22396263680517847,0.1126919801762461,0.08539501279638823,0.0833611717236701,0.08236922769829884
1268,4.02463539307289,0.6758980830841778,0.00054019014693172,-3.2674533416076743,0.0414061743831494,-0.14229478854608388,-0.113110483283315,-0.14284284678431894,1.0,0.05486420339717661,-0.1654389850581616,0.05227660482910174,0.012211066684265437,-0.06421121040148028,0.01933528518096405,0.24956278413602462,0.1510948024939371,0.044446514214044636,0.033223760929769586,0.02949328277014802
1269,3.21806857656286,2.6486502099491647,0.0038983722270239125,-2.4091166956379526,0.028409645937345206,-0.23597255110479365,-0.15838013596790182,-0.18458740408647797,1.0,0.08384625251565411,-0.004742043574089361,-0.1838075154337493,0.07657455654756629,-0.08353091874785605,-0.010536140322304295,0.192342020135629,0.13563171359499807,0.061302902059896004,0.0050374193982041125,0.023101331145157344
1270,1.2691370944522107,1.5343654218989877,0.0021337510803802937,-2.670856245981214,-0.11056081863237067,0.0702843331258655,-0.13370929448103405,0.013898982700791129,1.0,-0.05381464040764281,0.08915143720631859,-0.030070860866811287,-0.2640467195899058,-0.022753014253207915,0.08527500887961052,0.1987731031814865,0.1028670461187625,0.06653248082021353,0.00981676941879498,-0.027945336836811337
1271,4.766504370889563,3.949417918394555,0.08652045520023048,-1.0628812043227727,-0.19789895475366093,-0.051069305355345006,-0.2815969469515053,-0.18165396683845222,1.0,-0.18304573502042257,-0.2265775188792363,0.0013434819647090146,-0.2525199315911771,-0.10837056410234266,-0.01152664052279561,0.15233374432014649,0.04082034765226558,-0.023773926231943937,-0.039641188776475836,-0.06523869306767993
1272,1.5489098186718866,4.565877441485686,0.03072781619129934,-1.5124683037126792,-0.17288852346272815,0.27597146484321794,-0.23850754485032707,0.1515080612064009,1.0,0.029071077019690226,0.1901625337964668,0.10233871077447611,-0.26689905157071575,-0.012903039472471142,0.06738129293652355,0.17841859223276382,0.1283294371772808,0.1120936638883638,0.07586078912625455,0.022202290616598775
1273,4.044140777921762,3.740712267022036,0.0633823105733218,-1.1980319328492057,-0.2081804954470591,0.08337018680656928,0.038026886691847395,0.21754190987895874,1.0,0.23256580819640965,0.04830172298353286,0.2738058273554783,-0.18058346591914157,0.02519564681292851,0.14305233170412165,0.280131708349026,0.21928215600103756,0.1691839531347468,0.14362787924768045,0.07316403507513693
1274,4.8814844334650696,4.036650347260781,0.006788389513108614,-2.168233246121544,-0.0998648228842865,0.23514876537142249,-0.08076169159651053,-0.07037428759440972,1.0,-0.22705314743101065,0.27057631513943337,0.12994473575707324,0.12709706384113648,0.006457282423632836,0.061892044181288575,0.22798931349459697,0.13571191163591273,0.14601564097609213,0.13848184186765217,0.1272626209215796
1275,2.1240462116800933,1.9889864558117614,0.02375936329588015,-1.6241652017712682,-0.14487344397138227,-0.018939238297974857,-0.22247228234435293,0.1697555675758122,1.0,0.16052142161097152,0.29226062060593927,0.14122985421772163,-0.18998933348042646,-0.033156104378389305,0.08041441071920938,0.18846028260210484,0.1459977478213097,0.1293437806022292,0.07980013730833964,0.0271823872273199
1276,0.9309928244059622,3.2096628966808796,0.0006032123307404206,-3.2195297892904917,-0.009245202857589606,0.13633063999340725,0.04247161520553244,-0.26121583339708093,1.0,-0.25543735946290314,0.23576152799493458,-0.16713224675528085,-0.22629778700393854,0.001626852244590025,0.041339210892619056,0.1256157707172985,0.0555166605044633,0.05087401112033071,-0.0037743637244805916,-0.020133741996173227
1277,3.043827253098555,0.02058246032880497,0.002178766925957937,-2.6617892260108866,0.22633495974879078,-0.033380882893442605,-0.07790862402468249,0.2969915211896471,1.0,-0.2593407070294442,0.1520843207552957,0.20510084766741746,0.017395327456713926,0.014524067513045857,0.1181238238905269,0.21098584865302322,0.08826000548661089,0.08050600478518169,0.08086136963094769,0.05323431537415125
1278,1.2305544403360327,1.0218263505265157,0.0005942091616248919,-3.2260606564494494,-0.0738300660113238,-0.2756205668075982,0.1888247414198723,-0.2005513815819408,1.0,-0.20537984497868403,-0.13900076913951875,0.12908689813386948,0.06876610024742376,-0.009766415190002462,0.08250139406248101,0.10511934119520702,0.017085625829037172,0.012840362194728937,0.02779835963445103,0.024127852595587983
1279,4.993603618019565,4.558408062449738,0.009435321233074043,-2.02524330934361,-0.014296172102906957,0.0008555712822764239,0.11535137411592106,0.1547992112219821,1.0,0.048841923972297495,0.2953104797652502,-0.05996230845156096,-0.0009147084895757995,0.0558850344879013,0.18235960787864883,0.4054646471099053,0.32786311308040383,0.2903231648979015,0.1889059119572169,0.1424877413912211
1280,1.7301283603496067,4.401767618480469,0.005825050417747047,-2.2347003113226176,-0.02457971729435483,-0.29149654313839346,0.19856909018925875,0.029055976727236654,1.0,0.19030927076133383,-0.11526468590302896,0.021921508357536788,0.13232379383976428,0.004370087616175579,0.07583722662635915,0.22445816597209867,0.1637062430418673,0.0868293472863128,0.07210515419711148,0.07983934491873321
1281,1.1717664385215794,1.3386749211722517,0.000918323249783924,-3.0370044202294,-0.1811150849723881,-0.04219890417208044,0.16318931886559865,0.03322033047709609,1.0,0.12593796998109613,-0.2662112425805215,0.12601408388503646,-0.06355368049168751,0.022122316755066936,0.09894632958019516,0.19938171753331177,0.09825445964401205,0.027483272519269828,0.03188625213549562,0.016416980046744474
1282,2.0231423976345924,2.4946632309179315,0.003808340535868626,-2.4192642246162754,0.224642320163524,0.02091676980231123,0.04588049902529556,-0.11329278195027505,1.0,-0.03799707623234892,0.25324844951375897,-0.09776146554402816,0.1847519821802419,0.0223087224841937,0.06414195199891427,0.20595854946584669,0.13591817233811718,0.11716043247461426,0.07001485969262222,0.08213913769888812
1283,2.6787470708387273,3.182508664405186,0.0058160472486315186,-2.235372073996234,-0.14921211450352373,-0.25335466097146775,-0.12481484097422613,0.10315297088653641,1.0,-0.231981334829997,0.059961737301109694,0.2988197711183381,0.05571350424357384,-0.06422965342323025,0.022092429952871424,0.16674702049906037,0.07949569321153534,0.06217471353695795,0.09079536264239615,0.07487386728072908
1284,2.399894974896739,4.310955685438972,0.011109910688562374,-1.9542894322940951,0.25273000719692057,0.25487655126750236,-0.25467893772177724,-0.029766749326609984,1.0,-0.09395385022225163,-0.22276060931071223,0.03197180947865059,-0.12803909582319462,0.0023884047241715103,0.05989486648010982,0.19218452233630695,0.0995515236458928,0.0311247729783362,0.022853865903361626,0.0055864471191779345
1285,4.083036398598431,4.406081313753859,0.02180567559781043,-1.6614304531842845,-0.23121320374286936,0.12630842497175285,-0.06364372896007194,0.21892612703438719,1.0,-0.19617973296947078,0.27131081134635504,-0.16471141470982067,0.12117679679932326,0.00492313725726276,0.12467791947541702,0.2275649448254791,0.13565205647882403,0.11711914019605152,0.0656166132983678,0.07385774321519653
1286,2.5121190524203545,2.029570228260427,0.0043485306828003455,-2.361657461239806,-0.23806962464448564,0.22563604030700662,-0.015072329375811377,0.14245187070545343,1.0,0.08261585821571335,0.08793527307070385,-0.26137957519340027,0.04779561169056263,0.019261842364985925,0.1010113927111758,0.22972785523050776,0.1569672838375687,0.0867209946058254,0.01429579687582801,0.024687182817868133
1287,0.6258741826461975,0.47921617917790593,0.0014765197349467013,-2.83076074394362,0.14582954698264122,0.1487646105015281,-0.017407303660996576,0.02556751786556679,1.0,-0.09970875286455756,0.06618100243433937,-0.24983995726347247,-0.2958539807374732,0.019938808690549467,0.07490426146286915,0.17288760868215597,0.08100555280778271,0.03703062152242008,-0.03019626425312074,-0.05007647489673822
1288,2.9802679983939804,3.993867632540309,0.0015755545952175166,-2.8025665433050233,0.13706871946180593,-0.12980624881469102,-0.19419559924036528,-0.14935998123128402,1.0,-0.12657571069506957,0.2274452844714237,-0.2859967055242306,-0.06787097478730793,-0.0547401635527974,0.02708899474869252,0.15810925260587289,0.09359556920877894,0.06710152059566057,-0.004950266354262198,-0.005114557225165571
1289,1.8255241068638042,2.7616249725441393,0.0008192883895131087,-3.0865631996702243,0.13148767808293263,-0.06774814926042318,0.15531669400353962,-0.11223572922838045,1.0,0.14831255173099694,-0.14957705767672894,0.15891893997820242,-0.2449754120164156,0.024721641698197905,0.0611213385706462,0.197139098521896,0.13192962763989277,0.066587298721076,0.05162391676777427,0.003951397488778621
1290,3.779217365927024,2.29494451762203,0.0018276433304523193,-2.738108554078105,-0.038772695315677674,0.2748824996359171,0.03906423839499546,-0.017686286831360688,1.0,-0.08884427574687523,-0.10556677923056647,-0.21592952964335696,-0.17271056997237924,0.048600561633841466,0.1268721644564717,0.2569727022282603,0.1252194048032273,0.03127468953087629,-0.033809941616064,-0.03990721121288371
1291,1.9967910310713952,1.1934151983397883,0.005140809564966868,-2.28896848374547,-0.07785226514823583,0.1346142691870543,0.11091305369432199,-0.17607814157315776,1.0,0.15295410933238404,0.2199197302861228,0.20384885798699676,-0.06625148378281827,0.017866204698617102,0.0670276390675704,0.19102621573371,0.14258540200012146,0.1254408740106838,0.09381030458754572,0.04965965292023179
1292,1.8448075229796985,3.6310071281427456,0.017160040334197636,-1.7654816956890105,0.26083302348128296,-0.23577724982682535,-0.22805378952805272,0.11123862903307721,1.0,1.53106801639602e-05,0.21657061061376415,0.02320959525928676,0.14278183076603543,-0.03873968835706647,0.07398292323913636,0.18299807072345775,0.12180666515792066,0.10636942855906707,0.08311889392415998,0.07906215146877399
1293,2.2905918276342354,3.4616299612471906,0.0011253961394410833,-2.9486945789832615,0.1537345896113538,-0.25877190785962606,-0.04094209562896498,-0.2648227078021745,1.0,-0.18659765656090946,-0.2082827343739171,0.15980296809980551,0.16430308513729705,-0.04208430062547512,0.014918032369922608,0.12666065020784079,0.031546854586193114,0.0038134047058876117,0.03719462254573457,0.049032767922343665
1294,3.806843969317726,1.737891074485705,0.012802506482281763,-1.8927049955975705,-0.13070302112027476,0.030766233732896418,-0.2233823414001069,0.24365129538815855,1.0,-0.27105421760626625,0.06795744803974599,0.22731990762491835,0.14564522862545407,-0.03467826227609199,0.08431798472278647,0.20409692568392906,0.08432716155549697,0.06824587231370285,0.09129735665218783,0.0865214115212807
1295,3.64008061380427,3.3728869508138466,0.0037093056755978103,-2.430707375958183,-0.17231665920805847,0.08726126771044947,0.11872800974162206,0.022039625559759822,1.0,-0.10167488625474891,-0.07089016844957244,0.006220684138770216,0.2980780320495569,0.04125208271102233,0.18494506124073662,0.24082351370435476,0.11174129567036188,0.06465011168181929,0.0980329919499299,0.11697859579505612
1296,0.6648598658984088,4.364076250799874,0.0019626908671852494,-2.707148098386713,0.10855509961467757,-0.24948412598613004,-0.0848375592610032,0.1302695968975889,1.0,-0.1894466536475264,0.20618045058429782,-0.0748750759831779,-0.26706043349485564,-0.02311021702715693,0.058018224768958494,0.15354008529856927,0.07800171531187003,0.0717793579889589,0.023831770528473777,-0.011304732501856549
1297,0.18962660401817402,0.5829861759556697,0.1118103572457505,-0.9515179649081251,-0.25831858170058425,0.27078149597882367,-0.034148663700471205,-0.026353288244521066,1.0,-0.073810222176402,0.08697913935974715,0.2898990398737226,-0.26654999960848264,0.004861646693815571,0.0517757285107024,0.14019322621975633,0.06832394734972987,0.060700657563593066,0.053580593209523866,0.0012945361795777925
1298,4.605930801405812,1.4169545817574611,0.0006842408527801786,-3.164790999710527,-0.14166494884881192,0.1262765552235913,-0.00982485214143003,0.01181756220761041,1.0,-0.2047183328216194,-0.07820781786113508,0.012026585793392641,0.27538974526717,0.008846036666902243,0.09337830699151929,0.2687589689663164,0.11671032999446834,0.04181707007530016,0.05189250508560813,0.10466677571019238
1299,4.425400716638302,0.013638834171188281,0.004087438778450014,-2.388548739134214,0.17145775867201754,0.11207280566133504,-0.08381699390035036,-0.24185710683007422,1.0,0.2625592050190665,0.2893861438245217,-0.16286615887828096,-0.14350640048188393,-0.006681491312834212,0.01784592337464044,0.196004193215319,0.18412752320786352,0.13890170143805505,0.03978876896641862,-0.001283155427008151
1300,3.330605842803893,0.8740006963806156,0.01713303082685105,-1.7661658037042975,0.08988431242954202,0.20228879033562056,0.27246400361261897,-0.040644807237082324,1.0,-0.004927626128515039,0.10572677430888833,0.28782445098644827,-0.09042764376475641,0.08893052585898113,0.13382191825667045,0.2415222041368636,0.1450684920677024,0.1254825982752773,0.11354548275813642,0.05769828058814762
1301,1.7115284841498144,1.9644897740646279,0.0054019014693171994,-2.2674533416076743,-0.20473589950286472,0.09821840453271614,0.1473039453294208,-0.25537820583330423,1.0,0.18023041416002653,-0.05705306617995388,0.17559316673570757,0.10096527160877444,0.013533780223586285,0.015068399695110953,0.1631668932666203,0.1308362245904555,0.07450802901542498,0.0731150952436778,0.06625518200975575
1302,2.719388554626377,1.1616258062353066,0.027531691155286662,-1.5601671109150166,-0.11336734151322098,-0.0826329519105667,-0.2551823079934459,0.27596624112651225,1.0,0.26666760833499453,-0.060320206362499205,0.05748979617574845,0.1954581340193424,-0.04543508039678863,0.07757833056620506,0.21447125042508372,0.16067535600180421,0.0816695310830631,0.06713653346057132,0.07405063684287994
1303,1.0222594948701804,2.057525876376519,0.0015035292422932872,-2.822888120843735,0.12059812198979282,0.03439467346042153,0.03146424859955077,0.2732614846564878,1.0,0.08819864817073202,-0.22880891416981952,0.00962061486778516,0.09041353633174433,0.04453970499097796,0.15394785656392665,0.2379664255787316,0.12096808839159476,0.03934591489870023,0.04150106216000217,0.04801537840597743
1304,1.615055204714486,2.1823172016579506,0.0623109334485739,-1.205435742750562,-0.09119267555126293,0.26535952963930276,0.25886763923447814,-0.06741622179289415,1.0,0.28291155953865493,-0.17663360988124158,0.2581127391436287,-0.15078324957071132,0.057126949112287356,0.07698048774707572,0.18379370226567973,0.13509980727720083,0.07117582443742405,0.06946593945160666,0.031071704673560033
1305,0.12399690119791634,2.171121024468407,0.004240492653414002,-2.3725836848624215,-0.07114486680587719,-0.015849243433421898,0.21205646607590406,-0.07961498894607871,1.0,0.15921555022318357,0.2024269665850679,0.03329228341466748,0.1420301246209395,0.028248722769858965,0.08619603110290223,0.19035053326565354,0.13526532354091164,0.10602498786825348,0.07836150723942799,0.0722213752569666
1306,3.0123532415069993,0.06843657692884421,0.007508643042350907,-2.1244385413535793,0.18440864753805078,0.033917561743483766,-0.23897740415767246,0.1980116378860403,1.0,0.15019499821372242,0.026699313138796078,0.18936562033051124,-0.09834821365636817,-0.019237004690338712,0.08970773650031443,0.23273414998377365,0.16042956311797094,0.10118066593601874,0.08110839500610442,0.03374812222377467
1307,1.7781927674194273,2.3675157368474635,0.005338879285508499,-2.272549898627055,0.07840169463988797,-0.24874372016011426,-0.22456575736585577,-0.22327295966420396,1.0,0.15569506448903864,-0.2813600733271128,0.21555249144863203,0.012665490269726786,-0.06903062109717456,0.006212076437068177,0.13628909269124898,0.07101419979800454,0.01890019694100406,0.03915367741746862,0.02807132397670074
1308,4.927843911369702,0.8004298826450884,0.0007202535292422932,-3.1425146049993744,0.1102686139788296,-0.19632826518202715,-0.010884526670115345,-0.19488754416402096,1.0,0.14985416624983341,-0.2921186283366425,0.029593046490467567,0.1898607465775172,-0.03753741740799428,0.015386720299653737,0.22347542926010847,0.15067889038265936,0.02451929495052243,0.026640243295817368,0.06205668099552258
1309,0.7455455859805622,2.881546086294568,0.002286804955344281,-2.64077087537138,0.05179469994386532,-0.08360710551525359,0.06555227912811734,0.2964717083708607,1.0,-0.15491703971059936,0.023539308229382615,0.06028265516878053,0.13884752700552355,0.03674765099850961,0.15031260284196782,0.21324029224455557,0.09667925923654401,0.07077942806609591,0.07011710648302183,0.07134436033855764
1310,3.472999061072864,3.8896827983351745,0.011118913857677902,-1.9539376343956334,-0.07921053162726888,-0.19145029088571358,0.13547652059037432,0.19628462606789499,1.0,0.06829095448745781,0.1743764442736864,0.26254258182381146,0.07549765901573831,0.018216871608139364,0.1349094517983554,0.2570859917273423,0.18505439804507198,0.16963712047117266,0.16351984031102623,0.12784423875693635
1311,1.1861549992467186,1.203428221669224,0.013774848746758859,-1.860913161173719,-0.2227245850575215,0.006270731281115505,-0.09901575839663841,-0.14431935821324562,1.0,-0.2322314256081245,0.22444928222297503,0.20143689686290991,-0.1427842164563331,-0.033666501884166714,0.018477217396350606,0.12872004119855937,0.05201136547073424,0.06719104526904997,0.055632395505269855,0.015781071779876824
1312,1.1835936623013548,0.969689175730012,0.006257202535292423,-2.203619787401204,-0.28685534518834216,0.2293378256938099,0.08448440923535898,-0.17067943060264212,1.0,0.23491982363526548,0.18174045041624934,-0.17928603925918152,0.12760854725910867,0.00856887745418883,0.05227878585130547,0.15373673744121477,0.11668775408214627,0.06963432600758866,0.0273601801678326,0.035933140258804966
1313,1.5367538038105,0.4379355244020449,0.08003817343704984,-1.0967028310211042,0.23410379540434773,-0.23063972558547727,0.18919643218984403,0.25754563448941675,1.0,0.15236510161609523,-0.12447920661344612,-0.015032861355951721,-0.12816251313200044,0.056219165240937626,0.15982670829716908,0.18401037537652767,0.08982483669845635,0.034940409260364125,0.008805001780939434,0.0007107862789592087
1314,0.2637238333998829,4.581879209755888,0.016106669547680783,-1.792994251423945,0.27308980322384924,0.04529789566859908,-0.2988550684641478,-0.06172504535375758,1.0,0.014278849652699743,-0.25470786405974016,-0.258889175063496,0.29635463012611785,-0.026193675433614207,0.02927139728675889,0.13515811540386083,0.06986025945141817,0.0030111235033343535,-0.007396315152127277,0.03742431756497395
1315,4.560282804314933,4.674914067998934,0.0017015989628349178,-2.769142787818074,0.13357875920393245,0.03156698217028586,0.2464808338789425,0.11560246511356226,1.0,-0.27267272207536397,-0.11034444273554779,-0.29472446931529345,0.035867557183831035,0.0922992865691606,0.16042961377540915,0.2883149556466692,0.14078404525367286,0.04822261708871274,-0.015298270773265121,0.010667530689417512
1316,1.4263327181821923,3.90442972679058,0.031006914433880726,-1.508541449209701,0.11909315652830581,0.29033826139753044,-0.06474828649340561,0.2918540360437148,1.0,0.04071441621451553,-0.22758872060704205,-0.1911552728430184,0.2441090650976269,0.04324664703266421,0.11924355989738,0.20681626312081933,0.12317995125880468,0.040456955053355836,0.02288864510180935,0.058075271935664904
1317,2.2244134942522176,4.305102652157085,0.0052488475943532125,-2.2799360372323036,0.1440022758948066,0.27955096619480363,0.09514501886852396,-0.0787410299494496,1.0,0.10706126289608398,0.0914644541528512,-0.20295008881681526,-0.11650605605144075,0.0655874154227229,0.096224317733724,0.23584288451530555,0.17993683270162808,0.11993855130199535,0.043811654369958965,0.023252532352429297
1318,3.782309323324232,3.120617079036467,0.0038893690579083835,-2.410120845176406,-0.10843901392218994,-0.16557864329441171,0.1400508000821806,-0.283555039820169,1.0,0.23022119169271726,-0.21398096269278502,0.1595445186433166,0.14187159438437594,-0.021106682527425303,0.026072240573901156,0.18695626319511466,0.1297579752177918,0.05683854835447296,0.0711838912307571,0.07392594438593338
1319,0.7349751091728405,0.5789768623326044,0.04927434456928839,-1.307379143848813,-0.2817846489439109,0.27600647425400765,0.05844506366175625,-0.16930633399500716,1.0,-0.08381247258584469,0.2605499541621789,0.009038809239306155,0.2571495689370107,0.01082837337284298,0.0372138500225471,0.13446430144412136,0.07503839044369284,0.07107221277032442,0.053109956190373384,0.0639734600112583
1320,4.388658840977576,3.2402406331904303,0.021004393546528378,-1.6776898531975653,0.2313516189806878,-0.18750005934234804,-0.21196009187166548,0.09742215731360002,1.0,0.19367616943522734,-0.1441260914099636,0.25218247366778473,0.13053241496333665,-0.04703840058156832,0.03234329570579027,0.21546002557681293,0.18723273712759073,0.10179919594486583,0.11181425780324365,0.10878660071548876
1321,1.0059706051150799,1.51870799649937,0.012379357533851916,-1.9073018938250366,0.2817819772778036,-0.010905336021292221,-0.28484806910446464,-0.04601695756146159,1.0,0.1761514277165399,0.05124372065640865,0.23221907631532152,0.12972587265172442,-0.035206535137345826,0.052887179102424534,0.16633622670036471,0.1117401157825353,0.08447500260511975,0.08737549360008524,0.06929507591459567
1322,4.4920508001657184,2.1206631652061523,0.0006932440218957073,-3.159113866818836,-0.1750663489431135,-0.14180030262492685,0.21760348942346977,-0.054364244126660986,1.0,-0.17387473204826193,-0.2305063879322065,0.22090889090825913,-0.26896435037408034,0.01097194501335538,0.06416201798276637,0.19755973345510566,0.08168707654904035,0.01667835499550582,0.029330018412494604,-0.018517950328373854
1323,4.556910037633336,4.499713487828625,0.008733074042062807,-2.058832857725073,-0.032237104034243846,-0.21616543246568584,0.09459820714052249,0.05140413846782483,1.0,-0.284924678646027,-0.21306202551859293,-0.2013331173701212,-0.20360075387240228,-0.006869431931387794,0.09805152332625539,0.21717094424916597,0.0661147099984119,-0.01738655995118564,-0.062347004654511776,-0.06688931085478926
1324,2.857798868257373,2.4996527051386925,0.00424949582252953,-2.37166259335723,0.12086062875215721,0.26360615996283016,-0.2669975361144148,0.11215282190199391,1.0,-0.01148956096868956,-0.21297622024556462,-0.23578899241894222,0.11693134699165453,-0.0033600086417795104,0.07584065781974904,0.20230382959339277,0.11149159802351605,0.01742678716508815,-0.015293191186973686,0.01747619212239085
1325,4.712383237816875,2.952756499544675,0.007922788821665225,-2.1011219198411495,-0.03322846092339014,0.09269609755180579,-0.20742198588877228,0.1844257994379848,1.0,0.13988879759575226,-0.22500481683940654,0.27766052948818454,-0.2393090187074235,-0.021999912919591975,0.08655395645894168,0.25144319765283246,0.17713224342894276,0.08270817829155937,0.08647239112548204,0.022998949105220903
1326,1.7414324196252622,4.353045751201579,0.00972342264477096,-2.0121808365043683,0.20149164077778103,-0.22054957974967268,-0.23976763934880913,-0.22060167177863413,1.0,0.25194048746945336,-0.015453173626174554,-0.01908987952094979,0.148669970967335,-0.06751221878799858,0.008119609930258074,0.15676608900100136,0.12186507603313305,0.07010692643769821,0.05478692184258917,0.061757337974931194
1327,1.014224884889538,2.8860892652683345,0.04167566983578219,-1.3801174112085073,0.29030969498611264,-0.23718683065017215,0.27693212352448693,0.1175335456904712,1.0,0.29741402978099263,-0.00028439153401643713,0.2773410614235134,0.03690693068289086,0.0459678018748274,0.10561791595066476,0.19027790615805235,0.13903397066836176,0.1025641826243718,0.09891855485748598,0.07129022201954402
1328,2.698580426984145,3.765000771639247,0.07423112935753386,-1.1294139320107803,0.2531066892746397,-0.1656011158275202,-0.23069919243013368,0.21502798197958878,1.0,0.29430806940442894,0.05290409015200585,-0.18807118008268456,0.03630983917588391,-0.024365478993673747,0.09437714076390535,0.21977064332901386,0.1757560597714277,0.10103932455798503,0.04538489883336825,0.0448322032375589
1329,3.5537149102550347,4.978355139644438,0.06272507922788821,-1.2025587814567487,0.19776980102721742,0.2347428556331719,-0.03349648298525724,0.180241718592802,1.0,0.2234966902135679,-0.11947703680428216,0.06496950874148404,0.09293158422394145,0.06864557990017699,0.1727314730529086,0.3132673017243694,0.2362602474039618,0.14544960881362717,0.12929364694004417,0.12074799735477924
1330,4.027121431543724,3.3592060766802367,0.020401181215787958,-1.6903446864639395,-0.21859673815473002,0.24543187067084005,0.03301010427105502,0.13383279149599206,1.0,-0.19368605248780404,-0.2277617292463773,-0.06778303534775097,0.29874754188156977,0.03326915135486629,0.10745044460788918,0.22593821560132166,0.10164992052367629,0.01637243685390891,0.02167298997548497,0.07595003162397826
1331,1.4155990809944763,3.6973976390944947,0.005257850763468741,-2.2791917448789185,-0.1912720816684015,0.1788955582104043,-0.2208039878032037,-0.2510334066815159,1.0,-0.13745250586472615,-0.2913889454554539,-0.0294966260177387,0.13730026620033037,-0.04804048999199997,0.05453138211494209,0.10014503213505105,0.009557846443290599,-0.02111879393893325,0.0041564199372853255,0.018505148167359292
1332,0.764833844237155,2.8137250752375698,0.013486747335061942,-1.8700927786278703,-0.2019589553455177,0.09899330423065424,0.02886651016298651,-0.04199511670150956,1.0,-0.18469786414777994,0.08382295824572435,0.060327580135983445,-0.276676486195909,0.001911672559899688,0.05822670481144072,0.1694923208804089,0.07457899336256686,0.05993200129191145,0.029448895376851678,-0.015865647937530473
1333,0.5807468157139244,4.5473967278375005,0.007715715932008067,-2.1126237700681196,-0.09307810461095213,0.09406467551559579,0.2272631100448254,0.20840435045277958,1.0,-0.2653458973744749,0.293885954435835,0.20546608219896542,-0.05516001771222171,0.05055249280979387,0.10798942837038587,0.17429790821705476,0.09172242537493772,0.10898109754296544,0.09728083132608768,0.06502457737088704
1334,3.6984632337336536,4.815691266116966,0.0726465715932008,-1.1387848765247726,-0.29733473592758136,-0.13592895434121358,0.23398147693589738,0.2717822829672478,1.0,0.09235286630011914,0.05374563917744102,-0.06474846998885944,0.07626505605741653,0.022537442771383604,0.1355547055803979,0.2774420911782586,0.20725128112766616,0.14048853230752115,0.09213933761009022,0.08825874594244792
1335,4.971452391099046,2.347270785820785,0.01648480265053299,-1.7829162476896214,-0.04042154436325209,-0.2894667938610923,-0.17781970290889074,0.12037906220759366,1.0,0.08135877564818596,0.25753309354322174,0.24173609136298715,0.23577463725672929,-0.07768124371135077,0.04283171374567393,0.2197939156731544,0.17480537386188463,0.1635637440675578,0.16177015209373077,0.14988708662838043
1336,4.418315307942679,0.9334138330971022,0.036615888792855086,-1.4363304195867304,-0.2925507912094663,-0.26370715200352873,-0.09309006188731095,0.17190900065327933,1.0,-0.2665136793817993,0.12112773221818464,-0.22452103484314145,0.0029095984439380107,-0.05285644328397578,0.0830892603746372,0.18505415448110513,0.0683454438697421,0.0325624389295481,-0.017626496392219537,-0.005290072352173526
1337,1.6480173350723983,0.35533908116722657,0.07656295015845578,-1.1159813404760777,-0.22860820287233113,0.11924660305325796,0.20398914009369734,0.14679679102007576,1.0,0.05221925750081184,0.21932775363638177,-0.016261713633627273,0.12037720645568359,0.04822929874411198,0.11056241676189926,0.21079237918490998,0.13627462746733623,0.10395532673960271,0.06321911926234575,0.058456385304163416
1338,2.9487607984000523,4.957513355806968,0.01269446845289542,-1.896385479335938,-0.14317787960124015,0.15406474954620833,-0.28596645132871096,0.1025927071628366,1.0,0.07810229621164048,-0.27312943908536796,0.24562556493583088,-0.2852541311841899,-0.03824136415413711,0.027397535264934134,0.17534236693216074,0.13127732844411485,0.05155763128954636,0.05721726203278294,0.007169637532617923
1339,0.060975222471110174,4.734470254125245,0.004042422932872371,-2.393358250987995,0.14886199265191832,0.2829392366400792,-0.1514319996746393,0.1532682225303148,1.0,-0.004219508700196095,0.2694254763682157,-0.27994145915641194,-0.09101736784520227,0.022647508869395015,0.10071036547148783,0.17034750876500676,0.1183906020181,0.08859016171186429,0.026924155774165903,0.021685247141738164
1340,0.11970946677059913,2.0770059203336766,0.002151757418611351,-2.66720669104318,-0.09006758551311235,-0.21463987240268742,0.20269173147256198,0.23769702729989406,1.0,-0.18992252285865618,0.21615337239915663,-0.03245227797531467,-0.07038201750270025,0.023402698289321937,0.09474607652098427,0.16215000309941013,0.07506493625754876,0.06876392360279879,0.033966946742119426,0.018142973980763297
1341,2.4743905986752903,1.8136584013157577,0.008291918755401901,-2.081344961794469,0.207058833305147,-0.09757055009701139,-0.16882111960163812,-0.16508191880990644,1.0,0.2933294917484298,0.28671025356513563,-0.12506427959532682,-0.201719149697801,-0.03451383031096532,0.013106261750903164,0.1613688578278631,0.1517835704419731,0.11816784194809768,0.04077750104631083,0.0010886628526819919
1342,3.7720550078501605,0.6200769602365384,0.005753025064822817,-2.240103733832918,0.07578430757646444,-0.026937059255931504,-0.17669713368549392,0.19694202766720023,1.0,0.18076447533070417,0.008897089380505796,0.08610799838031898,0.022055015017198618,-0.019669165579602983,0.14232424384103745,0.30684156490227676,0.20733756561428976,0.12185197214780842,0.08973573543957139,0.06277264993254505
1343,2.394183503181964,0.767204917649694,0.0007742725439354652,-3.1111061407477503,0.1089117353622002,0.08626928248429944,0.13639554419609012,-0.20330413123400662,1.0,0.2595513227607643,-0.031949559639685064,-0.0792992438973159,-0.1044904182032589,0.03291241061300935,0.05355509284854144,0.21670048649309384,0.1670166907896526,0.0814187632592894,0.024580826369957988,0.003454839049871268
1344,4.272787865243039,0.232344808003158,0.008616032843560934,-2.0646926542144746,-0.0029335861309065735,0.08186851204094427,-0.19871949434848016,0.1767495169988577,1.0,0.17807876823129246,0.13821157146062218,-0.23908447611714098,-0.1836379631260599,-0.01547819066118569,0.11568173314556256,0.257431165543634,0.18571319360103547,0.09876708029296502,-0.004122547593305021,-0.029078535176526935
1345,1.1485405252163947,4.936295169712953,0.0019086718524920772,-2.7192687310625665,-0.13482405882385576,0.04751048368335067,-0.2251110115152425,-0.21166038192628842,1.0,-0.10986120049997615,0.2884292896447599,-0.2901403676150698,0.09576117110517308,-0.054458588918261754,0.012046396105096016,0.11923639490168039,0.07427206172423698,0.05983514608000659,0.010377001901491057,0.026331227475163095
1346,3.5896319444526847,2.2968861279509434,0.0006842408527801786,-3.164790999710527,-0.27091640003874995,0.22635006769922494,-0.013669070829108365,-0.19177970025402216,1.0,-0.13250327710227244,-0.046523029544614077,-0.25356260672443454,0.20887873544480268,-0.00827033025498776,0.04804782595024637,0.17126048332150456,0.07526476751682813,0.013590211422282493,-0.011862678129189777,0.03348573114526574
1347,0.5381100177336952,2.692626140381231,0.053613872082973205,-1.2707228261725216,-0.21349525660437133,-0.04401865251114332,-0.264015446776387,0.22316202317602432,1.0,-0.28183383540175294,-0.18887783848344963,0.12226386562969632,0.006705879002156489,-0.03548196763644135,0.07357930982970481,0.12892420928451728,0.02145284107687944,0.0008361974060705531,0.018889614246521757,0.015473754142077745
1348,0.6711934177949426,0.4275201404583496,0.001026361279170268,-2.9886997406548454,0.0976950357860611,0.1508510685694487,-0.29557922520128643,0.10135555066648447,1.0,0.07338172630740813,-0.15686177017977046,-0.12190411796908329,-0.09304464681066676,-0.024540228366205806,0.06109579296627992,0.17329753991033045,0.09125743822526862,0.018064506118399038,-0.010177234203963,-0.012412196495966475
1349,2.8622617746584247,4.445732609715848,0.01214527513684817,-1.9155926423194136,-0.26885645436560063,0.25596663751447296,0.12665299231692775,0.16907959849694967,1.0,-0.07938586543159937,-0.08622971203522536,-0.293478698080962,0.018772164359978305,0.06379008707630877,0.17997402338536997,0.21036752804952508,0.10532951255335081,0.025935417650210138,-0.001438549161779341,0.017116042979323027
1350,4.519320613628123,0.06045371651749335,0.004438562373955632,-2.352757672714088,0.018651242090511187,-0.03789221998001114,0.266530056952686,0.08693035544038814,1.0,0.01076176186494815,0.10210091443046636,0.23725976772104762,-0.29513459372076184,0.07089027022098482,0.13841083729961126,0.28398150825674207,0.17968014588106018,0.13385096432894306,0.101169976458097,0.005045670333219117
1351,2.2039599973876927,0.9160650955920758,0.010281619129933736,-1.9879384880814888,0.11058944862768287,-0.2086106527777929,-0.19462517182820174,0.025346920267609364,1.0,0.277439706772077,0.168344877435584,-0.1351020459627707,-0.05673083302825152,-0.04980421149486033,0.039689469933802915,0.19431973356197202,0.16245859994574435,0.10481023621221143,0.03373444898546958,0.014587880906786312
1352,1.545985468419313,2.5585076315148836,0.04507886776145203,-1.3460270005924089,-0.2836829656001817,-0.05905068235359115,0.2650375779528619,-0.1422671131449202,1.0,-0.25867849989922076,-0.07953025217648832,-0.2654207772867709,0.2309682175360501,0.014138591951131816,0.041302788924333984,0.1313579046161539,0.040072078942798496,-0.0004045248256827535,-0.0195461984027575,0.022926182531733126
1353,4.839342475907626,1.5802463109279716,0.01594461250360127,-1.7973860308012433,0.14286434893290736,0.28077761109009436,0.17063912659694663,-0.2027728687131069,1.0,0.23772832895116136,-0.21853730706393304,0.1629756971203613,-0.22347075913532677,0.07118102988862754,0.07078095012865959,0.22306391426347746,0.17237036828311644,0.07566069831702507,0.05688145747104931,0.0077185659987016484
1354,4.346685970098995,1.08680255024155,0.0009543359262460386,-3.0202987267265478,0.03116739161218782,-0.057593304914318966,0.22615054445247018,0.03352012908941932,1.0,-0.0804289781820275,-0.041341102952065986,-0.2492952696186125,0.19731090704742907,0.06133453991130856,0.14988680376302926,0.2807393507532932,0.13844629308856696,0.042093858033216226,-0.0026729270991134625,0.04968211535383613
1355,4.745368451877379,1.9207121656851034,0.0007022471910112359,-3.1535099893008374,0.11605355156993555,-0.16493623326502163,0.2543817840479972,0.06000966776085772,1.0,-0.1364781946573527,-0.21423553172558527,0.20744114284463686,0.005402144592406732,0.053863326991935974,0.12410506916730035,0.2685266964328265,0.12780878675267007,0.043294514013235676,0.06924066689793928,0.05697177458287539
1356,1.236533263742302,4.402822378894204,0.013540766349755113,-1.8683567557356946,-0.12690673828363228,0.11337948676638955,-0.09233820512953284,0.2725870665437427,1.0,-0.0728005295632377,0.17617824551188704,-0.06492665525325754,0.11875698547478972,0.0007469781199505724,0.09104500179453673,0.21781486478232848,0.14364292790689265,0.11489799756306439,0.07627383199864264,0.07820758673779914
1357,2.3553560673265053,3.53179863814586,0.0017736243157591472,-2.751138365829725,0.13640067426629035,-0.12661879483277835,-0.06178773942515544,0.1461957969273078,1.0,0.0544377429744187,-0.08844873220400436,-0.06582334820342912,0.05160446526179683,-0.002546917825825564,0.13283785540088716,0.2723499677676956,0.16052308588702624,0.07613776891952977,0.04828599679925255,0.05338965883358019
1358,0.11585476220705833,3.5887045376496385,0.007130509939498704,-2.1468794104018243,-0.12431131439615331,-0.25718272288925953,0.1987021977471455,-0.19429179957932022,1.0,0.03974324823794617,0.2217102478876282,-0.04034168258645332,-0.10283511671825898,-0.008535957783588372,0.02505117272337666,0.14372256077914478,0.09686578421928166,0.08377949203819954,0.03979293796273984,0.01871456992170653
1359,0.9766415726012555,3.5059453730217904,0.08808700662633247,-1.055088147963089,-0.2655126285321634,0.039402751492854014,-0.26569277852528284,0.17636253780162228,1.0,-0.007438774492608213,-0.23264009822503348,-0.07209724380432146,-0.12534718781575377,-0.047337510442209234,0.054533236399094756,0.16793720599955025,0.08239398595249359,0.010499659032782676,-0.007448390598624795,-0.014754773835375387
1360,3.129011522484988,2.884252991178888,0.0027279602420051856,-2.564161963489013,0.10031462555956305,0.009584158205228021,0.15947314991082753,0.027833166375020445,1.0,0.027840128801429654,0.20440351143341184,-0.031803422998585705,-0.036590723693464354,0.06407277569818204,0.13938413632270968,0.32408715976342417,0.23110454068778488,0.18619614768516643,0.11059713953215383,0.07380168697596388
1361,1.0499777904959349,1.4207295131159625,0.0005221838087006626,-3.282176598428381,0.04682400768001875,-0.27614600164263203,0.048715702424554384,-0.05060875522459111,1.0,-0.2489614233820453,-0.09723892259694511,0.10497550404627239,-0.14639811323530041,-0.015917244469339932,0.06569786967546919,0.14906955151231366,0.03281153887544645,0.014713897937525203,0.012392532701710477,-0.007683604887341525
1362,4.3227678465376975,2.1288575178963756,0.004267502160760587,-2.369826250317233,0.26201668039141235,-0.03556576530651274,-0.236035748387754,0.14760225811570934,1.0,0.041685934253551826,-0.04608435914779295,-0.18771503330056172,-0.04209178179185192,-0.024949165092416237,0.11963692081910468,0.27641419645515203,0.16659467237668013,0.06708899031168074,0.0029926798503153696,0.004338137063743354
1363,3.487862725411948,2.1046470403080404,0.005374891961970614,-2.2696302608619487,-0.02764934353858559,-0.1565563223448061,0.18601712231387263,0.2147701455244894,1.0,0.09337449573985364,-0.16626450426574954,0.15359798333469932,0.19072181585313436,0.041327684686940806,0.14911487751788186,0.2580898515036763,0.14895393719507719,0.0738724955816947,0.0906816946644309,0.09554417668241214
1364,2.09225556690253,3.4763547392928755,0.048419043503313164,-1.3149837941040352,-0.27573920066489954,-0.03232171431186004,-0.13842190789156936,0.003555454178239592,1.0,-0.26616900011294464,0.09216161942250434,0.026213019362982547,-0.16522827863176995,-0.05096485751292933,0.058003637667337786,0.1639000230490346,0.05799176744685541,0.049636612178002214,0.021170977565893784,-0.006272686181641937
1365,4.243479809109726,1.4521972327281263,0.003745318352059925,-2.4265112613645754,0.18066086812476562,-0.06847973782526053,-0.24875075669051283,-0.16001453516814518,1.0,-0.11290001399215162,-0.12635564183366466,-0.21238618347760688,-0.16364492952136664,-0.06375618534770033,0.02660680757979156,0.1781770165629054,0.07161347534827327,-0.004462470497868938,-0.05342884807214221,-0.052589587908095876
1366,3.3184373217231027,4.790722103290584,0.0022507922788821666,-2.6476645833192802,0.048416989473560525,0.01693340319203751,0.07862042120166808,0.18767630495967838,1.0,0.0033653813698571564,-0.09009125429353863,-0.025973682106898353,-0.12597809111917324,0.05543435966187055,0.18027506201273044,0.3703445247329191,0.24435062761830545,0.13649575547153878,0.08180157265418847,0.04289120577412255
1367,3.493656846812667,0.7923390105647108,0.0012964563526361278,-2.8872420998960684,0.06963720464243923,0.16712237269100738,-0.2787624824625609,-0.23225875140948873,1.0,-0.26116514283807263,0.0375013450871081,0.08655295430300682,0.14720072851106897,-0.0548268107510025,0.07052470904056869,0.12408170986639395,0.03724415619201433,0.03584124738211741,0.05057223355763861,0.04847939584933155
1368,3.939017455573005,1.8642111704573456,0.0010983866320944972,-2.9592447613165698,0.15564683796890702,0.17305532387479608,-0.2067083746635213,-0.02931666369091357,1.0,-0.0021976423637585563,-0.13265056089337263,-0.20775367313115767,0.09800296667820836,-0.011308569762945019,0.06196167195508639,0.24063534756357602,0.1428261438101228,0.03752985506297881,-0.011171355186648076,0.02107217975247294
1369,3.6468918391354803,0.852346962217069,0.0008553010659752233,-3.06788098670247,-0.061501195054307664,0.1731935013406743,0.19646679285637972,0.014934257280881113,1.0,0.020942904886930822,-0.2040994101886496,0.06865194069615108,0.043395914362743634,0.07804987419876482,0.13292492652768623,0.2935698414853285,0.16435978798152895,0.051369326464745825,0.047755095893454995,0.04860628341434348
1370,0.19014043417471055,3.897102577365854,0.03380690002881014,-1.4709946506511307,-0.2699611688931509,0.2900083256678703,-0.2517285846439129,0.19214354208631435,1.0,0.2054630173444894,0.1293680720395629,0.283481526617028,-0.17893939078498328,-0.013375333249575756,0.055966772139961644,0.14166309406679606,0.10943406839510783,0.09117918369995322,0.08023713543349727,0.03775368494489601
1371,2.098466780981272,0.6522783469797909,0.004843704984154423,-2.314822316324929,-0.08826041060307165,0.17861986052658144,0.012606043778521392,-0.013915750724485676,1.0,-0.12979459352783315,0.08155430488116555,0.2794075808600207,-0.26047579861948644,0.017793616063652318,0.07347963459219839,0.19271228290023515,0.09420440410944776,0.08063362204944627,0.07399141669839518,0.005883379621301264
1372,0.7174539407093696,0.33523728241673445,0.000891313742437338,-3.049969397393768,0.28514250929348833,-0.148571221498402,0.2646954873890012,-0.2366243009361205,1.0,-0.010454442759167803,-0.2354977186106757,0.111462193566104,-0.15380117832516219,0.02355068377024525,0.05248313328625882,0.13410228599844054,0.048783072117902955,0.009297371153235798,0.00896990060282665,-0.006599898158742338
1373,4.800136151596462,0.5259145011880745,0.021445548833189283,-1.6686628348445594,-0.12768472294365854,-0.28812640349378194,0.2956697061771718,0.07267260130609192,1.0,-0.24205004100106076,0.12275762889710551,-0.18045317539591413,-0.21101134399127042,0.021867080837538366,0.09369041328584858,0.20939634122419049,0.09290583004793485,0.05397955687977586,-0.013025561064164413,-0.0404577627388919
1374,1.0770786597196862,3.4885583607155723,0.04395347162201095,-1.3570068169101481,-0.15556309602269827,0.27372050432039147,0.25661104004754415,-0.13461392186523205,1.0,0.05773404459148763,0.10503739339366278,0.16504208573571788,0.20296732267660417,0.05572693243164208,0.057835617972176075,0.17244275253366861,0.12700337842038448,0.10031909572177365,0.09722422778412426,0.09813096095313438
1375,0.8995183900453976,2.6239491762587246,0.002610919043503313,-2.583206594092362,0.2407137781433607,-0.2515570138721861,-0.22196717334398222,-0.14942790607710732,1.0,-0.13178622555145056,0.21124026304610322,0.039918176006093355,-0.21312777752241074,-0.049889801798554304,0.005961501894702621,0.11872873361209446,0.061065342814027715,0.06174037755474143,0.029983636253071988,-0.003715838683909956
1376,3.80415885790375,2.5141211533175674,0.013450734658599826,-1.871253994511938,0.1192631500663728,0.23954412918655127,0.2375176940759451,-0.04629378822213504,1.0,0.011503323710596147,-0.19038653824529897,0.1741013692454654,-0.07781318549495926,0.09822094800000061,0.14606307595554113,0.268327657415672,0.14758005741483365,0.07382469430840549,0.07594595039391872,0.046223000273618586
1377,2.317097605964925,2.918514263630312,0.016160688562373956,-1.79154013907698,0.19111464705435313,0.2605814264690567,-0.20868183971890134,-0.27465685295614994,1.0,-0.006562866544798374,0.2839892649597661,0.20206975666669316,-0.15895283828663467,-0.010285249918181505,0.011190401031793636,0.14208759915762886,0.10492111365908784,0.11112389274056741,0.08827382635673424,0.039206823850250955
1378,1.0246267083739808,2.3209290010928543,0.042170844137136274,-1.3749877055909925,0.28608002753770684,-0.17909573746767754,0.29798358476495984,0.2645968331211581,1.0,-0.231851842170134,-0.2774109538968544,0.15103171172532523,0.1826291614572347,0.05508422727287412,0.11353055925974825,0.1458129792095128,0.04168925456694183,0.012085137423718981,0.039049354462713,0.04669148312676211
1379,4.854568285960336,4.588485165009441,0.004195476807836359,-2.3772186753013176,0.06376801791815585,-0.11635848609366933,0.20422128792891667,-0.20029125599425385,1.0,0.12262534708900225,-0.20779089512372798,0.22708549660733532,0.09618248777195564,0.023236318871073816,0.07603773848050933,0.2551234061185196,0.17229465193867288,0.09481952217297264,0.1195981440405919,0.1116680535994881
1380,2.0659773114014706,3.8750934250120945,0.011425021607605878,-1.9421429698966133,0.09800498158404666,0.18246854021469697,-0.14553437830812901,0.1210331360799242,1.0,0.12042189664111748,0.154493368770084,-0.02431079571325514,0.1280075279483016,0.012041385665425649,0.09915013065764833,0.24522532869792626,0.18806259335035047,0.14361139704425296,0.10225492314039872,0.0991850597002638
1381,0.5918436984928134,3.5479842287517327,0.0031421060213195043,-2.502779165032138,-0.1320272350529966,-0.06261094883196323,-0.09530781483663683,0.21999915772694897,1.0,-0.21675484420245966,0.06300995221481691,0.25004946745845336,-0.11395148912375974,-0.009821085793459451,0.09645320633016653,0.1598608794090397,0.06541552553441275,0.06834634651733323,0.06759333345763507,0.03259144042907899
1382,3.8389693774810514,3.0199774171254363,0.009642394122731202,-2.0158151211594624,-0.23939896372018168,0.19562697420366787,-0.25899122151562554,-0.023353847242754498,1.0,0.15897142286309143,-0.2189033122678839,-0.06550264386989599,-0.17479760102687866,-0.04846192520676444,0.052770469703724204,0.20603659992853085,0.13031362417472775,0.03286933291592195,-0.0033266659891340875,-0.021447105938800497
1383,4.591234935676266,3.2012288720747866,0.0006572313454335926,-3.1822817318708623,-0.08046938296621436,0.21748728413014254,-0.12042818097683995,0.11674797861398149,1.0,-0.2846213990276925,0.10056332634412679,-0.1061421598946414,-0.09851158193641303,0.01101743692400758,0.12841577972613194,0.24597556930574094,0.10810966482680731,0.07309524079629799,0.021980902987939106,0.005909607235544683
1384,0.8578079329429011,2.176887671719123,0.0016565831172572745,-2.7807867689817813,0.09836603744491916,0.12552055736336148,-0.00201605393370009,-0.03078329034573398,1.0,0.23077621021958714,-0.23073566738043744,0.12427157731609977,-0.2763624420310105,0.01687322272133846,0.06621805558782559,0.19159109976667593,0.12729954281121886,0.04863736769826975,0.033174736218262176,-0.010295412774708607
1385,4.886229843475571,1.9053452984702286,0.041063454335926244,-1.3865445197503796,-0.2788475977151071,-0.185546179888997,-0.22958065509611758,-0.21370851287532586,1.0,0.07314432097527732,-0.14177103020923756,0.06602609159239996,0.03350501772829151,-0.1260179226881281,-0.04611184959440059,0.1757090895916525,0.11964772441281779,0.03768127112453361,0.03043175678414314,0.029832662511767187
1386,0.39966148378287447,3.445224765134732,0.004960746182656295,-2.304452993139533,-0.06643574971408366,-0.04794937809853739,0.26296608280044903,-0.0019320727400132464,1.0,0.041952828011346206,0.080962506352672,0.14021655097671162,0.15515179994259634,0.047702109028412515,0.1569415767793395,0.19532385794338852,0.12282263139393308,0.10505877313553248,0.1045928066697048,0.0882670423273365
1387,4.370548431505937,2.449188522994466,0.011695116681071737,-1.93199544091829,-0.021707663940559285,-0.007027577161956233,-0.14036833602060544,0.14883111106490354,1.0,0.09584254233692655,-0.090683029483336,0.2327484181582985,0.09651852598577089,-0.028724248160778818,0.10287274303714528,0.30586918445442207,0.2113439435502749,0.1218838482664903,0.13747203020203927,0.12036717332244799
1388,2.6557603338061897,0.4721156413236739,0.011560069144338807,-1.9370395682584836,0.17229163156169008,0.21954143975331616,-0.11474355108980666,-0.13660563186481764,1.0,-0.2803510836969961,-0.20597098358727606,0.1935027195106097,0.04923003148584324,0.004356418567765198,0.040297441818137957,0.1532679378062625,0.03706488845605177,-0.001599820667972127,0.03126317370284787,0.03134939633926027
1389,4.071523044968601,1.3761023236063354,0.03292458945548833,-1.4824796316532736,0.23882429143309822,0.25983222417878765,0.2232339889709777,0.04245629494069409,1.0,0.14394878798668168,0.018673679035509316,-0.17951655451169715,0.1570966295130923,0.10754696517623155,0.13999943908202295,0.2732635472683383,0.19766079118371535,0.1072961595916411,0.04495899396429566,0.06420391200850424
1390,1.498859918719392,0.6665874301044039,0.006707360991068856,-2.173448319243025,-0.15310005564922322,-0.22100697618329943,-0.07729431713872309,0.024447341215851924,1.0,-0.16501619196950568,-0.036880962804711356,-0.00042350888493609685,-0.20623483595828576,-0.04091934026776296,0.07154195066139561,0.17174437440025736,0.05635590700713986,0.02235440771893264,-0.005775195665554636,-0.02883924586221289
1391,3.341671730518836,4.822617391942185,0.006086142322097378,-2.215657896049682,-0.04070237637318541,0.2645958246912528,0.004237947501206807,-0.16083073170758086,1.0,-0.24179991410253143,0.005811575211246999,0.12208012605776856,0.23143126888217194,0.029746216139072492,0.06127021928811658,0.2129967397685003,0.10414181085792548,0.07690777530306005,0.0968913200250892,0.12068592578947233
1392,3.2457364514404956,0.593530286212735,0.0009813454335926247,-3.0081780940506944,-0.12862664130143456,-0.026552104400594554,0.29867106678014776,0.23700123934026307,1.0,-0.28910021522548823,-0.08775417892271739,0.07788061676477387,-0.23559737485723214,0.05572638619127014,0.12021431349157095,0.21794375509097308,0.088123072579507,0.029138139985154125,0.018726430217652232,-0.01865394972027349
1393,4.868268437384048,3.712767572752251,0.0030160616537021033,-2.5205597849544725,0.24454554454940877,0.011833931783008933,0.0019253005829604763,0.07215679305154706,1.0,0.030971213716112667,-0.15882449765282952,0.166844418118581,-0.2682981134283464,0.04089108566337419,0.12930398060266438,0.32331251515326265,0.21685825556764923,0.11388702535261302,0.09354633273563619,0.016233326909740043
1394,3.207630512465325,4.266385250432737,0.008598026505329877,-2.0656012204075718,-0.21473072215910885,-0.21370278244275479,0.12518809829911476,-0.24696209544438297,1.0,-0.10621744952383552,-0.28823741452189344,0.21005759726543047,-0.11310687928167468,-0.03429148298211993,-0.0004587998569715846,0.1420706835345199,0.05997953159973796,0.0017475749618956064,0.024311878641051304,0.005708381903484193
1395,1.0606203018784524,3.177107576802993,0.00445656871218669,-2.3509993930577493,0.15572841835576937,-0.19733645235769345,0.17672980394165735,-0.21265001268993514,1.0,0.12720780138912394,-0.014588730300382746,0.14243182234588422,0.18318313106078013,0.006617662186361856,0.0531559282867552,0.16813855044117934,0.10774879502630996,0.0746661342078551,0.07975864186029094,0.07862990420880678
1396,4.651933205991477,0.9229980357083036,0.002529890521463555,-2.596898272086238,-0.2198789527008537,-0.14076158367408867,-0.01886279242145389,-0.09974511718345158,1.0,-0.2624521860445114,0.2955125112907567,-0.08682664423562271,0.2118910186377246,-0.04416811453403983,0.04769949593853459,0.1762559154087856,0.08059976292646122,0.08357056883191873,0.05119998443205043,0.0699720968744268
1397,2.5925704775973073,4.825227910189824,0.003178118697781619,-2.4978298866034954,0.21845402230521507,0.15561142628879013,0.06509275777125878,-0.16692936157553392,1.0,-0.18545100016027355,-0.27414556532408063,-0.29917832918340515,0.13561689216223605,0.035962922365938454,0.07685843233834976,0.17352899410307449,0.06539030143264567,-0.01228582219917615,-0.02974333135348455,0.01116812273705578
1398,1.8804043409014028,3.546946275779254,0.002826995102276001,-2.548674943918103,0.22572011565668815,0.12771977159880424,-0.2963421775244499,-0.11031047861436238,1.0,-0.10859315050411505,0.09018682439780512,-0.1986176303997503,0.026400484101348296,-0.030848612921531206,0.027518559937706206,0.16514747338037533,0.09249149561466678,0.057169962477855524,0.010347121931935762,0.01832747275715808
1399,2.8193796374113056,4.421333900132826,0.007985811005473928,-2.0976809721595915,-0.026317688359769897,-0.28140020705251945,-0.07666734271736508,-0.2743088514723005,1.0,-0.24341439991237127,-0.10297335594185163,-0.020182453564690027,-0.010636400599156848,-0.08323607943913677,-0.006435849151920571,0.1402189082507937,0.029939498848966833,-0.0038503230515842144,-0.007438881170541514,-0.0011326472785083337
1400,0.8676007211069094,4.203415464933268,0.005744021895707289,-2.2407839132701555,-0.1585732043161711,0.019286666573144196,-0.04760314369520484,-0.22927259678193135,1.0,0.20638824312287155,-0.2666498045598279,0.23913830614711062,-0.28649366685592,-0.028360919612865403,0.025231261639638486,0.1407092276871077,0.08407353618057464,0.035809061863868084,0.033661426641782524,-0.005376463753419075
1401,2.9240823411892154,1.2979485583455195,0.004438562373955632,-2.352757672714088,-0.16886828151118247,0.21136559747420358,-0.1694362006919175,0.24691339963732295,1.0,-0.09683888356716228,0.03797527039021446,-0.013913327774120032,-0.08618746282625617,0.003515223937102514,0.13429342811936676,0.23017976734367715,0.11458398534760823,0.06692911395971773,0.03205906396478442,0.012274388599530933
1402,4.603172173373449,4.098117043551747,0.0022417891097666377,-2.649405244895582,0.06878954990363444,-0.2682749637538625,-0.10101346053857482,-0.102413818639812,1.0,-0.046967331752110986,-0.028911110781830826,0.25634351119413423,-0.2699189411685277,-0.07281849781864098,0.00834619458325618,0.20945324241780788,0.13285411900988897,0.09135833354330393,0.09094246623556079,0.013780560110542258
1403,4.117886785213387,4.254222189369977,0.01849250936329588,-1.7330041527300586,0.20928268836135291,-0.07370714863287403,-0.22897161348943412,0.23025677147387402,1.0,-0.20837493207504096,0.16809405534381835,0.1770264012024737,0.2834085694090381,-0.00026236617283730457,0.15001188582383032,0.1864219174478165,0.10833398244311894,0.11521815519926111,0.135640736797298,0.12754391562913447
1404,1.0289245634469044,3.749881976310778,0.018834629789685968,-1.7250429117960813,0.25873442717428935,-0.15054842995422743,-0.2030169448815809,0.28084113909933683,1.0,0.11105553564224509,0.18981709582141965,-0.25739788100151356,-0.2510810995296621,-0.01330800560150475,0.07309666977684057,0.1640285800075653,0.11976573054092557,0.08292137679170766,0.014530570816482125,-0.010459215218052723
1405,2.344692569032055,2.1897353666340273,0.0006122154998559493,-3.2130956792850816,-0.024091049001956744,-0.02785084575917892,0.002414738874150357,0.030650498413722048,1.0,-0.17051902297098137,0.14368303905009408,-0.20595527485320286,0.20058708524734106,-0.0011710639833455148,0.0821482411494648,0.22514829798588315,0.11287182835615918,0.07517099275676505,0.02413924273693248,0.06069458262090094
1406,2.725885718465297,1.1681404196659804,0.009435321233074043,-2.02524330934361,-0.05944591106509684,-0.2874617471020154,-0.22672613592280966,-0.09641451104115023,1.0,0.06166891856094143,0.2440204855995051,0.0033119599567703827,-0.04822694071467012,-0.09423510830476087,-0.0002589712826480114,0.17854425944281888,0.13112091064073367,0.11097858584874642,0.05841853697958985,0.02807527560763485
1407,3.701428675956726,3.688551551487538,0.012163281475079227,-1.9149492429692874,0.2169842122436644,-0.16160707477829828,0.18795107786415002,0.11772994587595803,1.0,-0.23023844743993466,0.04158151245088595,-0.08648123042152686,-0.1285065639603787,0.053814208142780456,0.14700417242203387,0.24498491885693927,0.11569919526406501,0.07462797639041481,0.02809540289988268,0.008886789883107813
1408,3.5862575039550744,1.857028761239319,0.03489628349178911,-1.4572208236125903,0.07755003747083915,0.28136761531371685,0.23869800790336282,-0.2143128580405805,1.0,0.015387922210466075,-0.15039986762530663,0.1787976132553246,0.253774699013001,0.07555536385931755,0.07313960620706858,0.20452959282646807,0.12356081383661004,0.060034983996605035,0.08221551713477834,0.10088332300599279
1409,4.53768756732125,0.1836774732285909,0.0038443532123307402,-2.415176716966294,0.21135161327661625,0.1015277383883741,0.0630199686292292,-0.2857966739773046,1.0,-0.29040931221679,-0.12851421915548544,0.12516196290876552,-0.012078168736796957,0.02516373970881436,0.0305025174895965,0.18529313414211457,0.053147371885533416,0.006671825981425481,0.02554703295707239,0.0207676813197971
1410,4.92653869428138,3.1807570796784983,0.0316281331028522,-1.4999264421992924,-0.20882773430754667,-0.06787250116205408,0.25322811024027336,0.10530256207464757,1.0,-0.2492589047677702,0.21020379699460442,-0.14843064570375303,-0.16116666829307888,0.030736295266685292,0.09778840607926843,0.2424952519040334,0.14069138984091667,0.10818561552102349,0.04033946937155595,-0.0013446068531360108
1411,3.445791188538516,4.7793169457463645,0.008354940939210602,-2.078056615772456,-0.03059067040175537,0.04816824051696562,-0.27914875092631,-0.20406605055868532,1.0,0.2794790331771752,-0.28981890558230866,0.07444242423131195,0.07859299962323574,-0.06925434357329534,-0.015762841629708632,0.18168683956776735,0.15438188812214537,0.0518984149316602,0.050199923298019776,0.0560837021036791
1412,1.7802456946319793,0.6417744204801241,0.002619922212618842,-2.581711603005411,-0.09614283282960992,-0.2883844675320299,0.2512799787995919,-0.016964033365925713,1.0,-0.21889226802342968,0.18931791415707022,0.11930033972946727,0.0361245427461079,0.011587005742961882,0.06462748569190042,0.16503208442202488,0.069903708820216,0.07076899339978002,0.05856384845425685,0.04253707471658922
1413,3.2218721986096117,4.318018632193649,0.0015755545952175166,-2.8025665433050233,0.07594048500566232,-0.19378726652891695,0.0327457518883119,0.13332904184959754,1.0,-0.07731663466199797,-0.26384431976056527,-0.21467917674133488,-0.21989234222009346,0.0020635376244969865,0.11152934376425729,0.22508919019190313,0.10252830995498355,0.0038422504839679857,-0.04463768621959142,-0.05173436094509431
1414,2.735879199750034,4.6104921016876705,0.0005221838087006626,-3.282176598428381,-0.08115186994492646,0.038946938023970444,-0.12109306061421132,-0.1088377280719605,1.0,-0.255770626745797,0.22054877015970256,-0.24250976058422608,0.02162586951030381,-0.036013646483082765,0.04928278007268629,0.1716428741552719,0.08242093354998382,0.06617669726857849,0.007664309900210414,0.018169549530187536
1415,3.3156515241633033,2.7101322696270773,0.004933736675309709,-2.306824033506949,0.2234181044625425,-0.01063383849357089,-0.000572885223522035,0.1091847313348494,1.0,-0.26922119451406895,-0.20393409559741613,-0.2999231444070534,-0.1970554868492308,0.026422670276315376,0.11675157727976038,0.20192317092564022,0.06050212668874011,-0.018871288947428212,-0.06689796848602864,-0.0593844376255956
1416,1.3711410810779534,3.0055561268965403,0.017502160760587727,-1.7569083314010623,0.03045052213339503,-0.218587286951056,-0.24385431172756805,0.12878949271504309,1.0,0.14126938298433792,-0.12161009893577843,0.1765342227605004,0.25297358473684156,-0.05277034564379889,0.04357587114940164,0.16865789371445533,0.10977787513848604,0.05688516392440473,0.0743991916677671,0.08524421084640647
1417,3.1363475265633944,1.45479771004381,0.0008192883895131087,-3.0865631996702243,-0.11545128284293887,-0.17227953848108854,0.18941517054805138,0.1081328668867558,1.0,-0.28986819517579643,-0.17024696342677104,0.03163542951462934,0.19565479803743827,0.023390641867824028,0.11222177448966386,0.18821492493738268,0.04539007030204044,0.002597525648953901,0.02592496583262001,0.051961748140617485
1418,4.308155055280186,1.8454106330196858,0.056179775280898875,-1.250420002308894,-0.24254618878746964,-0.11965138528331293,0.22572862336430174,0.2330043404316893,1.0,0.004223708715604691,0.19045330458461215,-0.22209806329574797,0.1717688595928111,0.03936667341583136,0.1469907790595885,0.2475477205472283,0.1592650019395033,0.10329548744700268,0.04226267037860637,0.061960438206686105
1419,0.04515920075287876,4.108504566750365,0.01584557764333045,-1.8000919241771682,0.2909824318571264,0.05286238925386093,-0.0902161585245752,0.0846316043085564,1.0,0.017729867102752372,0.24456674233240183,-0.2880570608052791,-0.2883941614519968,0.014361619696551179,0.08782257931789546,0.1626699807381273,0.11037385184222943,0.07730972602119142,0.0029504291881919118,-0.015358906304777629
1420,4.752377558019297,0.5344423858705234,0.00438454335926246,-2.3580756307766837,-0.01606162822031677,-0.23847471283201319,-0.03386225957222989,-0.15411824884599493,1.0,0.05703532430875213,0.11576584950684134,-0.29452726318997996,0.22621030793934088,-0.05653226799008455,0.013571250667426161,0.2151666174132009,0.154357105734172,0.08247914133844661,0.0010641036025098726,0.04702477664318468
1421,3.2281627068040777,4.962466074777778,0.005563958513396716,-2.2546161169025023,0.08826180948334036,0.02474398585067079,-0.18692598550636239,0.01161961259125317,1.0,-0.0843972178799768,0.2945036811834462,0.1746366981751594,-0.2479986109372074,-0.018807885394386447,0.13109224408256348,0.20290478583601124,0.1542594026768894,0.16137471000005366,0.09789639778326377,0.04280151037128198
1422,1.215562672055175,3.861599750923812,0.004339527513684817,-2.3625575537524686,-0.10122825360088812,-0.10149534618841964,0.06364442237932799,0.10621383910382406,1.0,0.08837299774512393,-0.1574919181843714,0.28499569223878685,-0.12969771582126258,0.00145373786461404,0.08151170001986031,0.20733669199682778,0.12860908687658482,0.07365046185196099,0.08593212216821326,0.043425353183372234
1423,4.0784124177628165,1.9699756683188283,0.001107389801210026,-2.95569948055192,-0.18537628869911335,0.26483446053225057,0.0012612999818015335,-0.22866051067572077,1.0,0.1667408685246982,-0.17293372480751495,-0.10408348217649911,0.05892436351142929,0.00879104600647851,0.032476759503483124,0.2162809230130884,0.15877791736997016,0.05135398649780613,0.013054809681563645,0.027036890902599066
1424,4.737489249484913,0.44387599356237295,0.0005221838087006626,-3.282176598428381,0.19468301543861047,-0.1689200802076983,-0.029945892652398363,-0.060371055636527504,1.0,-0.19869865145539164,0.0271170141664113,0.027724813704704053,-0.1288231588492705,-0.023050499723538016,0.08948740968119195,0.2512165724103588,0.10089453626673726,0.059619205560159164,0.025234936177861093,-0.007013691296059461
1425,4.5489654451494035,1.6403952916102011,0.1218308844713339,-0.9142426028753751,-0.19192166478471598,0.16432942820540233,0.2976874925969179,0.2531954541540548,1.0,0.26672759765870563,0.1605149882377032,-0.037800738445027356,-0.16783734552414198,0.08719504425508334,0.16021357873592418,0.28136067931932873,0.23037088690329838,0.16037871538200252,0.08162950334883122,0.028988816109816306
1426,4.895922411815068,4.018654096542624,0.00756266205704408,-2.121325305929436,-0.058662216477396986,0.19811659035901913,0.14243924819907405,-0.20702311940039914,1.0,0.13779230067084516,0.09311379720240917,0.068150301379805,0.08344659496576735,0.05742971748060521,0.07460806702055196,0.2881651990826031,0.24397646998981998,0.18473286054473032,0.14718090443719203,0.130202158942966
1427,1.0984086285007673,2.9139297768103027,0.02070728896571593,-1.683876755973725,-0.25527420248070354,-0.2660403792407557,-0.24836472749849026,-0.07199875226948219,1.0,0.034078948263670014,0.2907849196013128,-0.16190642034456948,0.0947477571860001,-0.08024385918538844,-0.003409260872864841,0.12282338650471407,0.08684820490122241,0.07445499178756923,0.027112979436401015,0.031830133358500594
1428,1.6141515699346445,2.746569105393018,0.00148552290406223,-2.8281206477774115,0.054464809322965865,-0.17765404139695623,0.2127765781961592,-0.21230938229690346,1.0,0.2818403129582993,0.03055298424263224,0.01513294056439285,-0.025530040026644083,0.013269261665687447,0.02492685470356214,0.19225439847429926,0.17438870212273835,0.11152359771695763,0.06862979801852696,0.045709826513288754
1429,4.649763181877334,2.826097675926797,0.0423689138576779,-1.3729526691513154,-0.2516650276177622,0.24827533137736668,0.17022045903941224,0.08493756630362881,1.0,0.01607227216837328,0.1863348889439788,-0.15004093839375798,-0.053809452947147986,0.06777672967217169,0.135077930021565,0.28744820295724627,0.20688172675743363,0.15121649478848015,0.06533457412136849,0.03976057294956036
1430,3.788942190165513,3.6415712525439763,0.016232713915298184,-1.789608865268916,0.22951281538187765,0.21010291444940365,0.16991217731479538,-0.04508344758967294,1.0,-0.20367933202758692,-0.2011414604354327,0.06111989938408626,0.057003690005870106,0.09195654614583283,0.12198336908816097,0.2515982550892308,0.11901988937460645,0.043090905637063366,0.04991817604459545,0.05786955290012886
1431,3.0234470421838386,1.2011753060996853,0.0018546528377989052,-2.7317373716221645,-0.10501048838018964,0.00774651150805663,0.05915724259347829,0.05565519146861939,1.0,-0.03688646241807753,-0.061225165740967064,0.12551521696728046,0.16178400475573698,0.01923854516376035,0.13876903277849464,0.28161789479116767,0.1402495545591637,0.079015740389629,0.09329487152283901,0.09665329380080737
1432,3.0475845781080544,0.8145131777780095,0.0005221838087006626,-3.282176598428381,0.10122651050389837,-0.2585068648774129,0.0957410209369088,-0.2500009033932854,1.0,0.06796210377586749,-0.12709077287598514,0.003205735214302052,-0.05465363485978401,-0.024852364449887185,0.04011270009003129,0.2014703681853908,0.10781034629288687,0.035442102077677506,0.014226430508321408,0.005482984064171709
1433,2.721645070267261,4.636431171463381,0.003421204263900893,-2.4658209953745076,0.09053018007137936,0.19061439416985523,-0.2598232104929764,-0.10591021429614456,1.0,0.026380795918858446,-0.039936979093735725,-0.25962875905864025,-0.27474877819303933,-0.02804904800480786,0.05219129060090652,0.18950001121689042,0.11887315980748288,0.047188211183668484,-0.026521878393553893,-0.04712046132992715
1434,0.34005663300637823,3.02034375952146,0.002826995102276001,-2.548674943918103,-0.15918007532785075,-0.18129064332768713,0.07907023863636961,0.15918410649394069,1.0,0.12289743493750498,-0.16001651795084462,-0.10440333531312361,0.1398341217995635,-0.002104389278283992,0.07821817821209764,0.18414772159021098,0.10925982908959037,0.036685075938479354,0.02049713211425715,0.03990564552908482
1435,4.487184503117973,1.0438633003037268,0.004978752520887353,-2.30287946068662,0.055198277317783706,-0.02422526566400839,-0.146271930051776,-0.1035282524733023,1.0,0.017420142259536097,0.11496713486123322,0.24805641111406562,0.13441078757109198,-0.04862705922905835,0.06345790064016146,0.25598032681757216,0.16459681265957188,0.14146984685659547,0.14952840971057713,0.121866065532003
1436,2.9601675375725827,2.560236045425612,0.015683520599250936,-1.8045564413196735,-0.16264769271979776,0.17245494276148263,-0.0875903417215124,0.01812836316558226,1.0,-0.2007777524753079,-0.25523291981125995,0.15453742668020923,0.23702471881896364,-0.004376019293278258,0.08196179021129607,0.17913763893494292,0.052984567790236234,0.005858971401857808,0.05088272637785743,0.07321058543995072
1437,2.9977367451925883,2.8987724216840687,0.002151757418611351,-2.66720669104318,-0.09499167971877796,-0.11680273999494212,0.1464223296967683,0.047363251041599906,1.0,-0.09635063994451522,-0.1024301482621487,0.20661490051733608,0.10301528015573282,0.018793003747775348,0.11811114273523522,0.23837222373381733,0.11157743520369426,0.06963854644619646,0.09440693282143532,0.08590553223237819
1438,0.10666501839530207,4.007370481389892,0.0036822961682512244,-2.4338812839839763,0.0853338388219745,-0.0205269401186943,-0.1973122707479928,0.2894697933660461,1.0,0.013185423034222031,0.20140759845767,-0.16846046356354624,-0.2680222074087058,-0.010682318404877815,0.08596820464287698,0.17662148591842514,0.11562110116115151,0.08775059638484516,0.023600529156309186,-0.00820494143395297
1439,0.9220148403303696,1.5507146268981689,0.0023318208009219243,-2.6323048279100663,0.009995833151275835,-0.08172644026074623,-0.21883358041185588,0.2925319665445764,1.0,-0.11482126436475704,0.151134167055392,-0.02419714994895653,0.14936032340444888,0.004213389992858852,0.14772965695853355,0.15578614642671423,0.08337535811033425,0.0592470843342098,0.05241957191393737,0.048898150417295214
1440,0.5640532608046956,3.235757239170934,0.02086934600979545,-1.6804911603637407,0.24236223287452502,0.1868159418145887,-0.04166941808039504,0.09307850535651556,1.0,0.14132116214470775,-0.26756455000258833,-0.1326937738265926,0.23771028676965567,0.029791239315136452,0.08457118544373783,0.18337247906474097,0.11164281781068541,0.029642368893726456,0.02201630023665993,0.05338136892239951
1441,0.033966403012951146,2.2544784894617673,0.0008733074042062806,-3.058832857725073,0.13429546289350475,-0.05490039521156402,-0.04952818146455151,0.2094686963021332,1.0,0.1547747984265683,-0.10277982680497208,-0.09595733355370775,-0.05632233037105265,0.008597012297210545,0.10192034660973284,0.21325912459160676,0.13158983396922821,0.05447730697191354,0.019725908508435665,0.013546542948128282
1442,4.7490035093600085,1.9807508491100374,0.008003817343704984,-2.0967028310211044,-0.08697676124632253,-0.2077699199045355,-0.2500216260177801,-0.11398261730970696,1.0,-0.05316450532316158,0.2545673154382639,0.22616740628725096,-0.04773746407826986,-0.10599022150336082,0.01200207421332657,0.18734404028888638,0.12421628490834108,0.13419286430003532,0.11494826396105284,0.06355987961894777
1443,0.006570843835999996,3.4507305167557627,0.009417314894842984,-2.0260729074600627,-0.13840166818324626,-0.1445068793917809,0.21515844285922422,-0.024863273374396,1.0,0.21028658414878387,0.15366788050350808,0.18595585736333278,0.09249052131201016,0.013743324181970225,0.060114469617094386,0.17295291366031104,0.13258226894188596,0.10955492445843447,0.09729221917654378,0.07864564818827437
1444,3.898445915024362,1.1456736486469141,0.014044943820224719,-1.8524799936368563,0.17123585272664757,0.15430650278432967,0.23306234577388144,-0.013550923664297054,1.0,0.2722156614224506,0.2287989685525049,0.22058886657806584,0.0837944521693792,0.07992386577352338,0.10986201301449751,0.24970179658798933,0.21420195468776682,0.17717471073861626,0.14789895150922713,0.10923336248396111
1445,2.2885691675713136,1.5040845735788357,0.03939786804955344,-1.4045272786659437,0.2541618194278009,0.048626573015258454,0.15237584525115544,0.2674285352955665,1.0,0.24847536694991382,0.154734917562999,-0.10807908634289308,-0.29408008930330065,0.05963400749236056,0.12554742008796418,0.22144717017267776,0.17110504111224067,0.1137526614408145,0.03915429134194497,-0.008299304208412184
1446,4.934247587134234,0.19015989623040314,0.019473854796888505,-1.7105480725522264,0.2329001715779635,-0.07998307190459038,-0.0679971335499309,0.2888243047149572,1.0,0.0597697885872531,0.05650078933476938,-0.07143919488378946,0.2360399481442773,0.007500934719493953,0.12185996394781835,0.3005592933019801,0.21663763558805704,0.12322906178918708,0.06756608279405335,0.09264219099785591
1447,2.794881176696598,2.7788256928396375,0.0024578651685393258,-2.609441944950562,0.0863020950409187,-0.06630596372479959,0.16525751227870236,0.1202903484529048,1.0,-0.001020851773242959,0.1068608539797091,0.05476486926582331,-0.052751698240437926,0.0550503120568634,0.1481609683853381,0.30970026142259455,0.20148962534581924,0.15008244585561697,0.10528701161085677,0.06685052614758913
1448,1.8742213248730226,2.7922667317402103,0.009705416306539903,-2.012985831140598,0.20256387738836112,-0.24830241666529618,0.14194415233885785,0.1019178495828271,1.0,-0.2389502552388864,-0.14660306357350264,0.2792494530131524,0.09335525798559682,0.017838946608717907,0.08040207439585258,0.16952373691110262,0.061356820183721725,0.03327316414696253,0.06645134358062485,0.060506633880306956
1449,3.863817808328603,1.2702245840883986,0.0006842408527801786,-3.164790999710527,0.0351702896127954,-0.09861150539391962,-0.14396510392598535,0.16563237757636887,1.0,-0.08648355773537447,0.004607591167434677,-0.015899736898851612,0.05872685803546165,-0.032413104218117494,0.14449161272348235,0.30346255413437023,0.15061593399269552,0.08015809208759657,0.052666991167490886,0.05351723009829158
1450,3.6584305791524008,0.9026901568880703,0.030880870066263326,-1.5103104719485474,-0.05883092389245798,-0.06507847496926683,0.1393535533216315,0.14973208776342836,1.0,0.29831358857675194,0.1872985693358931,0.1992681042745716,-0.28052014082759524,0.03241249721320513,0.12444387289413188,0.24628886791334967,0.1977775921440072,0.1529825660043703,0.09430639088879644,0.017557171187401556
1451,0.4047778217851665,1.0659514585705894,0.0021337510803802937,-2.670856245981214,0.03181316288281202,0.292509503566799,0.07360625013621959,-0.18348998605443748,1.0,-0.15466573952003318,-0.1351822660077455,0.12791636462088501,0.1703872775194435,0.023990680694382524,0.06446938671656927,0.1407620571641656,0.043298893187620015,0.020048471122820998,0.042380133112017465,0.04828621411659496
1452,2.8719551825539176,0.8821161852470578,0.02389441083261308,-1.6217036734629013,0.2849057350709885,0.23300957235449696,0.2420419678082055,-0.19614032099083023,1.0,0.2610107014488838,0.298911672599041,-0.053683625968681925,0.014134834753046888,0.0698959923129097,0.06827331868235464,0.19212319362662444,0.16739141826781045,0.13411461282925594,0.07139215502558255,0.048739309768568884
1453,1.5851170137602701,4.685553461911727,0.038425525785076346,-1.4153801812388858,-0.22626347603565855,0.13977113718484035,0.17292513624990394,0.18501520498714877,1.0,0.19112612499157458,0.07301597766803185,-0.2779078831667306,0.2781046078104107,0.04277451054283528,0.1166834163486503,0.20306192559919695,0.15173092583968956,0.08884568316128556,0.05110951172479743,0.07985095142352353
1454,1.1672826200366897,1.1749454026899577,0.003232137712474791,-2.490510143412999,0.06336249489736812,-0.05699318103945736,-0.215580136866792,-0.09116400595479952,1.0,0.03148055168331003,0.2863337812441637,0.18224924509815954,-0.24421131715866623,-0.042794358805599925,0.043530660261391206,0.15358278522499944,0.10380523981575034,0.10448750040691095,0.06106028443916584,0.006964279158734773
1455,3.397134524051543,3.6342433728099186,0.006905430711610487,-2.160809228042337,0.23331179549865402,0.17608394663114507,-0.004926947905428247,0.02135617607658813,1.0,-0.28548414894253094,-0.025102136973689005,-0.008409452006132889,0.0012481420919232765,0.05893339204299908,0.15373466789843077,0.2742710735450662,0.11021254282787546,0.06735423295788356,0.05163921807215276,0.048242323264786134
1456,1.0368270096985628,1.3775383928412572,0.038497551138000574,-1.4145668954545776,0.25064496183151996,-0.12177899802930392,0.162000555249488,0.1929652017949136,1.0,0.13298120573288175,-0.1717583046992136,0.07510031179860026,0.04285667274737146,0.04239173665530801,0.1105021440910356,0.20852438201836657,0.12323863788024347,0.05098166425998523,0.04583275249361281,0.040293175841377385
1457,2.159740806943952,1.8318076643126604,0.011551065975223278,-1.9373779356163894,-0.19409388450694365,-0.08529689171839883,0.1721276854282285,-0.2703688554224452,1.0,0.27765454068494877,0.01703287002606266,0.27790545101023484,-0.2031224459434062,-0.011708205120677774,0.07564054624413886,0.1604955157241375,0.11134184123376911,0.08938191345275112,0.05535846299933066,0.018584892339213968
1458,2.9133888344790835,1.8263727996480132,0.0021697637568424085,-2.6635875494164494,0.28146676702998646,0.0005030131382874225,-0.06674124503468512,0.1381030133861972,1.0,-0.28013656197659187,-0.2967921327063674,8.07091766507284e-05,-0.20408582022130542,0.015988239104188267,0.0948763666271633,0.20010021750723989,0.05805124347148336,-0.01616605343130197,-0.019084985171065817,-0.034622169409006795
1459,0.8436929418969609,4.57814503182739,0.00418647363872083,-2.378151639101364,0.07772201165419479,-0.25979462801586634,-0.20123223693230707,0.19022536069930696,1.0,-0.07984095127260725,-0.019696339187264378,0.23994048961752826,-0.20438309055149173,-0.0437874115905037,0.055324442436192084,0.1623214023769253,0.0856345355758963,0.06438375256975559,0.06495009515521757,0.0208346893632456
1460,4.01815940850739,4.055059743730388,0.01289253817343705,-1.8896615740194813,0.1446835517777413,-0.2564608378025871,-0.19396778245563795,-0.11667790279601689,1.0,0.019233633421293916,-0.11725471724684415,-0.2514688560323413,-0.18795943439795615,-0.07649300363236837,0.02291339539335135,0.18775351531112888,0.10742467297085209,0.020684021715806487,-0.045768979852260944,-0.05299248642721194
1461,0.17648315070223256,3.922139841040769,0.01666486603284356,-1.7781981732384138,0.27659650581787887,0.07100186563981647,0.0811972949242242,0.13071343962906543,1.0,-0.1520452272899289,-0.06781352143099302,0.21799216957499748,-0.15561350538248278,0.04602892197472141,0.10374895325011026,0.18697261031139045,0.088786793528661,0.06397066779924218,0.06729622639331877,0.031350355673426394
1462,1.270718726251997,3.0913311213437304,0.001431503889369058,-2.8442074676708664,-0.05778325574182773,0.22904321692908192,-0.22079455165083475,0.1452754421342636,1.0,0.006904147203646271,-0.11105590579233479,-0.10552847850278338,0.03133450853409001,-0.009898418279015985,0.08674516248743104,0.21501142027527487,0.12159105509965423,0.047031007927571256,0.01934615823247792,0.027232492564898597
1463,1.96920692774226,1.0027976352445356,0.0017196053010659752,-2.7645712247435905,-0.09426371724591388,-0.13651372099903955,0.09274851352280197,0.052555557495423996,1.0,0.09625123807986409,-0.13639355426986313,-0.25702132011015966,-0.11986728749861435,0.0024499373623997956,0.07858555358807437,0.21347368438099987,0.12550676347679277,0.0275090691232393,-0.034626539653028296,-0.032112037464878215
1464,0.5127665394897577,0.12837194098334992,0.015152333621434744,-1.8195204760154942,-0.22009273219126244,-0.11241606525360416,-0.21229563435885068,-0.27711638660147553,1.0,-0.22324352014348034,0.04742322168050661,0.05151425676061245,-0.24835096536690895,-0.060417885395590815,-0.012244479738147804,0.09824659538226373,0.02515135881428253,0.018554519911524278,0.0013628687068627243,-0.025872370995568855
1465,4.8116256687817724,2.0318711771235,0.0015305387496398733,-2.815155670613044,-0.20057949022862664,-0.058532714463351475,-0.01303086636782388,0.010616506684605542,1.0,-0.04862456078174484,0.07286656139655678,-0.09089804437653215,0.08300032975471118,-0.039768428943735994,0.08315688557641734,0.325194880610473,0.20337978449733182,0.12199692637374963,0.05665042843720323,0.06590519771527831
1466,1.259715854787538,3.944457614962586,0.003952391241717084,-2.4031400717491964,0.016606194069151693,0.27015807723395796,-0.286737129287212,0.24434625155044323,1.0,0.0785953752059149,-0.24794480621709802,-0.18271655618717844,0.12995196408585555,-0.005140500178347525,0.06678587133902787,0.18129521759193779,0.12239161763431551,0.035793120637541004,0.0065702808585159905,0.02985050293875362
1467,0.09468093247736036,1.9659088446806063,0.0005311869778161913,-3.274752580349174,-0.06133798957283845,-0.12395855521662014,0.0862382340119409,-0.254538209527334,1.0,-0.1385857567832752,-0.1806265120689974,-0.09347301961448058,-0.011916119882893206,-0.01716407376238119,0.03766102424708163,0.1355521302356639,0.03311274993851117,-0.010337493301687047,-0.015452147907122862,-0.0033100385520384657
1468,2.7530858551372632,0.5178192970825113,0.0005221838087006626,-3.282176598428381,-0.0017592717162509652,-0.09593626669302846,-0.04018055120712871,-0.017916175709022295,1.0,-0.2449181960489017,-0.08937613541537723,0.15923239296971556,-0.1393751106835575,-0.020521309483384063,0.08818285740188679,0.2045946772707255,0.05433030675929668,0.027013459003145817,0.03110013486786129,-0.002039094519438695
1469,4.856345527989953,3.2786403596202476,0.01659284067991933,-1.780079256772244,0.12422503736067182,-0.2667254926948447,-0.28131781775083625,0.21113876871196766,1.0,-0.060533735832446055,-0.26181020691958007,-0.17855440570758008,0.17855015094827412,-0.06749907120233191,0.07896225400375875,0.21081596540066772,0.09572290366817171,-0.0037636548780947496,-0.014358179642972124,0.02897747488405376
1470,4.706174174824021,0.3032755788825187,0.0005311869778161913,-3.274752580349174,0.12900857887393694,-0.17539698767625578,0.24072343105649252,-0.28800502883170914,1.0,0.19254023554947183,-0.22560796962631496,-0.25809999372771486,0.07729664749409179,0.01851831834230719,0.028077166780300453,0.19181095172103596,0.136978863938769,0.021476456708305506,-0.0322258261987607,-0.0017327437873519828
1471,0.45741489554702464,1.6166658365221438,0.021076418899452606,-1.6762031782946936,0.08244619644843107,0.25451950367375703,0.2733249071176413,-0.2715555023568477,1.0,-0.020597726409079597,0.03388632325762444,0.19004065570971265,-0.018522461777131703,0.04993136411479653,0.06867739564944572,0.15808564865224586,0.08320342066662069,0.06740783075676213,0.062241149879525656,0.0396230094013065
1472,1.907626571491837,4.911270094927142,0.0011974214923653125,-2.9217529510242324,-0.04316338709561759,-0.055267643938740015,-0.1124168623663187,-0.28098367148217823,1.0,-0.059749106299787844,-0.15532251225419455,0.2503403757020903,-0.16863360774021788,-0.05469438798223866,0.008535967359907795,0.14712396950296502,0.06519426545571014,0.03812031395602445,0.04939488829866109,0.012801919703498404
1473,0.13912850685838146,4.8805327704563,0.013126620570440796,-1.8818470680093622,-0.2939235242504409,-0.2952653100796577,0.029358845037178713,-0.009222392032838988,1.0,0.043297852746432476,-0.11888223230631116,-0.03352388503065472,0.09734850232169442,-0.04503976427814478,0.051097476843205175,0.16254588966501154,0.08236096008900226,0.03186562680855642,0.027731389719263477,0.038666274673551215
1474,1.2401066673282615,2.9252619890130154,0.018735594929415154,-1.727332511779691,0.25601496517573735,0.21614781949020836,-0.2183319321290253,-0.02686344850794181,1.0,-0.056081560329880084,0.2565545832921637,-0.20050745627182207,0.2746605242248361,-0.0004902595400035334,0.049791549390692816,0.1527747644778305,0.09811703478318286,0.08075219761083353,0.04199005272799359,0.06690183846114359
1475,3.9074177971851483,4.593942991297774,0.005554955344281187,-2.255319427958076,0.10464264433870973,-0.24968229114984697,0.27649067384419135,-0.25256395471084314,1.0,0.04682177480643146,0.05765929792775923,-0.19448271253381805,0.2742338805580094,0.00908460943387963,0.10116184799861078,0.19142789175157834,0.12620926643368705,0.06699977259570596,0.05989401637551837,0.08403723633363962
1476,2.7895208839835055,3.6792010819371974,0.020086070296744453,-1.6971050217074803,-0.2248132885896995,-0.07336057188177138,0.24493180783282956,0.290032378653947,1.0,0.029638633289164294,-0.28164106997753763,-0.09152285903935198,-0.1567479858131586,0.04000432556196903,0.1301818172123488,0.23418193155277997,0.13550229810791126,0.035735140342863805,0.003679686044978832,-0.009875781240177009
1477,1.4327049519434332,1.852486102286576,0.005978104292711034,-2.2234365126233007,-0.009683188325751612,-0.24111255666778417,-0.022636806180988345,0.13641016744966616,1.0,-0.01374940559939405,0.02037426145761274,0.2574700918063579,0.2201255061726299,-0.021725910165526732,0.07843098652291164,0.20500045244357248,0.11394757866837943,0.0844212921840936,0.10712187235743637,0.10421751100860646
1478,0.7837541389919032,0.7461050827653248,0.00229580812445981,-2.6390644115573627,0.012133000998792198,-0.16218667949520826,-0.15167319009979408,0.1506554954123403,1.0,-0.028533649202425158,-0.12492466680128778,0.163840878968094,0.18513337941344127,-0.02494556631032477,0.08968523631251175,0.17555923666672632,0.07188956137965172,0.03508751160106843,0.05878032313657198,0.06033656975929412
1479,0.8754457976999873,0.6609955911757487,0.06601123595505617,-1.180382135701139,-0.29452917253214694,0.20766611688171038,0.21303357561014827,0.11854684278024509,1.0,-0.1789243269938593,-0.0832949259979415,-0.23084497057735853,0.2975646115600739,0.03983877181277691,0.08186572393007263,0.14467680022918708,0.05323244704186158,0.00860464607527106,-0.004147468241738462,0.036614708606098785
1480,4.528557793157643,0.544983477311705,0.012100259291270527,-1.9172053232735116,0.20218259843885825,-0.26750306048370265,0.05361506968923091,0.142779220437385,1.0,0.21491802332559487,0.10988033740376121,0.20714481471170348,-0.144001694482071,0.0013327979819388951,0.09715293143567232,0.25463519620889863,0.2000693069069364,0.14438217596542452,0.10919835658625132,0.043281786644743074
1481,1.698697262962079,2.2391113482158334,0.000756266205704408,-3.121325305929436,-0.17037792249038913,0.09321980845268245,0.014438698018950834,-0.24540363278658506,1.0,-0.013229164953147675,-0.18493542249138079,0.08437241778628421,0.15211723148984982,-0.01307325222605961,0.02003325894922827,0.17316554991237218,0.08665317816365625,0.023775833104549896,0.038802672962581136,0.05516892285026635
1482,4.158897884230609,4.407765706422469,0.07329479976951887,-1.1349268372486128,0.08218663363802482,-0.10907511284152163,0.1477859868706504,0.21662725995459747,1.0,0.172355982233148,0.28567036590506106,-0.03415446315846444,0.2675705167164967,0.04188191786578241,0.13864827739650495,0.28966026283492696,0.24874703923795324,0.21420499255747394,0.1611355436092325,0.16856195403164742
1483,1.831182202365601,3.819876785492444,0.010974863151829444,-1.959600886372936,-0.2278273365894959,0.18913045371690979,0.17463806881581032,-0.21786977807600694,1.0,-0.02096837449884704,0.13518089147364312,-0.0862779099985977,-0.16719841184461975,0.026301468842043606,0.04444002065889295,0.17451141206468465,0.1149900555589486,0.08611926598602458,0.033752724736550034,0.0056981074078193
1484,0.7718829130940525,2.3396558432854806,0.004960746182656295,-2.304452993139533,0.25978042200742835,-0.19572441682858127,0.2440995144229699,-0.17568473754308253,1.0,-0.19441137305011313,-0.24245030060092104,0.2876371224317622,0.02596785246944102,0.023796667647359847,0.031003007997082405,0.1279542464776474,0.048891349405806674,0.009873395472635368,0.04115455273785667,0.03494778853623243
1485,1.9468944677816595,1.801313124456405,0.0005221838087006626,-3.282176598428381,0.06102072789786532,-0.11812316159334096,-0.07640558042003917,-0.21548285402856826,1.0,-0.011056333450910071,-0.17688354665382822,0.041215599989697746,-0.007263854535514935,-0.047939940681168976,0.03877861517162702,0.19767588351614532,0.08492900572603282,0.01929673368854318,0.019614629005574112,0.017480218670797062
1486,3.578644069279244,3.4492542426927013,0.008832108902333621,-2.0539355846113696,-0.11557134630931215,0.2916935766790544,0.05870743364632329,-0.08644557484618838,1.0,0.0017545158438679875,-0.030938168333613323,0.024768074976310082,-0.2919009120109043,0.04436641307241062,0.11436801111863684,0.2652310547814724,0.16198441540811567,0.0964403309649739,0.04127892401708372,-0.016492544752983035
1487,3.599751730689787,2.3780847794989404,0.00749063670411985,-2.125481265700594,0.24343425635071197,-0.0998806276240325,0.05313928571694491,-0.13637292895198153,1.0,0.18527457890620838,0.1632904911986752,0.06392305820021262,0.0913531358796181,0.008171258912124765,0.07916514138027538,0.2471253007367554,0.19492700525167883,0.15095464640228085,0.11286899265142658,0.09426680416850565
1488,1.8228715787231407,1.1138562193608592,0.0017916306539902047,-2.7467515155816113,-0.09810314374616831,-0.1331293915438922,0.22917452501883404,0.17726801502769007,1.0,-0.03653451206100343,0.04629314348853137,-0.108468570938801,-0.05994617555781305,0.04047254292596368,0.12414802089567997,0.23585266348396294,0.12844136280402987,0.07065048204767772,0.01949683486218771,0.009103556412205064
1489,3.02739931834694,2.7884949725992443,0.0006212186689714779,-3.2067555012540625,0.1974011103938836,-0.07000727398189173,0.20454854767001376,-0.27325379293293595,1.0,-0.2446246710838678,0.038437650104631405,0.0872816500966529,-0.07413331563345199,0.02732322320647915,0.06019833870568563,0.17417145841906187,0.06795875768510064,0.05640581123493842,0.04457130359294025,0.02419146058681286
1490,0.06644955805618619,3.328393713682953,0.003421204263900893,-2.4658209953745076,-0.08424955925433494,0.18857920176491738,-0.14132720863490128,0.19608795935177073,1.0,-0.06130441383970191,-0.15709304157742923,-0.2647956454886389,0.2888690928848246,0.005786849729313285,0.09124625341923595,0.15129849614431176,0.06474850110403868,0.007581574467867296,0.0039006696306987396,0.04235430143163158
1491,0.9104557213848385,4.153832730435745,0.0038893690579083835,-2.410120845176406,0.15112234163724297,-0.15522212408595853,0.09971589152050646,-0.08262086121037347,1.0,-0.17970925829146966,0.2420332152013711,-0.04283282427433964,0.15952544877637498,0.007916551850478395,0.07306851823864591,0.16294240422428397,0.08840944672539602,0.08750098036350186,0.06449547661547633,0.07087884802993463
1492,2.3713558132285644,3.3764629733122127,0.020797320656871218,-1.6819926120991737,-0.06974187634115919,-0.09053115486459941,-0.25781498805390474,0.26032845582235425,1.0,0.12506849028698475,0.2805984270371494,0.1969590172380622,0.09305717793578995,-0.04562137635747744,0.06912956172625391,0.19718430793630778,0.15622721691661054,0.14596909332877517,0.1278316682824036,0.10049701840745631
1493,0.8655509821967258,3.4944712586898516,0.018456496686833766,-1.7338507309355637,0.1787103443747776,0.28404017163811784,-0.11934913108339454,0.19947143658871594,1.0,-0.07377063831700549,0.1820919272546288,0.20864332429943033,-0.2658174985686453,0.04024120902401539,0.13822191827554772,0.15186524161121756,0.10006338821108493,0.0972155026327941,0.0557070774707272,0.022343404015039096
1494,3.5629687883068417,3.9864251059229163,0.015953615672716796,-1.797140874440286,-0.04426977677287094,0.2373250661692227,0.15700522231931627,0.2795465040105078,1.0,-0.28793900333062644,0.14506755611795746,0.20609604697849715,-0.13814602949103236,0.07808870301318639,0.15582902099322898,0.24368403316583284,0.1264784734351016,0.11644538101316744,0.10930008327321426,0.062131138895622474
1495,0.37530790201767983,2.671791527219656,0.051588159031979254,-1.287449970023928,-0.260027528415144,-0.2582116577653603,-0.2602370736952015,-0.06189698477550765,1.0,0.19628203799953137,-0.2359106755253215,-0.29495102613201857,0.1349037410815416,-0.06611355407883303,0.0012958965123758416,0.1113086578413877,0.06743838259808765,-0.003080219783760933,-0.026284578237491203,0.0030960258261612263
1496,4.383002735224597,4.5125962893889495,0.013558772687986172,-1.8677796201266361,-0.2025704881604534,0.11245997397878083,-0.1560165533533703,0.28830699229374007,1.0,0.0943389669518218,-0.004418893338186192,-0.1760318920340606,-0.032505695098416144,-0.011207799208289808,0.1520778664269226,0.30536862513948276,0.21408271160492473,0.11708202110516684,0.045921001897888475,0.0386451565488593
1497,4.215267590575257,4.590987451100114,0.019725943532123306,-1.7049622144306127,-0.05422252855507218,0.19418648006200118,0.07187032986402543,-0.01285239603774263,1.0,0.05547334878746302,-0.029924905113672573,0.2905914019373571,-0.23026979217473934,0.051671691586702116,0.11394854547483589,0.3019002853615809,0.22218398059019773,0.16250643306761098,0.1591486229506206,0.0731453506412898
1498,1.2513145911822285,3.7103799162374256,0.036552866609046386,-1.437078558414124,-0.2877076744591087,0.09368321854634305,0.003321292648138896,0.01660739641640685,1.0,0.2838415739767621,-0.16914758872660257,0.29914161231510483,0.05059676987919232,-0.00605388117729541,0.05769862092529231,0.191451280708385,0.14562154869433738,0.08188283474579751,0.09954762741009301,0.07771779516094371
1499,1.119240629425082,4.1153574424838055,0.008102852203975799,-2.091362082551993,-0.12027311957247944,-0.2757440524497779,-0.02615445971387744,0.12679595111998357,1.0,0.04386891065154619,0.2682375056528226,-0.02507407204242099,-0.17193398045261796,-0.03628593137120751,0.05959663062270314,0.18768989905955918,0.13477528265407138,0.12060401495740836,0.06287169642431169,0.022344830577752422
1500,2.1064201062797534,3.573896001862985,0.0033041630653990206,-2.4809385277392284,0.057195733506518985,0.11846915782707314,-0.08649062053983392,0.013257988094310025,1.0,0.20445195614009423,-0.282951471832665,0.09020621028822606,0.06181392561609791,0.004733829782186287,0.0781880080785271,0.2417276796970525,0.16806810275004283,0.06030237572859707,0.06291741086280696,0.06284100478973059
1501,0.38992108612353826,0.7041319242744257,0.0006572313454335926,-3.1822817318708623,0.016454079119386723,0.11990863370861568,0.00785559416011794,-0.018535859692320987,1.0,-0.07303064963968293,0.18303190432135288,0.021785922324881166,-0.1319592988739466,0.016518660680800983,0.10651083514767584,0.20881136564148503,0.10912762460043329,0.0901154742115322,0.04017087263240406,0.008622959528232787
1502,2.120848237505285,4.041030493107204,0.015422428694900604,-1.8118472290258074,0.22234347945659408,0.04202960713155772,-0.19552692721236611,0.16749904025493131,1.0,0.1728553485271613,0.18488773254353336,-0.16387626628633956,0.17566012892979155,-0.004451983947252104,0.06538206410899214,0.20721870679547957,0.17904172852774616,0.13538387692245285,0.07533352985241193,0.08300131718600333
1503,0.44152085382977646,4.750499559431386,0.005014765197349467,-2.2997493968175893,0.02943447071786307,0.12915784660788368,-0.07385339621340696,0.014635625388776184,1.0,0.1293461830323422,0.13709738371373312,-0.04376073910859903,-0.014716676425681184,0.007100773283336763,0.08926688092648948,0.2537502179738414,0.19165405565179133,0.14557848824972996,0.09136521572251602,0.07140824921749853
1504,2.173351629762758,0.28755017479534983,0.006725367329299913,-2.172283990175919,-0.1192222846130467,-0.16374670445611622,-0.04503008965035774,0.18584653733206938,1.0,0.24882525779460032,0.00903273942082885,-0.2862280864219018,0.010998419794415137,-0.012291700647943946,0.10727895478551182,0.2242561065948822,0.1513034145815737,0.05438330688176132,-0.011141749553887043,0.0027380731861712452
1505,1.1403009253524978,0.9097155451722703,0.008859118409680207,-2.0526094935599764,-0.010154482297187361,-0.29095394851850875,-0.18225515475882742,0.14713071026337401,1.0,0.1389424259717758,-0.237260887675877,0.0003593176303583689,0.22205442861744468,-0.040488793241963805,0.07206575543423681,0.16914126661464746,0.08280207933302582,0.013835387889459762,0.02677724734737739,0.04668265882110916
1506,4.479876896266669,4.596366187532569,0.00310609334485739,-2.5077854969180438,0.1532122081869285,0.15780716593981395,0.07093656715201084,-0.2538529391580125,1.0,-0.14955091668995985,-0.01909373525259106,-0.22404846659518132,0.29315634698219295,0.04312383092611198,0.05095578669827341,0.21400510438476006,0.1253348243040601,0.061608119564435494,0.023272825355050625,0.08149636020102595
1507,2.325934725084942,4.034774249383073,0.006671348314606741,-2.1757863840119898,0.18359382928314386,-0.12746644683709987,0.01644782817734447,0.17981253759144974,1.0,0.08772881448861587,0.08351234116960711,0.14593097501315053,-0.16581467660320998,0.022174367774246737,0.13654590365926034,0.2560529772366998,0.17711917285114523,0.13994668486581865,0.1042281417998028,0.05195415380391747
1508,0.832041336398037,3.52867996179897,0.02740564678766926,-1.5621599438927827,-0.22661003038530222,0.13873602196921958,0.29300244077223053,-0.24052809926544205,1.0,0.28550463068548343,0.24125139474770907,-0.014744020116294464,0.18906918223050423,0.027993724947974648,0.053408453407795244,0.15406379700543676,0.13185229954143976,0.1036350254084521,0.07544066998813051,0.07487701477133825
1509,1.2079271032738843,3.0694507935805952,0.0008733074042062806,-3.058832857725073,-0.19959615731188915,0.1591087996692069,0.005936177877047544,0.048961377079994435,1.0,-0.0001720751599099235,-0.0374871819462278,-0.09381353109867475,-0.028082218661850976,0.015593997645721669,0.12465091623947563,0.2497576355754313,0.13493939122029722,0.06437071057468555,0.026301249051164353,0.02460107375869596
1510,4.036339126870802,0.6228756386862762,0.0034752232785940653,-2.459017287319563,-0.09768982273825934,0.25698287884512155,0.258076862706256,-0.045307340822847396,1.0,-0.03372831362895807,-0.1564955105705499,-0.03703819180093264,0.28012860852128585,0.08541333696701266,0.11221153361969725,0.2451861552057448,0.13183932367846932,0.039553043004309736,0.03522898935511898,0.0813163947950082
1511,4.0888961377182875,0.29895390749017997,0.04762676462114664,-1.3221489199561323,-0.16536205170518944,-0.06041015164908889,0.26790289934355,0.15482615484933285,1.0,0.251089809497362,0.1372409004097194,0.003880376091945625,-0.16437717147709732,0.07141146533597363,0.1966281785620804,0.26826125609829815,0.18893503529158248,0.11595594398403222,0.042687201548526114,0.01023431233460671
1512,1.8295620423166445,3.131447995817825,0.0021697637568424085,-2.6635875494164494,0.08181811619044817,0.26652935430588237,-0.102343499616898,0.14106031349983933,1.0,-0.25754736310345394,-0.05176993886739425,0.1884477585757036,-0.0474555446321655,0.027763627570787375,0.10196335504035908,0.2009546163058606,0.08181421173182465,0.054652360287722496,0.06623715807972198,0.04334126337583725
1513,1.1756117563712132,4.351469329701277,0.009813454335926246,-2.0081780940506944,-0.028435838472358376,-0.24571756366605604,-0.17573855106116965,0.19064977302192246,1.0,0.09253147096501553,0.2632306842185162,-0.07861685021668732,-0.25687493123931543,-0.0453977733506109,0.053708351787433814,0.17140510520098165,0.13020034598649427,0.11051554313150976,0.04734557100451385,0.0037659683483950643
1514,2.2942212796145265,0.32763320847327737,0.003133102852203976,-2.504025348044737,-0.11956815509467557,0.2817165394133921,0.26908611846950475,-0.20983490410970213,1.0,0.07009161776014558,-0.1644319348278584,-0.15808523830462792,0.22291156212307545,0.04942893472919565,0.07101298375532736,0.16642981039011415,0.08492713989597084,0.014173462987043566,0.005931383844952775,0.03801094568800262
1515,0.2534275680610177,4.144632264872667,0.026640377412849324,-1.574459626830685,0.27718944791798267,0.13890573120289915,-0.1979507796049226,-0.20106429906624337,1.0,-0.22427986414618037,-0.12083948980871079,-0.20709578968920234,0.05389387446237213,-0.01129636276556116,0.023186497723012255,0.12306286954323127,0.04057970889437853,0.002717248173791724,-0.015365889208718165,0.004465569203442328
1516,0.999729061870329,3.540830398181959,0.0017106021319504465,-2.766850991038489,-0.025835463182916706,0.1259250584165642,0.006377622076395873,0.1750900202320765,1.0,-0.01665220746649553,-0.24425863516704224,-0.005458231700204874,0.11560486462222956,0.031246401877171336,0.12560025266984656,0.25138802548938793,0.1299217762338527,0.03810619475582898,0.0402938353142201,0.05855814759344942
1517,2.7010939889452947,2.484439114424047,0.013423725151253242,-1.8721269485383234,-0.16392021055570466,-0.21680138127408527,-0.13151451884310464,0.2799461843449051,1.0,-0.0588166668507647,-0.20456798919354363,0.15621940164682857,-0.11341276266298964,-0.0428679428551556,0.07847718185292754,0.1959923088314469,0.09528570184243035,0.030104930385990856,0.03610013686954182,0.01168229465841025
1518,3.5344467653248577,0.9995594029775074,0.041315543071161046,-1.3838865342966586,0.28726223906304477,0.2478593057381813,0.18636253597177557,-0.15948011568488502,1.0,0.2535066384274027,-0.10693912532857382,-0.04621181651710644,0.24155417245505684,0.0716734937012514,0.07638044004081584,0.21069610364684688,0.16138763589869692,0.07456540624056801,0.050534802901832925,0.07385104324583987
1519,4.787124045418779,3.6610253937236887,0.005897075770671277,-2.229363291999535,-0.08162100297658995,-0.06069836998309159,0.0032021523098837656,0.08990916854041005,1.0,0.002822042118069401,-0.18622546265079845,0.08341866998440581,0.24807178497639593,-0.017486137566448415,0.0819639331609712,0.3182218075714926,0.22727830042043498,0.09269151732527943,0.0928434668145594,0.1425067419427957
1520,3.5942156312605906,1.2431247703377797,0.001053370786516854,-2.9774187302451565,0.10107055932183684,-0.23081122928538578,0.08051263433083619,-0.09503416350961166,1.0,0.019134720213762547,0.1401996043307709,-0.03109376089975416,-0.1631578848378775,-0.011406530731438541,0.08141261443168882,0.24283832746716819,0.15349788973227838,0.10780184545632086,0.03842175688177153,-0.0015863979939473574
1521,1.2974982718602157,3.5262474334713585,0.005104796888504753,-2.2920215330984113,-0.23752559995933245,0.26212824163740256,-0.2101863473513275,0.016897451373699468,1.0,0.06051767147621334,0.1717644600013906,-0.2914307333181769,0.28926794712948867,-0.019603222752981472,0.04169187703703707,0.15087833684005797,0.10704661752616865,0.06992011643109822,0.024840949624082485,0.058446924873813776
1522,0.20967067158143418,3.745571241713267,0.0023858398156150966,-2.6223587180545103,0.25044469775593087,0.004605947409583378,-0.15470411065889128,-0.27825033795260806,1.0,-0.011862608862535295,-0.25029451745671655,0.12470600319620985,-0.1082235351179551,-0.028978666033587754,0.02667969486432893,0.1343973019323447,0.052727440342175816,0.013110273276731135,0.020058800210210843,0.00549736112334607
1523,1.0031682769975334,3.4017891778581015,0.06286012676462115,-1.201624747513158,-0.20629650395448057,0.1917346575946033,0.25702195659234,0.23504814628445514,1.0,-0.04561169685345878,-0.22167375197251643,0.042097382561796244,-0.06378686257472142,0.06913139766793473,0.14151727330606861,0.20009495245261322,0.09337071814045612,0.036951926432108935,0.03285096812634931,0.023573510195687097
1524,4.483546111330913,1.8396995939444039,0.06192379717660616,-1.2081424205053233,-0.19218115808062566,0.28805972342687836,0.08667291166658875,0.20881235493321287,1.0,0.18633243395924962,0.02311109434982814,-0.23994250455270946,-0.29888829332773176,0.056883344283406745,0.13249018401469448,0.2610686566881777,0.19768390219344945,0.10400901258084373,0.004993450744983101,-0.040289850460201566
1525,1.0895058304698457,0.13457575849034306,0.001728608470181504,-2.7623033632877685,-0.1871262500194998,0.2921539081002021,-0.17246004718047725,-0.18007216708575385,1.0,0.002351876427815136,-0.0012212713091072857,0.09488659046158474,0.09954413886692848,-0.025572276085289215,0.044610754172166756,0.15647922318909238,0.07769297268211316,0.046256541176373074,0.04592081595992436,0.04178124648330125
1526,3.067432470010827,3.2522425507351604,0.020536228752520886,-1.6874793067146694,0.15950826146325944,0.09421763656976143,0.2506540134966227,0.04672173661820822,1.0,0.29724888277208866,0.2819943295740884,0.2098905022058795,-0.1275330184422678,0.07529642596430117,0.13104068861779736,0.2462017667097027,0.21463641271597025,0.1900029533003987,0.14269207334243464,0.08278736526379359
1527,1.37283783695738,2.5225587896708705,0.0016025641025641025,-2.795184589682424,-0.08919555645491771,0.1773747408895685,-0.18662009587535056,0.22359639782287302,1.0,-0.2515861627586404,0.26253540293836,-0.1179551961025416,-0.04883828031170368,-0.0003978000917352672,0.09929886148918275,0.15884340597088437,0.07540236985293293,0.06847363252512098,0.025957360590519053,0.017367094466675552
1528,1.2880572415364775,4.886486851864341,0.010002520887352349,-1.9998905330504504,0.2364574351925942,-0.22983713046024573,-0.035684138703049005,-0.23034449761584114,1.0,0.28883630244466363,0.2417504407798361,0.1572190757548799,-0.10054670958783175,-0.02455014262143922,0.009408194076622906,0.1494227434085583,0.14346391944773568,0.13064100835102427,0.10064004700584701,0.06075400914105352
1529,4.234803561581876,3.842549623647846,0.04788785652549697,-1.3197746016707377,-0.2843171415796478,-0.05012755541405001,0.0990824825136785,0.17954642658680425,1.0,0.11132988648439834,0.19884348047482683,0.002067193176607529,-0.004258866089545466,0.002120685092546812,0.12444888599885912,0.30863426807707894,0.24561773707324344,0.1967549803910968,0.13149744159522567,0.09595660897425558
1530,0.9559043266358436,4.516779463207289,0.00992149236531259,-2.0034229974755515,-0.05583685698777336,0.14783974471632158,0.262557094275817,-0.008174026318710536,1.0,0.23753331199794278,-0.1460016929341223,-0.06671962956913197,0.2217493562538599,0.061065827893197276,0.15303545289411022,0.21230882588989178,0.1306051323650137,0.06694477343459047,0.07428784167206587,0.08147504257802504
1531,4.646362626194146,4.052261966210018,0.0081658743877845,-2.0879973049312226,0.012420623017314102,0.021940061513535645,-0.034609344888165736,-0.10102094121645727,1.0,0.1846752501058868,-0.24496292201933356,0.16717988999166053,0.13948184178860698,-0.010998762644108692,0.05543626014740556,0.2859468697937785,0.22142056142633104,0.09747383138066103,0.11308373075096705,0.1227479705381279
1532,2.0135566169772585,4.361835866361526,0.003394194756554307,-2.469263241785525,0.10478249833665833,-0.17358234187955554,0.2744019211018833,-0.2979228844540179,1.0,0.136222259261391,0.0041054988838356895,-0.211582613033219,0.28286969850872473,0.016644758807237696,0.04503188663568988,0.1659648688701429,0.11681917166558824,0.060909778182787436,0.03600157109851142,0.06962407182493574
1533,0.23525091047511693,4.818566548147617,0.104427758571017,-0.9811840435577244,0.2874471440753364,-0.269004830035088,0.2951988255282572,0.07303029761650019,1.0,-0.2460695504030459,0.20699538986399163,0.1735141898511038,0.2639385256919383,0.03642168122954623,0.07470299929590953,0.1392784289075909,0.06985785414140178,0.07874482136372775,0.08428945525897823,0.08868033080385057
1534,3.543847183194438,4.251799741122114,0.01207324978392394,-1.9181758141397192,-0.254162755532916,0.06540626176809383,-0.20836393246998333,-0.2682496416516379,1.0,-0.07005517265105073,-0.04078780471746691,0.0016727369307473205,0.0793723963464316,-0.08772846629735134,-0.03643669595928178,0.1678435095375599,0.09648457401611187,0.04523370241385546,0.03322564808000229,0.04378378092538383
1535,4.073326558518465,4.1942744142912725,0.003952391241717084,-2.4031400717491964,-0.08254853508391309,-0.27197367831101055,0.09243173994098476,-0.019120718922570435,1.0,-0.27752885622229123,0.2815797453071834,0.03569841123602835,0.12470761788423387,-0.03083166572215176,0.049908379230070604,0.20353116430305196,0.10382621635405395,0.11669873737195888,0.09571461742711174,0.0940635619364843
1536,0.7367569172499564,2.3017546439883714,0.0007652693748199367,-3.1161856662770253,0.1356478325042714,-0.04154321526406222,0.058899249551148045,-0.2573651595669844,1.0,-0.17750484309259482,-0.20216919786128565,0.11645758039322242,0.19992988072638165,-0.0005368659018995798,0.02347788106586569,0.13741678267374144,0.04176058502403354,0.005094710956749926,0.03234550614609379,0.05141371401004388
1537,2.0041167028083993,0.3803313473824319,0.00445656871218669,-2.3509993930577493,-0.1790625993269575,0.1880838347310784,-0.29188243105442907,0.24200188205994227,1.0,-0.19642166131794403,-0.2532990089257912,-0.18958599041676993,0.09508905779095293,-0.02503159014644679,0.051514633170257104,0.1521612699022677,0.05885391569538893,-0.01413964258976648,-0.030576967758368653,-0.0018420517550929128
1538,2.910961490032741,0.16719033458958749,0.00054019014693172,-3.2674533416076743,0.12591778303825887,-0.283882685842978,0.2637303744551794,-0.19584917467595178,1.0,-0.2160317313585889,-0.19937405397296082,0.290332981443498,-0.09996454148152946,0.012319453634824696,0.05169183581672957,0.13626358204040176,0.031267941466473714,0.011657296147405911,0.035516522039068826,0.011465193178848691
1539,0.06759737273048973,3.554330652707145,0.001269446845289542,-2.896385479335938,0.10635906629969913,0.023023253479721163,-0.2630561767417732,-0.10546634826971045,1.0,-0.10416453264937849,-0.14157793969581656,-0.05244686895912202,0.2633204123308902,-0.04121566054567164,0.022788986763731943,0.14237877271036023,0.05714087281413154,0.012600479191866956,0.019984232589476805,0.05406896219551536
1540,3.9791034415183013,0.6471347282912298,0.012910544511668107,-1.8890554406595366,-0.13958779293661408,0.11538421099370855,-0.19234944156613637,-0.2222061048416138,1.0,0.12673279880225166,-0.15326833874446558,0.258527737432306,0.2144489307340202,-0.05026708912282595,0.020448259644949496,0.17625069366058627,0.10648223397063328,0.05270639146797395,0.0858475253554325,0.08641401335625595
1541,4.046673711678498,1.7599760926444294,0.07679703255545953,-1.114655560823795,-0.27718384530844997,-0.23811523400906082,-0.06893885749639474,-0.038624413087011596,1.0,-0.0897728457524318,-0.10804219699140606,-0.14442883007490281,-0.28254870573653235,-0.06728041612210438,0.04440410762300263,0.1844734293358819,0.07784592007146982,0.006681355200838264,-0.04740090969007609,-0.06988707448656996
1542,1.0124099296127427,3.298026194008403,0.11570872947277441,-0.9366338751118375,-0.29989801821063644,0.23603998107874402,-0.09826285054871747,0.08669553598499233,1.0,-0.027152654956686506,0.11928191745426987,0.1839358764039052,-0.2411165441398332,-0.0047370751005647305,0.06431455168081437,0.16751754797166568,0.1021957997539195,0.08652380563079806,0.0665927318071162,0.01608241689803972
1543,4.115115715949505,4.955961004078881,0.01613367905502737,-1.7922665866652117,-0.019437368236312678,-0.017599022864499946,0.26012121097922897,0.15605902394170015,1.0,0.1817343304006194,-0.021714463765507296,0.29629502303326904,-0.1534514723449318,0.08105263758108903,0.1829880734850401,0.32866849854850433,0.2502883508564275,0.193629528827806,0.17993313503494032,0.10886575698160497
1544,1.9576909228167518,1.6693358416014976,0.017520167098818783,-1.7564617560589848,-0.29019388171782606,0.1752175446784843,-0.05631008144184892,0.2333201758429554,1.0,0.2874280461693593,-0.07120326386934085,0.03824513661732467,0.1747562331462931,0.011970827560675225,0.11264112637249099,0.2117300403634405,0.14691159591918218,0.07481132207637581,0.06490759721702323,0.06767586081634692
1545,4.106605912979801,0.5213261653233341,0.00054019014693172,-3.2674533416076743,-0.020499992024059898,-0.11779804805500117,0.06753401528912588,0.2975655347727993,1.0,-0.19416296505567163,-0.14248441034474527,0.05496681086867865,-0.19900382093024635,0.03135569209264439,0.168112610612911,0.2553245448380889,0.0911366106468003,0.025841081330774035,0.008187462765090386,-0.023115832231262668
1546,4.459680418921553,2.5495495390704574,0.0027099539037741286,-2.5670380963974746,0.18789786015007418,-0.13186831233139543,-0.18503283598574952,-0.19741625003753402,1.0,0.18815428777724544,-0.20311741540552572,-0.21896429217750654,-0.12601297633060424,-0.05533289994828651,-0.003388986525362806,0.1873805668269697,0.14385078379726327,0.033559131507250324,-0.03031392878404353,-0.035511594236956164
1547,2.149723784429704,0.11924724204835453,0.010551714203399596,-1.976676980309246,-0.21306691523464188,0.06737947137822295,0.17980335539793682,0.0633322189854277,1.0,-0.19995735084304095,0.05354025307774579,-0.006095791529384931,0.22865979587270818,0.03734206218832171,0.09825328006277073,0.2021238958578405,0.08243992694381524,0.049899072140952835,0.04266781664445615,0.0667322341762913
1548,2.976619972042765,2.8877590821955597,0.014017934312878132,-1.8533159794231977,-0.19262909442412174,-0.13566425424564788,0.07782402062653326,-0.03423778811639428,1.0,0.18776981466142095,0.040252226756568095,0.23486451026157174,0.2539175839950264,-0.0076312262998840365,0.12294759715421076,0.21137698061320104,0.14439757524227792,0.1211481262952919,0.13690624206819688,0.11897522902004887
1549,0.8891208586350073,3.6096091737262332,0.0008733074042062806,-3.058832857725073,0.19238773498895753,0.14098217093054605,-0.2798686404331528,0.16427583033163917,1.0,-0.18668946823469523,0.034298165393531144,-0.13851539217636985,-0.19239097523306126,-0.007116057079846894,0.08931240202454352,0.15809106774778137,0.06997209509079953,0.03939436554972506,0.0004123476094592326,-0.012698840113913416
1550,0.10222668427672284,0.4091836466154039,0.0053838951310861425,-2.268903408002907,-0.14717803306944274,-0.1097870727159995,-0.10212498733870302,0.27060113814552167,1.0,0.21354707561865124,-0.19523882983771254,0.11372156752391573,0.087693583694201,-0.01301977172112044,0.07995151405993617,0.1712153919302592,0.10077549751453267,0.03388098584657391,0.038455162774348906,0.03536956649524107
1551,1.494425447917659,2.0406232381486555,0.006014116969173149,-2.2208281295157724,0.056974300256046835,0.02531947556372527,-0.15869944464274766,-0.28301242638397056,1.0,0.14695111648724213,-0.1692805920584001,0.296828759409237,0.23862931146394972,-0.03530137421300278,-0.001624910728098923,0.13975621481137737,0.09080581556804186,0.04467953802143908,0.07837362448877704,0.08228241022840807
1552,3.3937267085389737,0.8967856138697536,0.006473278594065111,-2.1888757016084353,0.08157359631255197,-0.24468691208482918,-0.13572770968468514,0.26966184749404704,1.0,-0.1321903154256287,0.07929808517454152,0.05326799391131063,0.29406060215416036,-0.03267164893626069,0.09071637223710187,0.21099684375329492,0.10681108443653675,0.07164932902462848,0.06994306879700553,0.09402711009172812
1553,2.776027857323598,1.3351670308953298,0.0008733074042062806,-3.058832857725073,0.05191391961661855,0.01321678678867506,0.1796713135815845,0.04621617561523543,1.0,-0.14303264471422153,0.008368006751232837,-0.013355797581555695,-0.2646104853930233,0.05778407209820212,0.12619907076310544,0.2673380798973721,0.12948302973417042,0.07197404138719822,0.020263213757275328,-0.03256946174064469
1554,3.2056303198048157,0.888244903345107,0.050507778738115815,-1.2966417307351565,0.18048953707875437,-0.25695258755221534,0.22283173190222919,0.05983771612802133,1.0,0.209759227599377,0.010135422517818848,-0.21856604602858934,0.004693607016864609,0.03648227749748389,0.11896894654045201,0.24402725855159738,0.16665635139525176,0.07443596411412355,0.00886339334953922,0.014653262201163532
1555,0.3848604830265966,1.4475937413653157,0.01201022760011524,-1.9204487624107878,0.2508903631031658,-0.04481334094011732,0.09222021620910885,0.145904674444894,1.0,0.20949575580828902,0.21042742309378873,-0.035660041424046995,-0.270974639573781,0.031207836035493423,0.09042076491408005,0.185702008814482,0.13742289704786195,0.10087159025490056,0.040076794811393895,-0.0028852005868561627
1556,3.9165916910251166,0.24999285244827915,0.004546600403341977,-2.342313213872657,0.11968177988201284,-0.039870886696737606,-0.061083685481086246,0.20582437788440563,1.0,0.09853051382083115,-0.09054630261764783,0.2733836129210296,0.04064246635990176,0.006257590669999917,0.12488210658239285,0.2869115992673805,0.18239920560233794,0.09959629934803438,0.11395414002695126,0.08200629221969055
1557,1.3310448072338148,3.771346204459976,0.012532411408815903,-1.9019653567167747,-0.0972752715823708,-0.29368553004254216,-0.05858263855435951,-0.18382555573279866,1.0,0.23474745071564063,-0.06609255431539644,-0.2510973280346887,0.2678859076867426,-0.05373443221591522,-0.01835440168871703,0.1292054296330018,0.11392962372584434,0.0491279366975839,0.005240260884740812,0.04240565426806134
1558,0.18715705534413285,0.18800599676110558,0.01580056179775281,-1.8013274711894751,0.2708770420770894,-0.1071642288617446,0.0633917274078966,-0.08673249858893801,1.0,0.02915969246683505,-0.2134875182981856,-0.28383025727846506,0.02901395561137099,0.008186245450367913,0.06927464720351416,0.1557008120247166,0.05994531293723697,-0.014249302867335506,-0.03477425014610187,-0.006890565423932679
1559,1.8457786547595965,4.393333604768529,0.0050507778738115815,-2.2966417307351565,-0.037959887887537666,-0.24840084898101497,-0.16546287109416843,0.06165515889472048,1.0,-0.13039292292089774,-0.04981045321664612,-0.2889106277375799,0.0787951895684714,-0.05906131010860677,0.05861863058190271,0.17156485942045985,0.0732014985406042,0.012583370761675799,-0.024879796428590624,0.0053610632539801
1560,1.181957080858443,4.536089195986127,0.051678190723134544,-1.2866926995933445,0.2540165209262369,0.055735179736631134,0.006095062320785693,0.19379186617915983,1.0,0.20323296500049165,0.061672770407386765,-0.27757172604538055,0.16154391057320025,0.03889948824539023,0.11351466944960246,0.22833221018927904,0.17766321440787813,0.10919471488570258,0.04903532728328245,0.06891339027503704
1561,0.6444782615818762,2.999237922939428,0.0059691011235955055,-2.224091063586545,0.2267553078491321,-0.10182170787362739,-0.11655312790059146,-0.0006095103084131525,1.0,-0.0715832151721409,0.15817490541195073,0.24331317793115667,0.0059390620942606715,-0.015348044748751937,0.0779006236602284,0.17779623752373325,0.09968971433141229,0.10325127326959187,0.09809175636101143,0.06549304071160454
1562,3.055672250816274,3.454187529036137,0.03206928838951311,-1.4939106768640933,-0.22436722921123706,0.13547794285089212,0.18560946185607724,-0.1112223542345638,1.0,-0.0018113970532733002,0.2197353556466075,-0.08023505699732288,-0.20538745746322276,0.03268557710976488,0.08924453450003926,0.21455800234357383,0.14857445814696135,0.11921637569670551,0.0463479307753237,0.007415031731669687
1563,4.62142368443716,1.0115328289363879,0.007193532123307404,-2.1430578126773265,0.052309074844193004,-0.1471572986108883,0.24355980965688295,0.15813548213759712,1.0,0.08077362294965071,0.002723503759731316,0.00998387862256076,0.27412655803185865,0.0676538159221596,0.17960640261142258,0.3161496058963569,0.19680939494806965,0.112361592727779,0.09818686261631455,0.12331570864561552
1564,3.4484887965772506,4.029576621936544,0.004393546528377989,-2.3571847699886073,0.16948925342021032,0.1744768355541063,0.025996329163800656,-0.13140117713586028,1.0,0.27634586302227254,-0.2931431623275023,-0.29415028565021556,-0.029635403346940214,0.036728388716747856,0.0659882656837802,0.2256348374873945,0.17969858250730253,0.04991818085233008,-0.015353317224336546,-0.0030147229739649144
1565,0.15330029572658468,4.55556703286331,0.04371038605589168,-1.3594153577472943,-0.14418546333769952,0.2511727209316654,0.2904435706451568,-0.20919559612792127,1.0,-0.1275101764201608,-0.02238238446193287,0.08603226944695681,0.26196573147781665,0.04829846101661814,0.05607013610561182,0.14770708460123355,0.07438752388913697,0.052972914389989335,0.06261046998723625,0.0796289656856024
1566,4.974391420027648,1.74666718620929,0.006293215211754538,-2.2011274162456367,-0.02039025936009642,-0.18587536421854456,-0.212671294065123,0.16930743198525774,1.0,0.016445476696140382,0.2850602075461473,0.08229189041273588,-0.17609338193330246,-0.040736588543321024,0.15776170168653628,0.24525215736053524,0.1775086628756721,0.15207396745050517,0.07485205198062338,0.023741201776372785
1567,1.123132896399225,2.410668331932489,0.13568676174013253,-0.8674625221535739,-0.2663464473079807,-0.25651886687941006,0.22931004007061548,-0.049360642815819866,1.0,0.21864935343831976,0.29815046348722185,0.1761569407136238,-0.22110463354663126,7.992345195969254e-05,0.055041322555125956,0.14490906367286338,0.1171329533954337,0.10661313540625575,0.06560338771763738,0.02130486200883801
1568,3.5043621521240134,2.922566573611554,0.007418611351195621,-2.1296773802942024,0.07630509600708943,-0.12582285529892437,0.12629150379494272,-0.2912405330004879,1.0,0.18806228783885803,0.2615157637547521,0.1359159651219626,0.1448094416920451,-0.002035943422508313,0.01618002565520374,0.18718927920433442,0.16943611508017498,0.1549554033214579,0.12815918265965087,0.11108214616385208
1569,0.1609512336125214,4.374709134495288,0.006500288101411697,-2.1870673944216787,0.1697742203393713,-0.009348207116375207,0.23266850474553544,0.1464636980616475,1.0,-0.12686530768168297,0.22597330928319523,0.13050714749051912,-0.17340505384278207,0.05711733221084788,0.11002938984082103,0.18988517761840232,0.11241993879416322,0.11231061777341073,0.08425631411613031,0.04240211649600559
1570,3.291729764877486,1.512497148059635,0.0017466148084125611,-2.757802862061092,0.1263268911778186,0.1209194078377922,0.07250909153468889,-0.10674831256055489,1.0,0.1303109173273838,0.021269853364654454,-0.18618083044779854,0.16620718288819272,0.03865621269417303,0.07843927978798652,0.250862604203027,0.1809649939784837,0.0939878946171444,0.03281831039289514,0.060079344422388256
1571,1.086291557059134,2.4583188142658834,0.0013954912129069432,-2.8552728938210263,-0.04349303750316097,-0.06282419502523513,-0.002529279830353004,0.27338621636487187,1.0,-0.06378131561614332,0.0623094040163064,-0.1719299933635968,-0.21144820875598416,0.00991510042006595,0.11763116157797598,0.22268562637334616,0.12069210477841673,0.06847885428910458,0.003349394518038158,-0.021573131231872943
1572,4.092685517528347,0.14751832659637654,0.00243085566119274,-2.614240827832331,-0.08335815141003573,-0.25920531671378555,0.2052421844169172,-0.10762553857792706,1.0,0.22981595347500405,-0.0069700772415806295,-0.18309672670115937,-0.10939844362278377,-0.0006732425816202729,0.054268235467901764,0.2297223264724804,0.17793736644948738,0.08134284073128285,-0.0007162786848167578,-0.01752878739738766
1573,4.524699133532405,0.21876507496225964,0.0022778017862287525,-2.6424840708155,0.05987497870482428,0.1828382310972838,0.23604883469771584,0.1995918073898284,1.0,-0.08125121112686787,-0.007739594793733339,-0.07450375291342681,-0.04198897920471417,0.12309424177591158,0.21998279413501046,0.32324345025614826,0.16226112770497922,0.07697732778525283,0.02630774602005835,0.016306675270237395
1574,0.41621456366947357,3.344111230541399,0.007904782483434169,-2.1021100760852156,0.1969336208609421,0.14113904584288386,0.16927263276609628,-0.005882882169743186,1.0,0.29067686117001174,0.07584604450396899,0.08834032829380346,-0.08210836428031901,0.05623133363912636,0.1123152557950963,0.21804268459368167,0.1667017866655872,0.1186596697712777,0.08363437434194265,0.05288763660374755
1575,1.2457310024594952,3.769320317817166,0.007373595505617977,-2.1323206902308995,0.2888846596314762,0.10206423573019947,0.046950841728030566,-0.24376163673916412,1.0,-0.004040687442080381,-0.12097960362472372,-0.12248291203942323,0.15778094976382498,0.032450579646850664,0.029961432202770352,0.17574537547869332,0.11483338759326354,0.04784252604397727,0.021153197399347713,0.04725599340830375
1576,4.5638171158114,1.7707002742407263,0.039442883895131085,-1.4040313388131427,0.17901043159554778,-0.18269805003630085,-0.14861574376674727,0.24644679083767382,1.0,0.19938405806977164,-0.09398705733397332,0.18749824477852597,0.19414353409566745,-0.02580459768579359,0.09467498280272427,0.25173938948932023,0.18710913726219333,0.10354924389488322,0.10733759655857353,0.10831486156259434
1577,1.691047910429704,2.489012516352707,0.003025064822817632,-2.519265314601474,0.2691124029925111,-0.09990084940198614,-0.16490251188205327,-0.2862355922112102,1.0,-0.24403738951730475,0.16354596537573254,-0.21062144875469532,-0.1766968840454636,-0.03743691262672977,0.013771218822795991,0.10733124217349184,0.04054811195004689,0.028103662124567958,-0.018594587075123327,-0.024962936194142384
1578,2.488799444629847,4.060538054579873,0.03141205704407952,-1.502903622543207,-0.26730585307960064,0.00012395307655155285,0.2422515328607977,0.22433540489934828,1.0,0.005552865739923751,-0.1452038367792069,0.21900015671579134,0.19490036566765026,0.04179519226071887,0.12288104334508361,0.23075188856509646,0.13952686640865045,0.0798914269477414,0.1025295735669163,0.10800956204435917
1579,2.522487791399997,2.837714778809331,0.030178622875252088,-1.520300582033079,-0.23991383350307802,-0.025766567712210642,-0.17938239772105996,-0.0036567533492899203,1.0,-0.22391711995386773,0.1965939549024113,-0.17641350728262914,-0.033215083471853764,-0.055554373332950005,0.05401526244844277,0.16644609452769343,0.0743407421581951,0.05620904646837338,0.003954775654892414,0.004182749931851584
1580,0.5498632890373443,4.8720040875357,0.004303514837222702,-2.366176695379199,0.2316845491650775,0.12883035024826045,-0.14772867029169034,-0.14639640743056392,1.0,-0.16102095352000784,-0.19764218788725418,-0.14664761549707042,-0.012906562479986339,-0.005920693205500011,0.05718030165270828,0.15025933222838028,0.05318035130041044,0.002771147419312986,-0.009280703822161639,0.002605100044625248
1581,1.3999360875170128,0.5981805008959494,0.005221838087006626,-2.282176598428381,0.07300343472117383,0.09671281524114014,-0.29979754906644107,-0.12179189962895234,1.0,0.22707206800736157,0.1053669839631685,-0.11024426313590557,0.28127434974000826,-0.043644778735555514,0.036906921543944635,0.15857739849077737,0.11523661957401461,0.06409643958831189,0.04209107809299535,0.061907809950574245
1582,2.6507037169332732,4.487223750042141,0.03865960818208009,-1.412742551891088,0.2931685273467699,0.14510431275096336,-0.017255088861178745,-0.28728193263697044,1.0,-0.2437102935728591,-0.027184674601847814,0.11476976188217496,-0.061763420956648614,0.024585471203311737,0.03495401506115742,0.17610820800951107,0.07846755703894866,0.05437620613071714,0.0552969292221138,0.03627968151314679
1583,3.3701291742311064,1.1282618603674268,0.027801786228752522,-1.5559273003276195,-0.20573988095509763,-0.2833012516894185,0.011719329473390406,0.19271898861606662,1.0,0.16139172661180773,0.10657969118846963,-0.1014392203106913,0.23823681975511282,-0.031478019912663156,0.07929199114435083,0.21996318403250226,0.1616593665409369,0.09900021755217772,0.05465468313589503,0.07506836517816294
1584,2.5775189793779143,0.4826435889067993,0.006626332469029098,-2.1787267776538193,-0.1096598618330148,0.2950193810976501,0.004071343448641218,0.17487492516539557,1.0,0.14222134695034971,0.10400124403957368,-0.10359385433211009,0.03114260256725014,0.04722678129332752,0.14642773304918788,0.25461376252138634,0.1689138907150381,0.0972856883822553,0.042394364486165376,0.03689399320341917
1585,0.13324468065861125,3.6975318640328476,0.058169475655430715,-1.235304850951149,-0.2680048297109561,-0.24037800161428347,-0.2978416108589047,0.19127321698494115,1.0,-0.11339033641502647,-0.1199703650188828,-0.06892783540267805,0.2687730227129657,-0.038211645819679285,0.07963051944224138,0.09592981689809589,0.027010509540872443,0.0031193534772479535,0.025382894781633473,0.03670263653067267
1586,0.4015123106907847,2.7402115469646477,0.1083531403053875,-0.9651584973802692,-0.026511987759895127,-0.1832644707009148,0.13037755744819615,0.22020860279978718,1.0,0.26290392258852374,0.2891710498551258,-0.22514371372163838,0.15898508137398074,0.015094025146852178,0.0833688593023105,0.17375495615382194,0.14113392855777662,0.10436584152016949,0.04670678410291782,0.05477185533317838
1587,2.9033953914098936,4.660544340381774,0.04037021031403054,-1.3939389880683823,0.25013033934165557,-0.002085170333424502,-0.23912997691339055,0.16600055653587775,1.0,0.13591029433315485,-0.19339624607211997,-0.03686970118612659,0.2412026908576062,-0.015269639160903532,0.08309397513918752,0.23232870649706583,0.16577739473184663,0.07370902293407784,0.06315933490688515,0.09350490127053787
1588,0.27261539681946356,2.024748088232077,0.06641637856525497,-1.1777248085329384,-0.2808095955581339,0.19007180688644432,0.12141352039394857,0.23585274439980086,1.0,-0.14060327340377438,-0.16218432426671403,-0.2672794676063457,-0.11132666034152443,0.03187302778294133,0.09186077682655323,0.15298357045671584,0.05992670598945021,0.004159139274204095,-0.027652883723993774,-0.019869536264978425
1589,3.602369214930177,3.188772870402733,0.006329227888216652,-2.198649266971494,0.17479589473593524,0.22331091790056082,-0.03280244286116024,-0.04250476088348832,1.0,0.13146737441424136,0.02045144825101759,-0.0903538031102712,0.1340453769911433,0.046382757977862545,0.10189504093402361,0.291155270811531,0.2223325189609647,0.13572490874313148,0.08215482696914794,0.09374704365926943
1590,3.204060632721983,4.188930202639637,0.04668143186401613,-1.3308558312662582,0.22195873991434617,0.0536044209025839,-0.23635213029578497,0.23821540231718466,1.0,0.2460533772157959,0.1760998054850513,0.2827295927275984,0.05095000196112991,-0.004857744477187307,0.09326538912351166,0.23231308472298068,0.2030190328955688,0.17462547533765682,0.16530243636947953,0.12674953628196936
1591,0.5846172301198401,3.537752832703316,0.005446917314894843,-2.263849217338849,0.11221711777265637,0.07570987838043283,0.20901970348440593,0.06400716154780992,1.0,0.24961444035673386,-0.012017747737227623,-0.1529447963003528,-0.29796506926671423,0.055731647826079936,0.11621920689632272,0.21046680388074615,0.14962268457510783,0.07955438726760677,0.015786939046908807,-0.011723522830194623
1592,0.08154863102394766,3.429583985632381,0.004600619418035148,-2.3371836918566053,0.026999445162900624,0.10627767427788812,-0.0564261685229668,0.029214601411487816,1.0,0.13871373092958286,0.24964116718515253,0.021353218050831124,-0.050005549302925834,0.006726354633120208,0.083162139832065,0.22506102930069208,0.17029690984913748,0.14554780109124196,0.09224831717075806,0.05974709210305834
1593,0.5331673483161242,2.3646183343992617,0.0019086718524920772,-2.7192687310625665,0.06490929512217021,-0.13454909093961237,-0.1746233826786844,0.07801333143285938,1.0,-0.002794325855973523,-0.10380064222949767,-0.05667050709115122,0.22062688473603875,-0.04048997641734292,0.03915738642043973,0.1870779530425731,0.10760461602923405,0.03982046395718068,0.026262172958083668,0.0583526843461519
1594,3.6693831580199254,3.3405891086082997,0.0073375828291558625,-2.1344469832513413,0.20177861829779217,-0.05299351836894415,-0.19297528941244896,-0.19281044968355524,1.0,0.2294299155231978,0.26993726165185805,-0.10740348739507811,-0.032184572023605994,-0.0472566400361949,0.029221977411937928,0.2047454421613895,0.18542969900107562,0.14611458132853758,0.07121130101520785,0.04802556850628862
1595,0.9142962913766948,2.3596885458377583,0.015404422356669547,-1.8123545824502176,0.2713290870281496,-0.14915334734511962,0.21732956175871532,-0.08886763307717244,1.0,-0.11802765068401623,-0.13496646241851584,-0.21771577686585494,0.024404669994989626,0.032265048331953046,0.08150065756664646,0.16077920835437678,0.06132909691040045,0.006893172607532916,-0.015048858597909717,0.004401315405438949
1596,0.7023677791700335,0.0734599727700276,0.059600979544799766,-1.224746602551618,-0.01342588469528998,0.2683296328846356,0.2761131719490527,-0.20789253399581373,1.0,-0.29200449627605013,0.1836597757412388,0.10033231294773834,-0.1140705779837781,0.04906607158404927,0.051554764589420154,0.1282588646533052,0.04307817632738249,0.04970860113112507,0.033065800213050035,0.009115194773590863
1597,0.9348101635618755,3.3075504546014227,0.016970973782771535,-1.7702932374495064,0.1118107151590867,0.17679135649605573,0.20228978185147853,-0.2854366381403458,1.0,0.1744390808649481,0.16631203594269955,0.27645941851685996,0.1842367888182152,0.03246546355176184,0.05395207560220813,0.15311974310139062,0.11738369224429211,0.1080718486044568,0.10957288577282745,0.09314685871324252
1598,4.62483880347052,4.648849664411496,0.019608902333621434,-1.7075467165715619,0.2963899647265775,-0.2901624289067689,-0.2714124923563963,0.17367451192219752,1.0,-0.06937865182594509,0.10195380699628538,-0.02991707146914485,-0.05327368001739304,-0.06372492970361557,0.08728459664690597,0.23872273413744727,0.15031600888422103,0.11122953534299,0.06740587622825024,0.044828598370848356
1599,1.4431280840669722,0.48638133380706117,0.014017934312878132,-1.8533159794231977,-0.2589625508784048,0.14370969042060525,0.2561676246158073,-0.1327794165526092,1.0,0.0064554458292459755,0.08052657465090049,-0.18238694785521184,-0.02770238456334496,0.03809668699030691,0.08155920334260709,0.17770581641372252,0.0974279120438078,0.04767303085442554,-2.5537182987131374e-05,0.004191674024673083
1600,4.738677131907906,2.920714418189125,0.01255942091616249,-1.9010303843817016,-0.20149822848441765,0.2116903027361086,-0.08586813666157568,0.29877491509218673,1.0,-0.19053052537539625,0.01981217090437095,0.057063463014097524,0.009526512225008665,0.019345398711476076,0.15272623056788576,0.29738157955198335,0.1565761430528024,0.097814988712642,0.08030476334480564,0.06501448538078994
1601,1.578231837850947,0.25501069325350767,0.0031871218668971476,-2.49660132996553,-0.21940576137060075,-0.12343199641744791,0.0066844854241281835,-0.14676823629442592,1.0,0.26234209669246,-0.29346302645150585,0.10019907671969534,0.18579292087933053,-0.026979540233212366,0.022676509210069695,0.15850921291143477,0.10362464234433456,0.019674713661037124,0.032441032559577414,0.04682774547105675
1602,4.823435438851731,2.5012573607684656,0.006779386343993086,-2.168809615790617,-0.17585430463331844,-0.2852218740975197,0.0771156097726912,-0.2665933741010433,1.0,0.05311105783185899,0.03870166770441663,-0.19254048732053147,0.18390021422738823,-0.06155756950186827,0.009163647208236377,0.19267660729780778,0.12725816050402738,0.05980097602065311,0.015062229591765054,0.04943254241264574
1603,0.18120302836426067,1.8448097012832156,0.0021337510803802937,-2.670856245981214,0.002724709123688962,0.18725071324756984,-0.2463330336220031,0.2072091832059604,1.0,-0.09427819353612901,-0.020656578497813317,0.07253002639370795,0.07820878656825776,-0.011153416182798782,0.08870016280373379,0.18639896695407182,0.0858117144109609,0.050247973109822174,0.04864453279986888,0.04587653084220053
1604,2.705248289092478,0.46556858864926953,0.013171636416018439,-1.880360265866007,-0.05338836889279138,-0.21224731883296075,-0.004557130117208785,-0.09368124622134712,1.0,0.2589605748758739,0.2974097980559465,-0.19543938780726702,-0.1959994804102164,-0.023951421030197245,0.09801716473120468,0.1870383529589553,0.1521631986230018,0.08320653433625955,0.0005796882697380875,-0.01306294777294206
1605,0.2405825096959498,2.1364409312507653,0.07162021031403054,-1.1449644080087176,-0.26301543361120494,-0.05413380015138517,0.2415056519547721,-0.2621130210890359,1.0,-0.294727087417496,0.21271183438688054,0.05433128250104071,0.02107801044193671,0.006411264292972825,0.022820450288430258,0.11204986551274389,0.03631626632977681,0.04856377218421745,0.03466040634536785,0.027024947132027872
1606,2.18929632857248,1.13742836092745,0.00472666378565255,-2.325445288585361,-0.17745220515108903,0.24534253579828896,0.19572138112633977,-0.2821109749645077,1.0,-0.2734042314976711,-0.00868446846034142,-0.2826494350299552,0.14375100792477194,0.03056843224679725,0.033070565862939945,0.13070227928217423,0.04107248001238527,0.005646466928704271,-0.024370712157060374,0.00994276277183612
1607,4.099745093165375,3.907342710765274,0.01660184384903486,-1.7798436752737075,-0.022212138923948643,-0.27822875324777574,-0.13873633827184453,-0.11529607533853331,1.0,0.2697993661183307,0.2782543971664521,0.2546777660801007,0.19639557864152601,-0.07351654102327594,0.017948701694517115,0.18716927689750715,0.17890556380941766,0.1721006554820477,0.16350959607614166,0.14095307628476134
1608,3.418382156296781,2.5392757170309626,0.015953615672716796,-1.797140874440286,-0.2232624919874992,-0.09681017263834844,-0.15020880049371774,0.09754158326186892,1.0,0.15997307421225285,-0.11236064870617832,0.03620621637359722,0.2513982565514497,-0.0572501166068872,0.052686395739009045,0.22308226549034677,0.15909019669156726,0.07282824440498492,0.06716957307872325,0.09408948404214122
1609,4.488989836963866,1.9850694467730787,0.0014044943820224719,-2.8524799936368566,-0.05257503003051834,0.12150755233776771,0.15384772794227813,-0.28950973042195477,1.0,0.02491518288144241,-0.17229180201661692,-0.26201802601518615,-0.23342428047118302,0.029634010791040076,0.03423317899081081,0.2041970004828061,0.12673543810992946,0.021851241135353475,-0.05384085240577764,-0.06906024296058727
1610,2.382826325557203,0.8852461527289479,0.011343993085566119,-1.945234046873755,-0.2654082059153514,-0.27104214745344996,0.1457077585061963,-0.2989098131877843,1.0,0.06431663155501197,-0.11497633501878157,-0.13924558425764855,0.23109113139781695,-0.03068071379588006,-0.015775588807086797,0.12782155250470462,0.08768009225606306,0.023844195279266657,-0.001617260848192329,0.03300873102788472
1611,3.2726760849759176,2.7804945351223105,0.009345289541918756,-2.029407238478879,-0.27985242555956336,0.10454082009549005,0.13056335070929875,-0.2537779067195302,1.0,-0.23610700877688212,0.1639763705346875,0.07343876235612891,0.03870096936437264,0.0038603650639303174,0.024552492315877836,0.16292530085149995,0.0759079838416101,0.07354692550615982,0.061119294781638016,0.05077451101479969
1612,4.286522988497326,3.9713629314951158,0.02403846153846154,-1.6190933306267428,0.09081123605846217,-0.11308563067936353,0.19199122486798134,0.1910435880880447,1.0,0.22481493787373072,-0.030537902013617477,-0.007465089255934687,0.21650984741678966,0.06406996773405625,0.18118590394569553,0.33340658274618923,0.25227012899682666,0.15654154756901706,0.12942899692952528,0.14273956939598598
1613,1.3470684675824112,1.9751405425804491,0.01586358398156151,-1.7995986879152888,0.11429190785443982,-0.22795919077591562,0.24259861547538417,0.24594021646387337,1.0,-0.02022275911893,0.08498683098753025,0.29733872532618183,-0.14646461293986468,0.04514555349041589,0.12491879850739142,0.18648981955236302,0.10440338017482134,0.0929704148126179,0.08218799837017692,0.036645884980289374
1614,4.691880643490231,3.7397222858768457,0.0015935609334485738,-2.7976313256295113,0.19093473209425094,-0.12910973160569758,0.09444020416348077,0.11220142565334047,1.0,-0.13581575528612747,0.009534634407546871,-0.03722737783344817,0.0023402152968095224,0.041134010523139496,0.15476700464662246,0.3517124378199886,0.2048608338132343,0.12538131357715082,0.07866996655942513,0.0674032591852292
1615,0.427729692953678,0.2151005007199909,0.0005311869778161913,-3.274752580349174,-0.14256889541121415,0.13286496608852008,0.04908668048973399,-0.14144585857775094,1.0,-0.06433658549177428,0.04205123697949526,-0.20197619861590044,0.058233871852833526,0.004519764322533765,0.06873563294671381,0.16678533501341222,0.07377812259024867,0.026694750959754026,-0.007250701181721113,0.011871437586363288
1616,3.856852785843352,3.4251661652821856,0.000864304235090752,-3.0633333589517497,0.06294570502983454,0.10402627465612942,0.12641285031679278,-0.22114226748996155,1.0,-0.2118256863991009,-0.055222109163609444,0.2569181551096001,-0.057241403442602985,0.03320437493832599,0.07672624086225091,0.21015192954063794,0.08820127104872737,0.07040045973865502,0.0901490538949069,0.05679692528475836
1617,4.8792870437452605,2.6626661521119988,0.053424805531547104,-1.2722570500104948,-0.2039375806523697,0.19497676187839044,-0.08172219093855747,0.14067959554018972,1.0,0.136825441752662,0.14617715935665826,0.2079940364608936,-0.21260481055398425,0.007799246034070926,0.12308856682328119,0.269545027593838,0.2041517552334739,0.16604468022107863,0.12342317083554731,0.04741193911533021
1618,1.042628835599316,1.7045615948018096,0.02280502736963411,-1.64196940220077,0.13832316700253391,0.29917815335718767,-0.2605406790621215,0.04528586528076282,1.0,0.18569150659495884,-0.013841440299877172,-0.1021787294081079,0.2982605701862386,-0.004334023754159389,0.058968063427640875,0.17242060691464686,0.12051663097765292,0.060514331789874164,0.04123942974233028,0.0687547394794506
1619,1.1170365232642665,3.9142575607084447,0.012730481129357533,-1.8951551825304374,0.04971734163576118,0.2189837699138837,-0.10049671415006424,0.11376572547623665,1.0,0.16605578576124294,-0.058972669606590755,0.1489313476766001,-0.11737630822594293,0.019400901469673548,0.09710989630379997,0.22856304702583347,0.1635828057414174,0.10351141099831768,0.0876698549503953,0.04873732932551751
1620,0.2509118253419002,1.7749998734324313,0.0076707000864304235,-2.115164997224618,-0.18787414606493885,0.008232741573040747,-0.03309246084175196,-0.29001868343748466,1.0,-0.10817038191985708,-0.2602596791296242,-0.2750853881301268,0.25580327713938594,-0.028673042904639467,0.019355171213292718,0.10619451826676898,0.02218118453356519,-0.03220612258023613,-0.02685822877641081,0.01743788284261469
1621,1.3909017566855753,4.378571663024735,0.012388360702967444,-1.9069861580918255,-0.008621077094183194,0.26984923682129497,-0.29796251548718533,0.23369954683307137,1.0,0.21098791681079887,-0.1306988102110652,-0.08569962213494384,0.08566876355306385,-0.00810399034338734,0.0853416134158629,0.20420700907346354,0.15064039787801567,0.0726806695563746,0.046504463724567194,0.05265346707546974
1622,1.8368942850248904,1.8777242672633285,0.026235234802650532,-1.5811150445573465,-0.18967166851338335,-0.021155630412440517,-0.21405437783838568,-0.005047086866470007,1.0,-0.11893004670680121,0.1648691743692701,0.1494046786586176,0.2949316608381423,-0.039150322336226596,0.09708364253822024,0.1375043613286461,0.0768798820202862,0.07837296840855709,0.09574062054024643,0.08675758875178129
1623,0.07472252158556222,4.995118771552238,0.054496182656295016,-1.263633918078766,-0.2454413899969038,-0.004456017317622019,-0.280254997013019,0.12167231899533049,1.0,-0.16229517648938052,-0.09992911468096567,-0.07825193634599038,0.27735157981514164,-0.05273530828780931,0.0363664350431707,0.13469705941531146,0.05218418549668175,0.015671288074420347,0.018931905954508856,0.052714218810043546
1624,0.7915275827541758,2.2579634046909423,0.02625324114088159,-1.580817072345381,0.21463523058955822,-0.2417641923065773,0.19953926791740398,0.07709560962511779,1.0,-0.15607945221106975,0.20419892352611604,0.13093954078633754,0.008078440197047643,0.030544587991245653,0.09901607346966518,0.1642592883039611,0.08344428904546801,0.08560627475668788,0.06821818437292974,0.047433351131588836
1625,2.335442383048056,0.9129833521726577,0.0009093200806683953,-3.0412832182086755,0.08004804266549782,0.16808961705762707,-0.06583809882281619,0.06747878846433104,1.0,-0.16745321221968867,-0.21904230921952014,0.16751408464610434,0.16017380268033515,0.01693390916968303,0.0856262781351151,0.1991799110435458,0.07399738807532695,0.014780652968884537,0.04816763875932564,0.061111575275403146
1626,0.025456360375988495,1.2778952166460988,0.003529242293287237,-2.4523185249708606,0.1397759814008638,0.22773354084068087,0.02011225175229714,0.14188695957054562,1.0,0.08611490112955897,-0.2247838386508169,-0.20809942858224095,-0.15605244472387106,0.03609699650305848,0.09216310317809588,0.17691786277582458,0.09209304773999744,0.012917732306669016,-0.021037089515797,-0.021613223135490377
1627,3.2007908769041364,4.107373847622577,0.015539469893402477,-1.8085638006121272,-0.23369350242155895,0.0690022399613488,0.05787724268766716,-0.1936973890803834,1.0,0.13521808614685432,0.08186232666431066,0.24235536137438546,-0.0029809311716785356,-0.011231593778212656,0.029404890205308974,0.21605775480010883,0.1754285903227179,0.1424726916925251,0.1386801928557429,0.099831072299537
1628,1.3598919807989587,1.4087484168887827,0.02226483722270239,-1.6523804756300207,0.26280473097655616,0.29705765632909176,0.010107246208304744,0.10605873999191824,1.0,-0.05871797279376062,-0.07940280962575183,0.025661075730355698,0.04994628302979034,0.0605275790046473,0.139488830261067,0.22241736971799764,0.10458902127885301,0.05247415372333193,0.045474084730890714,0.043237223476853305
1629,3.334440184493874,1.6314847269834978,0.004672644770959378,-2.33043723414286,0.0748979259324828,0.05811448463985753,0.1517191132725695,-0.2296946840692069,1.0,0.047871222713783614,0.14597225927747162,0.17785224390259452,0.16531144092952688,0.03321538951127625,0.05013360308747441,0.2162808758532141,0.1539113990009377,0.1280757091984976,0.12116919273357811,0.1105922837169971
1630,2.4476002465055076,4.962608844588273,0.027090535868625757,-1.5671824042512374,0.24024293857074605,0.10268905714428324,-0.2584308386239383,-0.21582409498170543,1.0,-0.16196252846561668,-0.15262784395493803,0.27494403748413326,0.08085942287878767,-0.02098894325021915,-0.006721867872186141,0.13888103659780304,0.07660805156232374,0.034586308880552516,0.06777287525805469,0.06804714305237664
1631,3.3839670821866825,0.1441590252657849,0.0036552866609046385,-2.437078558414124,0.24698856873962702,0.05827195562205407,-0.22436972787244613,-0.02788929262676124,1.0,-0.18512468242988123,-0.12899920164974119,-0.22191090666449081,0.20232217654374254,-0.024460427022654312,0.06591439156760336,0.17407761104645583,0.05466953779850705,-0.010686418982520632,-0.02096131468817834,0.025187694383337136
1632,3.577136844525692,1.154761003678373,0.004312518006338231,-2.365269078576755,0.1824587369374428,0.014203669483035995,-0.13956021155064643,0.16271702668885982,1.0,0.20755765016948355,-0.2698490624479518,0.15312496270864961,0.10660929477877683,0.0012945227915575337,0.11561430724021868,0.24531372142797375,0.14780520433025354,0.05166811752807253,0.06658568932824478,0.06366473138240822
1633,2.3037478662374586,1.5747487228844894,0.007949798329011812,-2.0996438884137496,0.17032238755020737,0.14621789105035357,-0.2003795048441913,-0.09833373705927013,1.0,0.2859762868424483,-0.15159906970336728,0.2078664877860674,-0.037767581821836094,-0.01548245153293457,0.03684431684854834,0.18754047336911886,0.14462839703831185,0.0716617252042518,0.07038334672387729,0.04256805427340171
1634,1.2425028809191438,3.8990742427150393,0.011758138864880438,-1.9296614150522629,0.1240395093809648,0.018997376927200403,0.15500402999111926,0.24239722532049485,1.0,0.2908135179113556,-0.10951202865552882,-0.04122983798726133,-0.22494743256843805,0.05921293698379827,0.14550449550889671,0.24026167600544293,0.17168720557947623,0.09129683233727125,0.04452880029540266,0.013651255020246379
1635,4.221195591037215,2.677693036800502,0.01998703543647364,-1.6992516175406793,0.04409396192204997,0.2380521290694184,-0.2739828826192296,0.003632167495923211,1.0,-0.2378134509450983,-0.050821296980641785,0.1866713915307246,0.2803976382393231,-0.021130818739865737,0.05257820785442128,0.19979985808431827,0.08658277209938421,0.05017300899691303,0.08687564764619256,0.11438991138127592
1636,0.6164841678316972,1.8843063519155736,0.0013324690290982427,-2.8753428765963607,-0.04446004717987111,-0.19989391740057202,-0.04586567802375808,0.13996143649190687,1.0,-0.06489536664860208,0.08998881039894481,-0.022325685911276084,-0.28425018033341065,-0.01487174445224225,0.09628589283739977,0.1826125244069979,0.09068486929779615,0.06083323048700617,0.009453015301696129,-0.025818273785059083
1637,3.3873735225425627,0.0516259055078169,0.0032771535580524347,-2.484503208342262,-0.09281073905206617,0.0460072665604339,-0.2147673839159889,0.024105097253226713,1.0,0.2671061512692079,-0.21984506245859425,0.26095045716668,-0.21189032928883744,-0.039282770734090054,0.044210543462905136,0.20219131451631492,0.14693723397259376,0.05760032837369646,0.05645411459274278,0.0033935855693355077
1638,4.255871804721465,1.2387742298127773,0.055252448861999426,-1.2576484687073861,0.24930035286532,0.15830120628139033,0.2310420681011922,0.2183742666858209,1.0,0.22246208629099923,-0.025905438859614494,-0.1602604748589694,0.08538824812288294,0.10884177388466869,0.18650320660089573,0.2931631376815248,0.20393455065973576,0.09993497176923452,0.04392595649838819,0.05135228409606662
1639,3.111135175646717,3.638580058090545,0.007418611351195621,-2.1296773802942024,0.11524669979063744,0.0519285160179455,0.23715543215064916,0.28260548210575465,1.0,-0.024021606229060976,0.19521709823359912,-0.21372501338112257,0.07302518954689256,0.08921626778605216,0.17372884618813508,0.2825641894485034,0.19245308785425538,0.14297523661185974,0.06837256201529747,0.06967433749284352
1640,1.9855912237797506,4.781308167781019,0.01694396427542495,-1.77098497290008,0.026131124783217417,-0.012083269557585973,0.18335494387632345,0.08833259983376174,1.0,0.14355285285512318,0.24921017597231232,0.02060877935917198,0.2722834560385666,0.05956644772670018,0.18239284866685573,0.249516980041809,0.201376792980714,0.16650593354469953,0.15520199845164276,0.14650860770105864
1641,2.2314097073419994,3.5871553588031606,0.02164361855373091,-1.664670128660616,0.1907538498944231,-0.11932795895320283,0.20950098600362518,0.0006152283694796256,1.0,0.09794117576951415,0.28030367335726264,0.0919562009181716,0.2391957659375166,0.04196869905343149,0.09022301839154856,0.21833130251475755,0.17060923654636104,0.15733943758239177,0.13263083336754106,0.13109673940691405
1642,4.967184937259755,1.252446631137807,0.010380653990204552,-1.983775284696619,-0.14159600497088973,0.04388389088916129,-0.14478258774756897,0.06615557377494437,1.0,0.022286571299343416,0.29876196752335943,0.09950216598055754,0.2519625901947711,-0.03672665721163044,0.07070702125966233,0.26178706832327464,0.19504269497404217,0.17887878912051197,0.14930479834280583,0.148594007126247
1643,0.14878895701549588,0.19405281528389304,0.002854004609622587,-2.5445453297735665,-0.20182676802454244,-0.27306819258738757,-0.2036496023157209,-0.26187133035424914,1.0,-0.29615056981789556,-0.07731265921270078,0.152861908281453,-0.013475688347221836,-0.06428371787546446,0.004470776840380648,0.08112815292059383,0.0004797726474113027,0.00166136076535771,0.014157175451105836,0.007106337724340031
1644,0.0046851674892073696,1.494296227125211,0.041342552578507635,-1.3836027126014008,0.19221163046429093,0.2562289135679316,0.19433214620897746,0.13175168556251718,1.0,0.20514174376572666,0.04180698094372395,0.2470646803080827,-0.261631382602505,0.05834292002119866,0.09386461788762072,0.1684634781405853,0.11532483477155714,0.08183345828210928,0.06375682023192206,0.014974743797399203
1645,2.615285635084024,4.831655269232135,0.007391601843849035,-2.131261434871877,-0.17482999550548622,0.1698813179993203,-0.021661536075422205,-0.28484286065837006,1.0,-0.09722909608880309,0.186985216114145,0.18006200938949474,0.0867319463999889,-0.01933680239549972,0.028522162292983978,0.16403962645976045,0.1035258757235271,0.11033753139639586,0.10864598943661648,0.09215572557601458
1646,4.05660116607223,0.6918103817128578,0.0005221838087006626,-3.282176598428381,-0.012076360150032005,0.040831023187576095,-0.04024380209244588,-0.04291780322150779,1.0,0.21200572710659252,-0.2264280900131744,-0.04760825993764665,0.00030388341629190575,-0.007952724757899494,0.07972779569745868,0.3147189366225511,0.22288087524795844,0.06065043028090081,0.017276445065378357,0.01918640972548171
1647,3.5156465715489937,3.754088264190161,0.012370354364736387,-1.9076178592677864,-0.24281346228277348,-0.22193467687842913,0.05993571001466369,-0.23188432439527393,1.0,-0.2365537647997589,0.27456505650126767,0.1653518214526548,-0.12434364453520132,-0.04848500568874705,-0.007274163928725791,0.13211482982897133,0.06601394187954641,0.08696284116043698,0.0731812250672981,0.03210857805127724
1648,2.096243009259022,4.356561289062685,0.011172932872371075,-1.9518328104925882,-0.19524327840428196,0.05645282909741478,-0.19126986174583152,-0.2886654443447619,1.0,-0.1940910669525541,-0.12628409396105258,-0.2527859461633738,0.2871048356997657,-0.05724427910982271,-0.0017188458876340493,0.10629887697088816,0.027525179692848872,-0.017543799173212627,-0.020907274406461392,0.027315558227997656
1649,1.640035332376639,0.884366940785273,0.05744021895707289,-1.2407839132701557,0.22306184909526905,-0.16441377210545566,0.04423526344554261,0.28360013026783104,1.0,0.14906714400788082,0.14242332072849115,-0.28701635523295527,0.0471619229464923,0.015181217973163392,0.09118852051761461,0.20146705423716427,0.14796135678714867,0.08978598942203807,0.01455887852415587,0.0178053717901911
1650,4.318628003140442,0.4422117238133227,0.0011974214923653125,-2.9217529510242324,-0.15805243184149934,0.08754836911046572,0.1808607364813804,-0.28791876107435266,1.0,-0.06673376171143236,0.18066182295049585,-0.06848476943860034,-0.024963958163129907,0.01898632239566768,0.05557099231452182,0.21210065772579398,0.12523046818169412,0.09299928575243359,0.035505316844760625,0.02153965742325973
1651,3.6337893809913164,1.9833403484895293,0.016763900893114376,-1.7756249153459942,-0.07238362476419745,0.26815012889656253,0.27230398581186827,-0.05422964961175547,1.0,0.11756377729883762,0.25061643932424854,-0.22007542982114497,0.1870385608112498,0.08001258946013497,0.10161324143505134,0.2271261989166921,0.17725146111519371,0.13207660457247244,0.05931137160282325,0.07331376177948225
1652,4.864812722561346,0.4899069150373918,0.0010713771247479113,-2.970057630598787,0.005744456803363262,0.06655138900849535,-0.03894423939671149,0.0380815573066968,1.0,-0.11114463733495279,0.12314656034373274,0.2120407242505158,-0.14702690193160697,0.008801780906684686,0.1360534931071543,0.3014024873813075,0.16108860765253127,0.13871858359726433,0.11212111400839861,0.03680965652761878
1653,4.499000452041647,4.652229159259965,0.06521895707288966,-1.185626150349297,0.2938279220927643,-0.0408466423831664,0.132057388575171,0.08853031418369003,1.0,0.29001227755194,0.27325066007100635,0.07847711643731392,0.039035528939614636,0.06699570702111961,0.13848603260606376,0.31641839368229946,0.30013843014184416,0.26308215103899957,0.2029220549591595,0.1594171710736498
1654,3.8519517951220745,0.26880440475515266,0.005825050417747047,-2.2347003113226176,-0.14969540042782875,-0.2005499026413658,0.1330972885586427,-0.0011680862369532695,1.0,0.2652217789518382,-0.06224904133995263,0.201807985081862,-0.12464479014586861,-0.0014148742206868503,0.09333683567523235,0.24646236997541943,0.1737897781490052,0.0988409367767241,0.07575498368536869,0.026552343012299435
1655,2.671856022514527,0.6049640869822918,0.005536949006050129,-2.2567294762159014,0.08933117066829711,0.1405133391716764,0.27277203324567906,-0.015890828336482653,1.0,0.15304722885920868,-0.019825840453441955,0.25913654313601747,-0.1807595075573636,0.07712836351972127,0.10732118454441901,0.2335248966478985,0.15915356956115964,0.1019193971792226,0.08871965018918306,0.029000101506629294
1656,3.6602456938627665,0.4173643908326198,0.003133102852203976,-2.504025348044737,-0.1406264372849733,-0.20740733160227628,-0.05461983000972596,-0.19095265092495675,1.0,-0.0413931626139445,-0.050303561587926836,0.28405237016602713,-0.14745428867577892,-0.061373193548392366,0.02684950227551708,0.1805151850616178,0.08639308839032186,0.05970109731598994,0.06551908477925472,0.015582066846975542
1657,3.4588560565455007,2.994900044994802,0.020698285796600404,-1.6840656207220388,-0.23719136796022947,0.09128361810306575,-0.23781120350979434,-0.05464505112556412,1.0,0.1941278164404854,0.014003318600186042,-0.05521552260701731,-0.18182496628034475,-0.06553917182399877,0.020157620846607185,0.2133447813742741,0.17386077010381998,0.09929004345317644,0.03669667998247459,-0.004437269585191596
1658,3.6530072035342656,1.8112366074924122,0.015620498415442236,-1.8063051128644254,0.2622661342446695,0.16504025294820884,0.24329598804749356,-0.23214300405099816,1.0,-0.2264943619407298,-0.2430091104483317,-0.16881749017338588,0.18270027177636067,0.04859332699866328,0.11157833958581857,0.1408447131684448,0.027637901739046525,-0.02133871341445609,-0.0017935555138844305,0.026540749304989897
1659,2.570386784992071,1.1182374637483878,0.0007922788821665227,-3.1011219198411495,-0.05996544689162193,0.2235876202725292,-0.2403877354951381,-0.25896729593462314,1.0,0.14774623668218867,-0.2764118971572065,0.07370115960275755,-0.17555337744501803,-0.036250131027410856,-0.0010747440173718955,0.1487375626992083,0.09382428685983327,0.014689140800404432,0.006986001149283027,-0.015272389738453086
1660,2.5674354878485457,0.42286167569039196,0.0023408239700374533,-2.6306312440205,-0.2112993964408976,0.03322869987552446,0.0113615586260974,-0.22263375388640172,1.0,0.2965123565444348,-0.0021326451534200985,-0.11248806378719307,0.19971625946951635,-0.02014641465952304,0.019427563661248183,0.19383547642679125,0.15964671875259473,0.07719371809836033,0.03458091654051233,0.05668956512347036
1661,3.67094359710503,2.4905518044257007,0.026028161912993373,-1.58455650032066,-0.22181027621875507,-0.2872028897648925,-0.04803558618354491,0.29590187338253426,1.0,-0.04450763801147682,-0.23514689835887,0.1276108145089109,-0.2015639737057782,-0.04223513825132577,0.08411386088078036,0.2083765465825528,0.10606122669142044,0.02755432649511224,0.02410174019940776,-0.009669242324850115
1662,3.377221669028973,2.3824424437460694,0.010605733218092769,-1.9744593015402352,0.06759103821452857,0.2695612222726078,-0.12980660219758816,0.17770091489473244,1.0,0.14429798891402215,0.24219040861838162,-0.19417864785054686,0.059837453153399986,0.028565674817709993,0.13043720600125258,0.24729383903830068,0.1890064556332778,0.13312501762438045,0.059888673261331966,0.056448083389195707
1663,3.937133060613779,2.2214580265163475,0.009345289541918756,-2.029407238478879,0.11789546408736737,-0.06724745835371189,-0.024905967751983036,0.1814602807737447,1.0,0.10093224791839236,-0.14772008184947188,0.11220577556322277,0.27545739169193484,0.015644538934737835,0.14396370943485975,0.2826386318874041,0.17026499850174553,0.08388769895650239,0.10358622761661912,0.12487831871738597
1664,1.4229113303894338,0.7825890698918401,0.021220469605301065,-1.6732450094669942,0.19547070876103098,-0.2887086350336854,-0.2854486769342026,0.09669903763636635,1.0,0.2554077330853021,-0.09790712974924004,-0.08181151368694457,-0.229586845619599,-0.051824802813550126,0.035891040724007,0.155316435716686,0.10947527369305547,0.041012982705279685,0.0005838555259393576,-0.02344205816714662
1665,0.10843337441859806,4.388907654735798,0.015107317775857101,-1.8208126354986365,0.22131157900366535,0.07326459343416888,0.05015597225884274,0.25035277098763953,1.0,-0.05282632419349593,0.0036641454329702228,0.26177775652853025,0.011937578617349497,0.05098178579065893,0.13384094096153554,0.226784972487859,0.1313855909916045,0.10602451738316601,0.1158340563336807,0.08677415608828953
1666,4.728765617756733,0.8536791750208284,0.026073177758571018,-1.5838060344662086,-0.2508262717346041,0.15750489761128003,-0.24247339856107322,0.1900467104833561,1.0,-0.2750001864785193,0.19196547319068039,0.2928781769718418,-0.15859448664895173,-0.033159413471273554,0.04817094303420246,0.18249923387763878,0.09178066193206337,0.0817594133938989,0.09222468671733926,0.03802181025001613
1667,3.7852844739862235,2.31905460551092,0.045718092768654565,-1.3399118954536147,0.16831356149176793,-0.29907326935118067,-0.29463359499716135,-0.2929106256159201,1.0,0.04634496857046908,0.0810240072462295,-0.2930449689988362,0.031984055189101655,-0.10268176715528844,-0.023094708010105665,0.14022312776863205,0.09253165582737842,0.03823234039366428,-0.020683185546694367,-0.0032490540509276474
1668,2.073724974789389,4.013188918911744,0.0005221838087006626,-3.282176598428381,-0.10418135788074126,-0.005882967787967264,-0.02080677052644443,-0.1321867222679768,1.0,-0.16242290522251354,-0.08663873074188803,-0.25618629329201215,0.10701890724633857,-0.024374647793451523,0.05805165658129898,0.18657588662541508,0.07236542150256917,0.006283310452649705,-0.02423030376178236,0.013789587028356668
1669,2.780536234000584,4.987660709598537,0.01802434456928839,-1.7441405188480181,-0.05374755572856212,0.07386122815557676,-0.16637489158849364,0.2615550778428264,1.0,0.17403953112395876,-0.21102801037785776,0.12174701419622262,-0.18125861890930162,-0.010575067418706027,0.10118512974193429,0.24472680635406355,0.17934932013365762,0.09001219783638373,0.07362114631420508,0.031963808033877786
1670,2.8983911263678,2.786147152090238,0.013882886776145202,-1.85752021827638,-0.07511347497667623,-0.04952364842259218,-0.2949302469238362,-0.0034963435527581633,1.0,0.21588877448682306,0.20027216055079625,-0.014501114213444542,0.24886033843020308,-0.07514595442081036,0.021920671958878046,0.20247662261463428,0.17643233862954333,0.13599505120937921,0.09755315873431604,0.10895890810923838
1671,2.8234274207782217,1.469068121543302,0.015008282915586287,-1.8236689921633127,0.2369507275727546,-0.20714738659558316,-0.04393818391773189,0.1495362788255839,1.0,-0.09153320100931213,0.2306539418630872,0.017840926746567586,0.12501736948723513,-0.0014454373918900867,0.11221068896681885,0.2145582398377116,0.12365900190788966,0.10800891702382909,0.07814395500576424,0.07171784674584263
1672,0.15030912441348382,1.6704602250732523,0.04323321809276866,-1.3641824362703094,-0.2499662204242996,0.20080308156350177,0.13788182769910726,-0.20134728374115288,1.0,-0.20934264269378106,-0.2239295276135822,0.2439254788980832,0.2699419797214454,0.010565358394056515,0.04357566702208211,0.10137517099921074,0.019099015435157286,0.006860338021166946,0.044474789100306014,0.05192599298607981
1673,3.965384424222867,1.3954571715044597,0.02735162777297609,-1.5630168224645504,0.27836882525277346,0.11474049560530487,0.29740389514195603,-0.0067486446584181905,1.0,-0.038517078925255764,0.12331684736179091,0.19628975374207738,0.003910239036730645,0.11258864493488484,0.14141533342259044,0.2767510989830436,0.17455005831883658,0.14017312313136335,0.12603999212321002,0.08720697219693813
1674,1.0633833275597468,3.9661108842914667,0.010488692019590896,-1.97927866662928,0.23108231031291004,0.10060617622735639,0.11223394137266626,-0.1378840229317989,1.0,-0.29822258652027755,-0.22937476905569798,0.18086914945452395,0.0465152096789633,0.03690719062673158,0.06123142794192013,0.1552019192954743,0.04493976785146057,0.01193353418102551,0.03997722446620787,0.039797281665689056
1675,4.901345757785637,4.862871835306344,0.007733722270239124,-2.1116114281600757,0.07044065366018008,0.2809452698850376,0.08539724069885114,-0.1889026158504026,1.0,-0.2659813229392378,0.05595020787299791,0.06532417769956668,-0.02895772293912032,0.06975169094014119,0.11354431248874035,0.2639447927671807,0.13073679173520178,0.10758931520277829,0.09186859168670027,0.07081954310778081
1676,4.471437133661275,2.409628698987902,0.0013054595217516566,-2.884236589756343,-0.2768683012024088,0.0957722252537675,-0.06429589198698368,-0.13891142685312544,1.0,-0.10917760078777314,0.14880239632450235,-0.10953810622869675,0.04359431519286503,-0.038052130424153105,0.11400461565414333,0.2035042013912929,0.11608660947943825,0.07097038136693647,0.03433156709303393,0.03648954397166461
1677,3.843708264397801,1.2699034959882474,0.001053370786516854,-2.9774187302451565,0.0009005696067102997,-0.2969799686563385,0.046205217337115176,-0.07774316887631105,1.0,0.2362524226424031,-0.13976873224899639,-0.1094025475337337,-0.03163038054098747,-0.038710485981820766,0.04283328390691161,0.247692781774342,0.1876480106148737,0.06704723652768937,0.009260545268304773,0.005285780325915178
1678,2.8081409997611253,1.4043926872043873,0.006464275424949582,-2.1894801477490176,-0.18618345515304427,0.023442085344989903,-0.07080083808796235,-0.13684798940329432,1.0,-0.016055397036601592,0.29953171070219375,-0.2392030057035499,-0.24630838034399835,-0.030864782777582096,0.024084781204167145,0.17267837327324284,0.11916427271882306,0.09627084453817177,0.0012955905563211503,-0.035199990674806475
1679,2.4314249136938195,3.468772585037427,0.003394194756554307,-2.469263241785525,0.2464066268094297,-0.2038677440223233,-0.017829251424737957,-0.10937708685098349,1.0,-0.04730851162319122,0.23622832670461624,0.23893274237036918,-0.21373082332405713,-0.015178785702997475,0.036227135507058424,0.17312159785334824,0.1164562762293355,0.12121156929092934,0.10113171923593925,0.03854528911832579
1680,1.9383525032506292,4.701596214346235,0.00573501872659176,-2.2414651596559674,-0.2254356233736468,0.23686829262470793,-0.2214631110213631,-0.24861745137631666,1.0,0.021260114259327122,0.2052273868731995,-0.06168745386323164,0.135285329796263,-0.04722221877900811,0.013767728903402107,0.14316496263212233,0.10372277184434722,0.08628799503689447,0.058561544310217706,0.0634263080982862
1681,1.045239549216422,1.7358460232635864,0.00324114088159032,-2.489302091224031,0.040521070546685835,0.008419177354053108,0.27484622148544413,0.018429645329407805,1.0,0.2688242466926084,0.06100505754327812,0.0597374612833587,-0.11104801595978134,0.06195726193519839,0.10782308795745844,0.24193010636281398,0.18386162701101869,0.11941447857059811,0.07380469193665048,0.03492653091880078
1682,2.9955936019371925,3.635871379517081,0.0010893834629789685,-2.962819221674868,0.18290901782305838,-0.03629934405815429,0.2139939348097936,-0.18117252481740623,1.0,-0.1470016756562931,0.0940342984771352,-0.019413759787071803,-0.015304121066735609,0.052519184493372145,0.07653705058045279,0.235224545751536,0.1329371788111095,0.10092472145026492,0.06407966287036129,0.0498262956423486
1683,4.276636665036991,4.132817754302867,0.005221838087006626,-2.282176598428381,-0.2268824278960778,0.24039331651609572,-0.014139270311699093,0.07835278884036934,1.0,-0.16165986753517753,0.0013543569209164329,-0.017852232650384468,0.1360793836917401,0.026261311937439573,0.14358164060444942,0.28705687393511786,0.14929861894491234,0.09285659557620753,0.07940354106795121,0.09519713305855029
1684,2.724599540107433,1.4764827959388607,0.0005221838087006626,-3.282176598428381,-0.035791461952736255,0.0859791449964437,-0.19088997488893333,0.10660298617176218,1.0,-0.25854426549933346,-0.022849300748083244,-0.03037642275476858,0.0008687676874413741,-0.028944199644234003,0.06167307236200622,0.23520574775581685,0.10022819744952607,0.03915339886134065,0.017753259266830457,0.017796172372571084
1685,1.369940234402598,0.23546102243896067,0.0162687265917603,-1.788646439430386,0.1434672371130872,-0.17116248538049067,-0.09061598288336614,0.29351247397509483,1.0,0.22716140874933347,0.257281959659527,0.0743264962195884,-0.010429181318459125,0.0021680646851268645,0.11254951242252154,0.19843095099654198,0.14604738921679147,0.11241420022899239,0.06888291404588807,0.040220378003840325
1686,1.6973535423246089,4.13839070957526,0.0012334341688274273,-2.908884024834911,0.020458722125536764,-0.07256639577920825,0.20337315601781286,-0.26433232754457137,1.0,0.031538174152821875,0.21585742116985138,-0.10181770155222324,-0.07577198806953911,0.017947691456363477,0.0361583724159675,0.19064775399281417,0.13983711944225743,0.11726375485493784,0.05483936893432659,0.03287371177510311
1687,1.809231925293025,3.533460791298993,0.02125648228176318,-1.672508604912591,0.2796164750539231,0.20709728403174987,-0.06613936053369274,-0.08788826429658345,1.0,-0.15560655492417103,-0.09121708813071301,-0.14540101395954394,0.09208209124117407,0.0249886520398603,0.08772379072253056,0.18662151355643947,0.08108659271157008,0.029166176278395756,0.012923194576846854,0.032873420544097254
1688,2.817283587993011,3.383034203286363,0.012703471622010947,-1.89607757823697,-0.06366468480485606,-0.13801145675537832,-0.10128538610663393,-0.2268857571848649,1.0,-0.24255988926730174,0.0884216563263286,-0.15590592865407865,-0.17396871041734788,-0.058375097494210215,-0.008537555964270846,0.14395418696354917,0.05613014553612066,0.033084632898294594,-0.017346902351478444,-0.035150848471563884
1689,0.35766348937751163,2.4164133939415375,0.002214779602420052,-2.654669484887939,0.13765317148346387,0.24950117706384622,-0.24850720958874747,-0.12546189299670546,1.0,-0.1212225703022589,-0.002030545944078854,-0.18113808826178196,0.1707009500128866,-0.01856107314992251,0.04945597117504987,0.13497403013951242,0.056336063321565474,0.021088828546858018,0.007985545180861602,0.03190085349637291
1690,4.0763708154205744,1.2731932177350058,0.0035112359550561797,-2.4545399849648186,0.013159983595637414,0.27119678999759417,-0.05895945526154915,0.1878418300767501,1.0,-0.07628037112187415,-0.15755968241039642,-0.10243168601153123,0.17733194015971435,0.046522682960479476,0.15994194463275124,0.2707273560575498,0.12598446118695147,0.031016987747475504,0.022024248922101034,0.0568302442059791
1691,3.5849965757640625,0.9197168560423168,0.10453579660040334,-0.9807349669315115,0.14566124213694756,-0.2974118876644329,-0.13273227361634884,0.25146947984019796,1.0,0.1662736781832366,-0.2461295274535846,-0.15818028522762861,0.2900582618882749,-0.031153106614349245,0.0747431477011661,0.19803916843329128,0.12641500512019588,0.024576072789340802,0.00563461467976679,0.04979908901574347
1692,3.9046372481261287,0.6396167544051607,0.0019536876980697205,-2.7091448581427886,0.007150603420442425,-0.19430698133729432,0.18425462523692135,0.09397891630013067,1.0,-0.21501696983016072,0.24300170381558275,-0.03778877932179631,0.19191934584146123,0.029352503059281165,0.12471824290724659,0.22110625436166917,0.10670599143513229,0.09571544959258815,0.06637952667916586,0.07657954639390173
1693,0.5928723836516714,0.08478842443981954,0.0006932440218957073,-3.159113866818836,-0.13316868200121337,0.16136929594561328,-0.14290204325066444,-0.06585910395852632,1.0,-0.027484035151104955,-0.06407871979134445,0.155764077683358,-0.17987150797906282,-0.019909019210198192,0.04422567739238958,0.16657511809933204,0.0777278801264271,0.03900510216596924,0.03235430431061857,-0.004542302988781086
1694,2.7669304878188763,2.6295427403458516,0.00256590319792567,-2.590759731982808,-0.13795768963606803,0.11412299905176687,0.21383312023024487,0.09630667704339065,1.0,-0.27178192028211867,-0.27295371774650207,-0.09297347884068403,-0.1459146425163136,0.06064773884433871,0.1599388731592645,0.16116575838830743,0.027449623689251683,-0.01933166211732206,-0.028533915344265037,-0.02175012321777401
1695,2.905580511172139,2.2095668115245557,0.0008282915586286373,-3.0818167646457626,-0.22826212799055326,0.21185201059532968,-0.1532942815150005,0.14404552436956372,1.0,0.0727102902258221,-0.27784268452526145,-0.06904945426150626,0.09525789014196108,-0.009948797043593494,0.08008263882356247,0.2129777698678263,0.12392609667171697,0.02057347443831157,0.008567792941517592,0.02905788805696872
1696,3.272468456073796,3.1736552449431126,0.002673941227312014,-2.5728481426741054,-0.056674655252378636,0.2823948627808539,-0.23409369272713393,0.12363427212235178,1.0,0.17532041088954572,-0.26871994754460754,-0.11201563266187667,0.04008193483820603,-0.005895840224530914,0.08023790283374363,0.2290516339678573,0.15952462396258013,0.044452307309287516,0.01415943139388132,0.025931866428783337
1697,0.03023528387417712,0.7276255427349371,0.0445026649380582,-1.3516139815305412,0.1809717609582498,-0.22769064735407596,0.1494323319489875,0.17937390267259418,1.0,-0.213894156036107,-0.13654484420670024,-0.27571233428951764,0.22417532104935947,0.020105931508487395,0.07540854310907481,0.13298180314205812,0.038440564735537384,-0.0045128533140172825,-0.017620364243253108,0.019629692240468552
1698,4.598581691023663,4.423192613391223,0.0015845577643330453,-2.8000919241771682,-0.06324749283232989,-0.1221614718647134,0.18325379912565168,0.07048230945672855,1.0,-0.21257459072396823,0.14145383364715106,-0.21333278508253092,-0.15013944813560146,0.03060311278659389,0.1330389584027032,0.25870998098878384,0.13878565176645574,0.09538275650899371,0.012137263272808157,-0.008082838802361839
1699,0.5069972391638415,2.2135858358725153,0.00661732929991357,-2.179317252907123,0.06797574072899001,-0.10449550573412356,-0.08269970375944626,-0.05330526709291367,1.0,0.014918871432999036,0.2738940530753289,0.18181629282907724,0.24937341407806224,-0.022660908111727145,0.04181207977935498,0.16546705229235542,0.10945446834832036,0.11180811085482231,0.10598552225266565,0.10192617488365832
1700,1.3659039697918183,3.4592562461659035,0.011461034284067992,-1.9407761883376626,0.11382151574079719,-0.2982377965895987,-0.03065749712620187,0.23611298804506087,1.0,0.05684759674199373,-0.043557432665818054,0.0939607275737718,-0.26024117199076,-0.0072998583253263746,0.10840446153376937,0.2020308935889148,0.11747398799902256,0.07304499085307559,0.04193180048667748,-0.0002257555184506368
1701,4.423336730307822,3.9291044873991474,0.015332397003745318,-1.814389944028717,-0.24421737122947687,-0.006649483267069223,-0.21449191107094379,-0.16338707653074844,1.0,0.1572506744404277,0.21869354413262287,0.04417036124965366,0.12525451438003746,-0.09118588192908023,-0.01965342027145588,0.19683591309180604,0.18261397120386522,0.1569232017327447,0.11827532681257746,0.10771813739698352
1702,1.838544044591759,1.8329027075736537,0.0019536876980697205,-2.7091448581427886,-0.009486260648045674,0.0065893140696636765,-0.291313676613761,-0.23003965092297154,1.0,-0.08283733958034013,-0.07170419518037585,0.13172626305310894,0.1337203404711769,-0.06981649312475446,-0.03317061487275299,0.14732267466092916,0.08066411417833026,0.03423186963132894,0.04681241424478551,0.05659336192941524
1703,0.3796369399906391,0.4481631599513478,0.014405070584845865,-1.8414846093353932,0.26497622787617237,-0.06421398834624328,0.021431715389742288,-0.030162539360128613,1.0,-0.15520502405346315,0.08467393110558952,-0.11398920169739268,0.24925584400381917,0.009780075249691515,0.0630872190702087,0.16440606497339744,0.06796824423936923,0.041978311993328334,0.023578231377119722,0.053370537710162674
1704,0.22653677564806646,3.352458026136768,0.0005221838087006626,-3.282176598428381,-0.08953632492304987,-0.05333856567917391,0.1520576767171059,-0.14041195726324265,1.0,-0.0059093802224554955,-0.13769841331588623,0.1208715605369113,-0.15175930136683516,0.008141323001499452,0.07004913258721444,0.17671725768155666,0.08174524685274955,0.04187890996752285,0.03402306117205036,0.008069842876696522
1705,1.2339916606144588,2.5988777999185797,0.0005581964851627773,-3.2532129024930643,-0.12495300653789138,0.002016343737862525,-0.09650802094245604,0.10941365081326944,1.0,-0.2113445100370299,0.09293983042459676,-0.15084843052741306,-0.043177629438560426,-0.014723255611187359,0.10002567685121244,0.1891320492634918,0.07706096955034475,0.046172286382088236,0.003905423444111427,0.0053687224048845255
1706,1.0024584222941926,4.904575267752305,0.010407663497551138,-1.9826467579068077,0.09420519489803655,0.2603573653569826,-0.229442585854377,-0.27407018358175506,1.0,-0.26096422032627126,0.16521227143655196,0.28971115261013386,-0.15279774598441664,-0.016174557993913093,0.00758877443497175,0.10817412010925051,0.04765811025749963,0.06371938461532123,0.06900086607919753,0.032587530972144
1707,2.645436246829507,2.8444670985528204,0.002890017286084702,-2.539099559586446,0.03630162400766401,0.22162531542786482,-0.0975059751293282,0.005016437905788451,1.0,-0.08562251705039538,-0.020264336183784704,0.13977943019404038,0.0546628713240886,0.015764871567356214,0.12278140689623299,0.26366923774938394,0.13626940672772425,0.09444449741113747,0.09822517305996437,0.08223715556525496
1708,1.0587114143541283,2.1232952302429124,0.007949798329011812,-2.0996438884137496,0.2910604745435295,-0.10360842807223236,0.18167306694663524,-0.0563809164762942,1.0,-0.044367571317288,-0.24761253321395713,0.0973535669082832,-0.25808595713640986,0.03312377849511714,0.08503615916370773,0.1661977491193566,0.06609997259206986,0.018013146790165344,0.009224510799332118,-0.017600197039842034
1709,3.175349673352026,4.322579685942274,0.08228896571593201,-1.0846583962574865,0.28647219969081733,-0.2765759523378527,0.06098433780955663,-0.010529025804948444,1.0,0.09633930330240636,0.21307689514012718,0.1028060619549502,0.2920435700735106,0.0025223416828341065,0.08511960734056097,0.21719661365519455,0.1676716717319286,0.150023252996797,0.14059308474523416,0.14586077840834996
1710,3.348906911950986,4.448539503189701,0.007175525785076347,-2.1441462705952055,-0.02888432321878428,0.10960483254530178,0.18094192592280214,0.023703549945347135,1.0,-0.0654212155465939,-0.03345108658974622,0.13323790027144813,0.22109905256271015,0.07046492935074121,0.13600170536931153,0.30128457589800767,0.1877866389755579,0.12682910290694344,0.13857802238579073,0.1563215634977157
1711,4.692590213085822,3.0355486267737577,0.005509939498703544,-2.258853169845757,0.23234205290743304,0.15038016819409966,0.05128034337391385,0.009964374982924306,1.0,0.04371504883916,0.1656527311840428,-0.1285258463780338,0.015287124422459096,0.0775547693790799,0.14269839374918056,0.3441035765675961,0.25825086726500673,0.18977404161296116,0.09722913813392771,0.0785187048840922
1712,4.82904566410552,4.434787369439978,0.0018186401613367906,-2.7402532225446943,-0.0952043448096847,-0.16178100821046548,-0.056876689118535,-0.031796188380847155,1.0,-0.00998705004725392,-0.2822844813350238,-0.19839911613588557,0.07898877067042269,-0.050144463978073525,0.1360583026556164,0.25123373218123196,0.09397005602563643,-0.025010842525340412,-0.027698183870948138,0.00985187930504152
1713,0.8535197667213618,4.224549021979911,0.026694396427542497,-1.5735798942910366,-0.11038085680968397,-0.15004917839841495,-0.22558340744039926,0.07556900795222134,1.0,-0.07328008423348693,-0.0008762770496083982,-0.22879756225887227,-0.2571568450307525,-0.058903360086202235,0.034849556102388775,0.15699622402025626,0.08090364752652766,0.033522364584318,-0.02503162930889794,-0.04477051143207787
1714,3.6194077377363003,1.0496974312690328,0.0005581964851627773,-3.2532129024930643,0.05523766737969893,-0.07441494858220157,-0.14415893330933324,-0.12001904190774883,1.0,0.11769149317467972,-0.22198073917055808,0.018050680065098513,0.06948848165245418,-0.05293104525670897,0.026120618081490604,0.23772817345950695,0.1516726940385897,0.0356813891262831,0.025925108119265145,0.03753985493582232
1715,1.9900759077418728,2.2635409088472636,0.0006572313454335926,-3.1822817318708623,0.11823791280378523,-0.2433243327387142,0.04961135124252667,-0.287510180240849,1.0,-0.2873987334955113,-0.27045264699405547,0.22663536271508894,0.13772463336449556,-0.022547217462559943,0.00284796764771119,0.11263846613054625,0.016045513530391905,-0.014734082146192018,0.026853918528525762,0.03815151978129196
1716,4.125669679532813,3.2246257200560136,0.011217948717948718,-1.9500865496681672,0.14376114537757734,0.14350956997526748,0.2935717798608019,-0.009617194607182388,1.0,0.03668467683793741,0.20318992116829176,0.09236498930799338,-0.013569020662486919,0.11968857779542173,0.1790221124546004,0.3194773748308708,0.23005563286899008,0.19751281290063755,0.1491306803915914,0.10717584176842618
1717,2.1153456184128743,4.0274250192899945,0.0024848746758859117,-2.6046955099261004,0.18939271948967018,0.1401846068426385,0.228493996843218,-0.18607745455493382,1.0,0.11598808817666889,-0.23920775898641786,0.012417894058288614,-0.08422315448991563,0.06669547911188,0.07763273489672708,0.2142249312151981,0.14276952134963972,0.05707961376383718,0.03888436728183759,0.024979457142853174
1718,4.477232692122078,2.422159006916163,0.0030610774992797466,-2.514125674949063,0.06638203453278912,-0.18939425580548674,-0.24565159260321312,-0.16412271508792228,1.0,-0.03076535235305191,0.07543539792307374,0.10070204656134742,-0.20279109197920603,-0.10015422545449335,0.010170612766719149,0.19865411347506176,0.1193145283182179,0.08915242617569827,0.0514379201509707,-0.002431210055591366
1719,3.0215164481057273,1.6777332873642379,0.030484730625180062,-1.5159176382184016,0.16810672212054353,0.07604571023260684,0.23932065986143436,-0.11919128153893722,1.0,0.15205289300738736,0.2940396707583264,0.27222914433805806,-0.29977345037284614,0.05360780305666127,0.07106853916756303,0.19007944189238335,0.15405995128107308,0.14612938131063233,0.10972622917855251,0.030506749083892306
1720,0.3228151916763033,2.655678766117892,0.027234586574474216,-1.5648792130028302,-0.1400660523484959,-0.23012073200733393,0.2758037699585161,0.03835410864870909,1.0,0.10013673499033553,0.13444073772232606,0.1656314429047572,-0.2076248075747682,0.015329450913324457,0.055050181066657565,0.16363184543663964,0.11656489844241591,0.09186723507730143,0.06938766606466175,0.02188055892342906
1721,3.134793248219678,1.6014158037826896,0.004366537021031403,-2.359862853389054,-0.25463271310898,0.22656245540170625,0.047247830018478584,-0.20848407229289645,1.0,0.28283989211880584,-0.0010514895322552896,-0.2763955657739665,0.25085327062715923,0.0034293007094881047,0.04829808614799874,0.18268832556884573,0.1408895834586663,0.05768847469080629,0.015416933243096823,0.05063369595287916
1722,0.7801480998026332,2.6080141311002825,0.0019626908671852494,-2.707148098386713,0.07866795670312636,-0.042393702273467324,0.12472785711471883,-0.26587876474643846,1.0,0.252985922967778,0.1562139651972483,0.020279194936361145,-0.22696370042623173,0.007126140370182918,0.027226269922357077,0.16735675100842748,0.13875287602116018,0.10295372928401385,0.051193315046517154,0.007765174037519013
1723,3.559225562685455,3.7749751549999546,0.038146427542494955,-1.4185461279903284,0.21894441550073276,-0.25196492526976033,0.07144656977004445,0.18727643264413357,1.0,-0.2722550717924316,0.10797905551342281,0.21338654842758326,0.14024449734887318,0.018150343093959274,0.12086119102377353,0.20479387777745311,0.0938392149049725,0.09458668111750808,0.10906159284970326,0.09932282844538992
1724,4.059105227668663,4.0904664143681035,0.00162057044079516,-2.7903320868880117,0.030230685305767068,-0.1675817070532738,0.24146630802410043,-0.0808966256119835,1.0,0.018654098373353366,-0.0030954535022208684,0.07557540433816352,-0.19984190963712786,0.03531563247371062,0.09446735618575715,0.29231919473497675,0.20241125014093986,0.13406778277435089,0.09053380488204135,0.02758966562049652
1725,4.804143719462502,1.0133092951290055,0.0064012532411408815,-2.1937349912615516,-0.2722902836159138,0.25323963370557107,-0.2786983281337893,0.09863923013913027,1.0,0.12219155356912893,0.00016004498998112293,0.05055195658171594,-0.09519767442106825,-0.040909212413135096,0.09252846223171042,0.25484342460569304,0.17060548316987537,0.09499797725715972,0.055063803557623435,0.020529529445374246
1726,3.9205535516509125,4.503143629486808,0.042071809276865456,-1.3760088109670046,-0.1003862408751588,0.07640444892881179,-0.14253557427564573,0.15762652761380758,1.0,0.2739781810965105,0.09763241346293561,-0.03210109520203699,-0.2922846946537421,-0.01433220546347498,0.11416151318704007,0.27844886347046255,0.2360389913193162,0.16408071842886734,0.07924633427700721,0.013302631663243736
1727,2.2741566089558507,4.18242931621407,0.008453975799481418,-2.0729389997252072,-0.0018031230757624694,-0.22004108886982804,0.24466880454820494,0.21550431558711278,1.0,0.12836250598798044,-0.11778642456986466,-0.02308407540604832,-0.2974115248603846,0.03517354403449316,0.11916597433579042,0.2380310827891781,0.16387792365208234,0.08541026177045458,0.038098924060851504,-0.009043182325642806
1728,0.7266023532235986,2.013677529770573,0.0013144626908671853,-2.881251736206881,0.09508278148231332,-0.08577947173407893,0.16560734944603836,-0.005101692510130984,1.0,0.06182979609409702,0.1364478119907958,0.04393159238440303,-0.03140344227705864,0.035626185513139966,0.11880341894623178,0.23548979870671052,0.14749162811398323,0.1119605655965112,0.07160813429006974,0.04676885657479395
1729,2.044310821703834,2.3524354201830224,0.1478320368769807,-0.830231439207896,-0.22728826265644658,-0.020158177889815443,-0.2696982769864757,-0.20376116455067564,1.0,0.25649689846059404,-0.2954832853776314,-0.2794287383102592,-0.25931958591567794,-0.06211484619913854,-0.012434967400754313,0.12192916976602987,0.0869994812454055,-0.0019231322207595271,-0.0487238679720651,-0.05551777445919665
1730,3.255337664569699,2.7501809129586636,0.007472630365888792,-2.126526499615244,-0.19597937045801406,-0.1201179901027698,-0.10905609877466,-0.0973372932660366,1.0,-0.2567637108623112,-0.018873398958579046,0.22340485352345532,-0.2612878663781626,-0.05031344687391115,0.08356187946780748,0.12821115741597675,0.03549592167159992,0.043648916474789023,0.02034189239104116,-0.014316553354910718
1731,0.5365381004498426,0.9800804369624437,0.003772327859406511,-2.4233905690250226,-0.047311899264716316,-0.19175948155299766,-0.04535856833779734,-0.25887259546892516,1.0,0.14744788636201964,0.10083285980785388,0.19898383563624322,0.08813624630869943,-0.04111932632830799,0.0027785224857792322,0.14586753857533907,0.101443087867981,0.07829862246787647,0.07345896130139476,0.05599225500325336
1732,2.2648510098825136,1.152182039191672,0.004528594065110919,-2.3440366069353904,0.203394125171567,-0.2621143751589278,0.12810636609087747,-0.2694312440837771,1.0,-0.26258159785648405,0.22303589606379562,-0.269953129478324,0.1945480464390487,-0.006272072778121768,0.013867765027373224,0.11500619798663526,0.045672176518301424,0.037695307804355836,-0.001214081128784403,0.02608232094009216
1733,3.7159366240035308,2.2996274557175362,0.0005221838087006626,-3.282176598428381,-0.20741278301064978,0.13760323779787184,-0.01626590358935378,-0.05695203862085571,1.0,-0.1332080645051246,-0.18264880327433314,0.055823495947906275,0.034010966692634655,-0.004255508009287528,0.06730479508420985,0.24445553863808833,0.11146435841786939,0.025018525363565053,0.030278114464653293,0.036548948591187104
1734,4.162135898648739,1.3824967047206251,0.013945908959953904,-1.8555531742321119,-0.12377049532146323,-0.029212552318181415,-0.25056871492845606,0.015425001133243365,1.0,-0.2373003571401187,0.1877170761625373,0.2986031873927135,0.26446348781684786,-0.06025201379415523,0.052182927418760364,0.17023529199394258,0.07517835515412902,0.09378287257731427,0.12495853265144878,0.11872674722513725
1735,1.340943417191018,2.435300822774348,0.014792206856813598,-1.8299670285562561,0.13101886820577902,-0.03046471779178654,0.21043963633046592,0.25946067843018844,1.0,0.252715890857095,-0.21029967731346752,-0.11777546007187834,0.20684170854728726,0.0582396490095312,0.13419004231819776,0.21110974074333932,0.13220046831842958,0.046617777863383836,0.036221732942401594,0.056917431386003435
1736,3.498493632967627,4.719311059515049,0.0008282915586286373,-3.0818167646457626,0.2175162001965913,-0.011412310054725816,-0.16776149814087452,-0.15813472921920183,1.0,-0.21773170613571077,0.10918633114231437,-0.2243707904840973,-0.15720616660947093,-0.027118507691706924,0.0215573894033848,0.17835942722974776,0.09309297425870632,0.06125551900399877,-0.0061406857163984006,-0.024546302935412472
1737,0.26565820742124363,0.08878069479716087,0.01255041774704696,-1.9013418182293274,-0.28304116905748233,0.1915674342257985,0.1272753320187828,-0.12194899263031798,1.0,0.032873633750962035,0.14198091686922468,-0.13407774207579146,-0.19043817672045707,0.017285607721072474,0.04815700635158023,0.14836345502924864,0.08674539583890259,0.053956248774086564,0.0015280620595008335,-0.01718201431795612
1738,3.538494777801045,1.4600594017999566,0.0005221838087006626,-3.282176598428381,-0.05817006473948439,0.0697541059627735,-0.05547908573559463,0.11525912332127354,1.0,-0.251745078070683,-0.0873140976518182,0.10207774329394019,0.06339424825151992,0.0004676019420628119,0.08468244198021968,0.25772231942621016,0.11479166217184168,0.04017954001898076,0.04975224241985596,0.055065539195522734
1739,1.4679951777647524,0.4597347421755098,0.0005762028233938346,-3.2394246180074306,-0.010963620914331595,-0.2155043699601304,0.0874305102447532,-0.06810852352575163,1.0,0.001326220729628935,0.04322927093848767,-0.16290129902055542,-0.0014535911436534543,-0.011594636921943726,0.06331066640846854,0.22761989815449699,0.1256177333760443,0.060352127765507226,0.0005884176588104846,0.00680706054708355
1740,2.1001729039221244,0.7356766784587343,0.01950986747335062,-1.7097456806715,-0.2756540491479365,-0.19492906357971998,-0.07934731393726795,0.061426435818480105,1.0,-0.22748643012475434,0.2740163175223584,-0.19987389119981264,0.11240239329729781,-0.035735983580833866,0.06053499488596291,0.13980512452807997,0.061655804505694745,0.051146838751976544,0.010485215147806051,0.0242032150006532
1741,3.3223823186648,3.8736403722195263,0.07709413713627197,-1.1129786479695358,0.16267917778508492,0.2952132190733635,-0.2268017382059409,-0.2709733457530118,1.0,0.2791026078111119,-0.18403148146018114,0.27206615851556026,0.21456562989417852,-0.0135284294822581,0.02722384770180863,0.16292224693879948,0.12549817032876312,0.07384047713916647,0.09856903554969856,0.09705022140512753
1742,0.12104782209944137,0.8242101753708426,0.007031475079227888,-2.152953558114018,0.13723126070053723,-0.2191907883958832,-0.28809468789081655,0.011392919717630479,1.0,0.16803330501417582,0.1500212385615515,-0.26954459661807123,0.0071938078939555615,-0.05213349615259227,0.028841461258504526,0.1446987044711305,0.10048505589606972,0.05496555144786388,-0.002389911254182341,0.004727523253245135
1743,2.7571354161072135,2.527810273017197,0.006761380005762028,-2.1699646549871496,0.1961452543269499,-0.05975068579691434,0.018846223367900004,0.24860074769982618,1.0,0.012815813935292252,0.03604907255026408,0.130351405587783,-0.23202829424773952,0.039273652500426616,0.1633957193889112,0.2703652852950553,0.16236506371787768,0.11612970919015668,0.07656700583207234,0.017882876191288595
1744,4.0685797633223055,1.5941284109621368,0.004357533851915874,-2.3607592303469054,0.06688355333826186,0.029328140592337657,0.030713558317279375,-0.08631069372840311,1.0,0.15575965302755426,0.16157691260955895,0.02599597797400761,0.14061343451461114,0.015487933556074092,0.08054780974691114,0.3027849579833422,0.2428974034086291,0.18099199419859519,0.12732224124108663,0.11872194270790094
1745,2.4758479652170116,4.519757349867968,0.0009543359262460386,-3.0202987267265478,-0.03159842827220277,0.2777949327439694,-0.20728449479626246,0.08128182172670385,1.0,-0.1521812614554933,-0.07677642588820222,-0.1355206044585787,-0.08807344194125623,-0.00031227506062624354,0.1045302411384316,0.21451449221880817,0.10190326048216118,0.041928492433368166,0.005732545867000827,0.0021216887109742613
1746,4.845546768113153,2.2019685298150025,0.009741428983002016,-2.0113773312207672,-0.25554259420309655,-0.11197503202853477,-0.07528686419336364,0.15593058761886183,1.0,-0.14418760932486954,0.2293364026523963,0.11065706907180939,0.2929911218496549,-0.043818664850341776,0.07165629712531889,0.22215862481587892,0.13123779809539424,0.12086508143453296,0.11709920853122138,0.1330368452788405
1747,1.821100013451665,0.9634834314798181,0.013396715643906655,-1.8730016607814581,-0.06418885719445257,0.05781135490840576,0.28391198350215596,0.24551433988812307,1.0,0.17925876652735048,0.17560339186075025,-0.24442307308314803,0.08141429910859774,0.07073300181018233,0.14323612201594796,0.21672510728707833,0.15015319692314139,0.08711767704048319,0.026786112997296427,0.03476667960429716
1748,0.9710956502362887,4.768125856605666,0.0015845577643330453,-2.8000919241771682,-0.004320586776120583,-0.11132126195013949,-0.13114790951375482,-0.18408201121291193,1.0,-0.04767815216772522,-0.05730772216457137,-0.24136321055911863,0.25612438157009726,-0.04942564939317573,0.07468512638173477,0.13551938823346701,0.059467726214656395,0.004603034587735007,0.01642095469414913,0.04395197278857287
1749,2.247231137881604,4.851891884677425,0.006662345145491213,-2.176372872260342,0.023479364060349138,0.14318253426065455,0.23076632296021815,-0.11822178320604629,1.0,0.19574712664982463,0.14482146645438834,-0.04167638116830073,-0.13463486376660583,0.06675972510275352,0.09348200192546752,0.24861028928046752,0.210781276283509,0.16296008813480037,0.09746847156021966,0.05598338189445846
1750,2.6605354764992346,0.842271843821663,0.0005221838087006626,-3.282176598428381,0.07936343392335059,0.049811127413458035,-0.09783290195523632,-0.09557039171056261,1.0,-0.21790238625395233,0.13240609789748023,0.021105387981893185,-0.1212721774460052,-0.01633708364789977,0.04926723759478792,0.20435369180753007,0.08830548983356079,0.07170218861362843,0.03655189770601152,0.0036565244589520977
1751,4.614063863855956,2.9329340265523447,0.002854004609622587,-2.5445453297735665,0.0990545583386738,0.12293640994242616,0.21972312621045256,0.05239580708192921,1.0,-0.0037829339479865773,-0.0417802253544823,-0.21617068910158516,0.06779754052193598,0.10811290252894101,0.17163217792125915,0.3487335906793985,0.22728385575724666,0.11102919933860418,0.02966326711603506,0.049369277352561816
1752,0.3489472805433525,0.4815854978135034,0.06861315182944397,-1.1635926303646593,-0.22393890197595162,0.17415022167030297,0.2185135269486258,0.21796973712034978,1.0,-0.2645601230183171,0.2719790025990455,-0.14908276573027296,-0.11216308140699727,0.04633606837961224,0.10270365089292742,0.13063506040266873,0.054830566230955065,0.04767372429305006,0.0059933835347484275,-0.0011636584250342907
1753,2.8861578130346137,4.7230894016019915,0.007022471910112359,-2.1535099893008374,0.17709701159432994,-0.06472659202460225,0.2810442415268026,0.202427686439044,1.0,0.06145612424500548,-0.1775282075634565,0.25718567944050624,-0.2994567161442955,0.07707121291404181,0.15401550224285046,0.24257086864950933,0.15117480943365155,0.09782073162264633,0.08685599872892763,0.029358948804569327
1754,2.2786448658353597,0.40459903442117884,0.0007112503601267646,-3.1479775007008763,0.060015891401176955,-0.1158535567962393,-0.021991298933966928,-0.012104501935091716,1.0,0.21161250679226004,-0.1218409256550627,0.19254197127922457,-0.10913413105121761,-0.016303790033793987,0.043953073584462696,0.22507988897990636,0.17403269596143042,0.08188922563187653,0.0712115536571187,0.027861466921532685
1755,4.527493552811968,3.1858969897589393,0.001539541918755402,-2.812608481599164,0.26178347017559755,-0.11974034825859953,-0.270408807000371,0.09167994021143652,1.0,-0.1698336331234876,-0.1299179500278558,-0.15566448056707727,0.07743370557310796,-0.050238592334403,0.055664636468834586,0.219411790235533,0.10503127137384191,0.022710346322824627,-0.008517842985464054,0.017243971496332788
1756,0.4496657069413086,3.8083194377628478,0.008535004321521175,-2.0687962546532517,-0.2256281037022617,-0.1364430424936594,0.1317361312823539,0.20921501545338894,1.0,-0.17958394663716087,0.24768855554728392,0.21412515930919113,0.13905021875125403,0.007520762225794981,0.07791533782732898,0.15153080131264757,0.07947520194254105,0.08959722805922786,0.08984812045174063,0.07807010754155501
1757,3.885958130930413,4.123975769542014,0.0044655718813022185,-2.3501229155011205,0.16335897393138613,-0.2799532804518093,0.11982350572416316,-0.008938598350975735,1.0,-0.023876639838500125,-0.29085889842349694,-0.21025431524343924,0.1130967733844998,0.0007274426476520071,0.07192661624779473,0.2318955201683265,0.1305329805535837,0.012557819108326125,-0.022218833023017023,0.017262497587902235
1758,4.506085615309682,4.712131496972812,0.007643690579083837,-2.1166969017473654,0.002641930155402683,-0.14819387335502585,-0.28422114414874416,-0.05260057884373268,1.0,0.024549297468077855,-0.03869932978537364,0.07684318459319107,0.14157900827439748,-0.12348823291211955,0.0286989118846376,0.2574232516741741,0.16545950356708192,0.10089478836788464,0.10279368098057631,0.11151042361142537
1759,3.9746455020299765,4.763812369997797,0.0192217660616537,-1.7162067126302754,-0.25731473442450387,-0.11504522502877812,0.1370668833107402,-0.08176711166737928,1.0,-0.053673202695330824,0.2599976415953,0.03928475831557143,0.0009164378666206341,-0.018027143396440716,0.07611622195379535,0.24278910891426958,0.17079452236674425,0.16511132744060644,0.11878204531449403,0.08985160021444534
1760,4.480748452428886,3.2739684480739406,0.010569720541630655,-1.9759364950797222,-0.1255634031383545,0.22552887376104558,0.06984677459038857,0.045866058335815564,1.0,0.2339790134152938,-0.2587524379643041,-0.26875260623305025,-0.23373802763140997,0.04176138907008903,0.0998777022209679,0.25437294473162686,0.19429464041258818,0.05768651972696831,-0.0257521458205916,-0.04711421755690901
1761,1.392650398827531,2.0744892278493743,0.003970397579948142,-2.4011660025234796,-0.0153105672716912,-0.2335607916930014,-0.06637560247983997,0.14441842377208788,1.0,0.1795952030967483,-0.2260999356954789,-0.2639755510088793,-0.11467336336862444,-0.019718614907740052,0.08350216257431428,0.18479727003425492,0.10229981006456208,0.007809553440978399,-0.03316422610520078,-0.024408801175069373
1762,2.175104678704479,4.858020862697599,0.013333693460097955,-1.8750495334701094,-0.17552120846466698,-0.21305781029621643,0.0660555249901453,-0.09620326687357934,1.0,0.21210874975402152,0.036687051806872525,0.278576210620489,0.19743227070776012,-0.03347714108636545,0.02497436963710948,0.17985027127233108,0.15029458891342723,0.11814401146635657,0.1330095816595663,0.12623551199929983
1763,2.930101463985999,0.5753216179465791,0.0036282771535580526,-2.4402995458502086,0.022333008124249498,0.2655522702656083,-0.2706537134122003,0.012329894993121182,1.0,0.053400132305254,-0.034999542049936605,0.150241233288126,-0.2796433309986586,-0.020717199168247397,0.05695454038070618,0.2086471963875853,0.12988076450048427,0.07198017146623827,0.04720498637399197,-0.01495084747085369
1764,4.796418701829964,3.6155045075342485,0.050597810429271105,-1.2958682764222569,-0.05932460365546943,-0.2261847357760846,-0.2095510211258605,0.18963367607909928,1.0,0.2645511539058035,-0.023454842915432195,-0.1843537029136981,0.17450024710174664,-0.0465847489974517,0.14269284350288836,0.26071638003498065,0.18108103238434245,0.07935757629672567,0.054001360769702425,0.07061373462254661
1765,0.8493311593739528,4.2923563517093335,0.037381158167675024,-1.4273472471509165,0.2717839777587174,-0.10881625315028408,-0.177326468780536,0.01084574968491585,1.0,0.24713943005803926,0.10117951832389557,0.12042243618030368,0.23808431336787816,-0.019808499365247513,0.06597978568724575,0.18109094896348824,0.1420543771888515,0.10995636882801564,0.1056959554845722,0.10406611307444577
1766,0.6212157181392757,0.325838634327899,0.01005653990204552,-1.9975514188757089,-0.2671060140620739,-0.054360158626980355,0.13285922624881444,-0.13582154943677674,1.0,0.132536245502696,0.05033305258568514,0.06649785556447385,-0.26863879594788653,-0.0015746708326735699,0.057848971894020995,0.16071226090422114,0.09706127626572687,0.0594400332699128,0.01888897603516876,-0.01748979149595418
1767,3.9909151393036795,1.7837280244228058,0.004420556035724575,-2.3545230998683495,-0.12467655661435137,0.24645549483608198,-0.2680181820643912,-0.2505797358635788,1.0,-0.2456129827841049,0.22370474960388187,0.12934512558194228,0.2125241512632336,-0.04233660285275782,-0.008447090875625502,0.13050069887641907,0.061737775437409444,0.07087619738719575,0.07487534725511788,0.08088559519548826
1768,3.812996414215612,3.969301334805941,0.008075842696629214,-2.092812148947226,-0.0728785668193956,-0.29712647867058534,0.03347190946397438,0.11973209565126845,1.0,0.14801852792371187,-0.07633474461471726,0.05632135466564498,0.12442648666648443,-0.040488840980544144,0.08141162015298015,0.275208208841626,0.20546274660216166,0.11549112355700247,0.09686661017172754,0.1007898485654815
1769,2.0381954754680494,4.746307258794195,0.028864160184384903,-1.539641073973192,0.13229827869290894,0.29369416180821045,-0.08129352078347897,0.2626320486190131,1.0,-0.04364670738955782,-0.011975362820732471,0.12589449378030293,-0.08723849926789656,0.0552551884842573,0.14911194603234496,0.265417520228125,0.16878139571194795,0.11987830410234863,0.10472245493202746,0.0693407640230239
1770,2.047895528095368,0.7081969843773182,0.016106669547680783,-1.792994251423945,0.1812676104307624,0.19501026648372224,-0.03426018221273612,0.2636947471756496,1.0,0.19295356367812067,0.1963789238781465,0.11713667925194549,-0.12246673869621977,0.043504521975853194,0.13533809067354544,0.22000318619377016,0.15771294761340782,0.12003501171086021,0.07522852322327139,0.03236030313235804
1771,1.5269417323382461,1.2265940923546677,0.02341724286949006,-1.6304642397954452,-0.13438600998845843,0.24735742443852005,0.07440703049617177,0.2821467433821078,1.0,-0.1633864266272588,0.26859776176805344,-0.007946931436716053,0.22813116594270935,0.0489011726316778,0.1302476893028244,0.1776058923744504,0.09414494683544,0.0854809447137189,0.06642350866286319,0.07132238012709453
1772,0.5400233024157174,4.281354748980371,0.009885479688850476,-2.005002251877245,-0.08241059797352768,-0.24511169668800536,0.10928987606400982,-0.06969113269336276,1.0,0.15711844924908772,0.2715919534606942,0.07883551645118377,0.1464114949692332,-0.014648654621911845,0.03943035427968858,0.1677905708918821,0.13554924919863906,0.12523186522350727,0.09906092220398661,0.090606457123952
1773,1.8338350200210807,3.7586471353644733,0.008228896571593201,-2.0846583962574865,-0.1324204255007527,0.17277628876308038,0.11466653439486175,-0.08734881719896385,1.0,-0.22167991435814283,0.03900282217831341,0.24476327706597553,-0.04550490176462781,0.030382667769886393,0.07033336938391056,0.1894290863061268,0.08645158048058972,0.0766652161811461,0.08908353045324043,0.058334246525150256
1774,0.018647880291375075,0.2089933058803916,0.0009633390953615673,-3.0162208143061084,0.06084612759610361,0.1908829437301665,-0.07174998381628951,-0.2423655899933231,1.0,0.20476380761569704,-0.28639046042981026,-0.1361765373321145,0.15157861814855922,-0.0016051904804896123,0.007795197338625993,0.13114578489923,0.0874494339538864,0.00605754552461566,-0.008636500920641917,0.01768118120208825
1775,2.256892318399632,2.3974216378957265,0.01788929703255546,-1.7474067248815028,-0.10603864053659809,-0.09250250191788317,0.2691161448524243,0.09532414264675572,1.0,0.22877719611522088,0.013266532822604682,-0.05560930250178781,-0.2732659832689314,0.04700356396341105,0.12500606469352707,0.23735254570435707,0.16828032848976004,0.09524073560377343,0.029370359896803002,-0.011049868332984911
1776,2.4243137487722772,1.0786242166995654,0.003097090175741861,-2.5090461494197878,0.1393113746663244,-0.09345247603732054,0.16412008257603278,-0.2602269396977688,1.0,-0.18904067707738745,0.17420107633882612,0.10758203645701189,0.23382506045585225,0.009573381427088502,0.04665456939130779,0.14668105963959932,0.06703301557726357,0.0697553553976226,0.07162542492439818,0.07664104583529381
1777,0.1748314941248454,2.6592008431485974,0.03721009795447998,-1.4293391867096097,-0.2618724137596698,-0.08862711910493959,-0.10819547084818128,0.06563133042386231,1.0,-0.2102403981135138,-0.261380901189108,0.28542605916194835,0.17060992575908018,-0.029851292205108397,0.03959988568268237,0.12207609661969848,0.02837366789472795,0.0007414421581620498,0.043601329328391114,0.04780487243130855
1778,0.4429157918653864,4.012200076826734,0.012793503313166234,-1.8930105140638482,-0.2463636091982134,0.06393219786947923,0.08722015136560857,0.23040767304546927,1.0,-0.09794770374351744,-0.24966631948997028,-0.1771174032399497,0.1823449706647507,0.01913486323091192,0.09281137344542502,0.1722895556933437,0.07624579589254718,0.008707745154567454,0.0002956244169928076,0.03255312889002594
1779,1.5623981272662488,4.765595852342012,0.0005762028233938346,-3.2394246180074306,0.07173794167455134,0.12838622488546433,0.16731011762054118,-0.10564196601607283,1.0,-0.29690557966377623,-0.0685536965192979,-0.23368180187185436,-0.015109854228324171,0.04773996196388061,0.09849784309565288,0.18348892528163227,0.06433081891320587,0.0185683159717695,-0.014362838283768416,0.0021183050682126083
1780,2.439468904577593,1.3980437300385145,0.003286156727167963,-2.483311727534843,0.0067261498050972925,0.048951769408426715,0.1993721584283779,-0.22582145434840695,1.0,-0.05105131971184481,0.1914001420335504,0.19224790590753923,0.10055105981170231,0.03425475254035875,0.05076539121126971,0.195221928734144,0.1205688854575576,0.11359011095584617,0.10632369174966459,0.08605986126258386
1781,0.23138460746449346,0.5390763777798331,0.0013594785364448286,-2.8666276446981485,0.04354162427489172,0.0021370077281370747,-0.21944271553407393,-0.27732864389193496,1.0,0.11404986266096075,-0.007973846766885216,-0.25458638304944653,-0.07087082013636258,-0.05381488196352521,0.01870029042547404,0.14394131547425387,0.08003421308819175,0.018280801203445697,-0.026782140148768584,-0.01602123172773926
1782,4.671248959442012,1.5314985814817343,0.00229580812445981,-2.6390644115573627,-0.07339959646772641,0.1751410550159942,-0.12852172557801667,-0.21085461961769947,1.0,-0.06616393370312654,0.2757311868068026,-0.07356975823318698,-0.2896319710009795,-0.03374543292285025,0.09208192098015056,0.18314557745666096,0.12728806417538693,0.09434899801687016,0.004294448037906126,-0.029413046563693163
1783,4.9687682410204745,3.045699364473367,0.022796024200518582,-1.6421408906460004,-0.08660534806870425,-0.277244615943478,0.2317441798829485,0.22705836829485715,1.0,0.09311124075336372,0.1596509255600177,0.1946940008859919,0.0610629191334888,0.020637790280408942,0.13352009991215896,0.28723292557851043,0.21746291358583997,0.17754733831998826,0.1579012875198294,0.12371230887992463
1784,4.6847720889854925,0.15117878523772738,0.0011884183232497838,-2.925030660785468,0.26637758402040745,-0.12102180623438102,0.11796435563064822,-0.20235964336845327,1.0,0.15397504614356602,-0.10450920293408152,0.23372397369543418,-0.2541232035774659,0.012127710473463029,0.06032233477734697,0.21209886223328506,0.13639486170271675,0.07508283374574495,0.05665516124656718,-0.003908590205259244
1785,1.8772916821166772,0.6482221759006597,0.0016295736099106886,-2.7879260171221336,0.29715875284528925,-0.02149154025823945,-0.019868716840421786,0.29963219151270687,1.0,-0.2915247328703309,-0.11288752956021138,-0.16221818752054798,-0.09709221209552385,0.028519288035513648,0.11580186000606067,0.18841989507521126,0.05722472388717544,0.0050826730890461335,-0.021834430097160382,-0.018904674525668724
1786,4.960787631176612,3.3055718651632175,0.08166774704696053,-1.0879494250478268,-0.24746385461238177,-0.13134499387720427,-0.15060265855976693,0.021138085828158435,1.0,-0.09057400116353201,-0.10217961770225974,-0.18818709782119591,-0.25835836339259993,-0.08513673201791076,0.02520658408411429,0.21661010084268384,0.11831291817566099,0.026953282003767245,-0.045021066622818774,-0.07764944942695184
1787,0.6396189189344312,4.793794184503779,0.0044835782195332755,-2.3483752492316006,-0.19437377542947523,0.18542828502494005,-0.2017017840498347,-0.23778116307945174,1.0,0.08216954424424235,-0.20492833876504915,-0.23282144057004014,-0.07317814327382635,-0.03776184062655653,-4.37448783892574e-05,0.12702665354855194,0.07577584389287288,0.00821362648530664,-0.024889951272762105,-0.01762659564337675
1788,3.5703755954899545,3.1965592544118375,0.008544007490636704,-2.0683383795640253,0.17327007829056165,0.05750256866711201,-0.2353613191957054,0.004499162732857953,1.0,0.24738595519850412,0.28545619678185913,-0.23754099131586157,0.012389710971209467,-0.026660193929789036,0.07448813572180374,0.2336116163574818,0.2066310909008497,0.15029341779565916,0.05833431691933289,0.04893854227154045
1789,1.3105763678461222,0.9389256437395356,0.0007112503601267646,-3.1479775007008763,-0.0336422716583392,0.03497968306082011,-0.18448891789017752,0.06833570172178279,1.0,0.03864757339110778,-0.24148330118284772,-0.08908497692544305,-0.165944771056329,-0.02578805369765033,0.08795122853695074,0.19927678840822627,0.08499189483963719,-0.00031306649906372164,-0.024118477707195555,-0.030302092654800813
1790,4.4081157344763735,0.017685094092984684,0.030115600691443388,-1.5212084698874762,0.2674523352851985,0.26325039355606256,-0.0017905114683355204,0.216544601665725,1.0,-0.15593191912057586,-0.18330170223250788,0.16871141696792732,-0.033795803393009693,0.06965322307303881,0.14503024356615413,0.2557893181513253,0.11243055155969743,0.03442234397665093,0.0482504103286688,0.030920559577538403
1791,1.686015906071935,3.954125938525537,0.004447565543071161,-2.351877643067671,-0.16312615053169668,-0.12261964319575183,-0.12277613625489626,-0.12809785191275144,1.0,-0.10064052264327719,-0.22362523503068377,0.22004943672801683,0.10488178306327393,-0.056301641264481124,0.006960100116918005,0.14543691804805953,0.05897540920005817,0.013186993366133343,0.04802114033195855,0.051526185158024214
1792,2.803417707492442,1.2180937065750077,0.0014585133967156439,-2.836089577448687,0.12802801654531665,0.1380216015294613,-0.19977834854399124,0.032251126376165846,1.0,0.11431135579681674,-0.2872247151479533,-0.20081621366053995,0.02222492815928574,-0.010511702303567136,0.044982046834155305,0.207627434946435,0.14323430187631364,0.0195039849673589,-0.027546083461141825,-0.007468474309931285
1793,2.2140228113743805,0.34558084531476896,0.010245606453471622,-1.9894623299322656,0.005576176850530778,0.21437789950065725,0.2135750088885366,0.003909976834615891,1.0,0.19223161230994737,-0.21794828011909015,0.28106561691844617,0.08890591391599371,0.06226968885759793,0.11358187044907621,0.21380957479854176,0.12278027839741189,0.05831825620002885,0.08066461396573471,0.06280811527084768
1794,2.634399966773854,4.3802988918977,0.0006392250072025353,-3.1943462432722427,-0.13815851359634637,0.2915611562054445,-0.2922032221525785,-0.09996373460469007,1.0,-0.13941730394844612,-0.04944855423828027,-0.0643024005106979,-0.14236077752136986,-0.03790282862941092,0.022473617148862358,0.1691078670412835,0.08622358433909631,0.038859728559182696,0.008012275766429941,-0.010272902838274527
1795,4.643066991529341,0.47597784961083933,0.007841760299625468,-2.1055864369836548,-0.13648956214377275,-0.22252588200711806,-0.024326666016177566,0.05176886442581428,1.0,0.19470284829547502,-0.036368815448794,-0.2171011415010526,-0.1931815690444283,-0.03953528410969283,0.09100908523164097,0.26420910060541636,0.18016885733858606,0.06466976734585728,-0.02803308864829535,-0.04725463122056441
1796,3.501725300379164,3.9098725332008537,0.005140809564966868,-2.28896848374547,0.12284798845233136,-0.1961786443087011,-0.1810184200101323,-0.23397038069996534,1.0,-0.005529315878702278,0.2433730364928723,-0.12237471416978024,0.0532348071274116,-0.07483733947849644,-0.020218612897099274,0.1701600454799747,0.12934394653742026,0.11272046553154122,0.053524823702081246,0.04919706756920639
1797,1.0653129859219956,2.7647393489876353,0.03675993949870354,-1.434625212068321,0.23915722201094858,0.290513397023792,-0.28087891369434764,-0.26816322349594846,1.0,-0.16827609082913272,-0.10616614982385386,-0.04308045536950685,-0.19139297448215079,-0.02211502697617303,0.0259229385402224,0.11418106391471144,0.03792205813338762,0.009221871082136204,-0.007639176254422207,-0.018652714316327236
1798,4.565785449192816,0.947842212732821,0.000999351771823682,-3.0002816132046606,0.04740566820721224,-0.27286464191180093,0.03452398922893258,0.22807189756955015,1.0,-0.2986942700026066,-0.03789800171449692,-0.04800810900707529,0.20271697912426737,-0.010202440228497355,0.11477547120615665,0.24477341889709434,0.08724579196333074,0.02946159979636257,0.023601995473608507,0.060688669416603676
1799,4.630353466069626,4.164212905831887,0.007283563814462691,-2.1376560703790455,-0.19440070397913461,-0.03006239213213606,-0.12440192031462063,-0.1497850905312961,1.0,-0.05554251085621609,-0.21212458082946706,-0.24379136369904733,0.25662154205489157,-0.06600796039206014,-0.0018228773320939748,0.188867914374126,0.10497669023400122,5.8888357822420304e-05,-0.03301955665838668,0.034788457896585835
1800,3.5322467462379405,4.704704109484087,0.08084845865744743,-1.0923282553240135,0.2846589844144993,0.17766025347339295,-0.1001964557774557,0.23989188313781457,1.0,0.261940395115728,0.2109712363587717,0.21482652441157238,0.14417268825702576,0.05849598457937896,0.18267170561343565,0.25672680908855405,0.21508599011621576,0.19070993148701038,0.17361412293276202,0.14212921594871886
1801,2.5033734504620018,2.5911449805776074,0.009219245174301354,-2.035304635351506,-0.28972895952613736,0.13774100044815046,-0.29353710502228114,0.10588212873322882,1.0,0.13827998818789206,-0.17387958010501872,-0.08397558730506449,0.024780124945888236,-0.04873473053074317,0.06852223216935713,0.19250894597026738,0.1136053292767716,0.03092390545018673,0.011692252392986548,0.01838179631005787
1802,4.0011044197897885,3.088335452470854,0.010497695188706425,-1.9789060415683226,0.25143307264666437,0.2688502837165073,0.06054019543194915,-0.015503262929567895,1.0,0.021345749044257168,-0.18027907481454375,-0.21677697814215754,-0.22715277337054818,0.07375953549933581,0.13447852884824635,0.259641296578451,0.14950567093290829,0.043426437995835926,-0.02236160091496892,-0.03757919124361085
1803,0.6603265916169793,3.2561485919038247,0.019806972054163065,-1.7031819111691118,-0.277881746718456,0.018008099555362287,-0.2031687978753924,-0.2942734057565193,1.0,0.20177244577274261,-0.0024001662494498753,-0.278562986722005,0.056511514240224776,-0.0608752634768379,-0.01893879856054067,0.12328859917983102,0.09323572825668594,0.03585613114660443,-0.01106522057423128,0.006282552295740139
1804,3.768437789430484,0.06622260208152131,0.01976195620858542,-1.704170067413178,0.21597176118535422,0.22232195593220808,0.25393039356272235,-0.021381459357591646,1.0,0.25203034241505345,-0.08943627404171013,0.02877075514829599,0.1180394972718598,0.09745429033526876,0.11977574664166486,0.26057079483709966,0.19241324263306503,0.0923995751624847,0.06335327572721312,0.06407043023154889
1805,1.4103365695607197,1.3504481016827998,0.0005221838087006626,-3.282176598428381,-0.10887869761413371,0.1466211537495821,0.02280292947723714,-0.2562058048003338,1.0,-0.028835560198398058,0.08724429710819172,-0.15992387271811637,0.07366853464007128,-0.0019651129487384643,0.02600612043199253,0.17611973758117697,0.10041501384694423,0.05776136688019332,0.012004073380492912,0.025827968985369532
1806,4.797684547602635,4.481842378424796,0.022210818208009218,-1.653435442501582,0.24487657294318574,-0.25980222282058063,0.25714028819197315,-0.13091894972758655,1.0,0.17738050867364277,-0.11931807560533912,0.12684674369183443,0.2533453815457247,0.034029219509003936,0.0878807644932374,0.24099803090570254,0.17788424479350198,0.10878906753796498,0.11845191010863142,0.1334711161882411
1807,3.949444206275574,4.7075291373366195,0.002475871506770383,-2.6062718981610553,-0.09651450835440047,-0.03388741531178817,0.23569181064731115,0.2221837098981925,1.0,-0.17113576875276254,0.027657288227499133,-0.03913178541652085,-0.0391458737868022,0.07790136708611616,0.20675986310129632,0.3240725180504807,0.17668271199698785,0.12004381857525513,0.07757609080565393,0.06094851481454111
1808,1.3164503140209334,4.161572105739743,0.003556251800633823,-2.4490074963648576,-0.023367706246190965,0.14681992370609143,0.097811831978562,0.0030939006699758132,1.0,-0.15448773168975574,0.09655153923997817,0.25253236277792906,-0.1952655547390915,0.03828550100229266,0.09160638511414754,0.2080590781214153,0.1127719918113379,0.10572785060186336,0.1005687304974962,0.04347510394015305
1809,4.183045432119304,3.3914523792889266,0.00189066551426102,-2.7233852972573986,0.20047369939308476,-0.0160890976980508,0.21589677852006986,0.00768064182373418,1.0,-0.17082251512749005,-0.09543789939842069,0.10193113382115893,0.07273874091551924,0.08225331134556228,0.14064821211522416,0.3003823293463685,0.15542954128030106,0.08362307114166492,0.08848828026177936,0.08921899523808573
1810,4.721009544857269,4.607915811392804,0.006959449726303659,-2.157425098072993,-0.17831500583987578,-0.29449515484605915,0.015552823840835915,-0.0022142250973251286,1.0,0.040137559129140875,-0.23839549387029838,0.014066290795525216,0.1384656531541193,-0.08563281914473717,0.00804765817244281,0.2464475277277792,0.18690156328572383,0.0560220894879492,0.038035053338063084,0.06974565685168177
1811,4.744076938055645,3.1607435546518685,0.013306683952751369,-1.875930157932511,0.1800826346170721,-0.23338285893630417,-0.26660396352217586,0.012195243109529996,1.0,0.14093048283524565,0.12208302527890233,-0.19148327628501297,-0.246641054606654,-0.07611873926102951,0.04681934673331234,0.21930951051456984,0.1692405454262742,0.1032636253325476,0.00911019793183342,-0.029866990944785947
1812,0.42005106384004576,1.0836571912222532,0.006239196197061365,-2.204871357379511,-0.027207610207263967,-0.2796954499288092,0.2887474342888151,-0.12036503147094055,1.0,-0.09315089301556019,0.10844697543713096,-0.2463903890516755,-0.0018778403388721942,0.01577430646725365,0.04921276065488066,0.14961452216630983,0.0711962284945797,0.039183974094601656,-0.01002018913151046,0.0009433834691634748
1813,2.49879722839416,3.646703980561324,0.053415802362431576,-1.2723302436538642,0.2182313770105268,0.29339766177288956,-0.015654552234490603,0.27289301341145394,1.0,-0.22258979422275563,-0.2124525725202861,0.2027090130866019,0.09090295290186454,0.061882863716550815,0.1333546175294624,0.21419042174887176,0.09619370927730245,0.04436724782222036,0.0701954656449721,0.0694233866483716
1814,4.0378769428549415,0.3203332607527789,0.0029170267934312878,-2.5350595817847057,-0.12529030767614605,-0.03524889068535494,0.14881276527250756,0.24747504148560237,1.0,-0.03773716437615527,-0.009983725913538898,0.11555799920070295,0.08614568389782518,0.05696344956176294,0.1945311740137344,0.3098428463931758,0.1605407259565922,0.0954143346804652,0.08873166815694282,0.07613444687367206
1815,2.9625701887472156,1.2589985672737516,0.00924625468164794,-2.03403414839404,0.1674845617479651,0.14275727875598554,0.2378844292219503,-0.22660222957313425,1.0,-0.2221485209575833,-0.2886907862702219,0.2934773379198223,-0.27741673304333037,0.043886256139818135,0.06305386639316601,0.13920192848901794,0.03398277404358062,0.005358760177395938,0.022583066121829823,-0.013285204342333838
1816,4.922968483430161,3.285516889613928,0.0012874531835205991,-2.8902685545262563,0.12606428170175712,0.17137764000877787,-0.023996624855172666,-0.10193208457536279,1.0,-0.16268507235921062,-0.2745045817197383,-0.27329044984634365,0.1650851792868466,0.02928947533985284,0.06978596901354356,0.23146042734344013,0.10833128412305183,-0.010718480287103984,-0.047926042970223945,0.01207034785869838
1817,0.352912551175249,3.2103809719334615,0.001431503889369058,-2.8442074676708664,-0.16732072832699793,0.2832745576594248,-0.14217883745543217,-0.20667423338457855,1.0,0.004086231976248,-0.20340928845708986,0.1484883955219512,-0.28153399150935704,-0.015222866245971231,0.0183784285161786,0.12723891006957203,0.06282189996892923,0.0203404105380406,0.018069683603848037,-0.016131100576992397
1818,2.8936543439217823,4.687923414949778,0.012244309997118986,-1.9120656836211005,-0.2866213168743689,0.05630951651239564,0.1972480195666706,0.10145023703793903,1.0,0.06070905116409686,-0.27214194174409784,-0.22570867018309754,0.005233372225442512,0.03662364308958731,0.1243354241271536,0.23894025217609052,0.13525154596061573,0.025809951103222276,-0.00998501687754567,0.00902366686814806
1819,4.402904096305157,2.0472435455397204,0.008868121578795737,-2.052168361493706,-0.0536796515291522,0.21926986107174745,-0.21066732227710375,-0.1768176470731918,1.0,0.2570110805755646,0.22787751285151245,0.00598778363141541,-0.011419803981048837,-0.03831472797783719,0.04138984405453299,0.23521335641653354,0.21036609617723886,0.1623275450936237,0.09668056739595177,0.06331350642026871
1820,3.414846036109674,1.2849227298404862,0.011533059636992221,-1.9380554622466317,-0.1169472225335984,-0.23439195360054088,-0.14169276701096667,-0.10263022410843803,1.0,0.08909602098555491,0.24889341341746637,-0.010750607071888208,-0.2546759866393614,-0.06311777154948901,0.08605511188034534,0.17973169342040435,0.13343893392977102,0.09558537568832419,0.01742157514616192,-0.015190784575615058
1821,1.9890471270258712,0.13190955648460223,0.013792855084989916,-1.8603458266947328,0.15745235981396094,0.06337011305739426,-0.25926146482980705,0.21713075688768166,1.0,0.1968333171906326,0.08433751528837245,0.266798913234174,-0.12724920413414445,-0.016370530576050656,0.07737743930399806,0.19157941811209667,0.1372056761636935,0.09804832539488949,0.08315779574900674,0.03238596634214615
1822,3.6149630476307566,2.153203788171411,0.017124027657735522,-1.7663940793899229,-0.24410155367455294,-0.020933979316254202,-0.22024264011660524,-0.19016938674987208,1.0,0.10456115222784487,0.23706149824365147,0.2678845087174374,0.22579182564389416,-0.07199289724575429,-0.01374966695674956,0.15243313649703272,0.12680263602858902,0.12294884565011802,0.12750248297858108,0.11641177472083136
1823,3.6266258633998967,0.47492958573980787,0.07840859982713916,-1.1056363014399817,-0.29762383529106934,-0.15130148573730792,0.04776547539580835,0.2151753100564701,1.0,0.28060791311388816,0.27789179380834755,0.07090463060246899,-0.06829238278770206,-0.011381654630066984,0.09193737315577274,0.22954412115453007,0.19519495040403412,0.15425401984929324,0.09332996288225172,0.04551159467370357
1824,0.4451852285496957,3.6717820322169747,0.0005221838087006626,-3.282176598428381,-0.04603254775494474,-0.013513637895477104,-0.12224066021853709,0.05206077630698109,1.0,-0.12575361646117916,0.08226472151088926,-0.1409112628025731,-0.07516786186221029,-0.022945777657724292,0.09297295899845975,0.19826938779529457,0.09523567918542669,0.058571909598299485,0.011135707613794055,0.006916669765874533
1825,4.536730883631411,4.985653950947325,0.083072241428983,-1.0805440713801193,0.2036213903335605,0.13674496925533428,0.22993666806366547,0.28523839284519037,1.0,0.2418393313264795,-0.060091292931145124,-0.1993472793030708,0.011541146770520937,0.12769223896189427,0.2285241105372565,0.35467480391460937,0.27682946549001564,0.16189644136952852,0.08780583034138632,0.08264445831515017
1826,3.952090822201945,3.0308009238591964,0.00505978104292711,-2.295868276422257,0.24129237811912987,-0.2951282433084664,-0.11838177614093731,-0.20803805468767797,1.0,0.09136532487103723,0.08888503963151444,-0.0016131105723166449,-0.05773117793433364,-0.06657239803285926,-0.006771222391728798,0.19858344623686158,0.15486887004904926,0.10829701259767295,0.06160019744521668,0.03384608796680937
1827,4.337058126817114,1.7868403586445516,0.006086142322097378,-2.215657896049682,-0.12212307742477041,-0.08309715364826413,-0.20254312127315088,-0.11741489351883554,1.0,0.12982866581013056,0.14001280256220486,-0.0018967359747912415,-0.038615500991716324,-0.09258803665996133,0.002786112793860262,0.24175679971801367,0.19607520250816687,0.14006221623882553,0.07706664462475732,0.04230360899446105
1828,2.2274329513660653,2.2403377837519765,0.004141457793143186,-2.382846760309744,0.09356963817291893,0.08240056200038574,0.04321762747699185,-0.17021403269480498,1.0,0.2799667985087861,-0.1549385111814,0.18916512009470635,0.073852808716799,0.01182709503926326,0.06864776167521064,0.2148187424198079,0.15036293216388696,0.08001660464046317,0.08553723995746251,0.07029739675159717
1829,2.957969581134958,2.809510974794338,0.0037633246902909825,-2.4244283102162827,0.19305443746451995,0.12499466184444476,0.28742794951471234,-0.21880195780553205,1.0,-0.11039330920652586,-0.2555809069497849,0.06741962303633495,0.04489781918405289,0.07834540067508082,0.06259889895954902,0.19546636694972627,0.10936411008858299,0.026008942109014072,0.028933981017068986,0.03762082455426924
1830,0.25646155533964143,4.26188446433354,0.025740060501296458,-1.5893904366333291,0.24848041453077852,0.20546125465589746,-0.11076168165802379,0.16064984825712336,1.0,0.15757623548195507,-0.19462182859306537,0.146517323318326,-0.10658163380216877,0.02629044265246476,0.09176309094607878,0.18920382868623542,0.12484073021396433,0.06507490459983735,0.062039131753941226,0.03667288527280071
1831,0.07912428622438333,0.827483546569202,0.0005852059925093633,-3.2326912353484625,0.05901689477248777,-0.18669696720620957,0.1792203456866899,-0.17436227846656532,1.0,0.09928722914424475,-0.13340773639553974,0.24269345807981826,0.00870876455464229,0.007126286888988356,0.03906677275360718,0.15587678911387953,0.08429286185465971,0.0420271443972942,0.055471699027132684,0.03590344153322324
1832,1.6293054428047133,4.2766683864831725,0.10701166810717372,-0.9705688660691273,0.25533462440657567,0.18162005863999897,0.2946547823115477,0.1486694925853092,1.0,0.28159374543509574,0.08950344316708565,0.24497819973753268,0.2959331374205937,0.0853162025654951,0.13296788563413006,0.21084158613032308,0.16785351678408983,0.1366123126516297,0.14060416049283966,0.13333701001630122
1833,2.167979085200949,4.158782473173705,0.015062301930279458,-1.8221086510289235,-0.24782465722896652,-0.09653441159601549,-0.025904655248092188,0.28680750025637064,1.0,0.02812207235276436,0.19755748419591915,-0.11049165966016151,0.2187918223875253,-0.008115418994235088,0.11702728097860392,0.21476562862746537,0.146810996967814,0.11125162597473891,0.07704640919407663,0.09128708969689352
1834,0.4972064584262898,3.594190231289152,0.006491284932296168,-2.187669327271889,-0.14801007826722185,-0.13372342539571916,0.03864256348678079,0.0208201600985364,1.0,0.24817991266191813,-0.012380780883413734,-0.0853967098020342,0.22027943215647391,-0.014696257903000144,0.05974287898028998,0.20139700618156509,0.15197090368031985,0.08325942937770614,0.05588847550109443,0.07779688142946034
1835,1.9172082734854123,3.5572010335074307,0.08513396715643906,-1.0698971284541379,-0.23532189181438024,-0.26033278721911796,-0.2752702515398737,0.16456513155805888,1.0,-0.27039563173460124,-0.05670121841016744,-0.20340606602728906,-0.29167213386772084,-0.07058066581470147,0.025078775957449444,0.12039208679362466,0.03472578780270748,-0.0007952805041892874,-0.039384061054567696,-0.05610916473529361
1836,0.4599145299665941,0.419130854495802,0.0005221838087006626,-3.282176598428381,0.07061917811278007,0.08951836340303392,0.03568656836716877,0.04842181942445989,1.0,0.2066562544217899,-0.22091316772044217,-0.0053969051579002775,0.046943398391033876,0.026486263291403755,0.11371245677386733,0.2236519407000126,0.11941984035427919,0.029393056194075833,0.02459394122013782,0.028059487838047723
1837,2.7726795729005653,1.902745169581336,0.004051426101987899,-2.392392078215974,0.017498730552349007,0.21653262063460946,-0.25318933477108757,-0.08982758810936725,1.0,-0.019206326192022814,0.11323783015061607,0.15819714311269423,-0.2656367973531155,-0.028451668338629808,0.10576300148612917,0.1732243770882088,0.10530562665917333,0.08988389343540702,0.038414095105384995,-0.001707717909718892
1838,3.6779895014097477,2.7379200495485385,0.018861639297032554,-1.7244205646890038,0.24595831197805418,-0.08102398445020334,0.29000630730077076,0.06641756020131966,1.0,0.2902195214057054,-0.2013814929299175,-0.2885853301640331,-0.019592199515014664,0.07312984174736428,0.13551552665247535,0.25493044625373906,0.1799727193523197,0.05780762781647534,-0.0031178934364433724,0.009248753304136777
1839,1.275241446606017,3.071397746482014,0.019833981561509652,-1.7025900948405503,0.2729704694943218,0.18593023412634574,0.10523544254761492,-0.14277589539503244,1.0,0.1327946685228183,-0.2546509414000174,-0.17744340540065318,0.27016283428674176,0.04155668736162236,0.06014446255509878,0.1674642403217916,0.10501890031904451,0.025766895210814298,0.013273437548519089,0.051045373050155544
1840,3.347245309003706,1.7509424060005299,0.0027009507346585997,-2.5684833372716556,0.0612765444248307,-0.022027313250537094,0.0818694390790271,0.0788840715616508,1.0,0.16463752794690636,0.1539833195891318,-0.14291209491603016,-0.09763623227441627,0.03163531860664699,0.11851341327671686,0.2945922299923162,0.226713149578736,0.15152395085218948,0.0541135633873994,0.020627291853923257
1841,0.6105169746161172,2.8547439102280423,0.023651325266493807,-1.6261445192052477,0.044758965536879435,0.2572125950267986,-0.2777953842245476,0.10529509758254627,1.0,0.18059529905182484,0.24554999831906546,0.14722007758233693,0.15849404687839466,-0.01066084081329389,0.0599452930938386,0.165254864095,0.1300480888828841,0.1133915548662157,0.09662136989081291,0.08362847270126822
1842,0.9912014979645598,0.19872603866483712,0.0023858398156150966,-2.6223587180545103,0.08582479853917614,-0.26610897688134183,-0.04250652117833834,0.12948464977012278,1.0,0.17499976823615698,-0.29792929089648323,-0.062081124095831636,-0.283181222501952,-0.011221924109441632,0.07975961271909451,0.16616840647695752,0.07936621056567013,0.0011723814326607617,-0.023477701798185226,-0.039129334022304445
1843,1.1269600984535428,0.25458709576302246,0.009399308556611927,-2.026904093325075,-0.2683904424563441,-0.2917740206851642,-0.11506306397004826,0.2923232426553342,1.0,-0.12085758905165361,0.13121667996612577,0.236641249693561,0.02792582638788621,-0.025222671921420425,0.08521037461881313,0.14271855813435536,0.06426999886599322,0.06230458928783772,0.06077563679754379,0.03748785262191953
1844,3.193928272205277,0.9541400996780741,0.017898300201670988,-1.7471882119300235,-0.21299911734871915,0.04163597499166411,-0.26193002800759785,0.22783139783673917,1.0,0.11495184187689746,0.11998177478404097,0.13545296874743454,0.16977944929786293,-0.044481765022793246,0.07432010510500582,0.21284967868646051,0.15119405069907554,0.10856203087003345,0.09496041943686062,0.08702721260759638
1845,1.9429276684528618,0.5311995427212948,0.003043071161048689,-2.516687891713663,-0.1875411388254399,0.10532069369297092,-0.06739046609383573,0.2619470831098265,1.0,-0.28107178335875443,0.21182094440070343,-0.09232443438491082,0.17900791550542972,0.005634492213001842,0.09435349771854536,0.1714091303200645,0.06847916011548412,0.05801442747436107,0.03191900213071782,0.04653622859472374
1846,3.7953606097821764,3.6664565784830594,0.022192811869778162,-1.6537876683780692,-0.13028149617654802,0.060484267857001804,0.1526096329407681,0.17806013878799906,1.0,0.18096559945856366,0.2143545397974472,-0.1623803575734273,-0.09362622092240372,0.0528013301417428,0.15692836479978858,0.28862482714325566,0.23024262481942462,0.16671575228963634,0.07471593326269982,0.0458400912046962
1847,4.355700987773762,2.749714467364118,0.007841760299625468,-2.1055864369836548,-0.1429325767636124,-0.2612291164710698,-0.19645491794875944,-0.006453343472392403,1.0,-0.12708971035014258,0.2972282529898383,0.15181947961633016,0.06672962361958147,-0.10125914781886139,-0.015416529744756938,0.1784301557795372,0.12360640864369249,0.1277712345629653,0.11651014389662054,0.0914021653506382
1848,1.1560927544168433,2.0846218362991635,0.0038623595505617976,-2.4131472998065937,-0.08479107628570731,0.04338931506527894,0.19396498110744645,-0.0608046486097027,1.0,0.25986110173703747,-0.19720480957150052,-0.03836197105567039,0.2885343029087425,0.03111147479207974,0.06906495613530382,0.19429052008194855,0.13523144695007885,0.04838242150195007,0.04297563043285037,0.07434493789451271
1849,0.680226346800587,1.4836119951865,0.0009363295880149813,-3.0285712526925375,0.05631322506828169,-0.20966862344081919,-0.14700346703282247,-0.19347468335659365,1.0,-0.11919852061017418,-0.027808738625963114,0.2549724845116697,-0.085392381438701,-0.0519743011734684,0.005080303714123278,0.13301583412710247,0.05218711790415874,0.038478333635165105,0.05092066225541514,0.020381558396399903
1850,4.653996805045898,4.740099904858661,0.013441731489484299,-1.8715447842662924,0.023291363550514997,0.17946192671397118,-0.13911381762731148,-0.1515353077682766,1.0,0.285100289538937,0.2137006032461746,-0.1163255763502079,0.1568051079404579,-0.014477521838026114,0.058864544189317254,0.25615356472970724,0.24439335098850506,0.18804221905836466,0.1214698071268547,0.12294866224938371
1851,3.8483642491479926,3.311717262566878,0.04718560933448574,-1.3261904322887246,0.2746279629237667,0.06194744850687053,-0.009296054907660634,0.12833113271043117,1.0,0.2173806189269823,0.08857203493152126,-0.14571393017438583,0.21600998980707722,0.04430589347938962,0.12545964716851363,0.28881967254806523,0.23811942217910811,0.15709292493777177,0.09309347032618887,0.11220869981860197
1852,2.9409160774602396,2.5699218712722227,0.00324114088159032,-2.489302091224031,0.08658070440988361,-0.17072691387720504,0.17792288392250333,0.027561399593176116,1.0,0.16843628888277704,-0.09852041853738522,-0.15844026708390982,0.19131210232391252,0.02925762976531127,0.11325880366153943,0.24537923762897085,0.1598079264715923,0.06520418376371274,0.035205481999969306,0.06447867351897693
1853,0.8633354213695801,3.314403600998324,0.02970145491212907,-1.5272222764459742,0.2946102031399946,-0.08067272868539101,-0.27662538043389795,-0.027560506064506163,1.0,0.12890142863443554,-0.19232025133455774,-0.02199183385028757,0.2838573337517348,-0.035171571538673375,0.05150995080658351,0.15854480982628247,0.08814532038442122,0.028914114521969216,0.04088968783831056,0.06544862220375021
1854,0.03669057973738883,1.8607374132045065,0.002745966580236243,-2.5613047526445323,-0.16041575294297106,0.03758765366564685,-0.005322858409052067,0.18253780299970085,1.0,0.12395431630436379,-0.27529240866538707,0.20456238023707662,-0.0782430767963266,0.024626267326364602,0.13827776260795357,0.16305372979572613,0.06225932313736846,0.03541054696134619,0.03529109732066912,0.01935373791027252
1855,0.9817094750817426,3.4556134307976514,0.0022507922788821666,-2.6476645833192802,-0.03530253951182757,0.253999226243689,0.013451494902453343,0.08529151257361789,1.0,-0.22975470700592382,-0.22855146939508034,-0.1663879514525599,-0.2454682221809204,0.032767857993181125,0.10387715632856634,0.16652013020946987,0.05003745756641292,-0.005725882177926946,-0.032973462625855605,-0.03896044862721825
1856,0.750472322624221,2.991281332902924,0.0028450014405070586,-2.5459175093729143,-0.008223256178912097,0.11348025077445949,0.24560716500222204,-0.048601895473960995,1.0,0.018418952980603052,0.20831972509346836,-0.061388266404833976,-0.11018045569073057,0.06104675759801284,0.09780719876001204,0.22209168346602873,0.14783746491249994,0.12026372499528963,0.05945531238688989,0.03044301327087161
1857,1.2277243472766115,3.561662294884794,0.017295087870930568,-1.7620772271296243,-0.20722871637269544,0.23171667196068713,-0.26142482124444066,-0.08120388805399217,1.0,0.23712750679319639,-0.16515321334001937,0.26410543184222424,-0.1542257816929101,-0.03288226523916247,0.020785352274068185,0.14309382601264176,0.10602083642041833,0.05567119151827193,0.0600737715592996,0.024751290507019148
1858,3.802262148597149,0.7349874179279697,0.011416018438490348,-1.942485338445604,-0.1035674078890761,0.13206846109269718,-0.21366936656612776,0.23550126911303962,1.0,-0.04602614776246903,0.07671101267740107,0.2660813804782121,-0.18691254125320914,-0.01811021375824615,0.09586609040266789,0.22821303857850841,0.13404766385581576,0.10049489899402064,0.0924823407523701,0.027640732617471547
1859,1.6621300198744613,2.681587205440964,0.01901469317199654,-1.7209106781295433,-0.22839812699382175,0.17030686367996975,-0.1576290275236316,0.28433012312302763,1.0,-0.10351882234738326,-0.2781213487583859,0.24024535608740843,0.27290502314193926,-0.004741009814493068,0.07891562752095954,0.15788479073658912,0.06765786183227221,0.018133011508537862,0.05626174401520588,0.0723328581217471
1860,1.955056754095649,2.335154233451094,0.000756266205704408,-3.121325305929436,-0.18447666604600865,0.12352151909714112,-0.21035051979510377,-0.026599432875900685,1.0,-0.0370472643113882,-0.07771417620474276,-0.18473634219934992,0.14438539710844392,-0.04070857020945181,0.061564638155860225,0.18313026731552717,0.08695045950140215,0.020132572782120835,-0.0002843539240292835,0.030287064454858383
1861,1.9936864152737126,2.3429703070553423,0.03758823105733218,-1.4249481121716971,-0.2761752744880876,-0.24320580638807415,-0.044822852047196035,0.11013345984404133,1.0,-0.1666658426475598,-0.2757976653979005,-0.051602847447572875,0.2011240650705069,-0.035534809255879624,0.06710361714747232,0.15040701662688685,0.03729776292079609,-0.01908242114174142,-3.122243477168531e-05,0.031370849851049085
1862,0.7295414358672502,2.4304872327899965,0.005852059925093633,-2.2326912353484625,0.26574389861210806,-0.005044620380354225,-0.25200458508307666,0.18162380598669006,1.0,-0.18191905572037345,0.0749005438435973,0.23147001120985,0.030832922554140295,-0.01576391047126687,0.07304227442423174,0.16434657400059663,0.07355764248320387,0.06662978796339734,0.07510537410132602,0.054143495744652645
1863,0.04104361692731234,0.8625165478327805,0.02207577067127629,-1.6560841261449406,0.2549316725099308,-0.07042109159834892,0.2709865918366672,0.13378997987528787,1.0,-0.09716432172605628,0.04416319346097199,0.06306117982517294,0.19235724268433432,0.056696411171748506,0.1033257716684194,0.1763348550355268,0.08169366854776418,0.05626170392769097,0.052784950238374505,0.059799969525897646
1864,0.3196448913534702,0.3145275358640159,0.0007652693748199367,-3.1161856662770253,0.007746254357856763,-0.1533217007792825,-0.10611125024171379,0.29331181882878127,1.0,0.10571753003282096,-0.20081751048388166,-0.0058000572475502945,0.09693202541262154,-0.0030459928562796665,0.11624627845507829,0.1910628718617738,0.08799111650122785,0.01941091458216454,0.02168824632093381,0.029341921707782274
1865,1.8891077641600365,4.221187840038773,0.039794007490636704,-1.400182322642226,-0.15260035225586102,-0.25133478030382955,-0.08904966434759548,0.1280306550850973,1.0,0.23103536597451313,0.27971713480307264,-0.25314696552567423,0.07017944341793902,-0.04978795854993312,0.02705350634516348,0.16870614329470945,0.1584342521238539,0.12770480255293876,0.05139294681184867,0.046681894141853315
1866,2.8360019834832744,1.3486218152596605,0.008120858542206857,-2.090398054449376,0.16992691289022532,0.16197027853377785,-0.25156159747338064,-0.1753996459299279,1.0,0.016991521474270566,-0.2599502217732842,-0.15218776992649322,-0.2753611500815616,-0.027057985915234378,0.01591839809928588,0.15649649558786685,0.08233689795716931,-0.002693345724874565,-0.040122539175443166,-0.05737874933284394
1867,1.737958851222334,2.388398288675897,0.012937554019014693,-1.8881478238570923,0.27001669277223667,0.230800520542902,-0.005483947032461833,-0.1597925259243582,1.0,0.11521151296300404,0.0875929325232218,0.03341202269789669,0.005052949511734029,0.03715698773610401,0.06618736126977653,0.21961382138942379,0.15872925295740656,0.11220579807296178,0.07702510286416837,0.05740203830813123
1868,2.813743728582652,2.3098810118465134,0.012469389225007203,-1.9041548185908506,-0.26128109684789086,-0.22130087335862922,0.2204948343320527,-0.22365310615332024,1.0,0.07862889958091514,0.08423030909874858,-0.010824868921253982,0.018384033639233466,-0.015541558511982618,0.04270783494909079,0.18691550229291498,0.12337035203375184,0.08161372595253705,0.047113093226692555,0.03823825663061219
1869,1.636581106737928,1.1089540748811335,0.004645635263612792,-2.3329548903641064,0.015216025430268187,0.291201975405707,0.24039964155660373,-0.16784148006621322,1.0,0.16695384290203166,-0.21174198110987838,-0.05618352512955044,0.1542982281775274,0.06061059576117118,0.06827176984146514,0.18437993193374572,0.11609105730714489,0.03345440076087507,0.022192346588648368,0.04188899095115228
1870,4.760273760565088,4.625502882460301,0.030781835205992508,-1.5117054911947234,0.26143322927604873,0.13299130595855937,0.18751644142173013,-0.19508070334876748,1.0,-0.07953112356589262,-0.18672863757680175,0.008235985200354689,0.2876315989187882,0.0794174478441448,0.11105829451350027,0.25245184468720777,0.13918828199758396,0.06242254358146076,0.0781122377740067,0.1202759678104099
1871,1.6820498577469416,2.9021003314536915,0.0791738692019591,-1.1014181307076305,-0.16664809917403267,0.07066498082008932,0.2501877776229886,-0.23626106691983287,1.0,-0.26567872412862714,0.27603251046556426,0.25514967058027604,-0.06994721322680342,0.022172112880900895,0.05125459492959974,0.12718987870614346,0.05994873610526985,0.08619550032214038,0.0767523979421399,0.04339934952263885
1872,2.3237733355744017,1.3133439227897037,0.0006752376836646499,-3.170543328599618,0.06601843953778334,-0.029938016777208143,0.057352570162103954,-0.031152130055643133,1.0,-0.077728690392777,-0.12471065305685447,0.19388869898624336,0.10193255348762077,0.019625105521725413,0.16442520893591894,0.21126876678557877,0.07950544417032955,0.06063801110362868,0.08266666113439948,0.06678801253831299
1873,3.141695650547529,0.45234729177121036,0.0010893834629789685,-2.962819221674868,-0.029669200931073766,0.051266872346721046,-0.27716765794620196,0.06092327551002183,1.0,-0.1679770829504472,-0.26220145046763155,-0.009366299631826424,-0.1130073735708076,-0.049343889826357894,0.07936995026829624,0.1995776293859737,0.052721331336407815,-0.021962761024745737,-0.022449061170482242,-0.02539659556909796
1874,1.3097315429935024,0.054104772727432,0.07474430999711898,-1.1264218629488174,-0.24502888262416475,0.27989142234226044,-0.08533380639837965,-0.23968427282722665,1.0,-0.2152320698479092,-0.2540735661856208,-0.26052270127377875,-0.1972040058327306,-0.01074704333784772,0.014048246901746973,0.10528217173257948,0.021383337021081347,-0.030796933983267116,-0.05393436730253727,-0.04630962310466773
1875,2.254350232350709,1.2819383135262035,0.0014675165658311726,-2.83341698758736,-0.14080109594700652,0.13594603464420688,-0.26877597455226476,-0.12270657902572597,1.0,-0.050429476923164095,0.22690703145987293,-0.03644542286642716,-0.0723890635905141,-0.05432976154686401,0.01502885337774367,0.16895081991091626,0.10530770128979859,0.08937602837133658,0.040142098974914935,0.015471847502154466
1876,2.9257947668620545,1.3878242591448258,0.00424949582252953,-2.37166259335723,0.05924236473922257,-0.17400524398094616,-0.13192166531294067,-0.21279011640236722,1.0,0.28787195056462933,-0.1225581156593526,0.13703659211918168,0.041434889205772873,-0.05728485248594067,-0.0015223672616520333,0.18481559403522602,0.1502767448600928,0.07163361354077971,0.06360342365929209,0.049735363442212265
1877,2.2724643712262065,0.2967021530804552,0.01708801498127341,-1.767308383900044,0.22485736481842072,-0.1849297381373968,0.21472885722944726,0.05503654789163776,1.0,-0.10037794907199538,0.21557402298688746,0.24325638523190618,-0.05348193133868868,0.03632532619655111,0.08877477362559154,0.18939840018253404,0.10393349649120975,0.1013400922698776,0.08928271072534788,0.047050246740583036
1878,1.607547832269318,0.7503608333118441,0.0005221838087006626,-3.282176598428381,0.06462577230701279,-0.0437867133293511,-0.012053369038916817,-0.08371663935915825,1.0,-0.15728889338636143,-0.24574703930945058,0.11949134430093179,-0.193801724749358,-0.008022573637366042,0.07211100442615515,0.17417420674270082,0.04367831445502581,-0.0028432214199800685,0.002288516326808978,-0.02165454308607583
1879,4.87266168979915,0.36157364428686567,0.004402549697493517,-2.356295732867698,-0.22064720117762263,-0.012576282665942073,0.0808115822002028,0.18360187053699326,1.0,0.14451650813957712,-0.11819907184278525,-0.1800540741876366,0.11599397448970829,0.024926843916467205,0.15575431973114606,0.30152051769279603,0.18473445284990705,0.05500296760673833,0.0060514366589025795,0.034842787370062155
1880,4.392897209671924,4.3710568766424425,0.003070080668395275,-2.51285021299882,0.03293704908687904,-0.033917846131641956,0.18385531253708332,0.030493432967903654,1.0,-0.02202636961574059,-0.07576273534032608,-0.18564407639835814,0.2183959755450545,0.05838803446264862,0.13932439340583416,0.3348184931809561,0.21932496975444332,0.10650594587232645,0.05019407832554715,0.10212386423233936
1881,4.558465089222801,3.1130002977269977,0.003133102852203976,-2.504025348044737,-0.17872694341748532,0.13237290623378775,0.1977290391962078,-0.1269280140626503,1.0,-0.042471454586506925,0.0759272911414816,-0.0761157618942115,0.004471024526551037,0.054994707897959294,0.07356342035466666,0.2803704537553833,0.20511108612458231,0.134348002391992,0.07012250022038423,0.05423116409464615
1882,1.965800958438681,3.206416667763279,0.03683196485162777,-1.4337751124929443,-0.0798824585358917,0.22751025202949499,-0.05005212366641824,0.1759428399132275,1.0,0.2678417438397464,-0.153464904636635,0.2707235988200534,-0.2794208558316702,0.021044700762098485,0.09094262038667583,0.20328634894786024,0.15302395640191888,0.0875205754991701,0.07923385506238771,0.021661850517951955
1883,3.172367552296296,4.736178953281607,0.013639801210025929,-1.8651919591529942,0.2133367784737036,-0.11363748764025366,-0.05784143155975473,-0.176557823011582,1.0,0.22524109565382278,-0.011017326545732486,0.18567932359452624,0.24284472751915404,-0.022045580081909828,0.047367959977361686,0.21425081552572098,0.17150457585597575,0.12564956819793055,0.13712612237115188,0.1395230793709895
1884,1.3226160497449813,0.09974934075718331,0.023444252376836647,-1.6299636120951637,-0.26240577665073866,-0.2176257594739258,0.17177492905003372,0.18956316184491778,1.0,0.13760944511841047,-0.23113328211617548,-0.00775906864158905,-0.21956939397070172,0.008997869924766241,0.0818277218032663,0.17324077440783597,0.09530787096672895,0.019274054172178718,-0.002372964626097165,-0.023603809175942767
1885,0.7893999293005258,3.6554906006427896,0.002403846153846154,-2.6190933306267428,0.07911113675661938,0.14746112612437404,0.11680747685268297,-0.015210839546879839,1.0,0.051064195113414354,0.12735123785698194,-0.03166697527998808,-0.055788171206715476,0.054669677800408066,0.10987108186062917,0.2561660277718269,0.17456067063612454,0.1312814060753955,0.07822568727567918,0.05314890278985095
1886,2.5347318249620523,3.584716710985243,0.0796780466724287,-1.0986613212934926,-0.2921135454103072,-0.2802420269510184,-0.2987779475078154,0.16984339315316205,1.0,-0.17783385139586902,-0.22983803207512607,0.12655809884067215,-0.22070495953745958,-0.07737734980593443,0.03807724311939163,0.12415483265064366,0.031988376816229874,-0.0037090788830142813,-0.0009637631221251144,-0.023347987213404465
1887,1.5937863345246215,4.981250441873711,0.013999927974647075,-1.8538741986284617,-0.27852008384008625,-0.01650161336663267,0.1611835549791552,-0.2815620620979524,1.0,-0.24272345224476438,0.1576369251754613,-0.08971622636186306,-0.050721208831799466,-0.009717699072342994,0.010934448969909548,0.1345463403346144,0.059507334097322305,0.054372298084731874,0.020311008492543307,0.012887403438701565
1888,4.0082843278620555,3.0755401601936665,0.00499675885911841,-2.301311608868642,0.02989830156813209,0.16841346856250644,-0.15431620752079644,-0.1441760881737039,1.0,-0.1345049354812199,0.2763855099106023,-0.026273785835237873,0.26695198693594735,-0.020221230182201774,0.055099271852211675,0.1988553178795124,0.12437346656270126,0.12070654838881606,0.0975925785192968,0.1155329481063759
1889,4.637525907122824,4.238540187339922,0.017727239988475942,-1.7513588758531997,0.009280237779613176,0.28661701182140975,-0.025737128896803938,0.034165604130666424,1.0,0.28652950427407947,-0.2860244396358758,-0.06352135194632962,-0.014069714954048773,0.05300197254480461,0.14973292273980712,0.3386269257906843,0.2516581711581678,0.09633876868724452,0.056788676155789856,0.05333537812300895
1890,1.0845747647775748,4.946182331325744,0.013855877268798618,-1.8583659721598393,-0.21891128217855094,0.07882449009776478,-0.21638701391165563,-0.06955523082807079,1.0,0.10788052682890427,-0.1439467301863284,0.17998482095563845,-0.057365476026537895,-0.04505286164211055,0.08780538203161233,0.1604316600650831,0.08414474359301718,0.05934944985517542,0.05478327562408691,0.03635123478642896
1891,0.9874459369068916,3.5439150587725594,0.005680999711898589,-2.245575232747184,-0.18632415916426698,-0.08500316113122637,0.030004126467044822,0.2784617348589899,1.0,-0.005328177423875991,0.032059465590167875,-0.011209367731974595,-0.008604176391386208,0.013595210764475433,0.1556975441021576,0.2555693271000802,0.14503301994013656,0.09372090259697761,0.0619799039573404,0.04948464934900427
1892,2.080623027636758,3.2440839809847883,0.01797032555459522,-1.7454440550399657,-0.17397857693676683,-0.10592470194206989,0.19142812219838823,-0.09455835648735629,1.0,0.24924326783299677,0.10164136921237095,0.289220623175309,0.23171887650168188,0.0066727405905796485,0.047743559952035976,0.18001352870889978,0.15035623125792744,0.12149357063561722,0.12910739460481985,0.11979806709731669
1893,3.279347752209787,0.1400095146041427,0.011019878997407088,-1.9578231741817755,-0.07226197528079194,0.04272541885922549,-0.24977995047996196,0.11287430368437656,1.0,0.18606790721299826,0.026795440928524105,0.2666643270199212,-0.05936001797781995,-0.04545910198734143,0.06683587435908614,0.23621131221508665,0.1732325456266326,0.11431697011624573,0.10630298162469795,0.05404928737281787
1894,0.5011528667375919,1.0255311699995044,0.016691875540190148,-1.7774948621828397,0.03138434762046938,0.2528640008107203,0.2960051740492232,0.04752793972691975,1.0,-0.14441743387146072,-0.09444860450669078,0.21969533811137384,0.22523596483031877,0.06994963260705066,0.09655938313165494,0.16639354258846933,0.067657565959845,0.04003054764551324,0.064960107876744,0.06990238829736109
1895,2.8557824120993263,2.401643589393655,0.09069792566983578,-1.0424026454696256,0.21063262987453418,-0.0931184833004724,-0.22647733941604542,0.26488920916211417,1.0,0.26169699263934604,-0.11333459542345267,0.29777245758580734,0.24989670765722438,-0.019064417177506933,0.07732748875067214,0.19605352463841294,0.148736713476933,0.08841395331562926,0.10816418504415516,0.10667339107156253
1896,2.56867931161844,3.0395816813961334,0.01140701526937482,-1.9428279771078767,-0.21034554388640775,-0.12874713263295473,-0.12353074921674939,0.0905437831727363,1.0,-0.28364522948944265,-0.04799111680789697,0.0678723543906395,0.28963584190538555,-0.04313818203359506,0.0686849388276292,0.16063131017913,0.0444294143009578,0.024039195193921847,0.05080646117248795,0.07870728164087015
1897,1.787194967591914,3.9332359122152285,0.008426966292134831,-2.0743287432532127,-0.17113392707250458,0.04675653010382812,-0.09482507463456931,0.27446725882921225,1.0,0.010018016653004457,-0.18155806589482856,0.21235519634550262,-0.16286013928862908,0.0006327362667772794,0.12092566246613812,0.21226323585929796,0.1114305345719751,0.06114329685681798,0.06266122611481093,0.02553660162702575
1898,1.6787341139093728,2.862161266307883,0.0054829299913569576,-2.2609872993584426,0.13337489992135576,-0.08837372392132946,0.24749299337565087,0.23429999422814496,1.0,0.15665482543679435,-0.1546426323475529,0.09837860791906523,0.052396963169042785,0.06135268991759797,0.13440852225527544,0.23951359084635052,0.15758523110869194,0.08023154069382492,0.07280530285663224,0.06395277925902282
1899,3.4908607857539904,1.1809561969616882,0.009201238836070297,-2.036153696192624,-0.20236390138493326,0.18224137478404884,-0.21588085054990325,0.09695692145842331,1.0,0.015176166355983955,-0.13736656800853803,0.29325759787412703,0.05116285531073567,-0.02589409414663653,0.08943084885452096,0.21311602784741268,0.1100452829979971,0.06171282367975685,0.08935400161361053,0.06570169007284257
1900,0.5749526496676546,3.410798305131157,0.005095793719389225,-2.2927881608030467,0.22949656951837233,0.12000527082293275,0.005417191924156617,0.17451561421725098,1.0,-0.2719675750020497,0.005468854447923066,0.0894238596527706,0.19002422800796265,0.03966432867358559,0.10957695570958426,0.19030411673155065,0.07605628693931267,0.05739644346599875,0.06660547170165129,0.07697041035995979
1901,4.414545941846441,1.1669432981527843,0.0043305243445692886,-2.3634595156174862,-0.0036279234206697095,-0.11840135333206125,-0.13997622828060918,0.15790779911162559,1.0,-0.1476567773096956,0.15225191704115637,0.18701461296165997,0.2045099121265758,-0.0436576405901555,0.05898023596124104,0.23747795739570698,0.14290582972568985,0.1115173697648527,0.11827094194356953,0.12134571146141872
1902,3.01746683646207,2.665421189292351,0.008562013828867761,-2.067424075053904,-0.18595740500073293,-0.1189393630560885,0.03490167798690704,-0.2650544666592447,1.0,0.09094976182443777,0.2812474515398558,0.010772002406123459,-0.14135939540805995,-0.040054761302129774,-0.0015559710406173805,0.17628759040704814,0.14466992072399731,0.13212527738335603,0.07132327469471134,0.024374064929278266
1903,2.3460256301790134,3.6680731073467983,0.007589671564390665,-2.1197770173665758,0.1282010181500077,0.0033722394245634833,-0.03171450607040888,0.08255265609337893,1.0,0.21900390914906484,0.13180395860102678,-0.24277567968088815,0.089369582987337,0.012458253741042835,0.09669983855870334,0.2592402722257321,0.21332424050447074,0.1397824378306744,0.0559223667556493,0.06383148995922074
1904,4.889178489164203,0.38857083721153807,0.007823753961394411,-2.1065848155426514,-0.02926847151426036,0.08990893356958352,0.08558407954562827,0.22246560825117906,1.0,0.09711402326961228,0.2727476746535927,-0.24227295563433546,0.21531496560063415,0.05503327011408476,0.16688971016698897,0.28734271334822503,0.20500059923619451,0.1383656872057387,0.05539724565866362,0.07709343741651355
1905,3.521653171852405,3.0617058527941765,0.0031240996830884473,-2.505275117200444,0.02087312292180239,0.28945184426455967,-0.16068314097971761,-0.08060673301981566,1.0,0.11249996736111494,-0.242861060794828,0.11202685155603524,-0.26739961921626865,-4.065577241560824e-05,0.07408247508843059,0.21554474962347828,0.12886161706371171,0.04761251829249509,0.029252773104306025,-0.014017147934050012
1906,1.5127790885774757,2.158720791767199,0.014053946989340248,-1.8522016889289004,0.19846640157950154,-0.23214358196365778,-0.05144070782012787,0.04680190538799569,1.0,-0.25361284760243,-0.0692097786768502,-0.29776468970141723,-0.14332868658633677,-0.013428746507515221,0.07334544251549922,0.14836877000554133,0.04076116511912717,-0.006164663732493057,-0.0479737900001913,-0.03748590451004356
1907,4.399817859974678,4.044065995919566,0.034022976087582826,-1.4682277000743036,0.2353516562372464,0.1311171842910319,0.29941990212821096,0.09810090098112202,1.0,0.24955305722541365,-0.17550107061709055,-0.2728311930906219,0.02527999795099198,0.11627883551109541,0.1772570053590715,0.30133329003330966,0.2219893878663237,0.09543981174482878,0.0293029838508175,0.04170432641086269
1908,3.9867588832088057,0.6889023209404767,0.011938202247191011,-1.9230610679225637,0.2857255621569637,-0.2685637642275153,-0.13071934259933346,0.2762311387035073,1.0,-0.16315220160456415,0.1357955179986966,0.006720405465780876,0.05023675379787002,-0.0227342060330176,0.10144716604519342,0.2254529276659398,0.11487652566890012,0.0827666216621858,0.05392845771823366,0.04482686347535831
1909,3.7849224649841853,4.669319028701996,0.004312518006338231,-2.365269078576755,0.17614620807243236,0.05533549671431221,0.03748332391175178,-0.0746139096872764,1.0,-0.0060547357493388795,0.23685418117094795,-0.11984056166421213,0.03525405392143492,0.03808750935641051,0.19076552493545929,0.29335113810435204,0.22068684970511832,0.16552897531961444,0.10366174059126614,0.09271187579769957
1910,3.0279164699794285,0.7019871445819642,0.023525280898876403,-1.6284651822639924,-0.15961522064181566,0.2878755129892137,0.22091359898181415,-0.2992962222377128,1.0,0.030280635598902105,0.18566433326851053,0.19420154796640113,-0.13425935629486604,0.044193088581066436,0.03903810963124905,0.16574453809010412,0.11472018297097691,0.10032875019506413,0.07730052711769339,0.030344882304856047
1911,2.9008262938224574,2.004262712792308,0.00505978104292711,-2.295868276422257,-0.1740361026862729,-0.04570860724384122,-0.01669112014049798,0.27795420982759333,1.0,0.0737704220201706,-0.05402138762667791,-0.19220330808814765,-0.09788909046342502,-0.0015934718682887677,0.12581024568017862,0.2669934069403649,0.16893108626429582,0.07080116690665442,0.0009035531164579289,-0.008939310972062046
1912,3.681843037579306,1.6757575360443553,0.009192235666954767,-2.0365788499044077,-0.29349443826355304,0.28223705558057594,-0.09599511508845691,-0.26520482108702803,1.0,-0.20403817573015848,-0.12955088705428255,-0.05734144852021815,-0.10238420906758232,-0.019925020646775593,0.005612571223833947,0.14900900989795815,0.0542672442260767,0.0006571204862956235,-0.01641856956633323,-0.020615801749968347
1913,4.734870715580971,3.6482551032928616,0.008526001152405647,-2.0692546129880447,-0.06492336035341194,-0.050652176346789264,0.043875771841278284,-0.17235933039936233,1.0,-0.022574718532685722,0.2958622743571392,0.10114020283377169,0.23434911524666743,-0.01760769463934235,0.03358300083843331,0.24353536323000052,0.1877002699982689,0.18918593118227447,0.16739376822394567,0.17033655443838722
1914,2.2766010616324075,0.2771059389481697,0.002583909536156727,-2.587722695257326,0.05318881840911533,-0.15478292266196883,-0.28717904351001866,-0.07763590404885298,1.0,0.028593271049951283,-0.09176361809135664,0.2055920075909058,-0.19645573636102,-0.07221280861049315,0.03639419111571293,0.16950431537515448,0.08327735257645436,0.04435487329880252,0.037171426389604426,-0.005295913688422384
1915,4.167208808864836,2.9487529155937158,0.008183880726015558,-2.0870407087693503,0.04249099438960624,0.023755484493346458,0.047660505006696406,-0.004091383553788519,1.0,0.12750373318344466,-0.10076850446273869,0.17289864500150134,0.22536221090195152,0.026527076995552002,0.13454683305053855,0.3224963697179636,0.2143104545154099,0.1284109165519153,0.15013725113824616,0.1579249135757608
1916,2.025384323052029,2.438730412495454,0.02174265341400173,-1.662687456903787,0.2950404262730181,0.08466519127211218,0.1175152219962865,0.2414680544140675,1.0,-0.08960943415277614,0.13485222176112854,0.08074731178208436,-0.09014444690806162,0.0696938460479474,0.1438155753694736,0.23821438823252478,0.1389477059739054,0.11108853310542655,0.08054258750249532,0.04558859590837188
1917,4.5106121040718765,3.9619417753760517,0.10786696917314895,-0.9671115238247451,0.18726519044705311,-0.1403162235536759,-0.20497982476211404,0.23150718050247387,1.0,0.2802302413432442,-0.210669302138289,-0.25250925016687825,0.13045646396040075,-0.024293214971118585,0.1036509883711454,0.24670284427645087,0.1819758502651932,0.06094977917991405,0.014982780725037531,0.04194641573577522
1918,3.338391361414242,2.578591994839612,0.041153486027081534,-1.3855933707019872,-0.0463782196118254,-0.2911692730463211,0.2792389457240899,0.029552579003662302,1.0,-0.008363774407632885,0.03999584119555437,-0.2693977963197297,-0.21413536627829885,0.014185591478016372,0.0710989487778144,0.22254603842762194,0.15288233144607755,0.08159831853864176,-0.008492275014822581,-0.04097937197021008
1919,0.5681477943451773,4.806565909792042,0.03632778738115817,-1.4397610529332288,0.050118771406191386,0.2596418959687943,-0.03732080183119076,-0.29965034807381075,1.0,-0.2591820733256761,0.18285632493242998,0.019458828442916243,0.22901748815453632,0.0076770044609206925,0.022313006569223467,0.12942524432616986,0.05830347952904838,0.0641484621774072,0.05921249378967709,0.07471027466030197
1920,2.376733561806173,0.5551009335913,0.01181215787957361,-1.9276707569516764,-0.23482436365726936,0.2947406845972073,-0.01929040683912293,-0.0004888563685328529,1.0,0.01458331573034508,-0.05453604765118656,0.19499907599162494,0.13145454656521402,0.018278373752301288,0.08011651682671536,0.21819854074877268,0.12386451843947344,0.06931999301670135,0.08248707288825484,0.0762384538903076
1921,0.6025538759010943,4.606677824226032,0.06918035148372227,-1.1600172358016618,0.29197225053971265,-0.05767231208542972,0.14610636025238052,0.161850125822401,1.0,0.07574312286082059,0.25562714455977187,-0.21057552092024454,-0.210509064751265,0.04540195122853897,0.10260205868115475,0.19375892893634533,0.1438597526935557,0.11583578687285571,0.04389215152982653,0.015560850180909783
1922,2.845629987733798,0.46473918284952254,0.0010443676174013252,-2.9811466027643996,0.05003029902467937,0.14729122298356584,0.17569609651845663,-0.10968079000299359,1.0,-0.018091613714974985,0.01782611392286035,-0.13561451572564917,0.18499377268060618,0.054998722856203455,0.11036354997661245,0.23775452301077182,0.12670717011163005,0.058653978097277557,0.028798906438684036,0.05813208683103701
1923,4.373979541727488,2.910942114293726,0.0007292566983578219,-3.137119573112668,-0.08571445123669665,-0.05212899333390287,0.27942937154726494,-0.19856582626592129,1.0,-0.2402863690536677,-0.2805104032448861,-0.13190372490722116,-0.08257115235074206,0.03363073688232827,0.07498506482673058,0.19280734134565927,0.05145556871918132,-0.029429243823199086,-0.044799620824727014,-0.031130685454641528
1924,3.4557111473801205,4.919727836028897,0.0016835926246038606,-2.773762985454819,-0.04671368168109764,0.1968479427210776,-0.14661161607548506,-0.28673321969815896,1.0,-0.2452797213598078,0.08036488227488352,-0.21090642909446558,-0.27885893491467645,-0.029078502691499634,0.01795611645882912,0.14269100964605322,0.06138926152700634,0.03315059790498078,-0.029547769404758912,-0.05290994325104694
1925,1.9301769772924915,4.714431309962784,0.004312518006338231,-2.365269078576755,-0.0367287887843627,-0.2292768532190267,0.07482987208495892,0.16848284917427286,1.0,0.11003955974986979,-0.2808013178141218,-0.057096457528614274,0.20654515135599408,-0.005287580018009161,0.08709743059151603,0.2183423445806038,0.13822703026420222,0.041522184602050795,0.03607013049913994,0.06722424139179294
1926,3.038548562595205,1.7174274340168016,0.005473926822241429,-2.261701012718583,0.25754632348021084,-0.08086994896034232,-0.18859476829705768,0.04610143009473761,1.0,0.065370155454153,-0.07707640687205469,-0.016785826628656075,0.18796853065852592,-0.028001066670515305,0.0925140298171775,0.23878953770693626,0.13789795305420482,0.06265419681536476,0.05534536106079108,0.07435548508470566
1927,4.193645805173308,4.88855235204558,0.006365240564678767,-2.1961851781944186,0.25198583530766544,-0.05342300022474798,0.11377837610554535,-0.2043681703473268,1.0,0.09294466583310769,0.09899749940017295,0.14489313073671797,-0.13092161512570047,0.02339695953140333,0.14031753292871785,0.25717727337535706,0.19097597964644353,0.1628230533122249,0.11617949938229954,0.07168604445105564
1928,0.24431148793616497,0.5821585454510535,0.017097018150388936,-1.7670796272543003,0.17566262664564575,0.005262131618357113,0.06127405734442008,0.26181312895961995,1.0,0.2468286846545973,-0.29575629725640956,0.04449322085768519,0.21735694006527517,0.03152288175283736,0.10084114595720833,0.18430264206906427,0.10888855958295866,0.025886870322982473,0.034720097517544124,0.05071395324431881
1929,0.024001390942032835,4.247794458489345,0.005122803226735811,-2.290492325596247,-0.024911226359024985,-0.18205570960739736,-0.02747801565041915,-0.18781374884787355,1.0,0.0677524237806316,0.211716130719554,0.22162107852368587,-0.20116451729676638,-0.033568896428046446,0.012771067001182591,0.14228197595468073,0.10148828177675992,0.10180546230243194,0.08069969712941522,0.030130429478658655
1930,2.5084297788374603,3.580797583254559,0.02854004609622587,-1.5445453297735665,-0.28461582321018236,0.08672678022920699,-0.21505884558754781,-0.17337641074004803,1.0,-0.015594003435086622,-0.24849350893141783,0.08693709581884386,0.07585045429133526,-0.06503318912451068,-0.005203467599466298,0.15506796702680034,0.07863093431032298,0.008399384710492947,0.023119810786798995,0.033144743681087045
1931,4.553487553037278,3.576725088174192,0.0006932440218957073,-3.159113866818836,-0.1608263512482632,0.2355536785209802,-0.0800349199594329,-0.27078854217996173,1.0,-0.1468306837438409,-0.1935460971865128,0.07754832231872041,-0.2376477507886624,-0.014227721677471123,0.006776317178432806,0.17437692960552478,0.08263945565965583,0.015265256299530742,0.006753771313586254,-0.02990005936158298
1932,3.8844582201533417,2.7950091219378637,0.0006572313454335926,-3.1822817318708623,0.02872580812130887,-0.08893231541398647,0.10242578615992237,0.1414897607803286,1.0,0.0828109189796585,-0.16170176929077748,-0.11307385830553429,-0.0201002052148448,0.03767510740575015,0.1705350676608087,0.3297226516629622,0.19595737481357506,0.06959715996727397,0.02233927866858985,0.025075223127379677
1933,2.887855782873734,4.920650847616741,0.040271175453759724,-1.395005693818661,-0.14871842861271412,-0.052393349511514205,-0.2921178278642566,-0.1579224888561058,1.0,0.03906473708060214,-0.20974646040987546,-0.23843816771621867,0.04291814199602666,-0.09601802037659757,0.0006680018230842558,0.16122494619198302,0.08419221655388233,-0.005576438439628215,-0.03677549492733592,-0.00948118152898977
1934,2.6804672018726676,3.462973244568139,0.001053370786516854,-2.9774187302451565,-0.1537954131939485,0.14294367235040353,0.13728143301613915,-0.10345969607725795,1.0,-0.05089423757239444,-0.08053047009417441,0.0759645624845657,-0.0300162311262115,0.03620548999870846,0.08195925604982242,0.24802559218245496,0.1422078501820607,0.07667329943712,0.06495850198566566,0.04742617280751425
1935,4.578043360661375,1.1885532612695653,0.004033419763756842,-2.394326577993174,0.008631441176003318,-0.07831130147697359,0.07658588761334108,0.04794003851147106,1.0,0.29460119346278374,0.11789724526642721,-0.0858689375943747,-0.12091261871918174,0.019110389995862617,0.13805350229798005,0.3335946869277603,0.2696863195983912,0.16654250535738246,0.0634997663552508,0.020030913715663096
1936,2.635304281000965,1.6834304769693245,0.01046168251224431,-1.980398463937006,-0.16615453036036376,-0.0014887840112018825,-0.15198303445811262,0.13613047394891464,1.0,-0.1800277948322393,0.040540121686506204,0.1610264660234944,0.1959319445325906,-0.036899341773857605,0.05144122952890233,0.202062877785543,0.1029409898803128,0.0660059457047855,0.07879700818537881,0.08991181408248072
1937,2.7484047019670172,1.2855490910306908,0.08903233938346299,-1.050452215099864,-0.15408119874617254,0.18031475205944195,0.11887319546946452,-0.18260498453135418,1.0,-0.27583072222560556,0.2608548004662789,0.2926833236705005,0.168916103693892,0.02040950981880638,0.04062877472146776,0.1417207279086398,0.062477944512541864,0.08387249270860708,0.09850136386306893,0.0850827681356067
1938,0.8842411047524747,0.1767224396438782,0.003925381734370499,-2.406118102722732,0.2525888400794752,-0.21145572789064254,-0.010325291489233378,0.26317885188755513,1.0,-0.1881120075944462,0.06843183804501425,-0.27229795367687976,-0.1123372502372614,0.007379392578054816,0.08923514847478738,0.15977186895134682,0.06299197153469735,0.02681540047259486,-0.0229745373046148,-0.020783707811249656
1939,2.685369850944216,1.9389372478371318,0.01788029386343993,-1.7476253478319557,0.2636089805626571,-0.22293930775582355,0.2179608571385912,-0.0391360459062402,1.0,-0.004623580997787024,-0.2003109282712454,-0.23622594445880352,0.17277329888494997,0.031223046881959687,0.0744006030093071,0.1943746440253842,0.10378285279067918,0.016441000327134872,-0.013739732055691602,0.026077508185790355
1940,1.495933747296204,4.952835710853912,0.02739664361855373,-1.562302639633151,-0.20929658569628576,-0.13167896890640707,0.22746977546914027,-0.0016616396613534422,1.0,0.2986364933228473,0.16534514068887263,-0.19914708968792724,-0.1014535958196382,0.013663183323473847,0.08153640093253216,0.2000352627702508,0.1708035453675731,0.11535229869431336,0.045851855039572315,0.030552633661375086
1941,3.7666578386859144,1.3928583291124834,0.008336934600979545,-2.0789936053093836,-0.0920409922281027,0.0854625851951063,0.10126929215329898,-0.1507554699313828,1.0,0.29422265713363416,-0.09530384981566516,0.2770571320522316,-0.061889252612595876,0.016011635554733034,0.07591434189146479,0.24038499971383007,0.1796603631396635,0.1092765806688619,0.10503895719094082,0.05864441300954287
1942,2.529048707024426,2.5450611671184404,0.004276505329876117,-2.3689109823664514,-0.032059859941645286,0.14195628730277615,0.10472583935364514,0.2772143080473956,1.0,-0.011247548373233962,-0.057629011086704894,-0.05064002130219296,0.020509970421477973,0.07898641117300678,0.20721871511001147,0.3104936826459249,0.17127812972701362,0.08775773227938727,0.05515702705641587,0.05255388921423958
1943,1.2044529112683602,0.06446378467700165,0.000891313742437338,-3.049969397393768,0.05269839443918895,0.10352770980640015,0.17712222466558236,0.1655890074047772,1.0,-0.21415810053242404,0.06367133640742344,0.09970725373610119,-0.2056843761420231,0.05522796835335237,0.11430831784340931,0.1910425441059398,0.07470411215678488,0.05437714970930405,0.03315057512379327,-0.005615538026308176
1944,2.150130139481484,3.8100191386404036,0.10065543071161048,-0.9971627884409134,0.26999124827148097,0.23275375876108384,-0.2527009443792889,0.20353778253109747,1.0,0.1319607574327507,-0.246767271654082,0.2558210039636365,0.11152381166251725,0.013786942473408514,0.10200795736181961,0.19009192630229346,0.11514457736904832,0.06201209893754788,0.08476652425369055,0.0750711962060947
1945,0.013229069456651718,3.731747470466606,0.055450518582541054,-1.2560943879010638,0.27785656842101975,-0.09811631759422001,0.08858141048683683,-0.23825352771953948,1.0,-0.15017076639411628,0.11103188591123726,0.08388594131047675,0.2601213474944798,-2.8712028367984643e-05,0.08307473809155141,0.11018863943972608,0.05960194775476342,0.058224609041513144,0.07133711457664905,0.0677665643951654
1946,3.7207971010507555,4.604248772245429,0.024380581964851628,-1.6129559319782112,0.20457152484033617,0.002455394614569517,0.29206258217745207,-0.15362180804644798,1.0,0.27716906329285945,-0.04049008841456864,0.25432709941365134,0.2694100226466427,0.07073282311709006,0.08650603411832673,0.2387260081382547,0.20920854016389612,0.15071430901598096,0.16256007505357406,0.1668621459436045
1947,2.4668862608284607,0.558813523462275,0.026883462978968597,-1.5705147886023114,-0.16991511836227305,0.0525668884667676,-0.18013062449367762,0.013777574766700695,1.0,-0.1200689442388709,-0.03025810349189917,-0.2747088522410934,-0.2002503048333524,-0.03897837557763865,0.04789200002034022,0.1854390164599033,0.0830463230817759,0.016369627093675686,-0.05080684775806422,-0.05742566547358455
1948,2.484650725577639,2.502735263398237,0.000567199654278306,-3.246264042537736,-0.006236654717333234,0.12867553704085735,0.13320156965437946,-0.22045792876315765,1.0,0.007704610265145528,0.018338826985835308,-0.17480451435897096,-0.07909990632812981,0.03541218384031417,0.057437684952827466,0.23182537886024304,0.14631846043396723,0.0760600384113779,0.007549921891230588,-0.0004525602033921317
1949,4.586931924944126,3.517803115617978,0.010362647651973495,-1.984529268361526,-0.022635102539076433,0.1455590316724981,0.19341014286289218,-0.058892401099680754,1.0,0.21961059324600543,0.03975100202260098,0.05848203278598509,-0.2306507119941096,0.07558339733521142,0.11966538643010857,0.3174920895862322,0.26874367750070105,0.18491568143976203,0.11631702318418634,0.03842420306004578
1950,2.7619918666344008,3.483367506063696,0.0610234802650533,-1.2145030274899586,-0.24867493196339213,0.2756781701960286,0.11142527123172763,0.25500554276832693,1.0,0.22892072411560616,-0.05925757298581727,-0.26810414795858073,-0.19278127861054772,0.05260729098194323,0.13524186231259147,0.22475924342583492,0.16065477678045648,0.07272261445456521,0.0047419355218822875,-0.008172767264570738
1951,3.9550533017814877,3.881415325136234,0.002367833477384039,-2.62564884350156,0.07820005764494972,0.08269860842124126,0.24527400355171783,-0.28435565306500127,1.0,-0.09937150374772859,0.13612476249997638,0.12299779802591804,-0.13324650206067568,0.05380548316215062,0.07732175859157478,0.2191137378514684,0.13574337499128483,0.12328208213321734,0.09255392090974952,0.04758723584260638
1952,1.6459442784783853,0.5858118094596269,0.02429055027369634,-1.6145626466554326,-0.24095854940769423,0.24601029545677291,-0.11700813536041106,0.002254750084008017,1.0,0.22205861935931173,0.2346681524386159,0.06894323482035125,-0.19341233690201332,-0.00711074795538159,0.052919576023609326,0.17607466318364612,0.14077652738663335,0.10954562891704715,0.05872901685327249,0.010842665420834011
1953,3.3548647922183545,4.231063388842527,0.0446917314894843,-1.3497728191646257,0.003520168555311653,0.29405677968359045,0.2092322287472074,0.24278247658574836,1.0,0.1638181279470341,0.25594335081813285,-0.2630347012411581,-0.08738689462482939,0.09896231761254827,0.17631576467501905,0.2709775212359884,0.21731634581014977,0.15960258622472367,0.06794120262647109,0.048305728014641676
1954,1.3485810206011448,1.037292782282966,0.00722054163065399,-2.1414302237071543,0.11278964608403416,-0.15411425693226563,-0.0530210465013889,-0.18526887337837158,1.0,-0.11735044557376241,-0.2621627164303705,-0.18257877636960143,-0.18435446758502225,-0.025788064403066933,0.0019335855199189944,0.13718246976979143,0.05740931299258206,-0.017280714943951444,-0.046463263842961615,-0.04873570214496077
1955,0.22048941182127535,3.729921783880834,0.023642322097378276,-1.6263098702378576,0.17947786888357828,-0.07501823267516672,0.29172648355244524,0.05754922287387887,1.0,-0.07746231058168991,0.2831300237247876,-0.14250429169154652,0.24453244835066584,0.051877375135735336,0.09060603167476922,0.1717935876626969,0.10709216901170697,0.09655451850416098,0.05992814016434393,0.07714473493272231
1956,1.3951082903816014,0.3103363036401601,0.004933736675309709,-2.306824033506949,-0.24661709582639985,0.22806513694575695,0.28799795901372904,-0.2581406996741124,1.0,-0.018932189176288295,-0.25667748966810555,-0.19799950212536532,0.14244839354533753,0.036986575473331264,0.03884661144199348,0.1341576181417016,0.058166711593356825,-0.008881635104596467,-0.02047111197081375,0.010915063773561915
1957,1.4598503837931553,0.7942710240716283,0.009030178622875253,-2.0443036589709,0.2259042435095569,0.16477014340991925,0.10084290172456405,0.20082162070812737,1.0,0.09723981477564762,-0.05613345367676382,-0.06382249629131052,-0.17958861707610033,0.061153033203693245,0.12610127116546044,0.22444921750177985,0.13539901362276893,0.06263973683915308,0.018000040477660326,-0.007928569564289334
1958,2.9867071298475496,1.99387733015431,0.011506050129645635,-1.9390737381689367,0.29573516795988825,0.0748784473647603,-0.06215950600245714,0.10461755110675434,1.0,-0.2649888090405728,0.29292005673146265,0.07045953787197898,-0.12307233037041664,0.02642186865468302,0.11381220598901676,0.195488533787584,0.09751501819868331,0.10736210162560035,0.06784387720957596,0.029747701435246018
1959,0.8860853112420117,2.1262926436249354,0.007283563814462691,-2.1376560703790455,0.287088573410151,-0.10559976343562184,-0.11739011760076562,-0.08468620345822067,1.0,-0.13906646117597735,-0.04315620965379661,0.13396295718958176,-0.2310746517602519,-0.018584007589398287,0.05749591704931105,0.14875989828843278,0.05696204563722443,0.03862589528819343,0.024446684373101945,-0.009135940070565255
1960,2.6894612478764217,4.2895247012949245,0.0031691155286660906,-2.499061928513187,-0.09882692244810672,-0.04859516488523528,-0.13019878507934057,-0.053568583148537276,1.0,-0.13682040117812153,0.15852992472585514,-0.10798574164451487,0.2544222922407916,-0.047964468973961914,0.054965390727984634,0.19048131926395218,0.10524482709727809,0.08204653697700033,0.06042791455218392,0.09100570611740152
1961,3.7043899556608957,3.853223987984837,0.043242221261884185,-1.3640920053523558,-0.29044567675650346,0.09095406469517628,0.27795298348290315,-0.06850141397119777,1.0,0.2798025578493481,0.1298173760271137,-0.18086478593223432,0.15557709603217584,0.04267087870044909,0.13976919072682312,0.23373232361704577,0.18480806314430032,0.10837217391869505,0.07255333964253191,0.07807923586887709
1962,1.179172236544959,3.863047014584014,0.00324114088159032,-2.489302091224031,0.25570936363293245,0.09008539033362173,-0.27354658683435895,-0.07203037011437068,1.0,0.022799403377564965,-0.10831516987234685,-0.24321203797774466,0.05611965103792511,-0.025723710860743775,0.03739770024635111,0.17349861655103554,0.10279974722861467,0.032842801182410834,-0.0069404811479512295,0.013502781597702681
1963,1.4540720435417005,4.760774212491941,0.02571305099394987,-1.5898463888871812,-0.10191875535326059,0.19650658152621422,0.16005876207555306,-0.07984982189018607,1.0,-0.27532956942017633,0.14705435434079353,0.09878780997728846,-0.2792589545019839,0.037988198552408474,0.08700804065157675,0.16226546350177032,0.07576980654649329,0.07887236509871738,0.04770732509865788,0.005233689089067052
1964,0.18392691154138066,4.009991132629244,0.01693496110630942,-1.7712157964409392,0.19402084540825107,0.2212660679562181,-0.24727274765074667,-0.07084636010179444,1.0,0.0764892140255994,0.1770985727225423,0.19323741807351674,0.1109056741697066,-0.009875345972301202,0.042086952072930665,0.155372037533714,0.11169247002278516,0.1020578873660366,0.09689713784913771,0.08143365130737341
1965,4.80913357348047,2.0397171361218374,0.0017646211466436185,-2.753348520634842,-0.07422385643175941,0.06111560336547541,0.25962773999096267,0.01772744484514468,1.0,-0.12045184577073643,-0.15230265979797084,-0.27261164485194167,0.2711542704263476,0.06946834992034574,0.12151941491515669,0.26203557974843766,0.13393054211009453,0.025524989514976604,-0.01771447348899644,0.05217440878141887
1966,0.39317153353612494,4.119894645837714,0.057188130221838086,-1.2426941025722782,-0.13693222398113658,-0.2657661857044829,-0.28334428030522124,0.12286315410503428,1.0,0.1910372029362614,-0.23799306518402608,0.22441902012823953,0.09170910140272144,-0.06319054030666009,0.024498268403697773,0.1337317360348982,0.0850405340825177,0.033369133090073826,0.05267735976555751,0.04739631930049856
1967,2.7634451302471508,3.2492843086958434,0.0031240996830884473,-2.505275117200444,0.28556150581197165,-0.20199344337489147,-0.11697042625840803,-0.21846578749646373,1.0,-0.15141802338302549,0.21744974265993003,-0.018483852613835415,0.059223951530774595,-0.03976859823404594,0.004890832054723776,0.15513801583675788,0.08831155624539916,0.08512735264413031,0.05492428490844026,0.049572266227660436
1968,4.0521681844065665,3.348889069162043,0.017033995966580236,-1.768683459925544,0.15025136910091422,-0.2633659457247411,-0.25097083318125046,-0.2796636129509163,1.0,-0.24072399871595862,0.014679872552122462,-0.05834261283498071,0.06377283276714509,-0.10225677590800501,-0.02089520286598311,0.1344619013660198,0.0405044627650753,0.017029767161291773,0.005056631161726293,0.01821218132784434
1969,4.197318622173876,4.583439335908846,0.0108668251224431,-1.9638973218939688,-0.06949185970187784,-0.056378547133420005,-0.09861095555818784,-0.2515507305859109,1.0,0.06606898466464166,0.2630160194155947,0.21879936552046655,0.17309848134996045,-0.06190363741467406,0.009292761696214936,0.19558582712039668,0.16254916040553846,0.17045801653596118,0.1679076498010862,0.14976773173925526
1970,4.769173892745837,4.082908209894363,0.0020077067127628927,-2.697299728943157,0.1052422351276836,-0.0755066188758794,0.25780897402064884,0.2012808999751776,1.0,-0.0985177489999784,-0.11748390065949209,0.07658595551052495,-0.21354482524815802,0.08349173352418073,0.17800976637693733,0.3219270211702368,0.19111984169083443,0.103408666685971,0.07428066184371737,0.021200908894252954
1971,2.1900957584403242,4.646742924092499,0.004375540190146932,-2.358968322729025,-0.06340627632780173,0.29579790394764005,0.011516998230048925,0.035927499420852625,1.0,-0.03813731439059803,0.09112249265699857,-0.16944837419942382,-0.22377420039247803,0.04480067071863853,0.12938577701616283,0.24649456748430232,0.15689258017314336,0.1028156223289292,0.02625844581572601,-0.0037335365423554435
1972,1.294939423708721,3.820660230466575,0.0021157447421492367,-2.6745367297195815,0.13036322138754328,-0.10494075783084245,-0.0009953708065521204,-0.20561554295589388,1.0,0.07192881765323111,0.033128289804194445,-0.2206977800096476,0.22340446816347406,-0.01289181592692649,0.007870463991571609,0.1723940685393041,0.13021108478879384,0.0744972126930945,0.022815014322485002,0.057587506560505326
1973,1.4791503523162675,2.544297710059737,0.004987755690002881,-2.3020948272628883,-0.007084979186803985,-0.2862656996356804,0.03260560569745023,0.18901286592321911,1.0,-0.1171890610635028,0.27672135667308256,0.038508092778760945,0.08431366663956187,-0.012549490948742479,0.08717622859594878,0.19779184748292716,0.11310612821822123,0.11090611824646995,0.0797030748673822,0.06783088397732256
1974,2.8693095193186218,2.2306133701717012,0.0008553010659752233,-3.06788098670247,0.22548697725591924,-0.02244028472822319,-0.12663628766231702,0.0686379525906142,1.0,-0.25326847365374344,-0.0208909132173561,0.14080752509261124,-0.1708115659150172,-0.007068182900726718,0.07889474505444069,0.21016738326067053,0.08291806819637425,0.052059073498030954,0.0479657246230439,0.007340295062031723
1975,0.7307484785141111,2.613624111374169,0.0035382454624027656,-2.451212041615891,0.038990482029915015,0.2244783786867755,0.13103691780168872,0.03602916688291564,1.0,0.13487589202628328,-0.05299268907100273,-0.28113629079293034,-0.19657616532253513,0.0510189853566029,0.09534705700276781,0.20388191815338824,0.13368351299191283,0.0558311424117926,-0.01193219261026509,-0.022257274686158634
1976,4.58305144680815,0.5749711340012592,0.0019176750216076059,-2.71722498855258,0.02256885678571061,0.2719309792980717,0.06462920064578033,-0.00025747769451885946,1.0,-0.14352740697519173,-0.23636851341589726,-0.14141166457441348,-0.14379857826203102,0.0610762240082711,0.1361814586807908,0.259142056179776,0.095242551958326,-0.011893855586242187,-0.04653026996446434,-0.0441882423113764
1977,4.164757168207764,0.27456788135987364,0.006878421204263901,-2.162511233415628,-0.26345165763595163,0.03657847027806371,-0.07905363152790275,0.012711578699601378,1.0,-0.02610311278375874,0.2912515609354379,0.08510923759242128,0.02751173209943145,-0.03155854772505059,0.0964738499232623,0.25929743902215857,0.16998631710592846,0.15736138815733314,0.10719752899824499,0.07026665995959475
1978,2.163142210714962,4.883802115564127,0.02186869778161913,-1.6601770771861875,0.2358458844717083,0.12218982565751574,0.16671117168520103,0.08422097776070518,1.0,-0.08852405976064599,0.12649532821878057,0.12108057914561171,-0.009271254496916225,0.087632839503002,0.16486801116188388,0.2663138552072288,0.16863686642126827,0.14973366959465623,0.12808856233471722,0.09851336510849698
1979,2.4359999661127816,3.9919059385394267,0.03841652261596082,-1.4154819491320059,0.15865954281936295,-0.16969684849470248,-0.0650808036938313,0.29067658654439776,1.0,0.17704541766964152,-0.015054034366565727,-0.17631038428029422,0.03564484318882699,0.02859863698801013,0.1854594007262115,0.24813489357387591,0.16052478188786098,0.07719171564718944,0.04376943971415818,0.046881241309259775
1980,4.937189905964407,4.7538014632236205,0.12222702391241717,-0.9128327626816986,-0.17656250941864599,0.2320199526392563,0.15791444390246787,0.13209516033665794,1.0,0.2534792911273845,0.29018898377884855,0.21535362068272937,0.052596890264058914,0.06699341063833066,0.1373732626950106,0.29506440505478404,0.2761248620180865,0.2541428610298424,0.22253729406746287,0.1752240092511512
1981,1.860559436399229,1.7276397976530338,0.022561941803514837,-1.6466235253331867,0.05388396947220546,-0.08699020390699297,-0.16038924274972333,-0.22082646177397539,1.0,-0.2387102659384314,-0.2988582415197837,-0.168985845108814,-0.18401353291213338,-0.04552411246769975,0.01992818657389376,0.11754279132137846,0.009667667457264544,-0.044957376111575305,-0.057699243549715035,-0.050115536957163045
1982,0.5890628602703578,3.380331002634635,0.0027909824258138863,-2.5542428981570455,0.1230226994469456,-0.16235120508953818,-0.002718124043218384,-0.17514855990578385,1.0,-0.15668646547884943,0.1189251521688531,0.047706411760429134,0.25824407339838834,-0.019113965244663855,0.02588764687383344,0.14894351907337997,0.07000356019829404,0.06289992722900113,0.06233330665430399,0.08122920286006015
1983,0.6287429017821642,0.2391904422490958,0.0005311869778161913,-3.274752580349174,-0.0898949941641234,-0.10438126590202586,0.1558104842055123,-0.08559107099041226,1.0,-0.13374153258165675,0.06187222087352373,-0.22678008568232363,0.10635714992033607,0.009811692420279215,0.055712029095616275,0.1641115801694752,0.06831700707224238,0.03010577895857829,-0.0096654450930896,0.01609676828087125
1984,0.29820733471465083,3.2157044926689893,0.021904710458081244,-1.6594624830604996,-0.28748062750035197,-0.0899989583457424,0.09810682334512684,-0.22455889393890033,1.0,-0.07498652567470913,0.09439315336571807,-0.08935499829722239,-0.2512904604473536,-0.01987588229603666,0.014188828926080834,0.1296905713467244,0.06643815480227896,0.044891149396491734,0.0012767472597662627,-0.024816174056678568
1985,1.2802442473128313,3.4918132927379886,0.012262316335350043,-1.9114274844145516,-0.14539074859500187,-0.13075569840339604,-0.2722176039751972,-0.13975475668528894,1.0,0.12144497545082389,-0.06725998782605999,0.02498479703388243,0.21487496103290174,-0.0825202253983648,-0.008575712468885287,0.14783208148007676,0.09895645288642729,0.047122061001927125,0.04526572375016062,0.06466546437254385
1986,1.7276970758719128,3.366082885097455,0.00054019014693172,-3.2674533416076743,-0.13171682083571593,-0.02175224151762205,0.16443739786038694,-0.12269143975609405,1.0,-0.10345734788856144,-0.006746986934901766,-0.2540590146708213,0.053035808722839285,0.01439572245481541,0.08131429616516142,0.19917835430290418,0.09501194129927522,0.034091233801904236,-0.010614650079216172,0.014577535414664899
1987,1.6246435413647744,1.6583915365763575,0.03651685393258427,-1.4375066456660384,0.18678319092425935,-0.027474492354649282,-0.04733520246296018,0.23542796354617054,1.0,0.18206943605916937,-0.27261993603109863,-0.29698574068989986,0.1525089065724077,0.018595601944352353,0.11177548640033821,0.19573789624182272,0.10720099372580033,0.006868160069219021,-0.014622399070560396,0.02004061330876758
1988,3.8242772961112492,3.579642319706518,0.01965391817919908,-1.7065508562821787,0.23966501037114574,0.028708942574093996,-0.11280947931035969,-0.1465462504872264,1.0,0.23420359374434763,-0.055829256566953624,-0.1755927081906848,0.2776057289641752,-0.00781856211287894,0.037277207315495775,0.22104380365237614,0.18694479983958237,0.09581385699015688,0.04969039865023388,0.0908164125007856
1989,2.3898501515821478,0.026774914063510433,0.004366537021031403,-2.359862853389054,0.012736560760492276,0.19957403181882408,-0.17874904240686193,-0.019641629133933924,1.0,0.2778866782737229,-0.02484999832453323,0.16059813323082853,-0.12345818142152498,-0.013609216165185983,0.08050634705312124,0.2242843753850428,0.1586613819112053,0.09098238561234454,0.06334610495383469,0.020106262296560918
1990,4.722599522670555,2.9441592683273656,0.005771031403053875,-2.2387465624725005,-0.1734959445472337,-0.10271850337528023,-0.036585267810991313,-0.08346266260270585,1.0,0.1735375335266978,0.00030263456799173305,-0.062285638368234204,-0.20706267321710345,-0.05897541059629609,0.007325711790737163,0.2588869795925716,0.23744167423451892,0.1383895353055317,0.05275229199750051,-0.012518810173731524
1991,1.2873945161830376,4.975153650390032,0.03296960530106598,-1.4818862520256402,-0.0753143612128796,-0.013329408530237896,-0.1368721967088525,-0.0662456591319286,1.0,-0.17496598675027417,-0.2735459562066713,-0.25321085130496046,-0.16227874719537563,-0.036233079077705455,0.02831291644867729,0.15409529354116142,0.05333601137811922,-0.023290659048860168,-0.05923826082706367,-0.05457970455155451
1992,2.6409211860713833,0.02257973149188677,0.00898516277729761,-2.0464740507039467,-0.12632210738274943,-0.15986177508076754,-0.2645493996112949,-0.16397832715128222,1.0,0.10348920417478033,0.2977136571579691,0.1066146460737519,0.28483284075750687,-0.07414367455348171,-0.00721797206646594,0.1404339806303001,0.11060011559300925,0.10299386132114441,0.08490447002705033,0.08753169149501952
1993,4.601617388618737,2.5940374743071986,0.007985811005473928,-2.0976809721595915,-0.019198652174297105,0.11264385125800622,0.07317245981271325,-0.07534019071309354,1.0,0.15518389473619798,0.19350541092383305,0.09856918343288042,-0.2799294116237735,0.03323627969999191,0.08539020819857947,0.2822550022552209,0.236225463687716,0.19227003291741565,0.12070578864032201,0.024908289745098452
1994,1.0191612001467532,3.682742904082658,0.0017736243157591472,-2.751138365829725,0.0960010213998344,0.19719402499401167,-0.06993535982582123,0.2005988769849173,1.0,-0.15151456761374965,0.25270408184756654,-0.17270182178066312,-0.017417249023522163,0.031909277648036125,0.12412637508182496,0.1924986501611246,0.11181789797860402,0.09195027928374847,0.03950209729949799,0.03478942436851474
1995,2.0574222224106378,4.002830205963278,0.000567199654278306,-3.246264042537736,0.039951955190977585,-0.2575722637709434,0.1744546129918576,-0.2756978555736201,1.0,-0.11511665866785574,-0.13258579056335873,-0.11852147556430594,-0.21636364534690755,-0.01264739391118157,0.0313852031456372,0.14491522014067795,0.05734969607678372,0.008787562424695155,-0.024793967579364466,-0.036291136119453976
1996,3.9432780505193286,1.4019466495130697,0.013459737827715356,-1.8709633993308694,0.02019173056765042,-0.037253295495852635,-0.24629225718223263,-0.15748673916678438,1.0,-0.29556737934147737,-0.13549410292591282,0.23619956912497936,0.29159879497349356,-0.06133201739664193,0.07161453217014252,0.11982251432110624,0.010496246775806942,0.020593747965836923,0.07842143665771244,0.08077743862240169
1997,1.375724917665958,1.4266596031875682,0.01701598962834918,-1.7691427878180739,0.08552960437481942,0.18124844786023217,-0.25647158807540127,0.25837273381129666,1.0,0.2426505283684357,-0.0016081662938965291,0.03578732055792404,0.054503002487022535,-0.0005639379890753475,0.11638629505188165,0.2161940045496478,0.1471036246013352,0.0831043148473008,0.06072844381091493,0.049324430938465925
1998,3.631063483414787,2.541411570711311,0.04157663497551138,-1.3811506634101605,-0.26075331883630537,-0.2827554491455168,-0.23390586832785107,-0.2860551587061848,1.0,0.07960743981051022,0.22246858469456868,-0.028733499398694982,-0.2254949899267934,-0.11055703103455149,-0.05290674398719528,0.12003708369808924,0.10010675450884823,0.08426630895878502,0.02975449811498748,-0.014590757927913395
1999,1.10832299189046,3.4396468498877715,0.06806395851339672,-1.1670827964901114,0.2935392817331586,0.16408469708349252,0.11649998409699497,-0.15426132351877964,1.0,-0.13975804468811756,-0.002943703130456987,0.24914161360013803,-0.22165413932049374,0.04162966426584147,0.07951501639156681,0.1610164182934604,0.07742017571706097,0.06933703543706211,0.06208676813581604,0.019716828517986965
