sample_id,ctle_dc,mlse_ber,log10_ber,ffe_tap_0,ffe_tap_1,ffe_tap_2,ffe_tap_3,ffe_tap_4,ffe_tap_5,ffe_tap_6,ffe_tap_7,ffe_tap_8,tx_fir_0,tx_fir_1,tx_fir_2,tx_fir_3,tx_fir_4,tx_fir_5,tx_fir_6
0,-8.942562272653511,0.3051894266781907,-0.5154305166374071,-0.08600282059735073,-0.05284963051633473,-0.18077625514198598,0.02999553368704466,0.20000000000000007,-0.13841269278460824,0.1328816758333479,-0.09739805063476643,-0.0816833408045613,-0.016246890572224497,-0.019020550830051896,-0.03337891717924414,0.0009431804743480128,0.02722592222816069,-0.010860098847708876,0.013005710330820777
1,-18.38127634512208,0.3134993517718237,-0.5037633528307481,0.008129768437262652,0.21697752118546046,-0.015556058993309162,-0.0891863190720484,0.3427942191855219,-0.013693656967962474,-0.14486604851929638,0.04906365676692912,-0.11973275087220948,-0.007472570888781172,-0.005526011471406698,0.040661595764135736,-0.00882670990889044,-0.02238528362051157,0.0017396340823281587,-0.012518261530999875
2,-15.489334420074542,0.32428514837222705,-0.4890729407124268,0.11059617435362681,-0.14236822373567717,0.041098496632021496,-0.10470335369838556,0.20000000000000007,-0.13715083046056342,-0.07073858889845713,0.11092474699700929,-0.08241958522425907,0.001078802092702289,-0.006924562559893103,0.022854115791075894,-0.019150854407062753,-0.007713153475098163,0.01256156891793581,-0.008957139041971849
3,-11.243789427181685,0.30912381158167673,-0.5098675402610938,-0.07132819639636054,-0.13471734205086242,-0.16744128616720855,0.023628582471510905,0.19999999999999973,-0.12738290752732112,0.1345511360029135,0.02098872025496491,0.11996182912885829,-0.00939047007976222,-0.023328086045402086,-0.031387854473044034,-0.010434629455991652,0.024459194854056766,0.002677438988815213,0.003562425881600438
4,-1.5766451960279042,0.27664938058196487,-0.5580702978341981,-0.06927841445567844,0.08910419520596859,0.14861086675029744,-0.023968036479377095,0.19999999999999996,-0.18865332882351443,-0.17319955272844095,-0.03157354957917898,-0.07561205597754413,0.05352292070984604,-0.025985808853172976,-0.060970570572191116,-0.04449019962445775,-0.03876971334027787,0.0,0.0
5,-15.133297017131841,0.31615528666090464,-0.5000995516383251,0.15332393010626053,-0.08755964360478964,-0.14167694976961362,-0.05404002247250018,0.19999999999999996,-0.10729245014269438,0.02364304074273757,-0.10016684732888836,-0.13229711583251577,-0.022291039804949755,-0.0014646422160211714,0.025765643907672546,-0.011868392042115365,-0.0018239709880253495,-0.01702515977268751,-0.01736545458757484
6,-19.891304722129625,0.3315957216940363,-0.4793910814289362,-0.09342583450405167,-0.031106365149564073,-0.11099729573265742,0.07805393037181421,0.19999999999999984,-0.08002667380624133,-0.14677190227501016,0.14007224874958313,0.11954574941107816,-0.008750062762242166,0.0075490956602651425,0.026796301839079228,-0.001967179362668505,-0.02344057493015462,0.008186047608020526,0.021920663100106243
7,-4.4281705728744924,0.29362935753385194,-0.5322005251266773,0.041609619678246654,0.11608112203773385,-0.07276547642890945,-0.05225788826159028,0.19999999999999996,-0.21287943349856053,0.011909877457126712,-0.13948736666641634,0.1530092159714162,0.007590127483731563,0.01935986349427247,-0.03170275851625409,-0.01978744244657798,-0.018255667399521034,0.02242457265014462,0.0
8,-2.3332862708065463,0.25912021031403054,-0.5864987125041088,-0.18243132542833118,-0.15713180774311594,-0.11073085235142822,-0.2020837969205559,0.19999999999999996,0.05220515784450287,0.027948359613325358,0.029849725677745815,0.03761897442099471,-0.07123101634863269,-0.07342234149887296,-0.0816072144705122,-0.022025591586549605,0.022704464655266612,0.016416097205643434,0.013074018087318322
9,-7.050020895502067,0.2940885191587439,-0.5315219294654866,0.1273580693862579,0.16685397876893132,-0.01678195823067838,-0.00039759821299463423,0.19999999999999996,0.15936006696377222,0.08447069699800556,-0.12575178071825055,-0.1190258507211095,0.006205483232239208,0.02699188834753724,0.05309512738555513,0.0437006762993221,0.009541782451021873,-0.023326058207654182,-0.016188748221835178
10,-14.60236011804241,0.29947241428983,-0.5236431761910942,-0.12843934057965226,0.17593366461898513,0.06609370396821435,-0.10141839730676114,0.20000000000000007,0.10605576086103638,0.08146034143476204,-0.000889191260063495,-0.13970959997052515,0.0011489613394352984,-0.0029022897229563902,0.030127724545174362,0.015827905854135113,0.006396765573943573,-0.010933325911710014,-0.01716611317559904
11,-17.405444831236903,0.34126512532411407,-0.466908091015722,-0.11612037225265069,-0.12243257191260967,0.02335411068895313,0.044230732588520554,0.20000000000000007,0.19512227580242783,0.03810173380062954,-0.07885323377086158,-0.18178496918334697,0.010190150492560874,0.018050809159595355,0.03153818229921554,0.017042923495069164,-0.008994447668168013,-0.02422157675843376,-0.01945127732708737
12,-18.455170390596706,0.3164523912417171,-0.49969161827302144,0.10134216542270791,0.11705843856207367,0.07772653422609983,-0.1717214180188771,0.24816745376314786,0.09461642602550961,-0.03634753174136511,-0.11830606366976353,-0.034713968570455396,-0.002490914334278018,-0.0149491290788314,0.03414321905176672,0.005697805135934847,-0.014546825352259051,-0.018058192303910696,-0.001031912382342268
13,-16.94987981638489,0.31120354364736386,-0.5069554663811476,0.14843800826079057,-0.016676632451923686,-0.006695587130578803,0.1594858668217147,0.19999999999999996,-0.16325491920861118,0.17848215314571098,-0.05557755882125548,0.07138927415941466,-0.005669728732224667,0.00952332677552074,0.02837638635471492,0.0032320411456150423,-0.0101912279506559,0.013569449524633542,-0.003237843647874922
14,-3.531818309829628,0.2880383895131086,-0.5405496259816787,-0.06774021456163105,-0.08824204513231813,-0.05580943042629271,0.1249366911845426,0.19999999999999996,-0.13321842461744887,0.08717201728017392,0.0876405342802429,-0.15524064251734984,-0.02682380159663371,0.01483044727133109,0.05086302842826922,0.008180309804500133,0.012854992245205225,0.02643026049287318,-0.013656336378377855
15,-3.6714345610475227,0.31484082397003743,-0.5019089596820733,0.08443852631069818,0.05289470994738507,0.1473955375587847,-0.07410180952003927,0.20000000000000007,0.14084476682028924,-0.05228117008572372,0.09333002077541488,0.15471345898166486,0.031010040119784917,0.025845118683371533,0.0647149798310215,0.042467707130027045,0.022871338572252285,0.04821259625610507,0.0479659099376271
16,-3.502804981779974,0.29317019590895993,-0.5328801827696358,0.03903365413276379,-0.14884528965698807,-0.0013613321699531083,-0.19062777922240953,0.20000000000000007,-0.13829153113812978,-0.12545392207953446,-0.04528538853416029,-0.11110110306606094,0.011471304830784694,-0.023488737626750432,-0.045037570795265665,-0.03917118699898682,-0.04296995596275243,0.0,0.0
17,-9.638320236902754,0.3083225295303947,-0.5109947396483205,0.10195450435504633,0.07748243826712493,-0.054336400106414474,0.18952774610062706,0.19999999999999996,-0.12032745986353757,-0.11796892105346321,0.12771105006197028,0.010691480191816202,0.00605605305461698,0.015110565523595782,0.044324098734510486,0.015268383340031772,-0.02263768454452354,-0.00029190740338846504,0.01824061020602402
18,-12.205818356762801,0.32194432440218956,-0.4922192267375265,0.12148097848423929,-0.11150737109008545,0.09925233675968513,0.07844215448547937,0.19999999999999996,-0.085961353837952,-0.061493255649857886,-0.12728693421047263,-0.11457561548222829,0.011192185030171192,0.01875591288214856,0.02977859283438818,-0.006427861766669789,-0.014733835030327715,-0.022126877758601865,-0.019491961995542213
19,-19.394972160389138,0.331658743877845,-0.47930854843995924,-0.10882146543186288,0.16751444664144155,-0.044025077863608694,-0.1531128927971894,0.19999999999999996,-0.14858865578972408,0.13011795654599811,-0.02874096185106029,0.01907854307911506,-0.009965589294141377,-0.014439208628060573,0.021732719871996337,-0.013873702470535437,0.014329109979793626,-0.00365667485053109,0.0014439768565236268
20,-10.654935792226981,0.3340986027081533,-0.47612534069652185,-0.04472123966069212,0.12902563697486785,-0.14172393008004394,-0.05800829498734437,0.19999999999999984,0.09922570145970651,-0.13942566483645855,-0.04895754242771799,0.13891198957316878,-0.02300050322092617,0.0024980320190740313,0.03449294315953236,0.00841792355200868,-0.022632743617253297,0.0003749255114311738,0.02063492710563071
21,-8.117491240816747,0.3063418323249784,-0.5137936943216757,0.16466838379413784,-0.08740348502317971,0.0697769188673494,0.18153348196135088,0.19999999999999996,0.050128187078416875,-0.04227633632303807,-0.0505056856759592,0.15370752127656806,0.007705432319026679,0.036772862065268384,0.05101181603669071,0.03217781547571304,0.004989069951679426,-0.003903621774781612,0.021779687581347282
22,-7.282636444355731,0.3017412129069432,-0.520365368261573,0.09410619229018194,0.11590926649887283,-0.12002711452377647,0.12227897183398335,0.20000000000000007,-0.12049745949130795,-0.11193933115975782,-0.024840157847769745,-0.09040150635434989,-0.0015247514923727088,0.0128915361746818,0.04244388475931271,0.005987388587663372,-0.02348136849033221,-0.016617868269227166,-0.01776144097430672
23,-9.13477968007831,0.31599322961682513,-0.5003222223548635,0.06802661247668308,0.1280200029308738,0.011623157962259779,-0.1279521303217227,0.20000000000000007,-0.10761189057364931,-0.13146026644502085,0.08754029373657395,0.13776564555321655,-0.023049378015248374,0.007988562625945215,0.026867077524681565,0.0099387477558224,0.0,0.0,0.0
24,-17.005728924537642,0.31405754825698645,-0.5029907640272632,-0.014478634650934396,-0.1224742522821902,0.024643462469396082,0.058561453083705035,0.42194026172948373,0.13001943078493144,0.19590684957278903,0.02600228147234185,-0.005973373954228178,0.006104836062933115,0.02136469431352572,0.05704064364066495,0.017367308836263213,0.016697079186393023,-0.0046177549638566386,-0.005877993724240694
25,-0.971920851064688,0.22909464131374244,-0.6399850691479647,0.08044511494241276,-0.17821491569483175,-0.02133311882539609,0.0914196149329913,0.27313617147605207,-0.055263538442250446,0.11511579624176166,-0.13585146859158975,0.04922026085271414,-0.024639920476362966,0.028119257941831274,0.08533937368656082,0.04105950712073444,0.039837425335477246,-0.009041222290272164,0.006421497229855222
26,-0.8046528148393293,0.24006950446557188,-0.6196630039724226,0.1321161608626136,-0.14621651523690124,-0.15117019865868891,0.032167051312641595,0.20000000000000007,0.15337112071774975,-0.04936080088069886,0.1220161050187498,0.013582047311956207,-0.03623319394473488,0.034595608023201364,0.0769345266283602,0.046598705956616825,0.039344880121436124,0.04112471059879714,0.02193814208738648
27,-3.1973498126350464,0.3072961682512244,-0.5124428550307168,-0.08427010214769656,0.10766284592648354,0.10658929492192563,-0.11199791666752891,0.19999999999999996,0.11274968326543465,0.05381349331207533,0.11400585719710954,0.10891080656174595,0.011012283660324059,0.020503593126710205,0.057198072506042384,0.048229492528283326,0.047130446994931206,0.05466108032771558,0.04091828766496891
28,-3.742923464883855,0.26279350331316625,-0.5803853754521275,0.04536541893657784,0.16481264584756097,-0.07294314317183513,0.11618056331300021,0.19999999999999984,0.18991911732444341,-0.07382117482810126,-0.12267086324976491,0.014287073328716414,0.018795853325379613,0.057854741799185504,0.07886531285420191,0.04483504445494013,-0.009855339179481813,-0.01245526282317459,0.0016764390317149387
29,-1.4404229603267318,0.2668809420916162,-0.5736824379770517,-0.07121848012860872,-0.0674975666791304,-0.046617758575886126,-0.10345258977515355,0.19999999999999996,0.1464900427124373,-0.20910513586163273,-0.10851954599407268,-0.04709888027307853,-0.03984350080627286,0.010496037746913807,0.05788891521729395,-0.0016731299597139478,-0.05431334261057007,-0.04729360167512402,-0.02634073025978465
30,-1.4375000988446907,0.27979148660328435,-0.5531655042025388,0.060968309915923974,0.16175009750820082,-0.04091239835552777,-0.16801308504599088,0.19999999999999996,0.1739102711841756,-0.07381771629312268,0.0012980217593102806,0.11933009993774801,-0.02631472523191687,0.023598195657009113,0.07067494038870095,0.032162738940764504,0.010664264263079325,0.03492667989259474,0.030166062531294613
31,-10.907472282769191,0.313283275713051,-0.504062788838062,0.1386317265945227,0.15421690991186343,-0.060089816968594764,0.15766769781975462,0.19999999999999984,-0.05212853496529865,-0.02317333066259689,-0.0988023091186048,-0.11528967395876433,0.008315091856909092,0.01530056169356109,0.0382080139084126,0.0134198191736318,-0.006506755631770798,-0.01339534107332418,-0.020265219554035152
32,-11.679591413611734,0.3075482569864592,-0.5120867299743506,-0.004677323822768414,-0.18127392135340492,0.08553700603344978,-0.24116638176386573,0.19999999999999996,-0.19297400230010472,0.015176102847882107,0.03740208960205456,0.0417931722764698,-0.024698461619537572,0.0011280863962901443,-0.02800598623936408,0.018211544723402445,-0.02437592991777102,-0.001399669855587176,0.005720295441276614
33,-13.02925598731187,0.32042278882166525,-0.49427660398747203,-0.09099414172160555,-0.10592388950067334,0.0001723070888684823,0.05167573364615935,0.19999999999999996,0.15319694515932247,-0.23207887211291725,0.05951462783496805,-0.10644348293548557,0.0025464217362430237,0.01653264367595169,0.0343549750947816,0.011192492440569479,-0.03108454873827153,0.0017481027505393358,-0.0134771563294116
34,-0.9073278489965233,0.25171960530106596,-0.5990829579022393,0.026445524764322628,-0.13937203962807693,-0.08182517561998279,-0.04183359796008665,0.20000000000000007,0.15721932395026558,0.008529738362914046,0.2165435500206868,-0.12823104969366456,0.07195929110422059,0.053611080561984506,0.07509244378532161,0.017914295425435774,0.0,0.0,0.0
35,-5.9307086957966,0.28736315182944394,-0.5415689215988535,-0.020727893837801034,-0.12711856874438923,-0.09207974145117695,0.06635290911231567,0.19999999999999996,0.12526213074780868,-0.1063325066277265,-0.04824360010606214,0.2138826493727198,-0.018293325708001382,0.02300342990600015,0.04849303938490797,0.022905748799056862,-0.013963587695579064,0.010405939409014119,0.039354491769896846
36,-6.973895962576371,0.32162021031403054,-0.49265666840592837,0.1371473776620463,-0.09856891091169842,-0.1235150529440568,0.11726340468839988,0.19999999999999996,-0.12407714351786114,-0.010847612663353432,0.08861296854173648,-0.09996752907084751,-0.02439489468519202,0.012384544903365416,0.0400790787975431,-0.0014112529743066184,-0.005616048349863159,0.012038055548757942,-0.008580432542934316
37,-11.279177604918182,0.3158941947565543,-0.5004583551279645,0.05775051065963773,0.162231833530096,-0.028478769202181203,-0.09633232406626992,0.19999999999999996,-0.16632337437007202,-0.024108282882678873,0.1286937642090648,0.1360811410799994,-0.01891916704852705,0.010776996690765324,0.028241475737987746,0.015770125592674114,0.0,0.0,0.0
38,-10.672323314000483,0.32404206280610776,-0.4893986118338075,0.05508317386584833,0.0762088755413567,-0.12388097558194648,-0.13135646549557273,0.19999999999999996,-0.13378493089949328,-0.16003867788237042,0.007270856970582294,0.11237604376282972,0.010670547146931738,0.0012757741560324599,-0.03086889980604077,-0.014166065016240726,0.013456012951118415,0.010224398394967108,0.0
39,-18.311991868830454,0.32557260155574763,-0.48735215013976274,-0.1667064577453538,0.00645650973378787,-0.14204371183807005,0.07722386479567904,0.19999999999999996,-0.0453723156751387,-0.14544748557563167,-0.058806192422085804,0.15794346221425312,-0.009050160036147612,0.005386963476197132,0.027949573463987167,0.0028540873114903833,-0.023024007103161426,-0.013327043065481638,0.01735660084432148
40,-2.506672755166562,0.26188418323249785,-0.5818907304494445,-0.11930094529153279,0.12711584132527953,-0.10936283622052899,0.1279343473924576,0.19999999999999996,-0.05362841305669043,-0.12240200317998476,0.06080049146978864,0.0794551220637373,-0.010428086862093048,0.02676400498310956,0.06113319230433287,0.01963242356412279,-0.019655389752034378,0.003925283847376234,0.02470180135795584
41,-19.728758080743976,0.3186401613367906,-0.4966994867027325,-0.12047965984640312,0.07649516005169019,0.09618537544752497,-0.0014691220160569928,0.19999999999999996,-0.13374832928874134,-0.1481706659960795,0.14436492036019044,-0.07908676699331357,0.006764170028336612,0.010190137799019446,-0.028494426480654464,-0.006886814126824475,0.0158838781219776,-0.00867112662400028,0.0
42,-7.634355204720073,0.3077913425525785,-0.5117436000163021,0.1827446592519724,0.0020552443608160055,0.17799889819826217,0.1883785708644915,0.19999999999999996,0.028163240347707074,-0.06258152760775913,-0.06059152622790771,-0.09748633314108406,0.030272639188523586,0.05197530013255978,0.057688539236552615,0.038247339294083985,0.005573668358177972,-0.008499463826851938,-0.016084887502208316
43,-18.369086359236835,0.3295429991356958,-0.4820879101474055,0.07382112153548671,-0.05174050063463102,-0.13935373691995784,0.16199842706143808,0.19999999999999984,-0.13053700470592067,-0.1642180051017457,-0.07119602339414124,-0.007135180646678913,-0.01630420278574085,0.00010177383075004459,0.0325943707002625,0.005414614406859548,-0.031211822097520707,-0.019404102350910512,-0.00039309224719459536
44,-1.0799406931567503,0.24482317775857101,-0.61114746930362,0.01357600351384337,0.09268889643033212,-0.13198024337997702,0.15900254991043156,0.19999999999999996,0.21612916309325833,-0.05286212967761707,-0.02322675394566289,-0.11053426004887772,0.02564746886408795,0.08204809086565908,0.107922535753712,0.05874722931002694,0.014241954540829677,-0.017672450702643228,-0.015544649717540349
45,-1.1179406679779333,0.2994093921060213,-0.5237345804931597,0.06164539541594608,0.16441135651736938,-0.10441960449966897,-0.13415424346745417,0.19999999999999996,-0.13957048265033709,-0.07082466677873797,-0.08329420569131403,0.04168004497917246,0.0025296461354914345,0.0234364806587256,0.05228593910511196,0.0031974729641310387,-0.031026665234310764,0.022986329332238552,-0.012853411509356108
46,-14.540108596682574,0.32410508498991647,-0.48931415512719406,-0.16331950240607454,0.13826337433577537,0.10299779705005357,0.11774777143226388,0.19999999999999984,-0.07209785873298011,-0.022788630512546048,-0.044805283848764726,0.13797978168154185,0.02178633312913614,0.02030383100799835,0.026043843503894902,-0.0038035859372782524,-0.009793130865054855,-0.005318606524895358,0.01625738256376126
47,-7.615442167982087,0.33079443964275423,-0.48044179915807833,0.14029392673563046,0.13122603233111538,0.08611805128038505,-0.041104789188432016,0.19999999999999984,-0.0968329842658866,-0.1749138197914198,0.07285068084845205,-0.0566597155586788,0.0018949502520485622,0.023322634596554415,0.03627580736005625,0.03023746095596938,0.01056309965483663,0.030320311754171513,0.006833180056354462
48,-14.937022621995238,0.33312626044367616,-0.4773911303942375,0.16517492190325306,0.1301324380872351,-0.10958838398786329,0.09677812409610642,0.19999999999999996,0.045199381136832945,-0.0747594776359537,0.1280444460449528,0.05032282710780272,-0.012247983885488464,0.011632524616748751,0.02922345101055567,0.0077392613358728685,-0.00942092494730126,0.01473593807870861,0.009887826580387359
49,-3.092326179398551,0.2508192883895131,-0.6006390686426525,0.14340233296747146,-0.013755147063321423,-0.1708601858310143,-0.17609518695566645,0.19999999999999984,0.030466744669262292,0.11920538510761153,0.008403789295544936,0.13781122811010774,0.022014273041270984,-0.027474382465562667,-0.05888943186737195,-0.004086909619404233,0.028661769387326674,0.03448372562921874,0.029973668609305736
50,-0.7756816189668285,0.28625576202823394,-0.5432457626716857,-0.16615663214431076,-0.14313894299180163,-0.003777870802064598,-0.05609589151458006,0.20000000000000007,0.05754919031377184,0.1392217398758554,0.10350491633880128,0.13055481601881438,0.06215097507332176,0.07058513650638526,0.07473918292736971,0.050021879846022646,0.0,0.0,0.0
51,-17.67881188819391,0.3383480985306828,-0.47063625984831886,0.10289828048639293,0.18558590266952382,-0.03304453630342777,0.09633465224552977,0.19999999999999996,0.16597082511753092,0.11012502621065258,0.032724156570301505,0.07331662039664083,-0.005692231042736678,0.016217229560441918,0.027409263125463545,0.01823191073337992,0.006470442507633425,0.0003067224244699985,0.004621569363919143
52,-2.208558064273628,0.27122046960530105,-0.5666775364083932,-0.057575922970806825,0.05367724955513622,-0.08675900165015346,-0.10985986017436893,0.19999999999999984,0.13173543556047373,-0.11074948594440778,0.08485859101653744,0.16478445312811582,0.0020720684587528385,0.028046116516497247,0.0551457692430128,0.0,0.0,0.0,0.0
53,-3.468368000883139,0.296168251224431,-0.528461499012155,-0.14435387993289484,-0.07990112103193418,0.0519993498853822,0.12768817663965873,0.19999999999999984,0.13536238904182962,-0.1077692988193088,-0.13302101968466598,0.01990476496432577,0.01224312597429968,0.048389542502477546,0.06964778844296893,0.04218089960278747,-0.016413010720778613,-0.02688990991275421,-0.0038521125907046527
54,-4.795748644439719,0.31123055315471043,-0.5069177753868169,0.0417098811259646,0.03313957778216161,0.2396546977889985,-0.09238021168630828,0.19999999999999984,-0.06072976053914771,-0.07144602715434997,0.1224538774327281,0.13848596649034134,0.010136200810428538,0.020159082558241052,0.05313287312858996,0.016314624019405782,0.04253039606269677,0.009029876071119573,-0.005367421915964701
55,-5.970072658503662,0.29389945260731776,-0.5318012228074239,-0.1946622545833974,0.09218314763001836,-0.07786758199341927,-0.035579820599154,0.19999999999999973,0.026776289082875035,0.008124457269640305,-0.18679108554171106,0.17801536329978482,-0.017934135422112283,0.001586261388013593,0.03626985888665701,0.015380169320563488,-0.0064242018963842785,-0.02223623174869884,0.02667205887744854
56,-3.061111358338138,0.2951959089599539,-0.5298896655767357,0.12054822480204591,-0.15415720883035783,-0.10723121740127993,-0.006572926976980336,0.20000000000000007,-0.10275782754510536,0.1677948823960276,-0.01572699156269439,-0.12521072048550858,0.020890164327068646,-0.008340982785456206,-0.04112163396320465,-0.025585696111693774,0.02493796211060325,0.014855661586540642,0.023080773047513253
57,-4.087445231463832,0.27711754537597233,-0.5573359764958581,-0.1887545250309585,0.17589179656695472,0.07493348119667267,-0.011599654258044795,0.19999999999999996,0.13364380364804712,-0.11020922655727974,0.09381572954189348,0.011151783200149057,0.02086605065509525,0.03119920032180671,0.06065896634657834,0.0311052238515311,0.006572670410804721,0.023377862839780317,0.012738117674652246
58,-16.553753300983324,0.322241428983002,-0.4918186252387635,0.10023402092509834,-0.1393236164749351,0.14088996211089166,0.11559895951838481,0.19999999999999996,0.11215933680746247,-0.04420474829357195,-0.1058490011807854,0.04174035468887027,0.016791154166437415,0.02109686517600447,0.026956546008190956,0.011874436348950006,-0.01120364273951177,-0.016984311778097054,0.003759060527628805
59,-16.016726085811005,0.3144806972054163,-0.5024060063536712,-0.11367211874550318,-0.12541436220191773,0.16876662068778345,-0.1334283039463242,0.19999999999999996,-0.06827213815466135,-0.12954208343742665,-0.025263063094373216,-0.035641309732010164,0.020152649291311102,-0.009471035402291977,0.022815536222681832,-0.0125096255444415,-0.019305237618680002,-0.004719650309542297,-0.0020392724714866023
60,-13.455106603455896,0.31489484298473064,-0.5018344517217092,0.15385711206088373,-0.11229327915333105,-0.0952519856702592,-0.13734413931109332,0.20000000000000018,-0.04208914631593953,-0.10167060618055235,0.08583649805562057,-0.07165723325232014,-0.019738951273299932,-0.009994389924323556,0.027044206833922432,-0.00924446613622391,-0.011156312174282718,0.00800811604372412,-0.008913685323001967
61,-16.129803950848032,0.31644338807260153,-0.4997039742620945,0.03669494698023004,0.07857071371609237,0.23199519991122977,-0.13019586292576962,0.19999999999999996,0.18306779395059658,0.004385425154434327,0.12225019850084344,-0.012839858860803906,0.010983933943572445,-0.004315548629286519,0.03234007054199549,0.014180080809431832,0.0033434851373300768,0.007303023122046835,-0.004016881894912357
62,-13.59525806038079,0.325221477960242,-0.487820780877473,-0.12235358027640547,-0.143179157866018,-0.00572124323294305,-0.1301886432261066,0.19999999999999973,-0.06479914149812775,-0.14209602098760923,-0.14134182714585405,-0.05032038576693601,0.01832343568306654,-0.02027632519051921,-0.027387601003658366,-0.01871913225459389,-0.0025451659811180946,0.0,0.0
63,-1.4100958296580686,0.2793053154710458,-0.5539207991440455,-0.0760626850022697,0.01121574956153314,0.1832429711360327,0.190164121399403,0.19999999999999996,-0.06139560188996323,-0.12542907570767967,-0.04360410290550934,0.10888569239760924,0.03705921120036561,0.08358994946714846,0.10221060692729406,0.058141857780105714,-0.007566058565133121,-0.023481000294283527,0.010407118040528645
64,-2.418346753451033,0.25187265917602997,-0.5988189726901296,0.03272161383214899,-0.05843003016800967,-0.11382100525175975,0.07864832975051615,0.19999999999999984,-0.22610338313738426,-0.012269400484276001,-0.09087647862387514,-0.18712975875203014,-0.02731550216422918,-0.04449996093061767,-0.06564698880180211,0.0,0.0,0.0,0.0
65,-2.5719695438311554,0.2897489916450591,-0.5379780667491763,0.034303728530149034,0.10457230425316495,0.14538293996885776,0.1746762044357912,0.19999999999999996,-0.07187914107884853,-0.10425697889546147,-0.12099881656007086,0.043929886277656205,0.05537804634257139,0.07686432613797667,0.09072906008325951,0.04807102846592242,-0.0073380623606629745,-0.03271707552013129,-0.01482093342901557
66,-4.458066557439281,0.2819072313454336,-0.549893783677392,-0.13690440079111474,0.10090684446898593,-0.05796438593093311,0.05115913224484419,0.19999999999999996,-0.023925021618049384,-0.15718031559075973,0.12652772788627914,0.14543217146903378,-0.006466558761881169,0.017698945385046787,0.04593320892060161,0.007183235274907828,-0.022133378656990187,0.02457884974456792,0.04119689150749377
67,-6.1530820481896455,0.307629285508499,-0.5119723231965626,0.1426170402839224,-0.0761897623732478,0.08983848944130039,0.09786738145020393,0.19999999999999996,0.004720899158109115,0.1341864275707524,-0.15293407413725768,0.10164592558520626,0.01912892046887165,0.03371402413300297,0.05157179003448095,0.028039880119993366,0.03154432835706754,-0.008544172646945063,0.015945103874841104
68,-9.475546862550583,0.3296420339959666,-0.4819574147887626,-0.05688350404521017,0.1224419430662921,0.08367775480495226,0.0753230111517645,0.19999999999999996,0.00876344557840935,-0.14547127605802457,-0.06305807186594353,-0.2443809934294035,-0.022042411052919358,-0.02199924168838619,-0.04191745593781681,0.0,0.0,0.0,0.0
69,-17.176041195739714,0.32866068856237396,-0.48325223921451144,0.00870618015490987,0.08760867589830305,-0.1034789840737162,-0.1859867501874443,0.2254059774071373,0.09875305439868362,-0.04067620929033598,-0.17345089156338708,-0.07593327702608266,-0.021734790258465995,-0.012694360672767824,0.03572412146914475,0.00957431455543086,-0.01622015817133807,-0.02620707605753007,-0.005697625522746377
70,-17.315474413655032,0.3124909968308845,-0.5051624905854797,-0.09713474555085949,0.1605945823858787,-0.12934270908601483,0.07677080315579538,0.19999999999999996,0.10036048766738277,0.07042118134319585,0.11688825573139515,-0.048487235079477914,-0.011659976829158968,0.010323979530817744,0.02804681867440618,0.014453407937562647,0.0067832179283022626,0.009793239726440243,-0.008174810687464765
71,-10.110292586842327,0.3092318496110631,-0.5097157819012362,0.20285021233879946,-0.1179291759038978,-0.0046596129264164605,-0.013262149535315543,0.19999999999999996,0.09094105872908796,0.19186073466858253,0.12290729034874984,0.05558976554915043,0.03677670778767967,0.028061264300571345,0.04037442470815154,0.028431852229141467,0.015099925069912814,0.0,0.0
72,-15.117066893422882,0.34572169403630076,-0.4612733676237872,0.11880624907477272,0.1669720636140898,0.04144326856484798,0.10565613311113294,0.19999999999999996,0.047388143556273,0.04954548195768906,0.12411228836186236,0.1460763717593322,0.008636714534513399,0.015113518296873463,0.026888387028706676,0.008828027811165628,0.006417342523291212,0.018094101053274345,0.020604188800962462
73,-15.794352782952831,0.34028377989052144,-0.46815875167388826,-0.04004016804368633,-0.0981206425965099,0.15532635272766995,0.08358428462583233,0.19999999999999984,0.10369604185299151,0.1465770637263341,-0.07028591437015085,0.10236953205682517,0.023460978278439345,0.017925825645893408,0.027339888525082054,0.014901696602168045,0.01341048964518382,-0.009694326693733876,0.010807932676629314
74,-7.351904256808268,0.31791990780754825,-0.49768227617373817,0.07041365131227466,-0.19392333249596386,0.17314204718442308,-0.027184283264217,0.19999999999999996,-0.0846973546989003,0.0327545013875021,-0.019470898509790245,0.19841393114692882,0.005965703161861378,0.008134724348993231,0.03829230663050073,0.0,0.0,0.0,0.0
75,-1.2690655983300019,0.26992401325266496,-0.5687584775804917,0.1033349294677974,0.14462012034154748,0.08802178132222006,-0.1337606854038589,0.19999999999999996,0.138903883156767,0.03936188714105144,-0.1455362656497542,0.006460447517003545,0.01536868867722505,0.0329662981055671,0.07587238751372723,0.060457846378707804,0.004301825718271973,-0.01425890162142515,-0.0003576622393457983
76,-19.844701942337615,0.3343416882742725,-0.4758094688794755,0.04353206429316248,-0.17677071879948358,-0.08617688765878036,0.009999601102740943,0.20000000000000007,0.14985430898773058,-0.12308691917553166,-0.10186862662002814,0.10871087336254219,-0.0049985203279200915,0.014859275621562872,0.031520044248210775,0.0069308028993144664,-0.025822383051866796,-0.008698364594831061,0.015784437703608375
77,-5.706449846943373,0.30893474503025065,-0.510133245061002,0.10100967943336363,0.07876323042159177,-0.07147961876435138,0.034857102441073165,0.19999999999999996,-0.15374813000415957,0.16375601553411215,-0.03443564779907844,-0.16195057560226994,-0.0019116307687717885,0.012009226760796604,0.03849863684168853,-0.004155503868418509,0.02589536318268528,0.002193889690207616,-0.028600413175495994
78,-1.1798940349786982,0.2690326995102276,-0.5701949305783496,0.07995478055216547,-0.11066282594004401,0.10689289900588327,0.14029623913047926,0.19999999999999996,0.15107788585646353,-0.08644781807058574,0.011027267901340808,-0.11364028354303794,0.04320977962456707,0.07846959658223027,0.09983868073768794,0.0647341399115659,0.014655110942786658,-0.0028134406114224907,-0.021788441340172948
79,-19.099106988563754,0.3352780178622875,-0.474594919682013,0.10111121024042567,0.12793591054499545,-0.13742677323659766,0.027344012035325584,0.19999999999999984,0.03640682278771996,-0.04821313447795163,-0.17359726495144542,0.14796487172553874,-0.019948389384271806,0.007234616888875619,0.02589612710998588,0.00020882936526476803,-0.0156565896819528,-0.01858583453749288,0.02076275786788896
80,-5.049102356848234,0.3060987467588591,-0.514138448504025,-0.1716670354010915,-0.07301081486198964,0.07993378636528674,-0.13073970057803774,0.19999999999999996,0.09335775418481107,0.13447523105754025,0.08396468421279434,0.03285099333844882,0.03537143927851257,0.03817773315383547,0.045698096155265065,0.03610594534187395,0.0229323758292508,0.0,0.0
81,-13.086041431375673,0.3226555747623163,-0.49126082686060235,0.053282737708857456,-0.21704264720900554,0.0720885249775205,-0.16974281819609915,0.19999999999999996,-0.17731118793861633,0.10230834997653264,0.005992913485439848,-0.0022308205079284746,0.0015281705575313496,0.0011385449305297624,-0.02796549907161655,0.001972315822276266,-0.01615807977896755,0.021179381989178233,-0.019162019092375245
82,-19.246661883220213,0.3171186257562662,-0.4987782492198047,-0.18646846182502785,0.024731836211219414,0.099185921435085,0.04974417549494833,0.19999999999999996,-0.0022804215393143457,-0.1411954755599498,0.1900071689438853,0.10638653899056999,-0.015517876115354205,-0.008396634023279784,0.02765732267728941,0.007271710345280773,0.0,0.0,0.0
83,-0.06456505750927022,0.26929379141457793,-0.5697736591598647,0.10467886478468473,-0.07681662683859408,0.21851535022161422,0.09831479535045677,0.19999999999999996,-0.025997728028155073,-0.041556820501328605,-0.20093393002046586,-0.033185884254700745,0.06257378597125135,0.08367532916049253,0.10229497824245001,0.0570437123188854,0.007506104977461616,-0.05274415237274625,-0.046606082389825776
84,-4.938376463870613,0.2951058772687986,-0.5300221410930919,-0.021468560404926458,0.12851527919045097,-0.097437173315086,0.14452658083243972,0.19999999999999996,-0.1549394543175031,0.10611155903880753,-0.13303931095761898,-0.013962081943167289,0.0033391479082023026,0.0193041531755104,0.05228743027116518,0.011416739153437749,0.00705492831318917,-0.008022827163475948,-0.015323450153294503
85,-10.776988706661795,0.3246182656295016,-0.48862704692839687,-0.16815495844995884,-0.09359740661129663,0.01315735363306174,0.1316623119508712,0.19999999999999996,0.013337856472015913,0.17858167540763134,-0.19342586544480078,0.008082572030363614,-0.0036848641938329275,0.020815128966333602,0.035814211745402814,0.017217495692441312,0.02280463036994395,-0.013874311987195442,-0.010967603712655628
86,-2.849089148605973,0.2615960818208009,-0.5823687651503269,0.16262836721786153,-0.07358602596098555,0.10413238026723447,0.16431818315292074,0.20000000000000018,-0.063088211954099,0.022385885873028984,-0.1731885016094406,0.03667244396442899,0.02608926678952005,0.059655324526269364,0.07952781130103258,0.03758810799003208,0.013405581651802653,-0.02403854649859031,-0.01246107165187015
87,-3.4482805218757875,0.30730517142034,-0.5124301312489272,-0.15318450257952848,0.0860271451457577,-0.08723151463411302,-0.15685922198016872,0.19999999999999984,-0.11025106684698875,0.12028658205445365,-0.02109175763250813,0.06506820912648167,-0.012845407329897359,-0.013680596710104635,-0.04178600933510709,0.0011547327026061821,0.002651512922163148,0.00847220854383785,0.01237348500828142
88,-5.594771607729147,0.29967948717948717,-0.523342983145925,-0.14882661367424305,0.11951232797010289,0.15056358704977438,-0.04404913104695898,0.19999999999999996,-0.08143805327216078,0.05095950894918795,0.13990200701399366,-0.0647487710235783,0.033508973648547775,0.014323507709299691,0.03924492463007278,0.0032084973209578604,0.019591679522771778,0.03156827371037301,0.001996436436477387
89,-10.719835489518575,0.31134759435321235,-0.5067544855332716,-0.15917565297988864,-0.1618465373624825,0.02835855990892539,0.05956038860807144,0.19999999999999984,-0.10303656055429697,0.019153575121168095,0.1452478375862789,-0.12362088787888822,-0.0006214900090268157,-0.016608240022825536,-0.034290347374823386,-0.016002563656391217,0.009106108799722167,0.025697283117299376,0.011237087394930042
90,-6.852435840597215,0.3044241573033708,-0.5165208874886085,0.14650074081832745,-0.11422187307727383,-0.05762640001375728,-0.05713744194502444,0.19999999999999996,-0.1333540552369939,0.09862950465471834,0.11043886860238968,0.08209111565151507,-0.008641269647905535,0.02511847244669511,0.029754805807879172,0.021145746118875066,0.0,0.0,0.0
91,-10.044625610793737,0.2993823825986747,-0.5237737596552758,-0.08480606206588562,-0.18244019162718902,-0.20139230672800265,0.13384438855701603,0.19999999999999996,-0.003527710859501233,-0.012148920820776454,0.15268760025865902,-0.02915281908297006,-0.00938726799088456,-0.029705842633857612,-0.04281031676907076,-0.01177554105593699,0.033693159181873315,0.022575942745395105,-0.0013475718039342144
92,-7.895168444743694,0.3115006482281763,-0.506541045243569,0.12904913717709549,-0.11086976664209297,0.11127556319148349,-0.03807712062520893,0.19999999999999996,-0.05946200242095846,-0.1413961880170832,-0.15570747399931367,-0.054162747926763885,0.0035356108659487942,-0.026891033452030054,-0.037428154104206336,-0.02316261548297679,-0.008096990990753563,0.0,0.0
93,-11.537793128433508,0.32723818784212044,-0.48513602101119313,0.06148700386108534,-0.07322207068574649,-0.017044192645021935,0.166170459992857,0.19999999999999996,0.04785131773307258,0.16634339418370586,0.16146434228078635,0.10641721861772449,-0.007029550149940043,0.019516004868845627,0.03812434662061828,0.023708334653605986,0.024042153613587535,0.03392318655514036,0.027112371231112042
94,-12.504242948150466,0.33516097666378564,-0.47474655270931626,0.12697685958107277,-0.11040950206198429,-0.025522280818079127,-0.0989381586988112,0.19999999999999996,0.10422929586128879,-0.144928366678048,-0.13356974072771122,0.05542579557300467,-0.009277306551340682,-0.000919789043278379,0.03362393883899035,0.004840564042266798,-0.027852754393666416,-0.015280847203907546,0.008727067144530943
95,-12.27139867637283,0.32680603572457506,-0.48570993115531647,-0.11106577271653528,0.11840786946051153,-0.07561332783222963,0.03212551788972004,0.19999999999999984,-0.08030068475775191,0.11580869740837396,0.08948051768732405,-0.1771976122475537,-0.0054084923890352216,0.00561247822060098,0.02751274524397383,-0.001742074856047659,0.014342650506416687,0.013091459175997789,-0.021441939527267855
96,-11.559584492674146,0.338096009795448,-0.47095995474160907,0.03224851698427178,0.1510620807315148,-0.010855845164315871,-0.09861596966944026,0.19999999999999984,-0.18745380157618446,-0.043760946452159395,-0.06856945008877942,-0.20743338933333408,-0.01492989730899769,-0.01582547842032098,-0.03191848631422342,-0.008682301631690256,0.0,0.0,0.0
97,-11.832035495117355,0.31128457216940364,-0.5068424032099698,-0.2243652914217862,-0.018382547106518182,-0.07109846303254562,0.08363205975705243,0.19999999999999996,-0.07423289132575522,-0.0178413089504538,0.14202336497482862,0.16842407343105995,-4.321618644891838e-05,-0.006766199264282064,-0.03391190840744898,-0.010018589896073096,-0.008290335067587204,0.01692096853904175,0.028549227044720432
98,-17.82678955508418,0.3054955344281187,-0.5149951336616917,-0.02851975864514281,0.11853235095374248,0.12410709542994972,-0.10697901405649793,0.19999999999999984,0.11079098601363965,0.11936753554488477,-0.07438438588276126,-0.11731887347338153,0.004686542707126644,-0.005524701893113642,0.027445914291137945,0.013636205427709895,0.0026249313448452457,-0.02097272849527212,-0.012687048452180303
99,-15.35044024602733,0.31481381446269086,-0.5019462184562988,0.16460649092604643,-0.07037761271204865,0.07026016287052848,0.16056077281925943,0.19999999999999984,-0.04522173956462537,0.006076798957310881,-0.12351256485696963,0.15938385729321128,-0.001963200765705558,0.02060461633615876,0.02961126732763213,0.008402184208527097,-0.009652421010210183,-0.011255168691448597,0.004783709421092483
100,-0.2650487258109919,0.24151001152405646,-0.6170648613533293,-0.12929869147804648,0.14050164384059383,-0.1433845073011642,0.11022337963570096,0.20000000000000018,0.04583659925663542,0.08204566786372536,-0.0026019902532317812,0.1461075203709019,-0.020354218149957994,0.04258633558299196,0.07714867603038096,0.059840289474014555,0.04969827875359506,0.042890634735322605,0.0612932376678495
101,-8.462755870718556,0.30541450590607894,-0.5151103396261763,0.02742313563025529,-0.07965888213156433,-0.08092602647835875,-0.12294098511213987,0.358437399038807,0.10740925883504948,-0.023389420009862737,-0.16377179947966078,-0.036043093284301726,-0.0233952859517612,-0.0008882077421222097,0.06219751672727137,0.02468110255558355,-0.008377112243836884,-0.028273805920407617,-0.008509316550127898
102,-2.623206240499645,0.27762172284644193,-0.5565465549922562,-0.022399180376386146,0.10513813451520239,0.12867029920106812,-0.10132684214062537,0.19999999999999996,-0.06169821991224191,-0.11631724310760294,0.1034799183700435,0.16097016237682962,-0.018354827456482318,0.023609312240506587,0.051773361239983544,0.0,0.0,0.0,0.0
103,-9.40413627055028,0.3270131086142322,-0.4854348379063181,0.14815185879179127,-0.12090666677791945,0.11209519464537719,0.049380202013469855,0.19999999999999996,-0.14853244891024214,0.08979540221356402,0.1198661169441904,0.01127210970344561,0.012792871492840436,0.01838546496384306,0.03322238910308749,-0.007584542404626657,0.01069317701616039,0.025206506969761493,0.011858881216247844
104,-3.208997185998882,0.28023264188994523,-0.5524812788753024,-0.08238783526158115,-0.12143037762916589,0.07628840434617801,0.020824082866113754,0.19999999999999996,-0.0941242828734505,-0.12475603713675278,0.1288504509336111,0.15133852895314684,-0.023995712717779925,0.024726721332913103,0.04687354282281846,0.0,0.0,0.0,0.0
105,-4.743225081257037,0.2995624459809853,-0.5235126319788863,0.05111314059901814,-0.060287138166982834,0.05846202638554298,-0.1486172535116271,0.19999999999999996,-0.09527899116527265,0.11566778052356542,0.11674496135340479,0.15382870829458617,0.019986755531407833,0.04004242647907051,0.05104378279813539,0.02874355650804401,0.0,0.0,0.0
106,-13.562635096657841,0.3308844713339095,-0.4803236141403671,0.02126530536042278,0.18059259228354507,-0.015022705512533265,0.1211062190558789,0.19999999999999996,-0.08026189595893043,0.14152513344638956,-0.08436543969953089,0.1558607086827692,0.0113437624741593,0.011676239686307079,0.029032991096852184,0.004580627799393275,0.007194182198703163,0.0013333433856342204,0.011300905292211807
107,-6.460601091575224,0.30490132526649383,-0.5158406879512002,0.12339772741689067,-0.19927055937848434,0.10470891041515434,-0.1668282935540677,0.19999999999999984,0.01678441391067718,-0.021721595427294547,0.08544315339411837,-0.08184534650331303,0.0013802380270301084,-0.016211718986159217,0.032299937041668725,0.008224134905635212,0.006110985181979346,0.01075058551773912,-0.009887223674548197
108,-1.6597720779703913,0.2738403918179199,-0.56250249246995,0.09851159205613712,-0.11706239836406437,0.14365523837667724,0.14941649556372288,0.19999999999999996,0.11921493733867188,0.003447486841191523,0.052517254352209164,-0.11617459710732592,0.043925967930629646,0.07436676920496793,0.09530202827194272,0.07562188847421616,0.04419518000387625,0.027154679409854086,-0.011304975054157616
109,-2.9958891406099184,0.2983920339959666,-0.5252127751597357,0.14238226562770076,0.107677280070372,0.13783947896486726,-0.14857489615934502,0.19999999999999984,-0.10602216922863016,-0.008477970055793514,0.10044982313054465,0.04857611676274676,0.024340897531365514,0.04942938566059783,0.05594603358694549,0.021460573920800596,0.019174760185000125,0.024708684822970832,-0.005718734855302181
110,-14.139867369968224,0.31509291270527223,-0.5015613651776589,0.10762637475300707,-0.06825050315084692,0.22152381876968258,0.0016728272333516481,0.22181702279121462,-0.0425542699896559,0.05013720623824773,0.23481659181044154,-0.05160138526355205,-0.0008113499627694219,0.008233764154905203,0.031048104988302436,-0.0011460992013976978,-0.003188582353905721,0.0,0.0
111,-2.826383129892161,0.28380690002881015,-0.5469770500060673,0.030034703401678475,0.14234204575241588,0.1670033833051353,0.0669141289876273,0.19999999999999984,0.02787413190677221,0.06624740795545023,-0.22149020962517557,0.07809398906574516,0.06646042855889107,0.059489367533234666,0.07638177379105446,0.04981386080909924,0.02893294592390799,-0.028675999994103838,0.005752157788012966
112,-11.433561881217596,0.29071233074042063,-0.5365365469741563,-0.056683329638088024,0.2197501347802588,-0.15481705840923618,0.2119612913999894,0.19999999999999984,0.011601153818110903,-0.01861025335127866,-0.03878503426178737,-0.08779174434125081,0.016057672478191627,-0.002285848976931006,0.04239677138113925,0.02658851908841748,0.0009050936564699141,-0.005888377218410229,-0.009790515490414079
113,-9.50604960562276,0.3015701526937482,-0.5206116441081439,0.01613277777074578,-0.16895054319185107,-0.1373926000093702,-0.01602502891197243,0.19999999999999996,0.0977552336415952,-0.049028675515923804,0.12462735418999246,0.19008778676854904,0.0013164781814516513,0.020906872545467508,0.03739824389770249,0.013533570665623992,0.0,0.0,0.0
114,-10.328386019758556,0.32103500432152116,-0.49344761134946485,-0.10651952949336231,0.17806439342502733,0.16604144334976254,-0.03119662196362856,0.19999999999999996,-0.071113987759302,0.06755694301388747,0.01705058255180783,-0.16245649844322194,-0.01006737218694462,0.006171107452811864,0.03702758988134808,0.018086538730026358,0.01750087426252578,0.017009438449386995,0.00137705518723369
115,-2.4332581942841998,0.2842930711610487,-0.5462337248793506,0.10697929276470382,-0.14018562753014494,0.09785117075210487,-0.03532736170135866,0.19999999999999996,0.12424880926270229,-0.045405938153042044,-0.09754723411792247,-0.15245456571802102,0.011949402273170876,0.024983789269807526,0.06616246349483837,0.042787400371904205,-0.0026229281778936387,-0.03781445403714393,-0.04114270786866674
116,-4.105503050512034,0.28179019014693174,-0.5500741298895871,0.15870495790042977,0.12553862677426897,-0.07214687565218642,0.08802597339844094,0.19999999999999996,-0.11997948466563099,0.022733212606357394,-0.1030526455503295,-0.10981822345235609,0.010967349075323216,0.028689975569592185,0.05340583614372908,0.0060770708928516125,0.001404423419687443,-0.02138687620149944,-0.03228326314359963
117,-0.5322012096577424,0.2535472486315183,-0.5959410978379874,0.06830251878851896,0.04012204202431208,0.0387974006124935,0.16838776123405347,0.19999999999999996,0.18428862013368463,-0.0670059814680652,-0.08620808028736258,0.14688759545150964,0.053943118739847556,0.09691696971965427,0.11737763441561483,0.07775889958151554,0.010728158001237427,0.021103159655654014,0.04388146187994549
118,-8.81750215226645,0.3227996254681648,-0.4910669778446502,-0.11029463647002556,-0.006975464533192919,-0.014937971457513521,0.062967365857382,0.19999999999999984,-0.15805751185643532,0.10936911933521772,-0.11876895054680536,-0.2186289799434277,0.0068736659280820645,-0.017201956881611503,-0.04150358067595606,-0.01632431544763604,0.0,0.0,0.0
119,-1.0066822253391763,0.25400641025641024,-0.5951553231286537,0.15023184201917997,0.04212968549264508,-0.004049836712531435,-0.0882101720034503,0.19999999999999996,-0.059361100002658033,0.1625129456071061,0.09160693365495115,-0.2018974845074779,0.04369246125872555,0.030506393135800468,0.06418639687473988,0.01993482135533781,-0.032291016481208835,0.0,0.0
120,-14.689612152618846,0.32379897723998846,-0.48972452735451294,-0.09453878859609131,0.11136154113481161,-0.01721088234402165,0.06829089323271462,0.19999999999999996,-0.15549529356316186,-0.17875496453371895,0.09597212075461108,0.07837551584086888,0.021110370869527682,0.007329858658046586,-0.03300298717181855,-0.011023558041245461,0.020155125826426097,0.009234263528645299,0.0
121,-12.776321120335057,0.3298130942091616,-0.48173210602959887,-0.176238962013309,-0.12680977899981766,-0.002228295885694236,-0.1398559293437731,0.19999999999999996,0.057926571342650536,0.05187577343224425,0.15892265969516395,-0.08614202928734743,-0.00017124528933261455,-0.010477958828993897,-0.03068026720279166,-0.01630008347139512,-0.007079411971846744,-0.005910368115142008,0.029709938014181658
122,-6.36231408334619,0.3199816335350043,-0.4948749488154489,0.18841540900312873,0.06977059192930965,-0.1241939231141519,-0.1552713740792894,0.20000000000000007,0.07368513609188759,0.0876361881557323,0.005609991192784035,-0.09541738643371636,0.0002211919202473532,0.013063669510698112,0.041490076505078875,0.015448437827965142,-0.025860667886105398,-0.018741616259236097,0.03596195272983618
123,-11.501392812731828,0.3319378421204264,-0.4789432336195803,-0.07305096270567803,-0.16554970529459248,0.09637127475598392,0.12106659565260777,0.19999999999999996,0.0704641025083013,0.04684780425652149,-0.1267951138059615,-0.09985444102035357,0.009326074439022895,0.025575904351900637,0.035357491222628795,0.018796984882387714,0.006884107549749307,-0.01835560289110727,-0.01904825911475938
124,-14.088469907893593,0.3292729040622299,-0.4824440060036163,0.17513975444906144,-0.1253192093876148,0.06278100143843983,0.04765570894147523,0.19999999999999984,-0.11073436402571547,0.12353729435970343,0.04185929257263659,0.11297337482535329,0.0046548069061906885,0.011964601832305289,0.02593369176867417,-0.008467103368019613,0.012689888098127499,0.01087339833964859,0.015831615290348836
125,-2.914556865979378,0.2786390809564967,-0.5549579709937634,-0.029757309773258245,0.15189277919259286,0.16194888971336546,-0.022427948365699227,0.19999999999999996,-0.21112548061275624,-0.04655878167406698,-0.09796598087824675,0.07832282979001431,-0.0027687280662754663,0.03233236768908432,0.058785583223734776,0.037146768588410636,0.05112194325119257,-0.006286244503654087,-0.02895047018709966
126,-12.57664240150564,0.32604976951887066,-0.48671610245458335,0.13813532374296422,0.181834742709161,-0.1405197894529878,-0.03965057318165164,0.19999999999999996,0.0004159454467023385,0.01680641894555461,-0.17292092286506694,0.10971628365591159,0.0005407657419198284,0.01395999059929322,0.030449362628455275,0.0031930394465585115,-0.018684146418547015,0.015663217998184525,0.02130098952948179
127,-3.3775813755931807,0.31557008066839526,-0.5009041791526444,0.07863804556212003,0.12625465947481135,0.10756143095569334,-0.07515052514143794,0.19999999999999996,-0.1500682405503042,-0.0967988172106117,-0.08188625782663772,-0.08364202327838378,0.01091727914169919,0.03476721322805786,0.04858893929376148,0.028830374242149435,0.024592741596176203,0.027855459365292986,-0.027484652212138652
128,-5.000696767005596,0.30396499567847884,-0.5171764264536817,0.028057578209973528,-0.12926167135135017,0.0860743645999786,0.06937486603494097,0.20000000000000007,-0.1351767172399093,-0.15829183067798663,0.04975568947616709,-0.14400728240969365,0.003272044694843255,0.02354544548887268,0.046015353274582005,-0.001183742182026909,-0.03573140674984454,-0.014030316133447764,-0.028037096708047694
129,-17.64185512154849,0.33003817343704983,-0.48143582510919447,0.12359610103730186,0.06639779328821291,-0.20821444199007438,0.04784793514585055,0.19999999999999996,0.02184875006652321,-0.15335206238046856,0.01571214296091674,-0.16303077313065178,-0.026859074403499685,0.005963098491317145,0.028389453595625135,0.0017502128843478908,-0.02258222342366072,-0.004204797212277019,-0.01743442836389947
130,-8.984383784329573,0.3267250072025353,-0.4858176237907615,-0.08497954562526204,0.12632099287144052,0.08130577638598467,-0.13028384837302442,0.19999999999999996,0.009483095540117068,-0.11855680059170501,0.15297189190653931,0.09609804870592698,0.007562739783584086,-0.0055960332938286145,0.030849554023393993,-0.0007312068753779878,-0.0071877466118566435,0.0291746584600183,0.020472143918431784
131,-3.899807769147209,0.2736243157591472,-0.5628453114446541,-0.0009877313748015302,0.07838257117597908,0.03483350632278173,-0.09977861136051008,0.19999999999999996,0.14617689315912238,0.1555698863569608,0.20626840569809943,-0.07800239455174499,0.05988357017429181,0.06814636549407585,0.07835251617578619,0.03915764992108068,0.010881687717642752,0.0,0.0
132,-0.9444159584241802,0.24837942955920483,-0.6048843746744141,-0.12931119130738122,-0.12654735348288623,0.060032746477997986,0.028661518632682653,0.19999999999999996,-0.11813491076466731,0.14108763435360652,0.17473331105859438,-0.02149133392218372,0.0112842778155516,0.03944278684199265,0.07188665591413435,0.04058186710037507,0.0,0.0,0.0
133,-16.04098918274292,0.3150388936905791,-0.5016358262977562,-0.009839214631835218,0.1722859783324563,0.026172362318783133,0.018428307439398703,0.19999999999999996,-0.13530218326772725,0.17900027222562584,0.18686867126538306,-0.0721030105187906,0.008348368733442382,-0.004434192521435796,0.031157889117796215,0.009862597140932834,-0.012427402547275625,0.0,0.0
134,-14.445413935229903,0.31740672716796314,-0.49838387297825665,-0.07046430395614803,-0.13088950270681807,-0.13441072905326926,-0.11093101331267942,0.19999999999999996,0.14976566090046012,-0.14015190295019747,-0.012602829787873826,-0.050784057332553825,-0.02011636334286098,0.00130950787974071,0.035698612566723964,0.00865146048515574,-0.02180965680905236,-0.005361810962022487,-0.005308614504228591
135,-1.5529258152645689,0.272597954479977,-0.5644774073472427,-0.027007135078155504,-0.17443099593787173,-0.07630953519005826,0.08057115011724286,0.19999999999999996,-0.16817998709138623,-0.05472358078882726,0.04341170058960491,-0.17536591520685335,-0.0034783202382238847,-0.027360671470676404,-0.06096205242552388,-0.0356392206510473,0.02303774240565068,0.03584933270167256,-0.0311478285969296
136,-15.823909730191641,0.3252845001440507,-0.48773663042329574,0.1678876220940911,-0.01198187845368389,-0.07620780239322304,0.14449653765274148,0.19999999999999996,0.016704069047138816,-0.13345560774350992,-0.15097083547680368,0.09829564713880806,-0.0111424635181589,0.010978083211352607,0.030448107756769406,0.009917717051736595,-0.019691455603456975,-0.025260902168095258,0.004580800315690256
137,-8.546407944071944,0.30469425237683667,-0.5161357380469916,-0.1440597313816395,0.024778589431665575,0.14658136689982812,-0.12888555264960383,0.19999999999999996,0.140041016283634,0.04380682139271985,-0.1107669458300266,0.06107997613088259,0.011230301128601012,-0.00011540825556978001,0.040577393919808136,0.02937249309399516,0.0028349384289363087,-0.008781528516310418,0.01046568456443439
138,-4.981996621143534,0.310456280610775,-0.5079995498395409,0.05041383935730141,-0.13856839051082936,0.14805278719217219,-9.10393860372707e-05,0.19999999999999984,0.08677025567856951,0.0817526000965689,0.15508992867496563,0.13926115910355583,0.040087651405828185,0.04797421276745962,0.058318702693336805,0.043836658931604856,0.0,0.0,0.0
139,-14.919933544230382,0.2992203255545952,-0.5240089088811585,-0.20482771586102602,0.1448799299845529,-0.20413211113877933,-0.009875123378954149,0.19999999999999996,-0.03452809671555848,0.05995853860782503,-0.017681840138881185,0.12411664417442297,-0.024800183349962077,0.0035396741044260013,0.027024184415995762,-0.001027345245757653,0.004621085410142819,0.0004986058746214801,0.01578718890524029
140,-13.009972790937526,0.2993103572457505,-0.5238782547039085,-0.05810915126007427,0.17629291462983657,-0.10179955015426823,-0.11483660146745918,0.19999999999999996,-0.06142408720051787,0.14618971478143453,-0.07400732206674003,0.06734065843966938,-0.018341306606726615,-0.00851143042103722,0.025096965091749163,-0.0005989125714532481,0.016035795129942444,-0.007264294462493886,0.009154165484149972
141,-4.94206566958214,0.31624531835205993,-0.4999758949984694,-0.1476493144196573,0.05049153846409234,-0.08657180574267075,-0.093836186325705,0.20000000000000018,-0.10247659054707707,0.06792688653955213,0.12989328215311213,-0.12115439580813316,-8.128127466195791e-05,-0.0076348782358282566,-0.029576338427073863,-0.006783589666586504,-0.025054411472519002,-0.018956236391619093,0.024852753481677085
142,-13.827829839590613,0.33171276289253815,-0.47923781835941914,-0.04378916684918055,0.09426511594972022,0.14769264382684114,0.1160739293983132,0.19999999999999984,-0.15645624124059945,0.13740527081672965,-0.09885793421301056,0.005459697705605366,0.023982761898045366,0.02321743040150042,0.02626997916513696,-0.005586968945402666,0.0009033673540449063,-0.0007474851359691653,-0.006077459127630068
143,-17.207571855751194,0.3111585278017862,-0.5070182919750055,-0.11000630186047318,-0.04505462737971857,-0.046647441254945944,-0.16770532576798025,0.19999999999999996,0.15063518376065366,-0.18515153600521078,0.061779527771717704,-0.0330200561992999,-0.011264522867753755,-0.004424265665921219,0.03505763311447688,0.004130147914613309,-0.02271533698010809,0.0057810658647666465,-0.0030381003254696796
144,-17.776535797638473,0.3282735522904062,-0.48376410526035796,-0.13949648711892218,0.04988302240206905,-0.09818973789479539,0.0853578577970267,0.19999999999999984,-0.10398043953937403,-0.19522722143185006,0.012485131477940921,0.11538010233802182,0.026125294009870785,-0.004118083729406851,-0.030549099803180147,-0.0073420719885844326,0.018177556535421194,0.007974742905913301,0.0
145,-18.020092375976866,0.32910184384903485,-0.48266968449013553,-0.19112516375687502,0.00746545682383469,0.14807067871073873,-0.016864052894396245,0.20000000000000007,-0.017270466018737354,-0.02521125097360702,0.21030861084845084,-0.18368431997336004,0.0020201871164222084,0.01617117490160721,-0.02566808112929306,0.0,0.0,0.0,0.0
146,-12.700109462176691,0.3214221405934889,-0.4929242109379634,-0.15469539389244674,0.13292755331036168,-0.12605232017285087,0.15169280388216594,0.19999999999999984,0.0590432334709613,0.03880243682493221,0.021034049286557128,-0.1157522091597242,-0.002095076861475973,0.00885893603347376,0.03471579419268375,0.020929073660408977,0.007005424580089324,0.002623769366042547,-0.011448824559564483
147,-18.169931809576926,0.31884723422644773,-0.4964173458569097,0.026528010172503835,0.013001570359952374,0.09967274182813048,0.22837616364746516,0.23767608056401146,-0.07173904674637842,0.15703779492708042,0.11150364701244908,-0.054464944742028794,0.006261670891424123,0.02230620851978847,0.033535415115752414,0.012728536554316253,-0.010466046469276546,0.018785784989701373,0.003503941539552445
148,-10.542022123318711,0.2716976375684241,-0.5659141377891678,0.12267810724574868,0.09902075042791096,0.06542185205266668,-0.28851338527302145,0.2327989859013362,-0.028312565575659032,-0.026156563616580964,0.06967311154520668,-0.06742467836186937,0.02169020020742975,0.0054289434670451945,-0.03496143727320457,0.027126306429256418,0.002405319281038222,-0.0011582612621705457,0.007855772769837802
149,-18.182367981663575,0.3305333477384039,-0.48078471769676323,0.10063967440258387,-0.19044758041057133,-0.10156199355272974,0.18211342893030316,0.19999999999999973,-0.023144691679796135,-0.07083320627232721,0.014222950506934333,-0.1170364742447544,-0.026527343137280855,0.008570800149196863,0.035569654115507846,0.012996460217013745,-0.01572987615473359,-0.008731746226105397,-0.0057189120574414505
150,-5.23380253539157,0.29785184384903485,-0.5259997070609139,0.045271839757254184,0.14713195825332726,0.12024788335090854,0.07853712174530014,0.19999999999999996,0.08472260020041726,-0.10570169554589905,-0.1431073620482753,-0.07527953909861836,0.0440225100095301,0.04378351424850488,0.06190486801733869,0.03784817892775572,-0.00962513176036574,-0.03183279075785457,-0.023849920763011574
151,-9.262792473083582,0.3171366320944973,-0.49875359020992394,0.19357567741973886,0.17001284487426602,-0.07217042179155658,-0.10698887372929332,0.19999999999999984,-0.00209199449977073,-0.023022648853435117,-0.07328138812129233,0.15885615071064718,0.0004223736893450487,0.016508461521411243,0.042637424390992176,0.02227367390841933,-0.014530387053903639,0.0022716388743570905,0.029607745360708843
152,-17.3930333893587,0.325680639585134,-0.4872080577423217,0.11379747131459453,-0.10692105307582898,0.10250122308273954,-0.14750588002023463,0.20000000000000018,0.019770092714510353,0.1475804706348243,-0.09058659539744786,-0.0713372137598197,0.00665418857887394,-0.01073767880383642,0.026879073195794495,0.005731571663915437,0.01166825521728929,-0.01881717507806107,-0.009006572988257246
153,-13.880807984576844,0.32749927974647075,-0.48478965079426617,0.1379612418129909,-0.14358202278997945,0.05093443849262683,-0.10571324204766586,0.19999999999999996,-0.16517263020945647,0.06724425850577159,0.01975334010195439,-0.10963882603955452,0.0016130714286675747,-0.0077291200653018125,0.02233399560951197,-0.018622900454397774,0.007534557004142582,0.0003607258202446444,-0.01449193589616176
154,-8.85669415328654,0.29894122731201384,-0.5244141868027411,-0.015297352874697677,0.15144758921896265,-0.14626914347173967,0.12738690727325347,0.20000000000000007,0.1638259130992132,0.1439099308010881,-0.006691268222259208,-0.045171895038786,-0.008006423831841844,0.03494567706926675,0.046753014368203234,0.0428463668094714,0.0269274090898419,0.0027585831658752226,-0.0021951191879163233
155,-3.486213083701621,0.3045231921636416,-0.5163796263639857,0.03494352079831257,0.034179717926098085,0.05043056774701238,0.15327567126797612,0.19999999999999996,0.11512637663077213,0.14946247882426633,0.12839634402444677,-0.13418532278111564,0.029458361398023807,0.06045407816202865,0.07721014779958883,0.06981637338218266,0.0735250950547324,0.0516945022125052,-0.0018187235287815213
156,-11.216843093110338,0.31616428983002015,-0.5000871843898257,0.09405513605634551,0.10113213020233668,0.15067056810771481,-0.13782520692426395,0.19999999999999984,-0.05717145089391276,0.056299613161666366,0.12396993793584041,-0.07887595671791965,0.018558411974308117,-0.009399585688819172,0.026627050042914994,-0.0022415535139987805,0.014726831755336135,0.016712388280888557,-0.008116641082987352
157,-4.8896587677894345,0.3022003745318352,-0.5197050017540797,0.03982372430006055,-0.06046129454772055,0.1290788949756117,-0.15265594234468996,0.19999999999999996,-0.09188359513428332,-0.07246349754540934,-0.11904539904448805,-0.13458765210773657,-0.02012759571934007,-0.034278344609759204,-0.045296113158989966,-0.027623675046246698,0.0,0.0,0.0
158,-16.638613689770892,0.3255005762028234,-0.48744823830474415,-0.16972235894054857,-0.16832812811357853,0.06085138513978081,-0.042953814233843826,0.19999999999999996,-0.12129613771830373,-0.07847221779697473,-0.07425959296164278,0.08411636509532709,-0.00015952492105194847,-0.009579823716995433,-0.02809282312950331,-0.011388170007246925,0.010911136439168431,0.0082260239807939,0.01633766554010876
159,-11.719543854598287,0.2845811725727456,-0.5457938355174966,0.0008326673948436447,0.03537889441068933,-0.058894514004790496,-0.22392349187580782,0.35529581095756835,0.12421455838536621,-0.01393122253569098,0.09749054659422719,0.09003829384101592,-0.021144849819830152,-0.00994739395335089,0.056283208424627446,0.018024925355599707,0.0036987656551420436,0.01808481414096398,0.01433939624250144
160,-2.932519791133984,0.2946197061365601,-0.5307382080020633,-0.24131468719369717,0.09746848303003677,-0.02648246464288518,0.08933681508537429,0.19999999999999996,-0.027519105317786275,-0.18258109889970547,-0.057842263844379585,-0.07745508198613538,-0.003658936380649994,0.0284900145135638,0.055787889881666,0.011422694973452214,-0.04013463619456955,-0.0370700961247444,-0.033933005872116416
161,-6.008756831313518,0.2966094065110919,-0.5278150801077627,0.028080938703128652,0.12243273306173193,-0.13990915959107258,-0.005004207205479548,0.19999999999999996,-0.1750404316448421,0.11176774185227457,-0.1288904798581417,-0.08887430808332891,-0.01581199627951936,-0.0019305710298913807,0.030701525406370285,-0.013430741391448241,0.008216741298867566,-0.02124722018742465,-0.02557851109829538
162,-8.72869519493618,0.30302866609046386,-0.5185162859002238,-0.1383437702985662,-0.08373938729581609,-0.1461968809548455,-0.03026911790806052,0.19999999999999996,-0.1484507960018901,-0.1019671913914226,0.05940272504502278,0.09163013110437632,-0.024142667852149354,-0.026435692679275508,-0.032459223495430796,-0.01354055781069654,0.022888433306793153,-0.01521482859431224,-0.025328664678773136
163,-9.710163858295564,0.31226591760299627,-0.5054754144399698,-0.1508058718348902,0.16100930647415027,0.16652988704814833,-0.036226726835631266,0.19999999999999984,0.06754052680291704,0.06594402727286167,0.0800416415850628,-0.07190201214633851,0.02894461775750341,0.008648117446646385,0.03585390946439418,0.020949621849097426,0.01901630928066724,0.01397317620481214,-0.006071988617136293
164,-15.712752179604582,0.31836106309420914,-0.497080053740187,0.10743654535473667,0.059564755961812196,0.06095794105759413,-0.1264627029642193,0.19999999999999996,-0.0831581680306932,-0.0834143113307168,0.1903651765386508,-0.08864039876157695,0.0027591366354862016,-0.012481011834566975,0.022707334700343702,-0.012287017763866549,-0.006963081278193283,0.022388276294625798,-0.009837503238423114
165,-16.47563514095148,0.319414433880726,-0.49564546260856873,-0.06434510299688762,0.13977750684919799,-0.0834740420894812,0.13073753856438994,0.19999999999999996,-0.12704507541961424,0.11226786633526549,0.1178932875976576,-0.024459580147505943,0.004950058743069978,0.0036639597822920103,0.027479900784814344,0.001087965519637881,-0.004924728754215515,0.018394913705231365,0.005011445935117772
166,-8.707418246430834,0.31237395563238257,-0.5053251828506125,-0.020561392910920316,0.09379879945656025,0.21292409300772655,0.10897522387860807,0.19999999999999984,0.029329111111289264,-0.1368482342228964,-0.1377193307165373,0.059843814695461975,0.0009666807211034581,0.025352370227120065,0.04522842106548005,0.037542662132662614,0.04354104053087388,0.010349255746000775,-0.022823257600266298
167,-1.703971673270626,0.2764783203687698,-0.5583389175721161,-0.13288278482055155,0.1616831177473122,0.10707445471198104,-0.12031886326602577,0.19999999999999996,0.03527202838432444,-0.1113318079777681,0.04697144980800252,0.08446549328403448,0.028478894915039736,0.007399186630852893,0.05325853135509061,0.020369283881421778,-0.00947430036615362,0.017298583811503808,0.029267440925311253
168,-4.345826589071169,0.26776325266493806,-0.5722490250084576,-0.2931760949896705,-0.10844836188011524,0.052263187267879326,-0.024763551898449532,0.3366675568598716,0.11453356544483967,-0.005973627995713593,-0.029492653852813286,0.03468139981064724,-0.009370458014570917,0.021494038847998297,0.07749070373981862,0.04478921352161869,0.013299570775969204,0.004674017329177512,0.011607599146145122
169,-2.3454685940425364,0.27415550273696343,-0.5620030327120531,0.02035864457622301,0.07124122676684139,-0.0982374191576164,-0.20686573448494586,0.19999999999999996,0.0017912824736688452,0.07336049262323947,0.16275522374879814,-0.165389976168667,0.017509178262751605,-0.012837433677592798,-0.05379913242671996,0.003310200621354775,0.02119291907261245,0.0276965925606706,0.048393149695389534
170,-11.736301461924375,0.32734622587150675,-0.48499266189832324,-0.0774139020068638,-0.058114435178126714,0.1725191514493116,-0.0775606219525604,0.19999999999999996,0.1523547269151887,0.06972480091570725,0.18130989475498965,-0.011002466827251894,0.015972766873436527,0.006140570667914633,0.03633829427319988,0.024472897368683987,0.02286176395004236,0.021175623524138414,-3.85807556849665e-05
171,-4.255035614184614,0.2927380437914146,-0.5335208336474005,0.12276051369913066,-0.02656741205222678,0.1640034157133058,-0.08994154896180896,0.19999999999999996,-0.00616082780456054,-0.18771290946368951,0.13120298619509152,-0.07165038611018634,0.033974448170956364,0.010270066526952188,0.045936293830667406,0.003118625987158118,-0.02324455695850388,0.013627627038999383,-0.007945587347814247
172,-10.198600066947094,0.30287561221549986,-0.5187356949954375,0.18320866630181395,-0.15079499360066248,-0.11235063317840976,0.07275600234686365,0.20000000000000007,0.04297149703751212,0.04199249748290905,0.18229796747058383,-0.013627742581245201,-0.01990152865884718,0.013230985652125563,0.03576771377786914,0.015590094052744613,0.01514677065100992,0.0311807002403774,0.006148769952883626
173,-7.869218627821461,0.29715859982713916,-0.5270116966579084,0.1363367928512156,0.08291155724840427,0.10316257022682421,0.0580930127158047,0.19999999999999996,-0.09280781652922095,-0.14337605736191392,0.17140631635375836,-0.01190587671285805,0.02840957574546274,0.02578952859302116,0.04094730026001392,0.002063084659023564,-0.020391760823447354,0.019664629997879556,0.012078101118518704
174,-14.662173142065246,0.3312265917602996,-0.47987480416019096,0.007158707710208499,-0.19376729879172255,-0.1587949972265454,0.12484826646122789,0.20000000000000007,0.04777811790884483,-0.11208899852726444,-0.07412942205214747,-0.0814341913220389,-0.02835081831033765,0.008230623696703767,0.0338651005475919,0.016298745752234455,-0.014227504520432473,-0.01859556088911791,-0.012533306508701044
175,-19.465361702096413,0.3190633102852204,-0.4961231333081671,0.09420069984165297,-0.21280637605921454,-0.05507683147916157,-0.0336452121519865,0.19999999999999996,-0.018684557676656395,0.21353289630721606,-0.14469460320321612,0.027358823280895932,0.0036270842299342882,0.0022085836203122942,-0.02884761642120248,-0.0035181060228224774,0.009078046817597378,0.025978960880988416,0.002053837112129299
176,-6.918985870460187,0.3077283203687698,-0.5118325336066,0.0868703385179454,0.06201427937297028,-0.12413214095513017,0.1064677643245951,0.19999999999999996,0.07536335801774793,0.08474348101928793,0.04651486606442386,0.21389377172789933,0.02985186064122165,0.028474370491328404,0.05026008989486041,0.0,0.0,0.0,0.0
177,-6.24280110809379,0.29291810717372513,-0.5332537809214435,0.050523387213022554,0.027536928679321733,-0.1441243064524198,0.05738275522212704,0.19999999999999996,-0.1013498031824699,0.1507661742078767,0.11974355086152262,0.1485730941812396,0.02066113086897607,0.04042848796928425,0.04610898097966169,0.026872914395485368,0.0,0.0,0.0
178,-4.185060694998594,0.3278684096802074,-0.4843004258511819,-0.07246600636375734,0.16320217405504453,0.044436743536033184,-0.11235065568129714,0.19999999999999996,-0.08716546900985335,-0.15462613211518347,0.08140550727172446,-0.08434731196710647,-0.0067890870681916035,0.00016283839797676412,0.03482482835957354,0.009002267577056371,0.0028280643105780506,0.030773788785676177,-0.02016347977745137
179,-7.560772886196537,0.32469929415154136,-0.48851865546523304,-0.13281690847189415,0.16259338577072463,0.002752460230501697,-0.001385000218930805,0.19999999999999996,-0.1625879413916031,0.07258668833034684,-0.12010326771490995,-0.14517434787108882,-0.0020301141607886606,-0.014107957989407977,-0.032970929905294474,-0.017152076612947494,0.0,0.0,0.0
180,-2.663909916547933,0.28617473350619416,-0.5433687129355456,0.10771743798263138,0.1384585812679378,0.06791428697642576,0.157428044502774,0.19999999999999996,0.12908378262323814,-0.11419592275627999,0.06708265374293099,0.018119290147781953,0.05272240676917696,0.07615373156996602,0.09118643918236889,0.06394539699006715,0.012168880729467377,0.026949581303358033,0.020249492493935733
181,-6.278466939354516,0.31424661480841254,-0.5027293920125543,0.08526319967819883,-0.02828093834812859,0.17051117219623832,0.1665761799882984,0.19999999999999996,0.13516754910447115,0.11462006446810306,-0.0713277216772756,-0.028253174539286125,0.04300054919007509,0.055534391755734394,0.06399129144016104,0.05443515544855935,0.040093469541545836,0.003637671393545778,0.0009453007255019612
182,-10.26578859415016,0.3134273264188995,-0.5038631418955875,0.08294740619346708,-0.11496234898793728,-0.012196886993446416,-0.10690718702077934,0.20000000000000007,0.05977754105176419,0.08519851172919936,-0.17843523243156317,0.15957488559184313,-0.009492764234977183,-0.004155583145177784,0.03256402290266549,0.015889341425024073,0.0034344651063760515,-0.015850871450953017,0.023053305648056632
183,-13.548040955963142,0.3244652117545376,-0.4888318601978106,-0.14737212919306344,0.03816324041944936,0.0778875558742421,0.03296609112176242,0.19999999999999996,-0.17323569094845234,-0.13471179320033613,0.040798134741083014,0.15486536450161123,0.01746084661496538,0.007360578200442164,-0.03195394089714758,-0.011060087837705247,0.0187161153661445,0.018793032006389022,0.0
184,-0.5183479117853231,0.2574996398732354,-0.5892233740059981,-0.13194472710882277,-0.04963642340311149,0.09801771490858602,-0.04509389822966814,0.19999999999999984,-0.145726440733928,-0.05110624971019466,0.1491169229678523,0.12935762293783676,-0.021560370680268007,0.030858060304312464,0.06072579907629493,0.0,0.0,0.0,0.0
185,-19.022565865170222,0.340139729184673,-0.46834263840550316,0.11773683105192073,0.12258585975967123,0.17221960906961936,0.034794289350655504,0.19999999999999996,0.11376314796647942,0.031156062590883396,-0.057125126032984905,-0.15061907417778553,0.015606350493550612,0.003927774680331977,0.021791957657576876,0.006286626760949935,-0.006361589050554249,-0.017710511486889957,-0.017476702804087797
186,-1.3549870572339806,0.25921024200518583,-0.5863478424678861,-0.1364261213748425,0.12825003354290052,-0.15398779728206918,-0.021178861884654038,0.19999999999999996,-0.05545438053390339,-0.0380989448922897,0.10556653835690884,0.16103732213243194,-0.002705804776647646,0.033833891658700384,0.06089178924408915,0.0,0.0,0.0,0.0
187,-6.138263075006945,0.2928100691443388,-0.533413992850551,0.005832857796435853,-0.10844361669483374,0.10422783350905089,0.08668170486110191,0.19999999999999996,0.11489447775705863,-0.09710796040060089,0.13535316190681093,0.14745838707410716,0.02075606491112544,0.03445138779127845,0.05399733634135911,0.030550946435137238,0.004658990658720315,0.038961182257332715,0.040156584919681236
188,-19.918357199932515,0.31918035148372226,-0.4959638513590331,-0.03127744403631266,0.04773465118656028,-0.10730613076290431,0.04139855719853368,0.19999999999999996,0.22075389992546235,0.09351783059606117,-0.1732616320026923,0.08474985429147333,-0.00924026367680315,0.018035098009677425,0.03209046562798378,0.020038002963017557,-0.011935421990690488,-0.021762194797516482,0.010165433127315437
189,-12.525681026210531,0.3210710169979833,-0.4933988963205968,0.1492601593363938,0.07908947654819176,-0.15188656867935618,0.10098374814801357,0.19999999999999996,-0.07614661183721107,-0.14532408063752303,0.007489457947351817,-0.08981989686595881,-0.014889135491461146,0.00635224047685547,0.0312202113850115,-0.00015895983265260737,-0.023879794980291823,-0.007956403970649199,-0.009263953749759973
190,-11.373169615367866,0.25625720253529244,-0.5913239191952188,-0.03947267571038334,0.10177033010233184,0.03661201287606592,0.03246988209814581,0.5200704873525235,-0.05178079221459758,-0.05506211586812271,0.059197886073699996,-0.10356381770412931,0.009323545536859629,0.021852399336192853,0.07799873209560153,0.004863093544513496,-0.006841982467883484,0.005181767634880542,-0.011281955852115342
191,-12.077302004638213,0.30987107461826563,-0.5088189617406188,-0.11616797410152459,0.027282006555651064,0.1036307720937005,-0.13764102106940265,0.20000000000000007,-0.0842978931364425,0.15523253691767652,-0.15476726574132993,-0.02098053038427218,0.009612961401433874,-0.010496553222502354,0.023604291294111093,-0.0037335716139637195,0.014896064125522038,-0.02258637175691585,-0.0037653098829096916
192,-9.177714103417166,0.31447169403630076,-0.5024184398119782,0.20214242465291993,0.004590089700724393,-0.05019054374711102,0.13850014860044008,0.19999999999999996,-0.1613565611801453,0.007247474679438141,-0.0484250182724395,0.18754773916678172,-0.0019241370596619325,0.01490853505107107,0.03975863428292923,0.004798230562515141,-0.012673273010863134,-0.0031439915883159455,0.020397973442777256
193,-7.012711207080205,0.3120048256986459,-0.5058386888082054,-0.18898265046669424,0.10417871303374936,0.04341881651127144,0.0003267869275634309,0.19999999999999996,-0.09931006995226058,-0.08969077783447682,-0.08706163781698843,-0.18703054745699574,-0.02173567083720248,-0.02912276745985144,-0.04262421414647313,0.0,0.0,0.0,0.0
194,-7.986991272229041,0.3120048256986459,-0.5058386888082054,-0.033173695125843415,-0.1354920975871482,0.09665870273518154,0.0672274585710382,0.20000000000000007,0.14565958487548294,-0.002219517225421226,0.12720564063500553,-0.19236330324487894,0.01750070126880855,0.029129137961519298,0.04683285163754693,0.02994565111509329,0.01814371556775739,0.008167518968011078,-0.02376572345243509
195,-11.681800027820902,0.3283905934889081,-0.48360929142582876,0.04862103452865953,0.12129564560903211,-0.11763796093891658,0.01816410659725375,0.19999999999999996,0.06884198833960836,-0.13626922315869153,0.10500688075093505,0.18416316007690312,-0.015101768277708906,0.010134624944725827,0.03312699680952794,0.007272843650093324,-0.014812809258577763,0.02258838359995285,0.029565990005026563
196,-15.292618240155452,0.318153990204552,-0.49736262558522476,0.0657290124931031,-0.10707779670819302,0.10040933901121632,-0.15885595584689527,0.19999999999999996,0.08531603484534818,0.1078129772199324,0.05717173598748435,0.1176271478878275,0.004123901557672207,-0.008041256551280204,0.030590587438661315,0.013774507400653998,0.01331723736180304,0.009087623592732696,0.011785912475354167
197,-18.515931434596055,0.3386361999423797,-0.47026661800828184,0.0906995965636667,-0.07454580599177399,-0.1337170754747659,-0.07542508848635027,0.19999999999999996,-0.09165189389436616,-0.10906966250651633,-0.11053449981917086,0.11435637726338983,-0.019097879433340178,-0.0011217838477585557,0.026137478137436988,-0.014146465128685958,-0.017883144825541937,-0.008571698731744085,0.018319325656793492
198,-5.755300488103561,0.29530394698934026,-0.5297307482796388,-0.12913329493218903,0.015092782619709984,-0.10081713550381617,-0.1309706959838119,0.20000000000000007,0.16087143227001863,0.0748323731677317,-0.11089404999100366,-0.07738823553171892,-0.03485335937521448,0.01200157709508467,0.04597132851537351,0.03604555345009414,-0.0026505215203724013,-0.021630182637845965,-0.0109509279668532
199,-17.492437240613086,0.3148228176318064,-0.5019337985097218,-0.2258386642074641,-0.0005904918185623803,0.13556459537599255,-0.03150419142260066,0.19999999999999996,0.11245880357391513,-0.04541395297427153,0.1624527218665577,-0.08617657876063592,-4.265688759057461e-05,-0.006333138133990309,-0.028090034792792422,0.006062355443190254,0.02014393237140446,0.0024553868515965454,0.026133596860584737
200,-18.008180702640914,0.32630185825410546,-0.4863804529445615,0.11811953108317198,0.07789529820501076,0.01937025429980871,-0.10786336603930353,0.19999999999999984,0.11537907899478905,0.21931037404546233,0.12288077006962402,-0.019181327262829763,-0.007860777423284825,-0.0030651513286726008,0.029782263463799474,0.020076876829617955,0.023967900373598902,0.0023835846291765635,-0.009802003325998737
201,-16.809451119666736,0.3204497983290118,-0.4942399973975143,-0.005607523129986179,0.14214356402552084,0.13544432568600476,-0.08844997423178799,0.20000000000000018,-0.08722790329168596,-0.15052767703948255,-0.1117361979130924,0.07886283468243921,0.015513524655488978,-0.006484196208176636,-0.02475628478574112,-0.016396318229970862,0.009957015119587704,0.006736756462978586,0.0
202,-5.49031374877044,0.3209719821377125,-0.49353287580088295,0.11189993394093593,-0.14229495767701547,-0.08071243395387746,-0.1516189917545204,0.19999999999999996,0.04665597715337295,0.05179937721621357,-0.08388035554744122,-0.1311379727566231,-0.009523075864530018,-0.030693648194388818,-0.03808992777703396,0.008192780029337722,0.027253128335853482,0.01752580068594721,-0.005980014415679452
203,-11.40190375076674,0.3212960962258715,-0.49309455113028117,0.0611838246281826,-0.09619040670526868,0.182287000693823,0.17524663162218002,0.19999999999999996,-0.047681012551203016,-0.04871307622040546,-0.07473071159795008,0.11396733598098718,0.008264049803056898,0.03774927098344526,0.03853342108649452,0.016612410215810013,-0.010377921644377112,-0.010747604017646083,0.0048878969695066886
204,-1.6833472999928816,0.2595073465859983,-0.5858503428768059,0.001960272384170442,-0.13622772868328245,-0.14851505239038673,-0.06380763424642173,0.19999999999999996,-0.11646601736395143,0.19582602496686144,0.11404032329757487,0.023156946667350943,-0.0075371266357563286,-0.046076364028420344,-0.06567048741428677,-0.039073999908349095,0.02234108311308497,-0.00375294878917914,0.04861247572115013
205,-9.615121862954258,0.3004807692307692,-0.5221833176186863,-0.18193928446208543,-0.15645244976569156,-0.03268747437492915,-0.19638904873215468,0.19999999999999996,0.12402579339256745,0.017727685662742847,-0.054402393182495824,0.03637587042733312,-0.0004074551630188971,-0.015359107109426152,-0.039155477976427856,-0.028281192052037236,-0.024012580641153285,-0.014066270967972933,0.033617207762435396
206,-9.059805561741856,0.31053730913281474,-0.5078862145627214,0.10085799927247416,-0.10308941765305692,0.06156681989266063,-0.11794912792563504,0.19999999999999996,0.1646445865249426,0.18304778300684993,-0.0048702846908441335,0.06397398103353671,0.014400418415597527,0.04301530252544566,0.043457390052498504,0.0237310107060529,0.01208954470510665,0.010693081327885403,0.0
207,-0.608796180849609,0.250477167963123,-0.6012318557430311,-0.07948518932318352,0.08518902038288616,0.03906349098346548,-0.12886821039065935,0.19999999999999996,0.044070713523666115,0.13095939709005106,-0.14546712088051308,-0.14689685742557532,0.028460550824923055,0.05054368147269001,0.05598974110261729,0.0012550604417416022,-0.0507619536380376,-0.037151589193790406,0.0
208,-11.61011005638714,0.31647039757994816,-0.49966690734943564,0.020370513285281003,-0.23619221724130382,-0.0627771461754122,-0.0726046992682929,0.19999999999999984,0.010897163907607393,0.028902120083340494,-0.18299595210705027,0.18526018793171198,0.0007655599665125161,-0.007323116079053521,-0.037638148874479575,-0.015306031282403744,-0.0028318910122524734,0.02922959841826123,0.0040473338349281155
209,-15.228925646771609,0.33339635551714203,-0.4770391519208676,-0.13685854339287315,-0.12105498733960005,-0.12825546264257043,0.15136687327141832,0.19999999999999996,-0.026323865773226873,-0.11294746849939614,-0.08304267324795961,0.04015012583295539,-0.01810273441174948,0.008027746800969212,0.03440233305560834,0.011616288422570523,-0.018132378054919886,-0.019016659351080017,-0.0011820091118757267
210,-18.6212989355842,0.33706964851627774,-0.4722803518259416,-0.15807177657883717,-0.07291312914610215,0.13793716905082207,0.12091537191586425,0.19999999999999984,0.020472215487688995,-0.11649705099142635,0.05441328283849606,-0.11878000399076308,-0.020155287531609105,0.004888026375192388,0.026058594145199277,0.0217133023497859,0.01608499638812148,-0.013178344874333402,-0.014449826988701703
211,-17.981435942847202,0.32354688850475366,-0.49006277235765555,0.12975926707920318,0.09933456402318341,-0.012797239870605708,0.14354992642948858,0.19999999999999996,-0.14417515833571798,-0.04043238992598778,0.09656965253552473,0.13338180180028866,0.02226211810193825,0.013788901149662103,-0.025758698696445828,-0.002343246532768875,0.0186512234698899,0.015170982904233446,0.0
212,-8.753199724884741,0.23648624315759148,-0.626194117905102,-0.07128165135012732,0.05646416850914804,0.01079338999956947,0.027492837494581732,0.5255670043194905,-0.09534234251327728,0.07287030383232,0.1253099762530511,0.014878325728434505,0.004757483738580896,0.022417206709445133,0.08790706453483653,0.014345768416147832,0.019605930455074673,0.028558306588849718,0.01433809065468552
213,-6.180919264986803,0.31810897435897434,-0.49742407858329013,0.08185311138982339,-0.16134810197540592,-0.05799621375263025,-0.10940678673637115,0.19999999999999996,0.15425783539734375,0.08091934846546148,-0.008603319921282493,-0.14561528236168164,-0.027440808991584922,0.008438774199786503,0.0457096463728567,0.03821976039664071,0.017294556275841644,-0.015223049693368358,-0.017916576271143236
214,-10.874234116418389,0.31139261019879,-0.5066916980876444,0.04822272273337503,-0.0527098081083045,-0.09522650851397758,-0.14001721495263325,0.19999999999999996,-0.11368482720734166,0.15450489124604444,-0.011075476790390884,0.18455855044793262,0.021134786514604976,0.008206569218432295,0.028756619018558367,0.0,0.0,0.0,0.0
215,-1.8235333396265432,0.2809709017574186,-0.551338654687583,-0.018643101222846438,0.12839403811419267,0.22781890104493835,-0.09509051776984974,0.19999999999999996,-0.031174618774914366,0.12249071670038024,-0.044948541747940156,0.1314395646249381,0.0004025438014227695,0.03904032427330075,0.07604293816588287,0.03230912794097303,0.056798625280432516,0.036354026543386674,0.045088602008320586
216,-17.135260385935535,0.31472378277153557,-0.5020704374611796,-0.019609077341401673,0.18691371732822956,-0.019294384300790807,-0.16663778249035852,0.19999999999999996,-0.03940454088426051,-0.22320337980867352,-0.07371605263767564,-0.07122106520860982,0.024088095900158164,-0.010068862642086543,-0.03196253783189006,-0.010052273958125971,-0.003943624081280742,0.0,0.0
217,-7.468345072197174,0.29725763468740996,-0.5268669822600428,-0.09969344872739455,0.011574968646917065,-0.09310154416097301,0.1641641083731474,0.19999999999999984,-0.07254545608121594,0.1743409046669035,0.12829332349788924,-0.05628624584555943,-0.013556960871266791,0.016968027851688862,0.044453445026378165,0.015170787953677782,0.026698866248368865,0.03902940873857647,0.011631673037207337
218,-7.7462442854584435,0.29172968885047534,-0.5350193711942505,0.16974728412989415,-0.1323534862575949,0.06377826676786345,0.1748481402370101,0.20000000000000018,-0.06183232162102702,0.07077704533791203,-0.08918688191003606,-0.037476573738662255,-0.002672417051553747,0.031577663834374985,0.04988523616276557,0.023455421979249783,0.00846019446753221,0.000587659210651309,-0.011168318349432178
219,-19.544304874963583,0.3302182368193604,-0.4811989458178941,-0.08520027654605673,-0.18069287484258478,0.1261466777810294,-0.06149853380462229,0.20000000000000007,-0.055894675223169134,0.024455006835515436,-0.20716937321549314,0.05894258175152905,-0.006183338536575332,-0.004975869870677666,-0.024739704171912753,0.007061904737616422,0.004465335444564542,0.0,0.0
220,-19.01974625239914,0.312977167963123,-0.5044873435695352,0.10743316628815555,0.13615859921062087,-0.08756031160257093,-0.07355262519653047,0.19999999999999996,0.12823301591825642,0.019805222440963725,0.12709028526642463,-0.12016677407647751,-0.01853474910460382,-0.001801489424232202,0.030227164438321748,0.012170293555058003,0.0005625178748096398,0.005227645338082788,-0.018765268301519766
221,-18.546700937550103,0.3371146643618554,-0.47222235542054264,-0.12661244913709663,-0.10054471214026235,0.12429024748220993,0.1162207589832585,0.19999999999999984,0.051820848048402486,0.05513540834170213,-0.12229770338209396,0.10307787248497416,-0.018424160521497403,0.0002732084328919055,0.02467637976014322,0.021975624900735097,0.018642836105855244,-0.0005777316426245566,-0.006873404071736064
222,-1.0897853038166154,0.2607497839239412,-0.5837760427889823,-0.09387442844904721,-0.10249360725863597,-0.16122668888028005,0.13927710107642124,0.19999999999999996,-0.12667997467618428,-0.0027854409476686156,-0.05938594986275739,-0.11427680884900536,-0.02598500698398867,-0.05002309974821353,-0.06766723796832858,-0.00986767750958497,0.052896569625652375,0.012168064228547722,-0.01264363225969306
223,-0.3104375286937753,0.28287057044079517,-0.5484122337378142,0.0888909339944606,0.12080488560471729,0.09770821916351755,-0.08770999463387472,0.19999999999999996,0.10186086817066854,0.08765199794245289,-0.11789010639575502,0.09748299409455345,0.03474815229213323,0.03765507390229351,0.08059857005460537,0.07400146152074298,0.03312907399169671,0.012464433744077599,0.031019070549582535
224,-15.429130946459882,0.3243391673869202,-0.48900060250529104,0.135441416716039,-0.06078869976234338,-0.05358109672933415,-0.20680535646542295,0.20000000000000007,-0.04892346845717405,-0.1304805530176413,-0.12809874229921905,0.0358806665528261,-0.016231141366884513,-0.017491722788625486,0.026938597324039814,-0.011316013972354214,-0.022365217414578437,-0.014032910851840144,0.008171599218507955
225,-16.828425602553665,0.3328471622010948,-0.4777551414182112,-0.05728738440171813,-0.20779208076250594,-0.06118339929600142,-0.03685826162363113,0.20000000000000007,0.10706863984793957,-0.10883290075941571,0.012924406740084002,-0.20805292656870408,-0.004229063973369631,0.008423732354589122,0.031718047794976584,0.006024896540051307,-0.01743560980865702,-0.008358960917744443,-0.024826021545025483
226,-10.232647101015326,0.27682944396427545,-0.5577877195940881,0.21533982756090286,0.0007303076606108405,0.0804345574495149,0.028786638707622256,0.419309537040935,0.07763917634231318,-0.03585830644037301,0.07722911544681006,-0.06467253335091795,0.01565378447441233,0.026244304681200314,0.07277799255771938,0.02199908410338768,0.003931719320858619,0.011861290127742098,-0.004399520638025177
227,-15.96032460912685,0.31484082397003743,-0.5019089596820733,-0.006076919948602994,0.10177030398927561,-0.15062584354645292,-0.11944684641869142,0.20000000000000018,0.03193432121310712,-0.18201121059750833,-0.08480334514168163,-0.12333120914467989,-0.02502153450666954,-0.005931605919041415,0.02931325878514188,-0.003707116511041473,-0.028918886367275274,-0.014575511881537082,-0.011894876217022678
228,-8.3789083314488,0.29596117833477387,-0.5287652522542895,-0.011409848148963125,0.17134436694171964,-0.05548628046261573,0.18323839785451232,0.19999999999999996,-0.009030036229047333,0.045487859570172005,-0.258556249478706,-0.06544696131426395,0.01434202084845329,0.021987179452485288,0.04802103858326275,0.027430889199536648,0.009737290054730233,-0.024848335224776343,-0.034284596642744504
229,-6.530090904794079,0.3163353500432152,-0.49985227355733886,-0.13310013958866654,-0.01210891044843883,-0.02740527368317977,0.17286551709724207,0.19999999999999996,-0.13894833387035893,-0.1296737578952456,-0.03718967682031357,0.14870839059655472,-0.009133850433167794,0.018692344776363893,0.048802838721088454,0.012824917798386024,-0.029337616933984772,-0.02341570387140068,0.01155197509396727
230,-18.206028012734404,0.3304703255545952,-0.4808675317199054,-0.016433229627627815,0.04632452626291953,0.13504000459317542,0.15891027374766212,0.20000000000000007,0.11654654692345126,-0.06872975348617302,0.13678781013907093,0.12122785521991986,0.017306932339211795,0.022367140892292293,0.02375860358041214,0.01354832090527106,-0.009405596730215902,0.004959698557713878,0.017520818878841524
231,-7.186977213040928,0.3129321521175454,-0.5045498131086171,-0.13802082413589206,0.06360783798875157,-0.11006672266114292,0.0972426930777005,0.19999999999999996,-0.05177057311545914,0.12124626288329587,0.1276500564323049,-0.09039502970545302,-0.014921057459302335,0.011079026137447379,0.03874196630310923,0.012551610324696944,0.02420101949617616,0.032238503844608746,0.0006913166123425325
232,-1.1807795875507452,0.2620822529530395,-0.5815623865525071,0.07372410670612004,0.13119303765437076,0.08811310514120112,-0.21153221454145915,0.19999999999999996,0.05451445414880774,-0.10971789058154427,-0.008068514712798165,0.12313667651369879,0.008774503197971417,0.03676946650906842,0.057698746379627096,0.024657834999544118,-0.01547855675803512,0.04912838703013359,0.024062821946042194
233,-0.6742071838404549,0.27230985306828004,-0.5649366441695237,-0.00240803993749308,-0.12663332997018076,0.07767878349145331,-0.16024910279388116,0.19999999999999996,0.1577179193547106,0.062394873631244026,0.06942178911746405,-0.14349616170357313,-0.029550976917185525,0.050290754413638505,0.07273612581430035,0.05964507361279485,0.03461891686591497,-0.018573289787674585,0.0
234,-14.960282494669537,0.31948645923365027,-0.4955475437801502,-0.16512201944854943,-0.12440209008974436,-0.026617905395119035,0.007815791222651844,0.19999999999999996,0.07356670123133813,0.12462209377120022,-0.057179108212780494,0.22067429062861663,-0.001586523964427747,0.009240776832741219,0.029759918474299128,0.013732793076891134,0.01239005506429637,-0.0035462366415088763,0.027160184195744154
235,-17.52385883472987,0.33516097666378564,-0.47474655270931626,-0.05425200430041739,0.16137737111209288,0.018529385131245718,-0.1647126353547294,0.19999999999999984,0.10710365008614502,-0.07567015016378922,0.05019852840722187,0.16815627544435863,-0.010291419361286833,-0.009294623315049124,0.03024278817387963,0.004721639725738178,-0.010479403017881205,0.013670886318171566,0.017646260605882962
236,-18.999816195311023,0.31842408527801785,-0.4969940900935004,0.012117463082381425,-0.11317758420128701,-0.14118453057287825,-0.04970745268620296,0.19999999999999984,-0.07217702042929486,0.12721735926513433,0.1529275638849748,0.13149102587784647,-0.01791051832976731,0.0004035860120652703,0.027303638016690862,-0.0032353175974287646,0.014576802110076064,0.020071676975690456,0.012846790331097811
237,-3.148686984964506,0.2816551426101988,-0.5502823147753642,-0.07926400665941494,0.037663500448846365,-0.07732712511359623,-0.059169672059596064,0.19999999999999996,0.21640007042425044,0.10671201697251709,0.18553195043692297,0.03793165788485596,-0.007473730153699372,0.0558509749692417,0.07842685643862693,0.07090183320644304,0.07512732325239325,0.04354664477515391,0.0
238,-7.653124592962099,0.2985270815326995,-0.5250162647801127,-0.12247801340472966,0.04520891373862661,-0.04036154353149212,-0.1544316389648108,0.19999999999999996,-0.0981201265581279,-0.036774888923566756,0.08053330924978477,0.22209156562886148,-0.008623551343600462,0.017118165601200108,0.043840870187383696,0.0,0.0,0.0,0.0
239,-8.16084915905656,0.3053694900605013,-0.5151743561475557,0.12627559662953883,0.02006854030535703,0.10203311603944552,0.22455920095910167,0.19999999999999996,-0.09408768530381069,0.11073045507905696,-0.08490311697641088,-0.03734228870727842,0.016016143120146275,0.03840886826133902,0.057293965865389776,0.033347730093122516,0.004656941726280105,0.014529020805930567,-0.009614057150608996
240,-11.46655615441388,0.3129141457793143,-0.5045748034404653,-0.06706866057832608,0.11373225783267649,0.11798545208016906,0.06320632664977818,0.19999999999999996,-0.13021877269147397,-0.02201233984990166,0.12209254248396607,-0.16368364783370848,0.023244694878614594,0.018310741471571464,0.02896688588017112,-0.010515802785303051,-0.0055654381264123275,0.014259311130489567,-0.016912606947234704
241,-3.8764782472210157,0.27750468164794007,-0.5567296857062931,-0.042371583201952445,0.11340721410975371,-0.10043275353051181,-0.059777891568384256,0.19999999999999996,-0.21627325472431522,-0.10551471250970494,-0.024536277845600963,0.13768631250977667,0.007720844897530473,0.008141745931919585,-0.04795890183520461,-0.036059392841948264,-0.00043519807484294285,0.02155991547112022,0.0
242,-8.256364547052543,0.31683052434456926,-0.4991729839139748,-0.12327029369826571,0.16846216335667843,0.09342578652696605,0.07370892822775918,0.19999999999999984,-0.053286187930712936,0.020304692835646173,-0.12125931142980588,0.14628263599416574,0.027564918151976404,0.0256897460114154,0.039824998110552894,0.009955988350090978,0.0026854091294816165,-0.01278450173834087,0.018080702218858914
243,-0.7163180243092597,0.2067847882454624,-0.6844814125028684,0.21984950271049006,-0.012158069588614151,0.02944224061679572,0.03833088836801146,0.46111901456769455,0.12206168255791727,-0.07423262433280002,0.023964690877600513,0.01884128638007625,0.02906883617201653,0.0780484485091233,0.1687096046686379,0.10275469223058627,0.03737743147408266,0.030601403376508428,0.02575498689744621
244,-4.806465317687303,0.2753529242293287,-0.5601103069803463,-0.009930629597176084,-0.007333720061541464,-0.025456357213905396,0.1625571384105561,0.19999999999999996,0.05303777306678619,0.17948321228550754,0.17434996198072775,-0.18785120738379948,0.05528757234570848,0.049806945615570725,0.06765452771234032,0.029711177429165868,-0.0149571562301788,0.0,0.0
245,-9.869647520092581,0.3017502160760588,-0.5203524102426881,0.030263904414660314,-0.11868297261795768,-0.10113119696654202,0.07046112070416145,0.19999999999999984,-0.13353420360586357,0.14821770359397393,-0.14768888415159467,0.05002001394524651,-0.020760860526326363,0.008113299330566967,0.030976304275464717,-0.0063004576064036024,0.013046291613362841,-0.014003582407552154,0.0007027951595975511
246,-17.348323233601345,0.33016421780466726,-0.4812699960400408,-0.07832389863062555,-0.13570143719533548,0.2161200627358247,0.04867890968036161,0.19999999999999996,0.0038115570905173524,-0.18014134303944798,-0.09855461698327375,0.03866817464461358,-0.014755577979772914,-0.005915606065879184,0.03195078963261503,0.012419722101569742,0.020508037551167858,-0.013273866590753408,-0.029254739584408974
247,-3.7731091878543985,0.30522543935465285,-0.5153792724506924,0.08244540909862362,-0.15279026443264507,0.056316335263117835,-0.20807354453222363,0.19999999999999996,-0.06021491265514938,0.01276077466556852,-0.18834141853952546,-0.03905734081314652,-0.00489148747898045,-0.012726058385514407,-0.04882891247648117,-0.026858999441704695,0.0,0.0,0.0
248,-15.085937369710148,0.31361639297032556,-0.5036012444873329,0.07532525586746476,-0.001971582360094658,-0.05528051476566307,0.07343733431327847,0.19999999999999996,-0.07444199953604144,0.1455930287283942,0.15405458835912336,-0.2198956960699401,0.02325120704062655,0.009343263390575682,-0.03088530054248234,0.0,0.0,0.0,0.0
249,-1.1469076678633918,0.16583837510803803,-0.7803149661304878,0.07376362155468634,0.12637867297155753,-0.10575272958877638,0.0207684472251221,0.4470322116555119,-0.060118175725572015,0.06524286217526121,-0.06037617140425937,0.04056710769925315,-0.004452819796790611,0.04055525164470268,0.12951727181417494,0.05705666167661331,0.039890143037563615,0.010268985887188628,0.01953815355237023
250,-6.661174373633003,0.30742221261884184,-0.5122647559993493,0.1305220112533382,-0.12641016346941955,0.15326665238658138,0.14434311060362404,0.19999999999999984,0.02884989784787304,0.06285599741850192,0.09231277179814491,-0.06143939522251705,0.022150564817058394,0.043353746520569156,0.05509512751586401,0.032964448068911634,0.02635166359107651,0.028661416546523273,0.005640185257266621
251,-11.390153539949235,0.32488836070296745,-0.4882658472054029,-0.07739983277586678,0.12607593614706825,0.01528483210830598,0.021284384762455963,0.19999999999999996,0.19818020988968665,0.16453706520019942,0.18908124516622607,-0.008156493950190998,0.005314392757136614,0.02650117937531258,0.041663798420092914,0.038183295534149383,0.036311179299892325,0.016152609341347095,0.001133794977608511
252,-16.231123805935955,0.3319738547968885,-0.4788961185988508,-0.12026543766239262,-0.11723233575188377,0.03581923778907943,-0.1470100445416605,0.19999999999999996,0.11734809018140895,0.08592523926305422,0.11084901079641346,0.0655506040141072,0.00020347858783613138,-0.003814601062035765,0.0323611005862534,0.015557369759640496,0.011419817478361982,0.011036565310544474,0.003494049434899954
253,-8.421871658906767,0.30364088159031977,-0.5176397563147366,-0.09777591939434377,-0.09332290174356536,0.08789192096224262,-0.03704257420700826,0.19999999999999996,0.07965965486325029,-0.14403182629217506,0.11734248685930287,0.14293271567811178,0.0084089682929625,0.007432381752548203,0.0372389732829204,0.009469956159958697,-0.01188973807667909,0.026461923010831553,0.028265486724751102
254,-10.80598250288333,0.3136884183232498,-0.5035015155743501,-0.01720320745883991,0.15653446196341583,0.10727609784271287,0.12318452934895172,0.19999999999999984,0.05953459641875924,-0.1466045640794772,0.13348985573201624,0.056172687155827086,0.026060751056301887,0.028223630397116495,0.03757695326474303,0.017067432839702173,-0.014043068709561386,0.016002899821685023,0.016843548280416606
255,-14.809720904991217,0.31991861135119565,-0.49496049398275527,0.04479987457401165,0.06405703297154051,0.0642688262297155,-0.10353287989299234,0.19999999999999996,-0.1269354952682521,-0.14956386310103126,0.12524005362427507,-0.12160197433818169,0.0019146245837832886,0.012111491935691412,-0.026526574496203905,-0.00554803079625679,0.00724163988319451,-0.012152112138232862,0.0
256,-9.967693669453226,0.3144446845289542,-0.5024557423227938,-0.0039861553141051,-0.03842667357192387,-0.1528671106931086,-0.16794462538354668,0.19999999999999973,0.11595471767974619,-0.12563941018353178,-0.07040156996151355,-0.12477973721252443,-0.005045943821812119,-0.021054319580761663,-0.03538235229453138,-0.0011038567767488298,0.033224037806441266,0.0009663807900859449,-0.023176709813677733
257,-18.82133956026264,0.30867365312590034,-0.5105004381899243,-0.15111070556268724,0.06792935870047921,-0.21083396072445568,-0.02702145967699917,0.19999999999999996,0.12051438393868041,0.06996533611196264,0.09297512536669741,0.059649669918038266,-0.023998327932414278,0.01038949865417737,0.03211264636090239,0.01427631705306663,0.004962924805550408,0.0075475952643963996,0.001658979252530771
258,-11.451608765944057,0.3040280178622875,-0.517086391910014,0.03680354753358721,0.09916836340316525,0.027623081174170276,-0.014385925550922149,0.19999999999999996,0.042043827889173095,-0.22525115410275984,-0.23572497831381864,-0.11899912203240363,0.02512850988946184,-0.018063387223942955,-0.047556469851985805,-0.035920871409221074,-0.010830846836898677,0.0,0.0
259,-17.041382798900145,0.30145311149524634,-0.5207802291373512,-0.026101568298909292,0.05194807055177492,0.03994199974721012,0.06838811389173736,0.19999999999999996,-0.18537166228937935,0.1499589693465203,0.16424513910327015,0.11404447677119857,0.0027111048874896983,-0.01252779075988899,0.027437670345890994,0.020925753080728325,0.005111125532832515,0.0,0.0
260,-15.181778574861006,0.32365492653414,-0.48991777795453817,0.26202862847410313,0.05567686770289619,-0.016304375369212733,0.042826180291203074,0.19999999999999996,0.228306845952221,0.15384029543792105,0.015991090796690775,0.02502571597575212,-0.00041779248923252624,0.021577285150652936,0.03724091539307008,0.02825650139852621,0.007866489456408563,-0.0017588968484545987,1.5837993908900577e-05
261,-15.070013216813226,0.31565110919043504,-0.5007926802335418,-0.16847075178355816,0.15562896146849103,-0.011189761929539048,0.009096403526103811,0.19999999999999996,-0.194852962523198,0.16875236911998295,0.06615684891424739,-0.02585194073487957,0.011753966200616733,-0.016356275428954587,0.024185142276829198,0.005053183490184687,-0.004670150103916468,0.0,0.0
262,-17.70526634564513,0.31044727744165945,-0.5080121444739768,0.08725967166556439,-0.1088854297700281,-0.08165423881017042,-0.07925578359356111,0.20000000000000007,-0.09634503921181584,0.12089890779591529,0.08458459611983178,-0.141116333033113,-0.012713689210573911,-0.002097523089068074,0.02541184702090936,-0.008460734349664436,0.015719461642335165,0.00519720374095895,-0.019994177980808932
263,-5.62299882955868,0.30195728896571594,-0.5200544824677122,0.06342160074005058,0.22524780185291207,-0.126547528777627,-0.218715236743536,0.19999999999999996,0.013217583710507814,0.09021028570388007,-0.034688763691795035,0.027951198779691457,0.0022544264145452687,0.020594764182638777,0.0470603259683509,-0.009135992719358875,-0.03946455923703355,0.020469253606187145,0.01833625582130936
264,-1.8809450067771287,0.293017142033996,-0.5331069718881948,-0.20614819631727077,-0.20340900900701428,0.009115885963841087,0.03027798371996961,0.19999999999999973,0.004435280718976561,-0.1368450315434045,-0.08438228826647579,-0.12538632446304757,-0.0053207226326027705,-0.053642207846302956,-0.08790149667123441,-0.05437397320845197,-0.012146161781986808,0.03924818359512556,0.029595179283154385
265,-12.660218694422214,0.31348134543359263,-0.5037882979474639,0.13996769724487232,0.09850887564267898,0.1300394791264263,-0.1384796229671004,0.19999999999999996,0.170964456232819,-0.054834475282754765,0.009911713783730498,-0.057293679719617734,0.003753614646949861,-0.0018053901189284364,0.037497551322509044,0.01565440098621797,-0.006586820395702055,-0.0033946939885029707,-0.0050028316166031515
266,-15.53506146547241,0.3334233650244886,-0.47700396975799925,-0.18935825690082794,-0.01333020861514041,-0.15089606456884125,-0.04823285086336894,0.19999999999999996,-0.004130416593148453,0.08838670014329207,0.0651710188005656,-0.24049448351481534,0.010675036976536923,-4.4576235177198884e-05,-0.03315058996164607,0.0,0.0,0.0,0.0
267,-0.7394918082650221,0.28711106309420914,-0.5419500727483588,0.13114136460027248,-0.14947559927644535,-0.03975462218297244,-0.20252099183468397,0.19999999999999996,0.010677808655964028,0.09670705460078631,0.021203747496529195,-0.1485188113523462,-0.01696492574184534,-0.037309148256195114,-0.06429068145380878,0.008652778099852182,0.024554433622383506,0.03681132918056657,0.02193068431912788
268,-3.9624768736388702,0.28827247191011235,-0.540196827845378,-0.054498872018902876,0.09691294673564362,-0.09073250356400259,0.08902042380009899,0.19999999999999984,0.015129440871278824,-0.09265707772663423,-0.18722519295551657,-0.17382354232792244,-0.0027871907984150764,-0.04455809860843205,-0.06380232199832415,-0.03991750837998707,0.0,0.0,0.0
269,-7.255146988654799,0.3308844713339095,-0.4803236141403671,0.08022089917327573,0.17479366160303275,-0.16974010021834188,-0.08344161299542194,0.19999999999999996,-0.05931455602827111,-0.13751221495661248,-0.02345429350123074,-0.07152266152381348,0.0010657886503801055,0.014839600965115602,0.03397093113952231,-0.00580043863968458,-0.02328286143320284,0.01959684516811679,0.00928400707816169
270,-9.428742560843997,0.3150749063670412,-0.501586184132542,0.010731738869932823,-0.18856543685477578,-0.10592691957145982,-0.09115857589018458,0.19999999999999996,0.0449761420037714,0.14164796022786022,0.14580778612908787,0.07118544045292756,0.0004982933683223742,-0.010284310345903602,-0.03652563209937658,-0.026405250376580057,-0.005733879492779414,0.03085695411952435,0.01766667015293335
271,-15.36808552912661,0.32354688850475366,-0.49006277235765555,-0.11979957176185194,-0.001678228847346492,-0.10885384596915917,0.07347276366427749,0.19999999999999996,-0.11636878478174982,-0.1576529860093186,-0.1261178452215125,-0.09605597374478393,0.02705766830028857,-0.0026274582121626686,-0.028664405784363335,-0.023559719344668825,-0.013874751864975401,-0.0011869162478884486,0.0
272,-1.0521239285777568,0.243868841832325,-0.6128436842484035,-0.12467799860519557,-0.20637785184794222,-0.12093843166449873,0.062543579630853,0.19999999999999996,-0.10375409459615068,-0.11261473944825356,0.05252832003364452,-0.016564984173461736,-0.019493238603066777,-0.06663876995439008,-0.09176092278756488,-0.057589002604844966,0.014407854775633567,0.030238473322898685,-0.029484564684352073
273,-6.554680331195774,0.2805927686545664,-0.5519235256593574,0.08050117783856302,-0.10151931813499065,0.0008331863720294266,-0.15664717435622008,0.19999999999999996,0.15005876911281263,-3.046460091483501e-05,0.16693639427858964,0.14347351530587973,0.02967857012656372,0.027657968881020362,0.04744974745182059,0.033589720566803226,0.0,0.0,0.0
274,-3.2473646477249645,0.2771355517142034,-0.5573077581480425,0.052437225232962285,-0.13046199058247193,-0.1804584657148843,0.1720013694107099,0.19999999999999984,-0.049736273094111515,-0.06691363641591813,0.09305031533268854,0.05494072421625358,-0.0508168830506232,0.016121136674319143,0.05507319042981798,0.01673995021227291,-0.006862434109511933,0.017655593391972903,0.024275767926697375
275,-0.6467661104920595,0.27466868337654854,-0.5611908542746417,-0.09727104074412243,-0.03881249707707393,0.08334286927514191,-0.16037271080135018,0.20000000000000007,-0.0968881743840018,-0.12200141188321327,0.12139920318154272,0.07991209265355372,0.014910823443266726,0.0021253066828751063,-0.0377247327603862,2.4437281017830544e-05,0.03302893598849158,0.023545727817090717,0.0
276,-17.88101888178006,0.30515341400172863,-0.5154817668713471,0.06191056161866934,0.003969994323953663,-0.02986350348361346,-0.10428162298567616,0.3530227463844475,0.1781335075381808,0.02423480414842394,0.11882454236197731,0.12575871715505785,-0.008724513270199385,0.0020667123229571585,0.05157029302828428,0.016178344665460285,-0.0015511314062326984,0.012550475676243834,0.010266291129612883
277,-12.95366029912898,0.31699258138864883,-0.49895090150361665,0.18158355098170878,-0.016618900307923592,-0.21884046909750762,0.05439389558099843,0.19999999999999984,0.031858094097694446,0.04963882031632929,0.03820909854827716,0.20885717106956084,-0.030681313660710304,0.010139619230602156,0.03194333986276944,0.00950195672719647,0.0074674423952566776,0.01187284409184614,0.030318794628103683
278,-18.649252001214215,0.3001296456352636,-0.5226911045420963,0.09018891916667678,0.1546441885197977,-0.0391579772048644,-0.1485587780830789,0.20000000000000018,-0.17065300948437087,0.1219949979681099,0.05775146198650039,0.01705066758660094,0.019135422039479117,-0.001144401796990462,-0.021073225379336053,0.011321413539640553,-0.004101227036894675,0.0022826625470948,0.013559607053555528
279,-17.924302624361566,0.31908131662345146,-0.4960986245902202,0.16552652806131765,-0.034516773760014226,-0.16377032863616126,0.16403297227969227,0.20000000000000007,0.05020214894894892,0.03597967964694169,-0.12895953929383852,-0.05701202937308542,-0.01927426215788315,-0.00409068491004168,0.03316215955624787,0.01928201020219788,-0.001163879841096844,-0.011568383895201442,-0.018164846587849722
280,-16.77658175166672,0.3309114808412561,-0.4802881649056974,0.02990207598916934,-0.03993798974501878,0.09637914403740204,0.1820243044284957,0.207683959059362,0.03005267679575474,0.01790940412113897,0.1956519398041121,0.2004585060195463,-0.0040628730244811635,0.011690847916500808,0.03072970680138403,0.013364613614315832,0.0,0.0,0.0
281,-17.26754563678123,0.3266709881878421,-0.4858894337198643,0.14958630663374864,0.036392079823760505,-0.12965803695223144,0.1383105608952083,0.19999999999999996,0.1541563682740713,0.04191501926223402,0.010761411180963732,0.13922021697778206,-0.01577343004615763,0.01250971406997048,0.03048197044065729,0.021798342365665226,0.0032238062806599957,-0.002058452426799362,0.013243222894366259
282,-0.05939863766099407,0.24171708441371362,-0.6166926528427117,-0.03660743832834946,-0.14910584079592587,-0.18270431407158955,0.1395378064270131,0.3010993057564283,-0.03620383023249724,0.008850104347314147,-0.08971652692469832,0.05617483311618394,-0.076220266034968,0.024881002372176515,0.09493348721332219,0.04032400585886342,0.011756106888621725,-0.01417622860672852,0.008672011907225385
283,-19.1338554313851,0.3279224286949006,-0.48422887816042637,0.16428981744507498,-0.14715157283331295,0.1517160222388733,0.01306599266721502,0.19999999999999996,-0.11036719188275271,0.06719932104613104,0.0891968040019519,0.05701327788468814,0.014655094301004572,0.0064252653801411715,0.019532108385508524,-0.014200258909913848,0.00467234496223774,0.011491704472743638,0.005835400613686688
284,-10.792078893299571,0.3303082685105157,-0.48108055460545435,-0.1631541716620966,0.07483170423623928,-0.07694524612949634,0.15759689618190356,0.19999999999999973,-0.10653056389351871,0.004178905461223246,-0.10177982129881816,-0.11498269113670434,-0.0017054331391168423,0.013268958899481084,0.03677046046965871,0.005367731203920947,-0.009542161268919828,-0.013016788605189003,-0.021928542006037294
285,-4.336535496560277,0.26228932584269665,-0.5812193831494199,0.007542120631680509,-0.0295441402192088,-0.13540801208987696,-0.13702284445466212,0.19999999999999996,0.12673412721449007,0.14126051216246222,-0.011154961758079257,0.21133328146954009,0.047333489621368637,0.02896035968627009,0.05685019111058981,0.0,0.0,0.0,0.0
286,-3.1615348085311936,0.28221333909536156,-0.5494224627340497,-0.06942543885146767,0.10783147685072274,-0.15969345906453802,-0.058695360599801134,0.19999999999999984,-0.015428271439623989,0.15632861048176128,-0.1472204581353112,0.0853769245767741,-0.006073299537341692,0.003034508259288387,-0.03760747396298592,-0.005373542349814178,0.0357171622399006,0.02534252286521289,0.02659667057896312
287,-19.297862606121402,0.3176138000576203,-0.4981006360979929,-0.10631677692696295,0.07079766351217132,0.07953284597667835,-0.17360061553603043,0.23200021378828273,0.1511004042531078,-0.03207065409648234,-0.1154414225299033,0.03913940338038078,-0.0013809484868269185,-0.007938784688456825,0.035151475268190575,0.008731913930352705,-0.017636258291677195,-0.013369054662575859,0.007444062854882005
288,-11.968224063540978,0.3301552146355517,-0.48128183887390175,-0.10888034336983163,0.1542895270436263,0.1477524518622216,0.07917697078390745,0.19999999999999996,0.019394770555574026,-0.13901124819883467,0.023404666612150595,0.12809002157385374,0.02780303024007216,0.02088444246309581,0.03119659065729698,0.0032522822016932532,-0.01908072045047561,0.005062109268647711,0.021315687390384138
289,-13.647024458549225,0.3084485738980121,-0.5108172333618263,-0.08438936930750927,0.13894032253565614,0.10816508443867223,-0.14323643565305738,0.19999999999999996,0.12522089489581578,0.09849434146902321,-0.06627693460568528,0.03527661709458075,0.004909555053839387,-0.008118162505639523,0.03254518611396918,0.020845700067796145,0.006593660670688468,-0.008659231188152424,0.0051831236040863855
290,-18.056461352331368,0.3226735811005474,-0.4912365910012304,-0.12461065732796653,0.05022267623316098,-0.1550753473355442,-0.1076041705857591,0.20000000000000007,0.11127587413438451,0.01936381590901717,0.07184205155715245,-0.160005406917015,-0.021319335958539142,-0.000843469873266609,0.03281533580313775,0.012732648606738816,-0.0003063331838125497,-0.0018330922884096815,-0.02182404590490303
291,-6.046852047133006,0.3091058052434457,-0.5098928384775571,-0.05994128980104539,-0.18472648618873455,0.02702424224276436,0.0724629982610208,0.2800388954588373,-0.0011590945744771818,0.10345727208518882,-0.2618534970503509,-0.009336224337580723,-0.006023962264210127,0.023813123863284547,0.05875986522759878,0.02459027306296467,0.01595277263818268,-0.0420114784896015,-0.01421173265288526
292,-19.669288032526342,0.2841670267934313,-0.5464263166704905,-0.06736653958453442,0.04862616467914694,0.16331549840964696,-0.22043433681427888,0.20000000000000007,0.04652945282682909,0.12155328834485903,0.034059950213335584,-0.09811476912736904,0.009761736465222852,-0.021812080830318884,0.026815885496575792,0.007455884751778319,0.011295873902795092,-0.006491730626466768,-0.014616052630220802
293,-17.517632344424857,0.3171366320944973,-0.49875359020992394,-0.09008254286516103,-0.08169269659224251,-0.08812798272532531,0.11596332440831385,0.19999999999999984,-0.12022740271026974,0.12014570242135272,-0.07023502927866797,-0.11352531899866702,-0.010400390880258154,0.0084377736329698,0.029139927409384543,0.0020600150411430192,-0.0048014418417057355,0.0014492941959164392,-0.017384098155515483
294,-9.94905740331424,0.3001476519734947,-0.5226650497392027,-0.0036280812604588372,-0.04517909491852934,-0.06613314281214096,0.2577908321887709,0.19999999999999996,-0.016170420957409518,0.19062834536919784,0.10415396957835284,-0.11631611291513981,-0.011220593244517173,0.011694475691021762,0.0515294163474857,0.029640948641843228,0.016637261074249107,0.03655769039860376,0.009786419787854684
295,-4.164919620363811,0.26004753673293,-0.5849472556686631,0.1194438306001605,0.03576334444225646,-0.09453927954976574,0.0041364345858053925,0.2597604454952388,-0.14173546511643978,0.2736955822976797,0.06396206836630271,0.006963549546350878,0.044159715553962836,0.015999688063294767,0.06654309143060991,0.036939169100921355,0.01900831773999881,0.0,0.0
296,-10.407972896417068,0.31138360702967444,-0.5067042548505991,0.03355782727639608,0.13762043011471423,-0.13236727702150597,-0.1260433823155009,0.19999999999999996,0.012883156133013886,0.13043521033546762,0.07998173227814742,-0.14711098452525398,-0.02542946995697704,-0.007569783219423257,0.02939350374625676,0.012729457656018961,0.024612659237636253,0.0049749581945128405,-0.019459659708293484
297,-16.59707301338009,0.3242131230193028,-0.4891694104019871,0.012201575096028849,0.11699232548645278,-0.17655061217217735,-0.21507488905654257,0.19999999999999984,0.13046123215480304,0.07779217779876428,-0.06763957279821844,-0.003287615437012792,-0.03423389403137938,-0.010316099425640992,0.036346442563949574,0.0183303305616137,-8.23757387638683e-06,-0.012318731666109011,-0.0004631037989489222
298,-5.838972929358324,0.31449870354364734,-0.5023811405048824,0.13038938500090697,0.032695642796870705,0.10308691774053605,-0.06534566532920179,0.19999999999999996,0.17001311969511027,0.15451404230331103,0.11026962606702712,0.03368560106703609,0.027057678395055594,0.058592411219869224,0.06009068916640759,0.05399518933288086,0.03679868665832714,0.019919416047020678,0.0
299,-5.517414667466358,0.3115726735811005,-0.5064406390397513,-0.009078188327735194,0.10719453834518682,0.13018925093328207,0.14206011261513965,0.19999999999999996,-0.04611362180813925,-0.11893211321209818,-0.14330982543977336,-0.10312234931864546,0.038575651044193304,0.049554642073829445,0.06104315876975853,0.029277113745626117,-0.01309478962474757,-0.03508756364729532,-0.0368033143178397
300,-9.483407830183172,0.3176138000576203,-0.4981006360979929,-0.18265159988945776,-0.14789213663006168,-0.1371538335227965,-0.08486273638631259,0.19999999999999996,-0.02077382330692947,0.021139419491994764,-0.08400891011841483,-0.12151754065403254,-0.0007765714881485967,-0.019607192482052317,-0.03910966512403393,-0.0357230053242604,-0.028483146428574774,0.0060871263298840446,0.018964019370377075
301,-1.4998174495600445,0.2752808988764045,-0.5602239222803803,0.1177531539611125,0.1278202653095824,-0.09454013217179875,0.019575477195482322,0.19999999999999996,0.12635693962237485,-0.022774331405614193,0.15652339723563408,0.13465630309840101,0.0012022515535437882,0.042463783924413225,0.07709357266870544,0.0535971801008661,0.049366333459468364,0.07662975137929176,0.05972946541663645
302,-16.935694178183763,0.3152009507346586,-0.5014124812262853,-0.021348021571200707,-0.08749133202277916,0.17741228124493255,-0.13027376997954623,0.19999999999999996,0.10620043020524596,-0.0737148781141322,0.15810579038713485,0.0454534964750283,0.014907525933915733,-0.006011286513241525,0.02879666422961701,0.00362314535177794,-0.003858501934652303,0.018307424758027737,0.0021177229012465273
303,-11.009200749698065,0.3150749063670412,-0.501586184132542,-0.06826780058407124,-0.07139182652521738,-0.03438504977898204,0.13371029617718724,0.20000000000000007,-0.14415787592357812,0.11526719690814716,0.08944509667317219,0.14337485742964456,-0.009622369203833749,0.014109328510879685,0.03436183816547685,0.0012620774763691573,0.0011788749875292662,0.0216437932259456,0.0260363433773737
304,-9.547211302215517,0.30320872947277444,-0.5182582993880019,-0.14966507229323275,0.10893877817675655,0.21866773893045166,-0.05875758956919811,0.19999999999999996,-0.06373382395656317,0.08480206462571441,0.08694580089444902,-0.02848913155363439,-0.02109362478450883,0.012322859251323932,0.03804538997138645,0.008866895112861912,0.028278392232055673,0.004519722512912413,0.014442025859949803
305,-6.421615707278756,0.2950068424085278,-0.530167910849619,-0.020574330405661832,-0.0778566972161634,-0.11689024279104424,0.06622772817509931,0.19999999999999996,-0.12465517906537127,0.13713142518438104,0.12946340577141094,0.12720099139086805,0.008072014247972308,0.03701988807984038,0.04154584995561571,0.026097421588170997,0.0,0.0,0.0
306,-10.562010440028335,0.27567703831748774,-0.5595994056290757,-0.12292924662566283,0.10872148967756812,-0.0785218105774242,-0.2104190571327473,0.2852877372310261,0.012795508159623603,0.1604849440599931,-0.020191672334694797,0.0006485342012600093,-0.023464904042963388,-0.014663919240773027,0.040057819180946676,0.014506167664504679,0.022354820796126704,-0.0015324173496702904,0.0015529262967357057
307,-1.615990252114365,0.2982209737827715,-0.5254618160211684,0.1813309152886899,-0.0715726261151281,-0.18423285817546103,0.012611963226265935,0.19999999999999996,0.07966713276941746,-0.04869810341914971,-0.1754582452856555,-0.046428155720232386,-0.0443764304539243,0.01356602522012894,0.058093251045685294,0.03170871682588616,-0.02087540556427591,-0.04971103668235635,-0.02912678702056291
308,-19.802338944661784,0.3284266061653702,-0.4835616675003591,-0.013943024943671303,0.1528108846269373,-0.12230871705003071,-0.036763591688025135,0.19999999999999996,-0.1520956686283836,0.13371844441868957,-0.06686443020799229,-0.12149523843627019,-0.015299190984453693,-0.003849222463479666,0.022002676095185303,-0.014205634653640763,0.010746016141881096,-0.009131954878475186,-0.01594737791505036
309,-7.707708284628829,0.3067739844425238,-0.5131814729242151,0.09309738074671693,-0.09838053402369747,-0.14144883034623806,0.0165514261961504,0.19999999999999996,0.011837873010248063,0.15178093351036903,-0.1955297637383177,0.0913732584282624,-0.02800077184415412,0.004521183109449637,0.03511483895560245,0.017695187917181394,0.021624579675512574,-0.02221137854750496,0.01120274516726353
310,-5.433589704365163,0.28702103140305385,-0.5420862792672433,-0.06629479656673998,0.19328573654988426,0.09491074175273181,-0.18630473091172028,0.20000000000000007,0.1228955952470847,0.045101874256698773,-0.08187179653642457,0.009334728178715581,0.004513405951023254,-0.0006517882419759493,0.046665938488554055,0.0372241118493453,0.009804442712739251,-0.005585758743139856,0.0040113812844131055
311,-12.854620597462969,0.3117437337942956,-0.5062022672990116,-0.027910017911202224,0.08394965226615625,-0.08537764261310621,0.15007130136544516,0.19999999999999984,0.09075537009660989,-0.10115834186639114,0.10835640729941023,-0.15242126658167904,-0.004563023823223086,0.016797122852013013,0.034686267679471174,0.020112535587332284,-0.008814963642963367,0.00545447772228824,-0.012855604534518224
312,-7.105650688025735,0.3215031691155287,-0.492814741798536,0.07606360702823893,-0.019000474809349886,0.12526659609165505,-0.12603933452796406,0.19999999999999996,-0.14691485516532785,0.14460516431127018,0.09224004478426981,0.06986992328192437,0.014108784897726583,-4.5061077734556443e-05,0.03227124781968098,0.026701701351444916,0.01753520075129865,0.0,0.0
313,-17.294781492580327,0.3344497263036589,-0.47566915511532243,-0.031026789780055675,-0.02748969441572828,0.02256768592550487,0.1459158665291646,0.19999999999999996,0.12537860029665077,0.16941832805132562,-0.13605429998758575,0.1421487350139844,0.0028206956464698037,0.01862292874924009,0.02833705873373159,0.019719133322810972,0.015516758365793836,-0.011422707494573052,0.0016539584097100236
314,-0.33367689368667897,0.37512604436761743,-0.4258227824702247,0.010855308825502034,-0.06947270151183864,0.005870874032667111,-0.23494913109199764,0.19999999999999996,-0.19327398641654722,0.04988083579971221,-0.17508489592247314,-0.06061226639926201,-0.04518523892222527,-0.030212681166131523,-0.07003361229152799,-0.04933262155459839,0.0,0.0,0.0
315,-7.924907125298672,0.32867869490060503,-0.48322844616777877,-0.07328006906062606,-0.13742211201858975,-0.009021222020031262,0.09816543851498555,0.19999999999999996,-0.1573328767792259,-0.09534412852363326,-0.07193658689897452,0.1574975661839337,-0.015829657293818866,0.012631657678309427,0.03586584756581737,-0.004480847737291667,-0.027594050990666093,-0.0203476299257567,0.01418857129934106
316,-18.47630089646816,0.3201616969173149,-0.4946306268591848,-0.050001592487641106,-0.19041527286310808,-0.14076603975500743,-0.009514500628469062,0.19999999999999996,-0.19832732095410163,-0.1461881984700921,0.05553365569070501,-0.009253419150875651,0.017688186599008615,0.014096955741522539,-0.03309301051988932,-0.009381557162087077,0.0116313226526405,0.001247581641993398,0.0
317,-16.530505663271455,0.34976411696917314,-0.45622474774940097,0.059798417850831245,0.1237507020798661,0.11184991804894148,0.16691554657316238,0.19999999999999996,0.08609076230295361,0.021087646192767092,0.18454944568697298,-0.045957561264505245,0.017824334407401464,0.021045562903461174,0.02584003781197536,0.013892227423886771,0.0011003665698153203,0.015403947113735678,0.002838551369249389
318,-2.1124291681300384,0.2756230193027946,-0.5596845141276144,0.1792260572657772,-0.05701671257641532,0.07859461814472378,0.03288083581420059,0.20000000000000007,0.20633470448719302,-0.08970907474470008,0.007597208779739094,0.14864078818725088,0.02958515036595355,0.06032771086008337,0.09210872553159648,0.048555671208945064,0.01579080261722323,0.041676957336547645,0.04068462787782164
319,-18.660019799878526,0.32323177758571014,-0.49048594940826273,0.12020027479876196,-0.17428365356839687,0.031045577724123228,-0.03667291031059775,0.19999999999999996,-0.18994169807256364,0.10343920260311307,0.07770763365095418,0.06670904927148935,0.002974540589918924,0.02047627834231804,-0.022522487021907074,0.014093543649751879,0.011492047261619006,0.006492346289538073,0.0
320,-2.6021661624237815,0.32365492653414,-0.48991777795453817,0.16117427085294966,-0.010089315796764376,-0.0957173424821119,-0.17412385036558564,0.19999999999999996,0.028787392099476544,0.1186185843100007,-0.09860744781897401,-0.11288179627413719,0.023955829651665216,-0.015476860459584473,-0.04574269120221681,0.01118122605705726,0.030991015882189457,0.03720064306726852,0.001401569780309602
321,-8.444080262931081,0.32514945260731776,-0.4879169727950075,0.10341371878179759,-0.13188131139201573,-0.01971621030111516,-0.12408604436953648,0.19999999999999996,0.15895439144236592,-0.12905790515526955,-0.05919866743322456,-0.07369175112467506,-0.016955064352570937,0.003867698904908072,0.04133879754212087,0.010053770211072231,-0.020285865063875298,-0.017166481964234828,-0.010729586987405015
322,-1.979358134629667,0.26700698645923365,-0.5734773748114662,-0.06085166487381697,0.012705026341716759,-0.18274411454033143,-0.03451133038601242,0.19999999999999996,-0.020262408451401568,0.13631039334550854,-0.18017046724490526,0.17244459481630703,-0.01589145327291492,-0.019386682627943,-0.05514043364624158,-0.018357359915966532,0.03605806217323655,0.022240006807587163,0.026716899024457286
323,-13.503099703562121,0.3325050417747047,-0.47820176510273343,-0.1502120070614848,0.16831002578613266,-0.03876594528774252,-0.07704334700018454,0.19999999999999973,0.041593317697794535,-0.15651864725500172,0.1219720521882189,0.0455846577234405,-0.007635852566890919,-0.002705972110512933,0.0285007682820422,-6.728577166815065e-05,-0.017803255713530614,0.017901767231797525,0.007593122117490003
324,-6.021199816691707,0.3051174013252665,-0.5155330231539397,0.023735691662154224,0.12233758222116504,0.05116471636263106,-0.1682663898674361,0.19999999999999973,-0.14142344367310664,-0.06446399391663929,0.08315046570736603,0.14545771658950185,-0.016290262291426164,0.013563562690439745,0.03402303434654869,0.0,0.0,0.0,0.0
325,-4.297638144342779,0.28996506770383174,-0.537654318712265,0.12337387721886992,-0.08622887099560507,0.13062375451364855,0.1540928071465538,0.19999999999999996,0.05677637460147241,-0.021614320898650816,-0.08244723429513964,-0.14484276033005988,0.030182932115719128,0.055323434488034506,0.0708465223538661,0.04649011959425391,0.015703827374376905,-0.012997648964443177,-0.03371479472679101
326,-14.376297518853708,0.3268690579083838,-0.48562618867524643,0.07671182178759574,0.015150552052015698,-0.130144764424714,0.0035318745453300233,0.19999999999999996,0.13564300731625456,0.1453448421842674,0.15960347695379165,0.13386966073603085,-0.016332630738596466,0.013335281492654972,0.033602657030986534,0.02287688121981984,0.02330058955850309,0.023564547485600065,0.012792705064293402
327,-15.735533773526985,0.3329912129069432,-0.477567226662982,-0.09345253277146338,0.12963818711355746,0.11430958815315327,0.04607802582814541,0.19999999999999996,0.06357725918611501,-0.16334242814695063,0.16305952953298392,-0.026542449267630903,0.017289019326060518,0.010370854714279561,0.025236048710962328,0.0018176869871931933,-0.020023057877445676,0.01863009987255134,-0.0016807847973054708
328,-14.515945243845445,0.309826058772688,-0.5088820575089016,-0.12223351579900398,-0.03615831119077703,-0.060412673525022116,0.004824954791034822,0.19999999999999996,-0.04034077182240423,-0.15293979568791247,0.20847592585588748,-0.1746140513279579,-0.007187964378313231,0.004422444892600737,0.02659551946894115,-0.003976714998934561,-0.019677667635224844,0.019886971336740118,-0.01701929566904016
329,-12.78366636323739,0.30759327283203686,-0.512023166932612,0.1057054964312595,-0.12520338530981495,0.14400055990034766,-0.028313598557525264,0.19999999999999984,-0.006970581979086135,-0.08436425095853185,-0.1312361410969685,0.17420598576646626,0.01741289465180612,0.004480705832683156,0.02799165035394429,-0.0007586639666812252,-0.016358261458894272,-0.015344453278396652,0.024200554349272638
330,-19.874322618819857,0.31413857677902624,-0.5028787281875267,-0.13701554471508534,0.04709922693099462,-0.029369194755313643,0.13499730657010472,0.19999999999999996,-0.06543965431164228,0.1432317741000453,0.10890942444709978,-0.13393787416971437,0.005522054319086838,0.011315080778083261,0.025928976025481092,0.002560786845429179,-0.00014112192400273632,0.01493215195024066,-0.009948918918715152
331,-9.79097775178013,0.2984550561797753,-0.525121059250526,-0.09285231434330676,-0.01901307913479058,-0.06319205653028562,0.05322911887477339,0.19999999999999996,0.19151913046105185,0.06474989925629238,-0.14372286968044654,0.17172153171905294,-0.0021663922248510025,0.026694078196358884,0.044138401839075976,0.0313183912228424,-0.0037733647273785276,0.0024213582803738077,0.022217390077503868
332,-16.373102277828494,0.31398552290406223,-0.503090375709664,-0.012383936674891637,0.11871197151917544,-0.12611231303848866,0.0022699848585362586,0.19999999999999996,0.15106326060109643,0.08394536653035307,-0.15039048415219233,0.15512268262526616,-0.01626843226276516,0.012770885476187006,0.03190968332226127,0.017844058487910108,-0.005238846690680557,-0.012941139829907546,0.018793236906175043
333,-7.095488356688975,0.31481381446269086,-0.5019462184562988,-0.06534933582241202,0.05403297156199481,-0.10036609164840736,0.12450835293846055,0.20000000000000007,-0.1400805701321607,-0.1309638766042522,0.06793624284953292,-0.11676255844277941,-0.009877921372670946,0.011418821396997235,0.04079518951351379,0.001228620108257261,-0.028972503984928524,-0.0067294451539127095,-0.013600351007140271
334,-19.52557212105267,0.288641601843849,-0.5396410739731919,-0.01718214013020626,0.03757113489541581,0.047699135018881116,-0.1655590918590594,0.19999999999999984,-0.20125016039341379,-0.24876723513536628,0.03439683396351918,-0.04757426860413828,-0.0023569194479408284,0.006601410351205799,-0.03802662594750645,-0.01380734890493684,0.01036590834614457,0.0013232996732711214,0.0
335,-9.211414612122406,0.3215751944684529,-0.49271745905592096,-0.18337735077264378,-0.07694174637805798,-0.041500914911935034,-0.16301945164062825,0.19999999999999996,-0.14046564195624917,0.005096020044133695,-0.09043808649627395,-0.09916078780007814,-0.0002088153562877189,-0.011757353698581621,-0.03452627461981365,-0.019619447608973252,-0.02052585613574829,-0.01671596227178189,0.016917265115123564
336,-3.845077821758448,0.2826094785364448,-0.5488132762912756,0.070568795971571,0.1308001802234702,0.07334553264181591,0.10246059864774931,0.19999999999999984,-0.130223320729842,-0.15032399679643632,-0.09678958955041614,-0.04548798543869928,0.04141258864554087,0.0468295658506056,0.06344047568219655,0.011299116491247806,-0.033712224010769426,-0.03996412286109769,-0.028276566821177185
337,-1.878485607673582,0.3115816767502161,-0.5064280898963017,0.16711265957638635,0.0702255233521327,0.025350137160757225,-0.1166459217097691,0.19999999999999996,-0.23745634839058666,0.01544557906903671,0.030212072093570543,0.13755175864776079,0.0008555247261192959,0.024008663755556336,0.05380518163670221,0.03934518358673911,0.007815489582537973,0.008481903447354465,0.014068523421452598
338,-11.237731158273325,0.3273822385479689,-0.48494488604151603,-0.08070667157483398,0.09516973070031863,0.15658680265211894,0.038204299035159,0.19999999999999996,-0.15496786608785434,0.11504680589245954,0.02842096856090638,-0.13089685549634925,0.027839291751769985,0.01676332448207714,0.02789390556077198,-0.011152401188656659,0.011578881182523851,0.007356861878769814,-0.016080719042199293
339,-14.045397986879127,0.3137514405070585,-0.5034142715576608,0.029509698962961114,-0.17677518873190157,-0.171284998538756,-0.0168464572572184,0.19999999999999996,0.03379457129054084,-0.08775720790510706,0.17352511773661747,-0.11050675957689761,0.0018721609478514626,-0.01040748227085316,-0.03233544498568019,-0.017035162935041485,0.01704508297803269,0.025983721414371677,-0.005515237997377037
340,-13.754632540308604,0.32780538749639876,-0.48438391305737416,-0.055702237754654146,-0.15637913217649782,0.08226641009521203,0.10536820190491945,0.19999999999999973,-0.09344179284816753,0.08643651796372546,-0.15283329547889918,-0.06757241177792461,0.005081311126330236,0.02126788696866518,0.028684964000903663,-0.0034074167225507496,0.00160317456333647,-0.016381527475610756,-0.015735201033694798
341,-6.292219173568334,0.3052434456928839,-0.5153536526245985,-0.07411277037493784,-0.15107137291788306,-0.175237589565661,0.1059156974065111,0.19999999999999996,0.16378058195276088,0.06558945919128799,0.02982519856759438,-0.03446733002336377,-0.017048428610386836,0.03425338246693344,0.05100577424226839,0.038948354182037875,0.021626805733035832,0.006575406475346282,0.0003600387297104298
342,-8.784105197009302,0.3070440795159896,-0.5127992723522422,0.11967799726800672,-0.15508180999598292,-0.009727741115311644,-0.04294972281404415,0.19999999999999996,-0.10272297559481085,-0.07563548110409293,-0.16755501125659425,-0.12664926085115663,-0.01794194117168807,-0.024315001587460378,-0.03861944403692259,-0.026093227746876273,0.0,0.0,0.0
343,-12.180949469948661,0.31246398732353786,-0.5052000295452586,0.09208169319347023,-0.06084880375083795,0.1507469851944545,0.12316176539967821,0.20000000000000007,-0.15686108811895472,0.13769768281378472,-0.0036188861706517392,-0.07498309535816783,0.012981606570659759,0.027576594832120896,0.03125368076495047,-0.0019131717003666967,0.0022924973368804356,0.011186136038364805,-0.007906626803092568
344,-2.232818913442504,0.2590661912993374,-0.5865892596894885,-0.18239675112766882,0.22881457670682523,0.0348589313636219,0.04982427708713005,0.19999999999999973,0.07604309871469363,-0.12741511480809872,0.034065282242629336,-0.06658196794933252,0.03100255512046095,0.0421684151411555,0.07128007292196639,0.04246176911395387,-0.006150346330648058,0.002252914979886415,-0.011713938458058105
345,-7.213128974361322,0.3212420772111783,-0.4931675745272535,0.0939821763873428,-0.020480140666665907,-0.13142157391375242,-0.13765639378057498,0.19999999999999984,0.11536957028192886,-0.14750042899592916,0.062477176208715166,-0.09111253976509083,-0.03348954895557578,-0.010023171786622083,0.0376978139417293,0.010748950383521534,-0.014702049561079223,-0.0004682530636154516,-0.01399545665166728
346,-1.2866250212062234,0.22959881878421204,-0.6390303505807637,-0.07944438467969714,-0.1612087765256656,-0.14587744007626735,-0.03091343994587899,0.19999999999999996,-0.07490055407228552,-0.13764289861835044,0.10095113603267471,-0.06906137004918031,-0.023666939272092933,-0.060062034704237835,-0.07806691245438041,-0.052168456251579634,0.01662415603004262,0.003929442529718227,-0.03900633688588705
347,-1.8580221062630145,0.27913425525785074,-0.5541868637744242,-0.0436099714437704,-0.1484899269379268,-0.0970096080302533,0.12985903415533218,0.19999999999999996,0.11261379396129091,0.09805196677122144,0.104986866663396,0.06537883203680893,-0.02439158323736664,0.04298743571970525,0.0718063854285978,0.06522862815630952,0.06285442909745319,0.05905373288359634,0.04103925555044564
348,-3.0260667526536444,0.2575086430423509,-0.5892081896806324,0.05013845628205251,0.12460696193498154,-0.16111594343069768,-0.0023695220623661064,0.19999999999999996,0.07574419413431709,0.18753053013431362,0.17201616643337778,-0.0264782255878938,0.05420870610877334,0.06353284106487422,0.08110967407168737,0.05547268391417202,0.021263586811828435,0.0,0.0
349,-16.24367584139712,0.306062734082397,-0.5141895464811882,0.21706838332083925,-0.2515857257869016,0.007911159066260387,0.12032412940763251,0.19999999999999996,-0.019406423410445215,0.0022589513306704137,-0.03798272785585295,-0.1434624998213978,0.008773956892951613,0.016602398448923292,-0.034136407999777706,0.006794734349114125,0.025090897351654835,0.023800839583380185,-0.00752892523687597
350,-9.698320525096648,0.3240600691443388,-0.4893744796702193,0.11387469475162859,0.1195482525919055,0.11922850071840134,0.01984398056677288,0.20000000000000007,-0.0652712018932631,0.06505196573608371,-0.16428072429722626,0.1329006794447185,0.026262681672710016,0.016284929057738255,0.033944990806539656,0.002046896037655225,0.006742270232746772,-0.017678846017462165,0.01799384590123428
351,-12.423771201572691,0.3165514261019879,-0.4995557255895837,-0.19548956997434028,0.1733250069431914,0.03209497582427449,0.19622943319902242,0.19999999999999996,-0.031462653706239734,0.12946033687882388,-0.0017669890370388252,0.040171034437069014,0.02457477723679011,0.01914221357452038,0.037908656215686,0.01960853325563185,0.005073865768045025,0.014563498708933776,0.0035137184927149148
352,-3.6973401120171303,0.26911372803226735,-0.5700641474365744,0.1576590449658035,-0.15248143818657964,-0.006341152592730749,0.1431929939708074,0.20000000000000018,0.03594331547057823,0.06441077020301401,0.13525932321885678,-0.10471196139162962,-0.002447748611463964,0.040562000537165084,0.06435125265667971,0.0407326219528797,0.04059428054446905,0.04356090999074838,0.00035615578505692017
353,-7.06161089893426,0.30686401613367903,-0.513054035357086,0.12015980543384702,0.07558408678124941,0.025126452168754268,-0.1875545282075759,0.20000000000000007,0.06123743750314674,0.11338207899671059,-0.042412655108558794,-0.17454295580015725,-0.006552088945703954,-0.01090969535569203,0.03617595539092072,0.02693779622373032,0.021389249088030506,-0.015776630178383433,-0.026926805013967138
354,-16.352957549617702,0.3024254537597234,-0.5193816590630984,-0.031308659179785446,0.12356483676157852,-0.15455493464580689,-0.18339261905825402,0.19999999999999996,0.09641552078494453,0.17041569849284666,0.03428319945696581,-0.006064531619818157,-0.029641960858260683,-0.007430195012365126,0.03341311868092082,0.019478276900076683,0.016793485757910943,-0.0025595910688357287,-0.004103860943064903
355,-16.912987852342155,0.3211700518582541,-0.49326495816012017,-0.1374306794614028,0.15525990931062258,-0.11887703028464147,-0.025956575190427454,0.19999999999999984,-0.09745152027823238,0.015621195533186263,0.0894028124325483,0.16000027750893886,-0.011513312708896118,-0.0019269543711101526,0.023776934127201426,-0.00883012329655878,-0.0005653373657340348,0.014127745609602997,0.020916307513500494
356,-10.01581297613201,0.2891547824834342,-0.5388696202755212,-0.12737378940918817,0.11040727067788779,-0.1288657530674945,-0.02674763216450443,0.19999999999999984,-0.03701538741418473,0.11162319100639624,-0.16889722665867166,0.08906974960167265,-0.018168957689445882,-0.0027353271710050414,0.028487337931698952,0.004784326320863006,0.011718638135288062,-0.02014863336229526,0.009060843121173919
357,-18.57623740306375,0.3078543647363872,-0.5116546846338438,0.16725989416903062,0.023790192163939055,0.10269477695167205,-0.004749959600533421,0.19999999999999996,-0.02590216870469128,-0.24741978826261019,0.11356954646682124,0.11461367368070224,0.018709189604375582,-0.0032832153152675117,-0.03266277919752209,0.007346480833447513,0.021179566823348026,0.0027344265488893223,0.0
358,-8.888787001237123,0.3241591040046096,-0.48924177673439784,0.16224687940383664,0.024605317548065126,0.14925112560057244,-0.16287611988275777,0.19999999999999996,0.08361300701240901,0.0998611068051547,0.021814826696612236,0.09573161705059209,0.0115497737331479,-0.00312223716711713,0.03740837975396595,0.025738910707075666,0.022229223596759846,0.015766361842659615,0.019159411720056845
359,-9.646441612125919,0.32505942091616247,-0.4880372426606068,0.06437566672917455,0.1016841515821588,0.14612054482517245,0.14512798238348423,0.19999999999999996,-0.0721863920400395,-0.09277575880723492,-0.013119047053134159,-0.16461045657960147,0.03041054075601346,0.03600699163988941,0.04171949961093348,0.014442436750866029,-0.01433105800872423,-0.00957617574737438,-0.01954618950015194
360,-2.557588468178235,0.2792693027945837,-0.5539767992062621,-0.027936039024290385,-0.07456310083575124,-0.14744489285648477,-0.07046129982912079,0.20000000000000007,0.04631550117853833,-0.19845724046167887,-0.12043793124408775,0.11438399457004784,0.03573936360965653,-0.01555364196802168,-0.05744614293181067,-0.022581260628857527,0.008237969041035575,0.0,0.0
361,-15.04617496977006,0.3336934600979545,-0.4766523047962192,0.15179152185294745,0.23605145675003583,-0.02061361170126605,0.1475108508314226,0.20000000000000007,0.02443300554864199,0.021936332193409187,0.1785066898827845,0.019156531239492357,0.0010936860536261302,0.01801984978784187,0.034242644030719194,0.010100910473925433,0.010541851228512178,0.028312430997882856,0.012083814017196918
362,-12.483775577957273,0.32481633535004323,-0.4883621377621752,-0.12612966236912762,-0.02468381600132227,-0.10162664255823747,-0.13006736246541087,0.19999999999999984,-0.11688055968810476,0.036849936418621505,-0.12573149692538668,-0.13803052357378895,-0.009766594473019441,-0.00996517533398008,-0.026457455397838527,-0.012826344068271713,0.0,0.0,0.0
363,-5.356396222163715,0.2904962546816479,-0.5368594625217702,0.25634195322376047,-0.17097092531589017,-0.001284107845321991,-0.043775808731504474,0.27950377078575406,-0.06755685750208507,0.04761500375678207,0.05717404417311449,0.07577752866578724,-0.007042785833835229,0.0036155098500913804,0.05290133633532098,0.009572288956704112,0.01761426277813619,0.02246460673179592,0.02552422456299139
364,-13.863814543146454,0.3284266061653702,-0.4835616675003591,0.13366649768596747,-0.11894695894898716,0.11187030628001818,0.10081099339376637,0.19999999999999996,0.00505867852724778,-0.008494208888725149,0.18195686107394599,0.13919549520134195,-0.00307032343980156,0.00846707270758033,0.030554322065595284,0.016503076348075577,0.0,0.0,0.0
365,-15.929831315346739,0.32001764621146644,-0.4948260734270617,-0.18438884283155518,-0.017456909248892507,0.08163288859185872,0.012792252077642511,0.19999999999999996,0.09660687627693494,0.2662515651340679,-0.05709765097359505,-0.0837730148654533,0.02645958948511394,0.018873651930532764,0.030413554510819448,-0.009071615036666142,-0.01676722935671526,-0.0024257489304223044,0.0
366,-17.185118781637616,0.32684204840103714,-0.4856620763323262,0.08081840355467881,0.039895858745222855,-0.0784016879276123,0.2012989512643662,0.19999999999999984,-0.05561576765845541,0.11039824925123674,0.11924945734787287,-0.11432162425055492,-0.0037652485802504338,0.005318323085626629,0.033689610418660365,0.009990725722893322,-0.0050740489999215295,0.01585612192325503,-0.0001760225835627872
367,-8.278738130800454,0.3142286084701815,-0.5027542778093065,0.15956730472995492,0.17773714789512662,0.14411942173725048,0.020298932920902717,0.19999999999999996,0.06321509578765722,-0.042375454373490794,-0.11669154445109875,-0.07599509810451854,0.007629676304884732,0.036640735689328595,0.04515890671829157,0.03689358708854723,0.023701211948125876,0.044742995358025964,0.02217640640984166
368,-7.320249313196756,0.29868013540766347,-0.5247936604548449,-0.1258285405412588,0.14817255652062727,-0.15094343448711878,-0.03267871777658442,0.19999999999999973,0.033051515722319166,-0.02864700618312177,-0.15025718348620976,-0.1304210452827602,0.006351449044560553,-0.019531828373012042,-0.03675315589123836,-0.023606332411030394,0.0,0.0,0.0
369,-13.764460722559965,0.32343885047536736,-0.4902078151850547,0.1486758508491988,-0.20189571280251564,-0.06902924540633731,-0.0669039788479173,0.19999999999999996,-0.058415480665980714,-0.09831129634304646,-0.10994241445897289,-0.04682602062603093,0.008388341772396017,0.006918821505563695,-0.030834653969972474,-0.011498914057914233,0.004885659848410981,0.023714822847036292,-0.014986187913483637
370,-2.965846764542192,0.26087582829155864,-0.5835661590213348,0.1372534974178814,-0.1014046062427672,-0.03441361800159355,0.13140544758864267,0.19999999999999996,0.09160276829153839,0.17991121026926432,-0.10570494054843678,-0.018303911639875707,0.002624843705804975,0.04916026345620188,0.07101402100921438,0.06596478751974663,0.05565011846619372,0.002110700255306858,0.0023195365460837096
371,-7.491792497058107,0.3063598386632094,-0.5137681678584536,-0.14644768741386996,0.04082766644627402,0.12401820480169747,0.11585126150289267,0.19999999999999996,-0.12837860329599637,0.030895753345772266,0.049847444271760306,-0.16373337892173698,0.021285200036354927,0.03317874905991107,0.04396974001716429,0.005928815312086955,-0.0009470764169644371,0.009820707576754887,-0.01717473366850306
372,-14.731211989501329,0.3167044799769519,-0.4993457932257889,-0.12670551250039003,-0.11510173664063002,-0.08789743424052687,-0.08189671624589939,0.19999999999999996,-0.09392254375886919,0.11928488289652432,0.07077743539346332,-0.10441373832369692,-0.01312395223250692,-0.0035276836544472405,0.025368802901439908,-0.007262718056858537,0.015588861760045257,0.006215768096780279,-0.01492091356663788
373,-12.906606357715507,0.31462474791126477,-0.5022071194158988,0.1691837771127035,-0.16032687876246762,0.07178270151957265,-0.13951941568928777,0.19999999999999996,0.10862038336860065,-0.10681322587129824,0.010483463292709569,-0.03327015438336001,0.0013399343734599384,-0.006164547781305671,0.03358505519841269,0.007154510201534395,-0.013984492543659814,-0.0014839021161364542,-0.0032203923885640775
374,-1.990144972649233,0.2703291558628637,-0.5681071117282028,-0.15981270159602712,-0.06047197318954865,-0.025506925152949226,-0.020955229021741052,0.19999999999999996,-0.12044118920918243,0.13409231951251324,0.17395858836924816,-0.10476107394879015,0.006126163748737637,0.02396734250540195,0.05814742704063114,0.017520264848627926,-0.0016400122794583967,0.0,0.0
375,-2.731136648327414,0.2839329443964275,-0.5467842138866085,-0.020825882284317435,0.11584617887767838,0.2071990983792547,-0.025749845253263032,0.19999999999999996,-0.1555911732809949,0.11374681141610515,0.0697726931883474,-0.09126831732003911,-0.000531444045138517,0.03291064526751843,0.06552263818085444,0.03992360637874022,0.0562394424643008,0.004795324714423595,0.02603373629305821
376,-0.9994821923796131,0.26650280898876405,-0.5742982090693384,-0.10118810249262065,0.06276193583703005,-0.1038794528860796,-0.1150150009379137,0.19999999999999996,0.08593238548390274,-0.01731703415027975,-0.13596819308495658,-0.17793789512721686,0.00958586134898228,-0.043537592769585534,-0.07131385446636149,0.0,0.0,0.0,0.0
377,-10.316688455043025,0.30354184673004897,-0.5177814279786591,0.04969225588979666,0.09307987941986817,0.17798503370629176,0.06308988640135053,0.19999999999999996,-0.2053419644608818,-0.07689171717420036,0.09958767362139764,-0.03433158932621312,0.01081088257634401,0.02209327017450373,0.033886141938414584,0.023379648316748658,0.02934530243778904,-0.025859176275067328,-0.013317728722255957
378,-13.073176922969468,0.29810393258426965,-0.5256322947208661,-0.13024536056871902,0.1411864174873856,-0.07212238567237415,-0.12210796828148718,0.19999999999999984,-0.1343574219953477,-0.07350664881331485,-0.0976407895361209,-0.028833007645250697,-0.011174854776799983,-0.012846936476447341,0.022347553533857287,-0.01747378873402364,-0.016295721620464543,-0.01588703054558308,-0.0044324054067004
379,-9.597005673703109,0.3249063670411985,-0.4882417779016639,0.07335404047899187,-0.1470611639702576,-0.013166792355871171,-0.10935151122323943,0.19999999999999996,-0.14376244298572574,-0.04333284739989174,-0.18298708888073337,0.08698411270528925,-0.012938888177268454,-0.01828503733841433,-0.031126145225849344,0.0014777487375600923,0.0023345479675977187,0.0,0.0
380,-18.738485795188193,0.31574114088159033,-0.5006688261098154,-0.010086871783643255,-0.12908001777873626,0.114283622333978,-0.09570916402725292,0.19999999999999996,-0.14252815073782119,-0.06236608650873768,0.07182908472042922,-0.17411700210940148,-0.00023094639511532823,0.014672435495525904,-0.023246084547462378,-0.0009621417355882029,0.0005121492134317707,-0.017615245372991608,0.0
381,-3.6064467754561598,0.253763324690291,-0.5955711443987892,0.15019508388480005,-0.019641253458344877,0.08156345406663743,0.14963193691914817,0.19999999999999996,0.0023010687867169263,-0.22132606046747502,0.12659396294753397,0.04874717946934361,0.027127486106122024,0.05241600008035757,0.07301210445919355,0.039971342122944536,-0.02293064851206991,0.005929133357086446,0.024875118918584314
382,-17.733581484202393,0.3184060789397868,-0.4970186493991819,0.14699574878749802,-0.14615774364572875,-0.24495842022136535,-0.015712715128915634,0.30705563559056925,0.0203757408411642,-0.0014186169458853758,-0.007127381323431858,0.11019799751544161,-0.03179082931086938,0.010773427446108206,0.04454689333510838,0.0016600956711332138,-0.005567918266098893,-0.0008121704423375513,0.012932963998324581
383,-19.59564567847007,0.34346189858830306,-0.4641214337154629,-0.001449715103290354,-0.0757663395975877,0.12472000298347552,0.15873077056472182,0.20000000000000007,0.07619573276595894,0.13700013014395884,0.0648205035400178,0.16131680530098894,-0.006068666054231765,0.006699658666723025,0.024463098397288417,0.024162335851826814,0.012157451265369159,0.0063125025466946195,0.0074786107242487115
384,-13.975026475515826,0.31860414866032843,-0.4967485733918951,-0.058912820087847165,0.0842916040060873,-0.05894560268676106,-0.04619745915112907,0.19999999999999996,0.08723893766350231,-0.07823641159623898,-0.19145069626161765,-0.19472646854681647,0.004744635741056606,-0.02367211136114836,-0.03539958302233791,-0.02124147634408807,0.0,0.0,0.0
385,-3.3881900467372894,0.29046024200518583,-0.5369133051305551,-0.1037596320880725,-0.19877027852496632,-0.03387240838201628,0.11203988452829307,0.19999999999999984,-0.1410816622136816,-0.17064721435544628,-0.03700363570179323,0.0028252842057308832,-0.005822978239513394,-0.0361382435037636,-0.062341862020601525,-0.031185408348858162,0.020121241325608816,0.04408369947952718,-0.020670818039263482
386,-8.396766471825918,0.3190002881014117,-0.4962089247146157,0.06243148267541172,0.087982229723493,0.16097539542453512,-0.005967206878362409,0.19999999999999996,0.04090945846211465,0.1569479164235304,0.1701216199190667,-0.114664690493486,0.03599109236680272,0.030135027028111227,0.045149157465862594,0.018597748904335958,-0.006768706158278532,0.0,0.0
387,-1.0200495586171385,0.23424445404782485,-0.6303306826384295,-0.016564677241174358,0.12662642157215312,-0.12351791591629166,0.06664832322966713,0.19999999999999996,0.14260608885809806,-0.1120509782645394,0.14051482944649965,-0.07147076547157674,-0.005429958247731027,0.04850596092765651,0.0829351318060031,0.044485640729409776,0.02387884082135817,0.028275775294806856,0.0012729758750871442
388,-6.2082805516426465,0.3080434312878133,-0.5113880476589882,0.04663866686983567,-0.17456672734908074,-0.16874999382112588,-0.04899358273371839,0.19999999999999984,0.13633397192698532,0.10596673837031312,0.023861424769782216,-0.09488889415915878,0.005230395542941784,-0.024874522845255168,-0.04881025009088974,-0.032556175153613295,0.01933561930537865,0.04246609770960979,0.037694878057677746
389,-5.265561480794398,0.29185573321809277,-0.5348317709831678,-0.10408189097650257,0.1588498011471336,0.0974260394937771,0.11299363206994473,0.19999999999999973,0.17790915441764218,-0.09502130068957648,0.03989314699778838,-0.01382503420763518,0.03862227612324902,0.05408723592895503,0.06856731973150076,0.03943300252253889,0.0063186698346165545,0.01239964584967415,0.005746203992074368
390,-6.350867028348475,0.32966004033419766,-0.4819336925720748,-0.10103138906522181,0.18234971749251827,-0.2061813179226104,0.012773793052916767,0.19999999999999996,-0.09335541546019371,-0.0815335555237508,0.1094174507292952,-0.013357360753493119,-0.00740650560362974,0.01580185905526724,-0.031676148341297505,0.007954382170377935,0.029165395465902324,-0.013558491599653357,-0.010444213166602396
391,-8.283070565880893,0.3019392826274849,-0.5200803811189157,-0.03915891562744229,-0.14090445972112833,-0.14302367095158972,0.08044056396183222,0.19999999999999996,0.07603585523142323,-0.09792397558362893,0.13716836299427335,0.08534419592868192,-0.028126075216353238,0.014761165131296664,0.03832836249828493,0.01599595330201627,-0.005934430969848215,0.025918856991992492,0.02082795407845594
392,-7.524565934169143,0.3213951310861423,-0.4929607067837449,0.09949005841534392,-0.02966223557255688,0.18256086176269584,-0.1602779225133393,0.19999999999999996,-0.009876599063269927,-0.05790213470923541,0.10361471283682357,-0.15661547512673524,0.023095453621731075,-0.007451132816559361,0.032928209353012335,0.0020505184110719923,0.0005421433613285712,0.00748280136420174,-0.02225815306620651
393,-19.409419042769137,0.3302272399884759,-0.48118710524420844,0.18746703245099947,0.04964982641059708,0.032871039341509804,-0.12981401031502982,0.19999999999999996,-0.047806280442310195,0.11105277718450463,0.029475921604810138,-0.21186311225023888,0.011832109728044424,-0.0051872026757504705,-0.027780749429466862,0.0,0.0,0.0,0.0
394,-4.965849354096131,0.29799589455488334,-0.5257897190930123,0.16072642528310083,0.002443896478988759,-0.0750772644721225,0.06322262044959949,0.19999999999999973,0.15396133887092253,0.0877576490924035,-0.08807079407592763,0.16874001127693497,0.002685024419665267,0.04082797236603134,0.062047040507689825,0.05167887676694695,0.018734747406418603,0.023934096990010336,0.033180725357683585
395,-3.003688919217737,0.282339383462979,-0.5492285379789171,0.026717820512720748,0.051979210640408995,0.11504247277121948,0.1418116480323113,0.19999999999999996,-0.09467306856061737,-0.005881372172625808,0.1835544076200909,0.18033999969000547,0.010234550288651887,0.050364486031358235,0.07607997004092679,0.04788110096098926,0.0,0.0,0.0
396,-15.16614103831925,0.31125756266205706,-0.5068800876632802,0.13215670958340536,0.0037523961365922122,0.0319097512543196,-0.14505495468202512,0.19999999999999996,0.06780549019758807,-0.1594180979782811,-0.1015464886059853,-0.15835611156180332,-0.0033926046739255027,-0.011392116459828313,0.029727623837651172,0.0014721965328392415,-0.02666664612229478,-0.019836809210310013,-0.01730542864035071
397,-16.615840464856596,0.3149488619994238,-0.5017599565418067,0.21576711133319632,-0.062027837170783945,0.013248858387153794,-0.10508904648293571,0.19999999999999996,0.09120667749656265,-0.14963358146371425,0.13066935186498785,-0.03235753580066553,-0.004752738497732951,-0.005479730340844737,0.030249309715927472,0.0029465034207500356,-0.016401154392289296,0.014492409631138535,-0.00431430515618127
398,-11.176077654806178,0.3430747623163353,-0.46461122886859996,0.09632749983639396,0.0924438727450695,0.1245345173329916,0.06215909647620186,0.19999999999999996,-0.07703420013108164,0.1508327407571338,0.07004606640147135,0.12662200631965628,0.02397237493426899,0.01908032363262087,0.03141765945190255,0.0018454728470245834,0.021787013734685407,0.021080328864718074,0.024202403181050196
399,-9.14876632618829,0.30751224430999713,-0.5121375871067821,-0.14623961338377975,0.13679057353306193,-0.09912057298587555,-0.06235178040454479,0.19999999999999996,0.08439320323584056,0.13206710169858407,-0.029958711550538128,-0.10907844320777525,-0.017941738835065002,0.0007105228691842357,0.03496837933899338,0.026209931407081194,0.021935555463515645,-0.007132291556665933,-0.015417794735951462
400,-10.243979134231864,0.2984550561797753,-0.525121059250526,-0.057810828014863,0.08350962183786759,0.09923725391704173,-0.18131679881087112,0.20000000000000018,-0.07627256350472822,-0.06086161500023477,0.017647889200896306,0.22334342971349716,-0.010438987481957596,0.0071118964641431,0.0365796932707838,0.0,0.0,0.0,0.0
401,-4.623194769352455,0.29389044943820225,-0.5318145269715587,0.11006568702408913,0.123272422579378,0.12880814599184381,0.0929516086556199,0.19999999999999996,0.1755529140724993,-0.0775012326382352,-0.05839411137995042,0.033453877658384326,0.04949149427924604,0.058450303869989735,0.07562433391779998,0.04652575491332775,0.0014788345835189828,0.0021809650928328287,0.011057247714236558
402,-13.677703257532677,0.33320728896571594,-0.4772855068962062,-0.11200119118655776,-0.154635753359621,-0.03628101835118658,0.15321894217241783,0.19999999999999996,0.07967832252601896,-0.1415662639980291,-0.057673379683265365,0.06494512872290341,-0.012093267148912602,0.018493995960951973,0.03457910922057118,0.01951573174232775,-0.014646220545895506,-0.01840064141401492,0.00419404781434758
403,-19.041236239221433,0.3270131086142322,-0.4854348379063181,-0.16528873222112483,-0.003619573339553858,-0.0783950343573571,-0.16923966806567523,0.19999999999999996,0.10764614281695926,0.0927227501671539,0.16357662720186888,-0.01951147183030697,-0.012219968894533329,-0.007629922771462494,0.03337770522440389,0.01523862325642197,0.011826211247018473,0.011745676410566142,-0.009325875334955068
404,-4.021036102312799,0.31683052434456926,-0.4991729839139748,0.09391940670115952,0.08806665688040362,0.11206120491499769,0.15510133446318158,0.19999999999999996,0.10427471962679533,0.09926224252430582,-0.002805013230367952,-0.14450942165878858,0.04839251094452998,0.06537515556524018,0.07808802285544299,0.06409468317797073,0.05201828659325503,0.01869329620000524,-0.017625375219183125
405,-15.024062991503348,0.33059636992221264,-0.4807019194621131,-0.016250944570164187,-0.16043252198846578,0.08318113996244601,-0.14683434676613782,0.20000000000000018,0.1372222542184011,0.04414143583220379,-0.037166508419463215,-0.17477084824271796,0.004488345051772991,-0.005499422626030757,0.03361651268438587,0.01638535385173976,-0.000611744371593176,-0.0180648902773613,-0.02068171224162369
406,-4.137800293483199,0.26656583117257276,-0.5741955199042625,0.1839701965989018,0.039814738584936046,-0.1331547787344097,0.14169193478590741,0.19999999999999996,0.059022754305113896,-0.07613210194801451,-0.14991242466051583,-0.01630107038220095,-0.010057804628049666,0.03600856756250619,0.06205495182957717,0.036697074725664185,-0.006364435496176351,-0.032277096018053376,-0.015634203359439148
407,-11.63221649100932,0.310915442235667,-0.5073577073193352,-0.06208122946059308,-0.16607573265284087,-0.16982216266173608,0.06101733898581214,0.20000000000000007,-0.08764147305039748,0.10254403939858388,0.11240911923816849,-0.038408904551867996,-0.005212523621232994,-0.021166585029256113,-0.03397620679789157,-0.015922697404176192,0.023295976448983926,0.01787313924700476,-0.0041383051230629644
408,-14.294757143627209,0.31891925957937195,-0.49631925285964845,-0.0810987909843218,-0.1460504795940251,0.050652283567315375,-0.05669086851030955,0.19999999999999996,-0.12690368022635942,0.15769862122758507,-0.11116764453043282,-0.0697376313596509,0.0052087836401758045,0.00019042695850842096,0.023339441966272998,-0.011512089058360039,0.015611430657437643,-0.016536044160320236,-0.011044204707744797
409,-19.507628204568057,0.3249333765485451,-0.4882056764470452,-0.08759305842484054,0.15405379830959812,0.1604299730003588,0.1083472254984182,0.20000000000000007,-0.10978786665860525,-0.0681255062587577,0.09327502404983465,-0.018387547799586706,-0.005773933346869131,0.003791611579718266,0.027102855930114862,0.017437243150502074,0.0148940729885299,0.0009144679517536698,-0.023584538430481278
410,-3.3004955575032326,0.27633426966292135,-0.5585652526057542,-0.07202334649246453,0.02663983603116535,0.016144645415438807,-0.03992552644262852,0.2028615490851362,-0.22665117030496304,0.06274584879102311,-0.2545796468968899,-0.09842843054029056,-0.031819745292617996,-0.0240560802441886,-0.07184592508484305,-0.0463257299986325,0.0,0.0,0.0
411,-2.95340186348297,0.26020959377700953,-0.5846766952932403,0.062456595828409095,-0.06216987746864602,-0.20304308549656658,-0.17645611874488767,0.19999999999999984,0.02894446122237042,-0.04387071574554489,0.03041900230930827,-0.1926401431842672,0.0014421450974084343,-0.04323193026997892,-0.0735427492434369,-0.022425975827357742,0.024411907694746018,0.0026388662051879306,-0.004190498190931366
412,-4.474605315245601,0.3077103140305387,-0.5118579465491686,-0.06122526850759565,0.07754124102354601,0.1494357231138393,0.18273060628025548,0.19999999999999996,0.14755730466761272,0.05794930321750619,6.731949890239783e-05,0.12349323369074239,0.04824966396363127,0.06838262026857435,0.07801576168566017,0.06817035783555177,0.04378572717906511,0.028962940833164794,0.041564966254957
413,-1.4759870915011426,0.30127304811293576,-0.5210397185735078,0.052555567890596844,0.18863549446649677,0.13592509512500645,0.013732373586996856,0.20000000000000007,-0.06355384652805045,-0.0655150305893034,-0.2014652415115087,-0.07861735030204053,0.011122681543848713,0.04828683801590248,0.07787453185651624,0.061545629481952295,0.06474409947596041,0.0549368674482427,0.002103661962412806
414,-17.023345824568086,0.3001476519734947,-0.5226650497392027,0.02627856690189451,-0.08077457415077462,0.14456998684100664,0.04700808635704995,0.19999999999999996,0.19557826174887719,0.0042641259051800036,-0.13673076899123293,0.1647956291039843,0.020197391059287785,0.013840868204420376,0.029843510685665865,0.014790303641626727,-0.014849689562506617,-0.010454447541412093,0.02036946034916272
415,-2.3102151297349707,0.2846081820800922,-0.5457526187241308,0.023218720199993253,0.18321772046592333,-0.18088761336537426,-0.02914616505490046,0.20000000000000007,-0.029909873794767415,-0.02330512321176217,0.18510494827668778,-0.14520983563059126,-0.026438372456241747,-0.0021173862144050347,0.04302849326858875,0.012286421244247302,0.014728730282218458,0.03900963587855768,-0.014187721971957837
416,-15.749014751756366,0.33032627484874677,-0.4810568802353701,0.2732962807891151,-0.0885085877174437,-0.03685113785110698,0.07970194326198188,0.19999999999999996,-0.13289506108044394,0.0439387130816707,0.04005052576969418,0.10475775044854352,3.18137371521089e-05,0.0051692232165181755,0.033289371384569263,-0.008337511208508794,-0.008610051274448902,0.012566912348307193,0.025270137812499992
417,-11.086538389103845,0.3419853788533564,-0.46599246125101423,0.11383999981391552,-0.11657036627842657,0.14803137055480384,-0.024371369574623557,0.20000000000000007,0.10746232065869331,0.05157174087715098,0.12882700432187577,0.10932582792051045,0.019376959516033396,0.010017993597105755,0.03594583708226119,0.020238479203900348,0.017665795572335875,0.026325534590635562,0.018829850719503497
418,-2.7987974417845543,0.3053064678766926,-0.5152639951333616,-0.05808459288954014,0.11603493884926974,0.13786623960814473,-0.15264812130316505,0.19999999999999984,-0.11816828394299299,-0.08750690872122933,-0.07845923308847987,0.05123168159717831,-0.009594684245202899,0.013346783486414715,0.04292911697393227,0.006976513285423069,0.02109393936849684,0.010172043974703303,-0.026967300407880024
419,-9.299236660143848,0.322394482857966,-0.49161239889189445,-0.03164392408205185,-0.07870669264427983,-0.09655880599293239,0.040298837276128936,0.20000000000000007,-0.15712647534590346,-0.1387303570978392,0.1107726390027597,0.14616226855810463,0.023309155975014605,0.007948839416720872,-0.032537574963467375,-0.0075778850207226835,0.02712985073789985,0.01935285282549155,0.0
420,-8.92698008451111,0.31672248631518296,-0.4993211019709125,-0.09776233055003031,-0.08201299973976534,-0.117121036060269,0.0721162831367211,0.19999999999999996,-0.11561990260828961,-0.1515132736715304,0.026915767774298615,-0.1369384064590957,-0.02435996536245159,0.005742953768463509,0.03145183104128725,-0.009050932640824828,-0.03019108040676909,-0.010347698773704665,-0.022537300237802076
421,-13.815567209415565,0.31700158455776434,-0.49893856692113375,-0.04884982633903611,-0.08037041162833239,0.20987824347157155,-0.21222010017924525,0.20000000000000007,-0.08464254999984118,-0.0767837651568788,-0.05313434289770163,0.03412076032739306,-0.00811323774459437,-0.008003267966253513,0.022614024691168785,-0.018507811772297864,0.01842643197020224,-0.007198526725097685,-0.014212782926768216
422,-16.393321991071353,0.33194684528954194,-0.4789314543852014,-0.04928982158000255,0.10757509254205515,-0.09828517231160847,-0.0857079378538181,0.19999999999999996,0.11767804991631142,-0.029331459721179613,-0.14814923633014285,0.16398322974488194,-0.01729526398526234,0.0026339661067661226,0.031523257155042075,0.008859190944667358,-0.01659696466039269,-0.009398996319163445,0.021607887908847004
423,-8.687805172578944,0.3213141025641026,-0.49307021272622287,0.03807233832979331,-0.14005264282980573,0.22244146758694716,-0.15133523079485092,0.19999999999999996,0.0009284692933133272,0.0789838092957765,0.09369144552929948,-0.07449459634021355,0.023989846842254955,-0.00735272565084634,0.03116331048915946,0.009839346702692306,0.02216066480932457,0.013635973515597198,-0.006647236425280189
424,-14.47445867997384,0.30599070872947276,-0.5142917604752237,-0.09772485124808862,0.010563910395402503,0.24122903364066905,-0.10437444771991572,0.19999999999999996,0.0927984639780581,0.011448910687811542,0.1025641944805114,-0.13929618784954315,-0.012693102077584664,0.004003163987016279,0.03125361715787822,-0.004457468791298525,0.02317261695576727,0.016207849753892802,0.003705664810392331
425,-7.769403645464061,0.29178370786516855,-0.5349389611807077,-0.05492698976374711,-0.0037624446303983314,0.06400329477668795,-0.026961364071881842,0.2653811445198426,-0.07297461734707035,0.10771445253920546,0.26662744695617496,-0.1376482453949914,0.011693142559176754,0.023869640581972124,0.05224427894537198,0.0032193932636914013,-0.002691807301000247,0.0,0.0
426,-8.073052560982825,0.2893258426966292,-0.538612773267703,0.22472618940411532,-0.24405322009435176,-0.02032868683965283,-0.10912832643059349,0.20000000000000018,0.02879063212604496,0.014197863691738798,0.1533234145018588,-0.0054516669116439495,0.014470197905437123,0.023026338172812216,-0.03582108605044357,-0.015518378105603943,-0.008250143137247859,0.03248518333186269,0.009920066199863383
427,-10.025553958609265,0.3133372947277442,-0.5039879104789275,-0.17672541437476302,-0.15452097735407103,-0.06061610240223431,-0.09061954752037994,0.19999999999999984,0.08232483625774815,-0.10929354609434107,0.05269259573132353,-0.07320698026513904,-0.0003938824870945804,-0.014753172925747165,-0.03744954983897921,-0.028721878500331754,-0.018100260647929863,0.001523619438909541,0.031042611443825113
428,-11.929399307882488,0.32532951598962834,-0.48767653293729335,0.23469745140247328,-0.014852412291018193,-0.006593570237541464,-0.18635243608419122,0.19999999999999996,0.010565157966860557,0.041099070809703986,-0.18556058920953586,0.12027931199867548,5.80368272729813e-05,0.007064262358761547,0.034337626236248704,0.0027885578719642878,-0.007113671174686091,-0.02182055052833991,0.02677568059281694
429,-13.489340847002664,0.3116807116104869,-0.50629007324554,-0.004526839647809246,-0.05294360359311807,0.144766009578099,-0.16821006573625175,0.19999999999999996,0.07100846744654213,-0.10408523043156843,0.08834575741737473,0.16611402614923662,0.009306541121730197,-0.010502862576723818,0.02996778385340969,0.0021024130439061487,-0.00902952276129482,0.02020322558372107,0.021902060082966565
430,-9.660399598484597,0.3072151397291847,-0.5125573858448632,-0.16649520120745512,0.1608905932413091,0.1643032613538708,-0.12076014026574045,0.19999999999999973,0.05376619827615664,0.039085994326240554,-0.08149483838988454,0.013203772939342906,-0.01653421938441243,-0.003476156702039672,0.034685557664347215,0.00979297845614641,0.007656206842412875,0.02986903075302571,0.013623253642211959
431,-12.556987831034169,0.3044331604724863,-0.5165080436693666,0.05124764916071921,0.16081513959950006,0.14988481015819613,-0.1197067998248829,0.19999999999999996,-0.1637764203374671,-0.03256768323513383,-0.07349331752542268,0.048508180158678166,0.00318460936311014,0.016482099972099602,0.03002957333991351,0.012539695710732148,-0.005255794078373141,0.01685272833373311,-0.023153980555678667
432,-4.26622127670209,0.2876602564102564,-0.5411201367680861,-0.007557318697041246,-0.11624666040967065,-0.14385642352322964,-0.0464777246648056,0.20000000000000007,-0.014929080607065394,-0.15816961425906856,0.14761796921650946,0.16514520862260945,-0.005882567060270001,-0.031594676127368326,-0.04744000200154567,-0.02620975652732535,0.027305443857958165,0.006558278401274118,-0.026527469918684765
433,-19.753369885806485,0.3356741573033708,-0.47408209268871865,-0.1188538527544285,-0.02436977179221187,0.15734848826287934,0.11162395616859375,0.19999999999999996,-0.024236574529867543,0.14848285032763242,-0.17289454350033365,-0.042189962664053005,-0.006237500997001692,0.004923102932335977,-0.027362582934693735,-0.0030854407982204802,0.0,0.0,0.0
434,-12.747918253580814,0.3252845001440507,-0.48773663042329574,0.025621096006248244,-0.007949163821080968,-0.10388520904954027,0.13873923461676838,0.19999999999999996,0.16592275285096938,-0.019758510071465608,0.11018575957538158,-0.22793827400854563,-0.008755318577827407,0.027842713178649527,0.036452571286279906,0.023033207641403607,0.0011879916931154797,0.0051562680260805625,-0.03129786367141042
435,-16.758458868396804,0.31027621722846443,-0.5082515119513877,0.07653928335891727,0.14467245852875638,-0.13590506791168225,-0.16583081367562402,0.19999999999999996,-0.12953625545089176,0.08219532790727231,0.05559794048924297,0.00972285267761313,0.01726691131431869,0.0014213572557884133,-0.02901495391941707,-0.00024244451655509267,0.015077410165283486,-0.008163832001772394,0.012918336068064317
436,-9.570203325865956,0.30067883895131087,-0.521897135418135,0.16190635089481853,0.0684509746778495,-0.013101672125142001,0.13966801114421845,0.19999999999999996,0.18772854545947282,0.0531440057510109,-0.17318793606543204,0.0028125038820558815,0.01224878591781805,0.038311947818128085,0.04822959320926692,0.03619252939629703,-0.0005867041143383025,-0.019429628807349487,0.0019744728957611837
437,-4.703713153912348,0.3104022615960818,-0.5080751231254457,-0.050463145151351134,-0.14416339729712244,0.1324122864254647,-0.05704411575331245,0.19999999999999984,-0.21298270040547948,-0.016566689598345924,0.10282280318998914,0.08354486217893486,0.009961543538860921,0.01868843470389705,-0.035069795597972284,-0.001960470719767749,0.02387373168656679,0.022933262819585253,0.0
438,-17.968508452596673,0.3145347162201095,-0.5023314130780343,0.055734593908304694,-0.00558559308983503,0.14877231397781993,-0.09785263133093966,0.20000000000000018,0.07831970050828349,-0.20958371834545036,0.15643728928448938,0.04771415955487734,0.012779962163586378,-0.007153876794741847,0.026139769050188458,-0.0032452361908801236,-0.022833319504020917,0.021763992060419884,0.005434087368443999
439,-4.587919346061808,0.2982749927974647,-0.5253831561093579,-0.0940937087474589,0.11546799083370508,0.14738406977006677,-0.07663995967887122,0.19999999999999996,0.0050400838986076404,0.14868753227181605,0.17459074025230462,0.03809591454716986,0.03207802110679481,0.0459787421750808,0.06200373270431024,0.04327820821630378,0.021689973264253256,0.0,0.0
440,-5.768641808471589,0.29072133390953614,-0.5365230973687944,0.11001744496501878,-0.06981977160965219,-0.14176768556809602,0.13351065220796965,0.19999999999999996,0.03163277707407798,0.10678494968916752,-0.08945261515358986,0.11701410373242807,-0.023960358795510766,0.026405297231670254,0.048750114213503004,0.029146201750667688,0.027253613421704327,0.0011389994473828286,0.024561814810112676
441,-11.80278794766242,0.3119147940074906,-0.5059640263218902,-0.2088237109406065,0.010150058348010114,-0.055997595485846936,0.12485032736628252,0.20000000000000007,0.08447449299779651,-0.1141032309664904,0.041751099171909674,0.15984948472305732,-0.004945508930939348,0.0198374987654355,0.034684741073667986,0.01716724725837793,-0.013257387700678804,0.003999065459134955,0.025088393016634777
442,-2.1844026216046615,0.25481669547680785,-0.5937721206227463,-0.02856084184174687,-0.02069123019669896,-0.1798728916302898,-0.16911972255290122,0.19999999999999984,0.02603988495833279,0.11066259318634318,0.04402739003093869,0.22102544560274856,0.03811754193048052,0.0411882423334354,0.07282987270894851,0.0,0.0,0.0,0.0
443,-17.940282531498198,0.32406907231345433,-0.4893624140912578,0.025719968868331892,0.12303840073793626,0.014062692698557621,0.045267964030967875,0.20000000000000007,-0.18693424822096458,-0.12394846826981036,-0.0691292148193934,-0.211899042354038,0.012867992371807501,0.008391935994724972,-0.03312300560803882,-0.015688376013379603,-0.01351763752826543,-0.016968126967357642,0.0
444,-0.13076786980172983,0.2513234658599827,-0.5997669598048697,0.013266583653656851,0.1869685113102974,0.11232373391839184,0.03598151609203089,0.19999999999999996,-0.06727399987167465,-0.16756979371884786,-0.19654347259241595,0.020072388842684568,0.07555368470976002,0.06449105564811185,0.08582056178084074,0.02328692490517287,-0.04869221942035469,-0.0822748567046863,-0.03908553797714664
445,-15.9808600650148,0.33447673581100545,-0.4756340837564504,0.16024215795093236,0.04997251413285806,-0.15474588153679933,-0.1006549061689436,0.19999999999999996,-0.022960989531557344,-0.10728544534280973,0.09724634354887264,0.10689176178722698,-0.02536646846596883,-0.008711657242575025,0.027447391430518452,-0.004125226441934233,-0.012942162520271604,0.015171727451990602,0.015248512405722494
446,-13.38629756956555,0.32882274560645347,-0.48303814870586914,0.04500713901491939,-0.14517919088728734,0.02365186161578698,0.10844094724303668,0.19999999999999996,-0.06180022676947977,-0.15076237945212576,0.15533252068821932,0.10982573432914483,-0.0030380823777690566,0.018317312787823167,0.03027470438203953,-0.0011506747595326145,-0.02274044361528634,0.01327474529509318,0.023175817464486832
447,-7.8071012014159,0.305603572457505,-0.5148415732327586,0.11611400167836078,-0.08688149148564074,-0.021522806144228798,-0.08553032165223062,0.20000000000000007,0.1300969886507847,0.12279100988487278,0.12294198901513571,-0.11412139148874584,-0.012443860641604083,0.0092597389601231,0.04200175565614042,0.03694906222987091,0.036606405550298614,0.011698066466300632,-0.009083903018533726
448,-17.62884779187802,0.32878673292999133,-0.48308571525468624,0.10156080882308106,-0.020440880077672724,-0.06765288128017229,0.20213024076959957,0.19999999999999996,0.19888165992515117,0.13713885787791513,0.04864053800047042,0.02355413324593762,-0.00916205755705435,0.0077177142816083,0.03436556534099253,0.027667062555081882,0.018927193556368307,0.005839021650703513,-0.0019696834524620976
449,-5.614350390653513,0.31349034860270814,-0.5037758252100056,0.18502006749990413,0.09774581867558224,-0.14108907016304004,-0.10175870145047965,0.19999999999999984,-0.00477856586938751,0.10468269657049543,0.01571225343967768,-0.14921282633143346,0.0004417754851741514,0.017571720080523292,0.04526549045199596,0.016339556658868007,-0.02599605935920427,-0.0034050722694679053,0.033812724711517354
450,-14.427902307264127,0.3032537453183521,-0.5181938266986563,0.05370276521232687,-0.14989010263185182,0.07747452895773095,-0.029821809548652184,0.19999999999999996,-0.26006612757328695,-0.1959963112690202,-0.002351321375869708,0.03069703343126134,0.007726718320229054,0.009583988625745513,-0.04587399097854449,-0.021911939019672942,0.0053736915031122184,0.006956466014760381,0.0
451,-18.353904296461202,0.30885371650821086,-0.5102471683288883,-0.12951140502914607,-0.00037177604452577644,-0.05064466108768508,-0.17963994888904933,0.19999999999999996,0.14128347565390423,0.08186027282762873,-0.02875903984950359,0.1879294206185572,-0.012562967490763471,-0.00520153352911505,0.03482794214501878,0.01702541231847829,0.0006453855103120302,0.000859423654455017,0.018189791423351497
452,-0.15298418053163942,0.2601105589167387,-0.5848420177149393,-0.15793790046918352,0.04145017568708699,-0.07166428151617758,0.14870882178634115,0.19999999999999996,-0.17999019287537685,-0.15205755216051034,0.04793702812103816,0.0002540473842854813,-0.02248581343560848,0.022776046972615163,0.07315982851253869,0.0073861582327953475,-0.05661415176093993,-0.031905246915612806,-0.007072795374672997
453,-6.798464470705392,0.2732821953327571,-0.563388662199107,-0.008067027935534252,-0.022731546841388398,0.18280001703919288,0.06702493505102285,0.19999999999999996,0.09962247548702047,-0.18617122664812374,-0.054528789219238254,0.1790539817784792,0.037043099391385774,0.033396036193714916,0.05186337894811777,0.02639518906889902,-0.024055121165531813,-0.00580402732465065,0.032083743448214526
454,-5.184385435018461,0.30522543935465285,-0.5153792724506924,-0.07412356558935214,-0.15817021374609633,0.1007560524082995,0.06529311951375491,0.2594419399674648,-0.16926057071957887,0.018741112230986512,-0.08870155264855008,-0.06551187317591675,0.0038395025186608034,0.02476935637445953,0.05407575412022116,-0.006343157218652799,-0.005297441110111238,-0.02016483637340496,-0.021207717559808017
455,-5.446116744808251,0.3041090463843273,-0.5169706606307489,-0.12858956313630607,-0.11220996708741358,-0.02982184650295294,-0.18378365921269313,0.19999999999999996,-0.08198957281980349,0.13172889621490413,-0.12234799809979385,0.009528496926132805,-0.03725161391103068,-0.028594750782865302,-0.041382468469274215,0.008584107373353645,-0.0006376232493589962,0.014073594291434597,-0.01194198734253438
456,-0.4754162056366482,0.25894915010083547,-0.586785510045288,-0.10914225995527924,0.03690744079532213,-0.16136823768814956,0.15205264405803878,0.19999999999999973,-0.09378552247477366,-0.16876038497496132,0.00443297603392263,0.0735505340195529,-0.042697343144514795,0.015965440024296913,0.06736762049467311,0.013784776684584974,-0.04673734079575221,-0.03003444801906051,0.007190825012117269
457,-9.255964236839434,0.32583369346009794,-0.48700400864874965,-0.10649088587261507,-0.15145779585768607,0.028213022453642968,-0.06993164967968689,0.19999999999999996,-0.04310207584152451,0.14901184186416,-0.14859814486709882,-0.10319458356358564,-0.0013832944944527957,-0.017290773204548075,-0.030567396730743466,-0.01121686774582992,-0.007732079541406694,0.020919991601433284,0.01029265844240164
458,-19.334622787538162,0.321764261019879,-0.49246219548811015,-0.08029872412185074,0.10843002574127414,-0.08193322674985105,-0.15199768933585567,0.19999999999999996,0.11951366200533099,0.026855751738653764,-0.0925934481638812,-0.13837747214330243,-0.01828213527341685,-0.0031846460157503136,0.03230910662541765,0.010615667023944626,-0.009148106755751706,-0.02128329666897604,-0.012283399397925398
459,-16.9759141724425,0.31625432152117544,-0.49996353127074444,-0.07238100282047001,-0.09382032606432597,-0.02083533829490511,-0.1392644693156136,0.19999999999999996,-0.007031052952665099,-0.17202862764961402,0.1255185497977664,0.1691206331046399,-0.005186054910936835,-0.006327576502141012,0.027464999852710174,-0.009064669189312579,-0.017660426075842263,0.023689467299023208,0.020969524960157224
460,-14.248701755016977,0.32757130509939497,-0.48469414898367724,0.07721389669041995,0.012682045612905413,-0.14427864091473497,0.09535080108685959,0.19999999999999996,0.15616322812991063,-0.07465326844844838,-0.08947310002888988,-0.15018501908783125,-0.01584853335004473,0.021482781958173092,0.03400368191507319,0.016284602606458955,-0.016845785274888593,-0.019633130853066203,-0.019222397764472588
461,-3.5414217479389016,0.29573609910688564,-0.5290956599648012,-0.030032656373018975,-0.15060634467742212,-0.017599228521606513,-0.18735998169362694,0.19999999999999996,-0.013037039449183599,0.14197239063090294,-0.13160568040926587,-0.1277866782449731,-0.03699524158508144,-0.03356906049970173,-0.04802316619619958,0.006260743387796235,0.015665661211651416,0.028269422080702714,-0.009743033735518044
462,-3.1203881230098816,0.26464815615096515,-0.5773311274662174,0.05462977820528306,-0.07141914807215574,-0.05582866200221998,-0.15003854775949585,0.19999999999999996,0.014565350782886425,-0.19885147615191623,-0.09496850442235419,-0.1596985326036886,-0.036512384256680575,-0.05429368523638878,-0.062393327929462325,-0.03866190224823143,0.0,0.0,0.0
463,-13.111111169350933,0.3275262892538173,-0.4847538351542017,0.040833129869176116,0.15121877917382479,0.07041347530157128,0.17496608591952237,0.19999999999999996,0.06310903737094249,-0.15673380089715563,-0.024779782685623666,-0.11794590878218374,0.021170903211295045,0.022205460853502893,0.03408988057636956,0.022139428793207804,-0.011376398750498968,-0.018743991587352862,-0.010961569995607417
464,-9.778375959859646,0.31298617113223853,-0.5044748507399314,0.11022530596062978,-0.031082360682989342,0.08268673564058063,0.14737191626632726,0.19999999999999984,-0.11843015716195184,-0.1143505257962964,0.0732811753031508,0.12257182318807407,0.009200919858522687,0.028316776393961268,0.04014496905382428,0.00742049593273216,-0.02232365123450788,-0.00011858643365732612,0.02368328757030065
465,-11.576717700351063,0.331505690002881,-0.47950901291336895,0.250088254360214,0.007406741943281356,0.023914416365030947,-0.077324668046708,0.19999999999999996,0.09301518642523439,-0.017099618657777742,-0.18374381657978872,-0.14740729762196497,5.826162730488002e-05,0.007586828878525479,0.03780031802566844,0.00810850887060421,0.001606124513715285,-0.0048664350025488644,0.03204899344016864
466,-3.922116290553692,0.32263756842408525,-0.4912850640725351,0.1052758961071205,-0.14031451182662907,0.009345018514798912,-0.0771477823095472,0.19999999999999996,-0.1708281923473707,0.10486880538535637,-0.12135274844934824,0.07086704505982902,-0.011726112530281876,-0.010607137732174074,0.028231379885867023,-0.017874982877197874,0.007154259004064768,-0.018640416663210972,0.006874215483365008
467,-18.22713385599311,0.3350889513108614,-0.4748398916628826,0.0368959671416194,-0.171676612109339,-0.06323103004613044,0.06834729213611192,0.19999999999999984,-0.12666565789376988,-0.11552512295460621,0.1815210611952337,0.036137256523189595,-0.01439642471127589,0.009782709777585634,0.026527698635489615,-0.005255778377669507,-0.022230770803149696,0.014215371242446602,0.015493190132713575
468,-8.403634591356237,0.318784212042639,-0.49650319540813526,0.20148719282344899,0.10489630542246198,0.06012221012997403,0.1391615952057221,0.19999999999999996,-0.048473057359257964,0.07010382548427323,-0.11364560145880502,0.062110212116056766,0.024736209213919523,0.032983834497991124,0.046384304391241075,0.018718195945589673,0.011899561384780747,-0.0050284795262998325,0.0038970753620894017
469,-0.44511561306849856,0.2434006770383175,-0.6136782180796745,0.17741705049975992,-0.20971120196789964,0.059535721575516586,-0.02012589693802995,0.19999999999999984,-0.04790565653778209,0.006238603271034063,0.21785549510108798,0.06121037410888988,0.014227565380359773,0.03606805182753515,0.08042867893355382,0.056224133942194554,0.0,0.0,0.0
470,-9.830739998768369,0.32221441947565543,-0.49185502829115096,0.08358220183316953,-0.06829729704578091,0.07958827037636126,0.11456686517799713,0.19999999999999973,0.14911961006195898,0.08487465567056664,0.07155292883005253,-0.14841817100411325,0.01908948643577112,0.03185352173966461,0.043426494520638,0.0331640885344575,0.023027139271658382,0.00655740816312167,-0.018044545093838005
471,-9.180415736489518,0.3055045375972342,-0.5149823348852404,-0.2246499935853626,0.08177602078175872,0.0059240663420392315,0.22245915125446783,0.20000000000000007,-0.05170559508864449,-0.11916031206988616,0.010995943944923188,0.08332891693291773,0.00900840097735568,0.01943046787393465,0.04898776102146186,0.0278551024356011,-0.012163758622822823,-0.015238272089632783,0.008820673032858915
472,-12.280609618182492,0.32439318640161335,-0.48892827634515335,-0.09412428051940366,0.13494194276845936,-0.06826612773549919,-0.03944971664526335,0.19999999999999996,0.060270755580744455,-0.08998408945851225,-0.17456789632418052,0.1383951909679373,-0.010252700551991489,0.002229386118285469,0.030801332270745954,0.006717338432068732,-0.020875165294766188,-0.020112269394996427,0.01956194170655152
473,-19.350236447778094,0.3215481849611063,-0.49275393753075686,-0.00687910088150212,-0.09237371244903217,-0.13576740588204844,-0.04197550232344022,0.23120009949209552,-0.118732608705954,-0.09856988104583252,-0.19189016883855367,-0.08261152038154129,-0.016489567423390087,0.0018713042852681603,0.02980980370689896,-0.013404117423902158,-0.019436634563441052,-0.023815996684826077,-0.006180061936716876
474,-9.744232051629073,0.3134093200806684,-0.5038880927448361,-0.07238312279174301,-0.11499227812846306,-0.154547096936163,0.12276968807882385,0.19999999999999996,-0.030125288849492723,-0.09018848498669604,0.12057376729671422,0.09442027293190414,-0.030231278857859818,0.00603321963610597,0.03526539233154956,0.010025386957364954,-0.013061367419541416,0.010569181827505438,0.02255327966760844
475,-6.062595143801449,0.28441011235955055,-0.546054966086169,-0.09254120868255598,0.17896877191529914,-0.12622785250303994,-0.06329051576884369,0.19999999999999996,-0.07230315304595412,-0.08713941537565134,-0.16073883910532896,0.0187902436033268,0.003308715570373251,-0.021834144786673063,-0.03903571974342981,-0.01660549545089003,-0.005055573123454144,0.0,0.0
476,-17.24149843392519,0.3330632382598675,-0.4774732997673678,-0.008260709080639412,0.020915030081659184,0.15960029214433016,0.09389330748419804,0.19999999999999996,-0.16961287685025564,0.08017179087724702,-0.20812171673484953,0.05942427674682111,-0.023949346281176537,0.0011911313664399279,-0.024143014651862884,0.009391589788521618,0.0,0.0,0.0
477,-10.17427721370128,0.3145347162201095,-0.5023314130780343,-0.11244755614573176,-0.11541622569986994,-0.12047247016109798,-0.009281061404157069,0.20000000000000007,-0.06519435710443888,0.16727862402862084,0.17722797671390217,-0.03268172874218131,0.016106199785470315,0.009734261482579578,0.0363368395906214,0.018444068383645016,-0.0020083641374472423,0.0,0.0
478,-7.83040710371931,0.3334413713627197,-0.4769805165660452,0.1461041867094786,-0.05726938726045822,-0.13904290912812978,-0.03632534012107711,0.19999999999999996,-0.1209136698342985,0.11709322143105944,0.04079975996786888,-0.14245152554762944,-0.02652649644768919,-0.00844498424643589,0.027433464620433792,-0.006811760866387944,0.0174082872648233,0.008704422206600261,-0.020409245351629343
479,-8.007939093903431,0.30572961682512245,-0.5146624879971896,-0.0377261940400946,-0.055006591060287095,-0.15719054030934587,0.15689714074149713,0.19999999999999984,-0.11254583966929584,0.11591400450537347,-0.13079174284637957,0.03392794682772656,-0.028097445854910627,0.008801274062542446,0.04020523741046382,0.005693567662214476,0.008337373792586878,-0.008352144921146163,-0.004899054707950793
480,-9.736801140170437,0.29077535292422935,-0.5364424084823476,-0.09229454336766009,0.018269501000981812,-0.0507711241419019,-0.08403534920360146,0.330090579402726,0.12587906898169535,0.19706942135069186,-0.047435280634694085,0.05415513191604735,-0.013161698552759506,0.006401045148089095,0.05703206948579329,0.037186323722939084,0.03146097777481196,0.0013276802947756368,0.011545890281824024
481,-8.040498954374133,0.29194576490924806,-0.5346978204294246,0.08078539066401617,0.18549567943230622,-0.1891436810530734,0.023105349211680382,0.19999999999999996,0.08234879899072292,0.17109759469444527,0.056674046814274785,-0.011349459139480877,0.038411408605394465,0.03333730936168187,0.04111469777265519,0.024259556096772078,0.007923857389623645,0.0,0.0
482,-3.275320668132011,0.26960890233362145,-0.5692657717415519,-0.20370676214366162,0.08651304195324203,-0.14107645600264357,0.07192523384755223,0.21142845357120277,-0.011141128113029896,-0.14774057736048712,-0.06583812824108694,0.06063021876709396,-0.031564752849256375,0.01116594937299919,0.04980914644316674,0.013397549502178654,-0.031508646794746624,-0.026348087763599922,0.0015160386963106282
483,-7.393831082942148,0.30692703831748774,-0.5129648513047499,-0.145539797478701,0.10683474728530187,-0.15455796942597766,0.04684249732658957,0.19999999999999973,-0.004888078470824296,0.0887198516826306,0.1285392641963598,0.12407779413361536,0.015306618603875322,0.02979335156647443,0.03796629208656004,0.025921718434209994,0.0,0.0,0.0
484,-13.734894065884848,0.31983758282915586,-0.49507050539181063,-0.08871969723328264,0.13973947279316073,-0.08847641034504412,0.0601679901218504,0.19999999999999996,-0.126457356343759,-0.19760919878707003,0.08944444451008621,-0.009385429865746904,0.025484333418179635,-0.0023626085768439697,-0.0322595181542545,-0.0036259411349565795,0.008443373181518452,0.00026496557801540294,0.0
485,-16.783312661620247,0.3219263180639585,-0.49224351749663026,0.18669858418414528,0.15597132487918877,-0.2185836858623682,0.08911767005352823,0.20000000000000007,0.041179150787098884,0.020556056349179584,0.020144687933408296,0.06774883995108272,0.028044312010434717,0.012252963332199654,-0.029326457621199495,0.014372056711003877,0.02807723485718346,0.004515214481821061,-0.000929983006330656
486,-19.764501530515492,0.33270311149524634,-0.47794313751742,-0.12519816036638018,-0.03611459345602268,-0.056362343373017404,0.18015493603772173,0.19999999999999984,-0.1417418589264571,-0.17824104078184788,-0.022237563524321106,0.05994950353423212,0.031925926303126025,0.0011883779378862847,-0.03370225333869782,-0.016126666527756007,0.00976371883873178,0.009636210848736204,0.0
487,-16.43520591576175,0.33167675021607607,-0.47928497046650664,0.11942846237296208,-0.034396126395319485,0.15886043293477184,0.054142438919134867,0.19999999999999984,-0.06501772001734632,-0.11673186846881889,-0.06914791395421825,-0.18227503693742836,0.018589593673304615,0.01160514692118172,0.021859483599569404,-0.01080458168526173,-0.020712071728517186,-0.01397792024110014,-0.020990362667492744
488,-7.9559601570976906,0.2992473350619418,-0.5239697085006553,-0.18493947696359603,-0.08146549430484301,-0.02705969172889915,0.010732863639557954,0.19999999999999996,-0.08073221896475764,-0.07255655526629222,0.19953678425858193,0.14297691487347203,-0.015577302193276518,0.010498744193498794,0.04212637746834033,0.025282433390267395,0.0,0.0,0.0
489,-19.983268585762737,0.3186581676750216,-0.4966749454385267,0.17344616326594897,-0.16703592056566202,-0.10711649416060413,0.03456326351970077,0.20000000000000007,-0.009711940340788835,0.1658755500778204,-0.06688064126808695,-0.07537002680138788,0.009134646846153177,0.008124666320459113,-0.028210142774339687,-0.006288332435346735,0.01963294253081958,0.021723007816122047,0.000949751481687669
490,-14.640044704094949,0.33075842696629215,-0.48048908217194136,-0.10960879014550719,-0.03851236458762633,0.03578798673642704,-0.1143317542435553,0.20000000000000007,0.11817781802958058,0.045798660581874664,0.17019024850161316,0.1675923771738157,-0.00037208744161775745,-0.0019841964698421232,0.03205850160923927,0.015079324238512817,0.011980011562413807,0.02701388669075124,0.01736955096819739
491,-16.182762094757376,0.32092696629213485,-0.4935937892309873,-0.17335501184051874,0.021540336748600973,0.05389428631370435,0.032492503081418156,0.19999999999999996,0.044870525346680984,0.22305580153739116,0.13477356822778178,-0.11601796690390395,0.02525319887926443,0.01107894638940512,0.029155468074384464,0.006512126473698443,-0.01974156597592937,0.0,0.0
492,-0.5965747507838763,0.3763234658599827,-0.4244387001607061,-0.10535980874771714,-0.10766319221935958,-0.13903432498542906,-0.2046779376788629,0.19999999999999996,-0.090267103515183,-0.019882360983122207,0.05691172317797764,-0.07620354869234848,-0.053536860419317,-0.07410971627913013,-0.09659718585343571,-0.03500368088008166,-0.006763379941487148,-0.025447307783829188,-0.006799465478228841
493,-11.649161170832368,0.30270455200230484,-0.5189810481725371,0.03663034084362338,-0.07888156343503806,0.08258931660607716,-0.15970511181244487,0.19999999999999996,0.09042666384629887,-0.13433892618033932,0.14724609208671363,0.07018198518946481,0.001848323912072822,-0.009818301274239112,0.03273554146466164,0.005297941371302593,-0.009345537667241832,0.023573449392920984,0.011501576944082369
494,-16.290559597156616,0.3094929415154134,-0.5093492513154713,0.05968927357741383,0.13946081457588938,-0.019748771068498674,-0.12623901358833353,0.19999999999999996,0.15275535301298518,-0.12575331049586427,0.024757058851157355,-0.15159640482985787,-0.012936390731854633,-0.004703747095828865,0.03319073143567169,0.007746070958864385,-0.018310923186751572,-0.005910709438996345,-0.01624225308712165
495,-2.019387077773974,0.27751368481705563,-0.5567155959863734,-0.1450730762888702,-0.10455633171152079,0.1301183258067063,-0.05544483185515933,0.19999999999999996,0.09275661894621007,0.14563859380567537,0.002537368688532721,0.1238748528973253,0.04738681397344564,0.05840425549654892,0.06551328672126888,0.04267903610030493,0.05036423015685226,0.0,0.0
496,-2.0729579984025044,0.273858398156151,-0.5624739364333876,0.08449504982833757,-0.1938907846928851,0.051500681099073,0.1346048835102895,0.22779597807322038,-0.04139513719123774,-0.17594128510224102,-0.0689433704382405,0.02143283006447507,-0.00758456540766513,0.0402442891452593,0.07735388262555228,0.029270995422058993,-0.0328449144849456,-0.03764885517307168,-0.013229249867416465
497,-12.892718385303786,0.3261307980409104,-0.4866081868191594,0.1256464525555235,0.11355099264169559,0.10280544817672078,-0.1171274887240661,0.19999999999999996,0.10597024903593766,0.11703450354517542,-0.06753609092634903,-0.050328774394531955,0.005708483760251962,-0.004610527286773926,0.03297427919718242,0.02081942680609635,0.010985605558820308,-0.012726600621734226,-0.005490198401993994
498,-17.090498441914086,0.30959197637568425,-0.5092103033538731,-0.05218932656842703,0.14190520360969996,-0.15771608621761574,0.08503291733268808,0.19999999999999996,0.01059105304266406,0.14884975777539602,-0.07667442604177073,-0.12704122941173843,-0.012487789482640815,0.005634137886018217,0.027490819038563104,0.007782006640107148,0.011803632742150494,-0.009334333250572919,-0.02053752570842855
499,-5.175411186055701,0.3164884039181792,-0.49964219783179686,0.14980669347418982,0.13773045440406134,0.20676171990457573,0.12044988412871867,0.20000000000000007,0.10496667494117864,-0.03667572660011002,-0.04183089872355046,0.0017779478236153088,0.06823826710135114,0.06227968897257239,0.07185280044297652,0.05047737873253752,0.015525187348647804,0.002778662921245216,0.006100487554390278
500,-4.055126142289417,0.30482929991356955,-0.5159432913376331,-0.09360288593954673,0.1248543013103622,0.11263707096867524,-0.11860960236662871,0.19999999999999996,-0.05278553884523795,-0.11832206739623147,0.08726460960032052,0.09192392357299728,0.02470892490612737,0.0008135159974260742,0.037834118867985496,-0.004086104557835886,-0.01701720075120056,0.018536971241832432,0.027028571165475173
501,-7.545970844975043,0.29289109766637855,-0.5332938283632076,0.001779498450368361,-0.03027701475734621,0.0524785586161095,0.10454788634524244,0.19999999999999996,0.0608926550263467,0.1692549453325372,0.21076688123913453,-0.17000256023291505,0.03871482860829682,0.039276771879550594,0.0546693133794302,0.013485113680602135,-0.010468588863769768,0.0,0.0
502,-18.894483834034983,0.3124009651397292,-0.5052876330719102,-0.10905791224943714,0.05445284049413437,-0.009650864845663354,-0.021248279885930477,0.2117185318476834,0.01753597242711693,-0.14391033716615204,0.293559993090982,0.1388652679929002,-0.008378028753456569,-0.009352886687591742,0.04064871687901511,0.010834790988201476,0.0,0.0,0.0
503,-8.201801100755644,0.2890467444540478,-0.5390319177388045,0.12003438664231232,0.006705482226687336,0.10828639100129563,-0.027143485726816786,0.19999999999999996,0.04254398485398944,-0.2119204672814587,-0.19958068730396336,0.08378511496347657,0.029867969720857413,-0.018237121297795436,-0.04638670749022224,-0.014689911009722226,0.006615176478974384,0.0,0.0
504,-13.327110380372705,0.3033257706712763,-0.5180906902997027,-0.09798357205582434,0.11813797707802397,-0.17845688024284886,-0.06153939559954354,0.19999999999999996,0.10826100565526663,0.036687715070882844,-0.09265082530335271,0.10628262899425706,-0.026503017453881107,0.004587676942747379,0.03294300747487258,0.015538198451021131,-0.003331507662672712,-0.007089172462551578,0.014111912230661112
505,-5.69351497023121,0.3099701094785364,-0.508680183308978,0.09297402600875752,0.04539103408277322,-0.05766386152690667,0.029135176882110224,0.20000000000000007,-0.20505210878710878,-0.12027104588366945,0.17185001116673815,0.07766273566193596,0.027822467514175005,0.013164234677014363,-0.039087204723871304,-0.00521007855154567,0.03305731164207418,0.01954804907405981,0.0
506,-15.545484771444507,0.3348458657447421,-0.47515505881628733,-0.2120449144655355,-0.037586261747744605,-0.04427988084066759,0.11611788889632428,0.19999999999999996,0.058697379368903235,0.1843828670533306,-0.08829754946748787,0.05859325816000642,-0.0015961925391635263,0.01738625802045703,0.030033579225859433,0.014295066449800754,0.018455050709937824,-0.007060008029791047,-0.00018405860816405375
507,-6.69752689338795,0.2778017862287525,-0.5562649661333325,0.20546270521851936,-0.0958010786209338,-0.15589813690169194,0.01739437426726424,0.19999999999999996,0.17711226760989768,0.104356291085392,-0.01205139585249315,0.03192375044380781,-0.017956876860107364,0.026897445215294857,0.052871378579698564,0.045266332012039744,0.022502240456444125,0.011622806659582536,0.009684831831003743
508,-14.53355807170123,0.3085746182656295,-0.5106397995966523,-0.18249293695534097,-0.079207824849459,-0.04206512357589997,-0.1790303424861357,0.19999999999999996,-0.11806253868653317,-0.16204267297904945,-0.03582826342818438,0.0012702970393974474,-0.0001017539368061625,-0.007675034189447936,-0.027341117801090786,-0.01101198044408109,-0.010619093624431475,-0.013402275341296814,0.022906256935350144
509,-2.177671028125026,0.2998865600691443,-0.5230429974568813,-0.10947360598518456,0.11365236658481931,0.038887836519556726,-0.13005761281842873,0.19999999999999996,-0.10473292329796734,0.07049190545819589,-0.13250570072999912,0.1001980486058483,0.007757225001459128,-0.010789187071422308,0.03278268436406773,-0.00321712203399953,0.004666807938797654,-0.021001166406868218,0.015201708435633437
510,-15.46662927763963,0.31084341688274275,-0.5074583257922795,-0.27257504827738344,-0.2557921726160262,0.11480435639601155,0.015176895849679602,0.20000000000000007,-0.05089198962433081,-0.05404052270199662,-0.012794944799356783,0.023924069735215006,-0.0002570678198063062,-0.015598040337295506,-0.04598640283522079,-0.018285151133514733,0.022270215993244018,0.015155013250311029,0.019400191772556242
511,-6.5043559667044075,0.2948717948717949,-0.5303667666728875,0.030814558687775263,-0.05905037318758104,0.061245387795689284,0.1632557729810331,0.19999999999999996,-0.08762906696172365,-0.06655885322535776,0.16790324961027914,-0.16354273755056076,0.0059291679656646185,0.03507842823352486,0.052719617252833646,0.015934638158657952,-0.009078437580560074,0.019681865679200803,-0.004886760228737187
512,-18.782720548904418,0.316263324690291,-0.49995116789498656,-0.19388817523680316,-0.1233069395239033,0.07883105803218425,-0.06034069724058737,0.19999999999999996,0.0158064887479288,-0.032774954382765974,0.18834938003322702,0.10670230680260019,-7.826092954892773e-05,-0.007760292729233535,-0.027167919831637913,-0.006128806541978269,0.013643929742776851,0.0032214218855737414,0.02494383399232762
513,-16.712457019317124,0.32833657447421494,-0.48368073710737336,-0.1726682451857216,-0.07175719773615734,0.07847108296045767,-0.10849190359920184,0.20000000000000007,0.002118392093681811,-0.10239094914260218,-0.05520521205095237,-0.20889701723122514,0.009125643759959551,-0.004164631936949947,0.025595404712704155,-0.006180378749948045,-0.017335829459584846,-0.015288479409512126,-0.022815947197020795
514,-17.572970245968104,0.3270491212906943,-0.4853870133845318,0.1551366873284639,0.14829100810693435,-0.08061655095260074,-0.06292529975219696,0.19999999999999996,0.013946765760374872,0.14825214353399416,0.09548308149348611,-0.09534846307194893,-0.017795117434542606,-0.0014929582704045472,0.025878249307661555,0.004931779328278047,0.018248821171554526,0.002979628534576879,-0.015912147460457816
515,-11.100779175788322,0.3154170267934313,-0.501114866356387,0.017480975144050708,-0.18687040336811728,0.1482566060292915,0.17945725837305798,0.19999999999999996,-0.1136557995517253,-0.0674161373731421,-0.015260991556995063,0.07160182860362008,-0.005194587173405298,0.03476015412547878,0.039425675110256055,0.010433195484390093,-0.019580172213891668,-0.007715858770044691,0.0065603707142855685
516,-15.582524828731326,0.33817703831748774,-0.47085588364114095,-0.029572243614607027,-0.1819297808982096,0.10773324229833965,0.031213989336881996,0.19999999999999996,-0.0077539287345075696,0.16175046275025323,-0.15058281199485887,-0.12946354037234206,0.003117552506158602,0.007944242230552154,-0.02906086480084996,-0.013723634912563724,0.0,0.0,0.0
517,-17.43832866495858,0.3156691155286661,-0.5007679065829317,-5.486276329090903e-05,0.177918024797957,-0.18730223527253503,0.03311542408222324,0.19999999999999996,0.07842323659969117,-0.11134634084106029,0.07752024784273225,-0.13431962780051018,-0.024144340196637467,0.00842736939210823,0.02851847190230902,0.005596975862053313,-0.01643455866522447,0.0040953769607248135,-0.01652620969135803
518,-9.923150352717773,0.30121002592912705,-0.5211305765177213,0.04405422204225571,0.08005293664129336,-0.09790774143890886,0.0868661695354758,0.19999999999999996,-0.134696158280425,0.13520664387433345,-0.09357139602112922,-0.1276447321661786,-0.005981781789364449,0.007950033274531577,0.032900827775889506,-0.00044185071393335577,0.009460059145783063,-0.004142446790825345,-0.02280430087721686
519,-1.93749270823686,0.2640449438202247,-0.5783221443731765,0.029214190071668502,-0.14164756347552757,-0.19475660657123942,0.0017519445515713063,0.20000000000000007,0.0959185222504819,-0.08451141301373424,0.06025412564900698,0.19194563441677007,0.0019039048712964552,-0.038979181128564404,-0.07168227350602296,-0.0346789478972666,0.0354447854351832,0.04456877059121743,0.0051756739241321
520,-18.497131503542985,0.32839959665802365,-0.48359738495485693,0.10904716177925804,-0.05903700941353512,0.04966353655358467,0.09292225302953687,0.19999999999999996,0.026581132561684196,-0.19522498030276564,-0.18258277210196103,0.08494115425767455,0.021388120900262035,-0.012042784387661527,-0.03493637594271627,-0.015469457609474284,0.017464833584459567,0.0,0.0
521,-13.369569868762829,0.3289577931431864,-0.48285982053297033,0.0947376755257566,-0.029307004591231273,-0.17034827823052107,0.05268145995437487,0.19999999999999996,0.10479656962524611,0.03865997366617661,-0.18831303417024567,0.12115600423644779,-0.021691793086763667,0.0157538572362601,0.03341889731748684,0.01607158281315475,-0.004259560883965136,-0.021794719663619424,0.01640927241280981
522,-14.221728948265376,0.33060537309132815,-0.4806900924313829,0.00018829423209365675,-0.05024554722539191,-0.0047470944354979965,0.15677219872044842,0.19999999999999996,0.16870266903129,0.12430085052190162,-0.09755126123392913,-0.19749208459944737,-0.000796166769107381,0.022204505649229087,0.033737611005171725,0.028850007779575648,0.017652974240953943,-0.012736807756394583,-0.031034383493718388
523,-17.363875852255447,0.3364484298473063,-0.4730814941416804,-0.17273414116268201,-0.15095820116454378,-0.005738656415521264,-0.07309958703975317,0.19999999999999996,0.14961966757234238,0.1477527268628386,-0.03377896926393071,-0.06631805051838816,0.002225013857062108,0.006947300663284155,0.0328692800204464,0.020391841091064396,0.007383580164865859,-0.015237953748990802,-0.009521295184154444
524,-19.481403201989703,0.3341706280610775,-0.476031725093669,0.10027017613231268,-0.05436081988750001,-0.20019240920830342,0.16917699672345238,0.19999999999999996,-0.07680647327180436,-0.07944519673910379,-0.07153468664589496,0.04821324139162848,-0.021560759851836447,-0.004353819652411506,0.03490489672464173,0.009235889416300866,-0.0207396516013147,-0.013438835683460779,0.0004549119613576484
525,-17.90473351802974,0.2982929991356958,-0.52535693930443,0.12022130731274319,-0.003687262927276524,-0.09186278813327951,-0.06453850880794516,0.19999999999999996,-0.12238254378088485,0.16573543433060292,0.04741852777968492,0.18415362692758297,-0.015331043231502382,-0.002359653548287403,0.02365312814439615,-0.010821390080015751,0.020289382118477202,0.009699039148884247,0.01994418609218789
526,-5.55558277030687,0.2851393690579084,-0.5449428157168015,-0.11368525066037713,-0.05921159707558462,0.17382575237799006,0.10114191637408831,0.19999999999999996,0.1516930255406757,-0.025686880071250105,-0.022397843318106084,0.152357734581928,0.03767407969563518,0.04555427889690831,0.06188108194234773,0.0431038803008288,0.010580471816026804,0.017963412347617527,0.035332487784303895
527,-8.77059601221815,0.30543251224431,-0.5150847356595433,0.14265000414928566,0.08036777888699768,-0.06837505110126048,0.09196058911853984,0.20000000000000007,0.12513780103837968,0.12505812061575886,-0.1557519770841214,0.010698678005656378,-0.0012048126855524167,0.028373769283065207,0.04506100782740345,0.03629108734674662,0.01802766931393832,-0.01690547414782561,0.002543543325111229
528,-19.65003323684131,0.32780538749639876,-0.48438391305737416,0.12477381692974733,0.156924103093523,0.14390660057062826,-0.04942365403980838,0.19999999999999996,0.1128476864576493,0.020925863416079136,-0.1332809952109707,-0.0579172802815939,0.007294460712474702,-0.006168646178188755,0.02363853370243318,0.006919455548991918,-0.0102508695712801,-0.022329230050635567,-0.0043411520714903215
529,-10.534188258301226,0.3214761596081821,-0.4928512284458742,0.07609721410512787,-0.15839014321286374,-0.08624729989305074,0.09608421640191492,0.20000000000000018,-0.08551582679786589,-0.07713234051780374,-0.09215919031845309,-0.12837376875291992,-0.021678512673204146,0.00883972992460536,0.0329271101813911,0.001622101505757103,-0.017705335114941084,-0.02015035449621396,-0.02412527829048259
530,-12.605513308675743,0.33386452031114955,-0.4764297308461802,0.14096938646286375,0.009278826851212016,-0.16034832377615907,-0.1497399447074404,0.19999999999999996,0.15093241451739906,0.04031361751365181,-0.13595214269784034,-0.01246534347343356,-0.030601763583448127,-0.0009070041536857781,0.03746921238014484,0.020078517749557566,-0.007744622788696659,-0.018318220206072388,-0.00041308043998188716
531,-11.854991924919705,0.32162921348314605,-0.4926445112969684,0.12382050573615173,0.06746322576517853,0.02151465091422931,0.11902667618958801,0.19999999999999996,-0.07852065261507943,-0.13747590377339866,-0.1586203545132059,-0.09355803049316846,0.008092182048608794,0.01909987251163414,0.032701326860109146,0.00030836982082756284,-0.02470556363142981,-0.02944174617332595,-0.019799004257866484
532,-12.023750628931445,0.30902477672140594,-0.5100066986916509,-0.14096900366619428,0.03087512448253679,0.004090806552955701,0.07667963970842533,0.19999999999999996,-0.14841861855608152,0.01753451825945294,0.19178716513176908,-0.18964512364258446,0.0036909255268083086,0.0129520872268863,0.028468867546756607,-0.008270794378363382,-0.004969329721066035,0.02371348048653458,-0.012881457793414463
533,-14.194593639871886,0.34112107461826563,-0.46709144884915654,0.03230411680914629,0.14647003793955843,0.19269621192951325,0.14741182676529366,0.20000000000000007,0.12166434649027566,-0.09162117471687158,-0.024060555743432015,-0.04377172960590912,0.007160755797432167,0.023976477426165373,0.0314831433444435,0.02609733755290471,0.029436495128173985,0.01642594879535742,-0.012486649525442569
534,-16.728560563631632,0.32742725439354653,-0.4848851736104224,-0.11487629058197503,0.053181270004515675,-0.0784472196359519,0.10333571422010471,0.19999999999999996,0.08964816654846246,-0.11641768593895759,-0.14738248323993686,0.09671116983009585,-0.004120259549230597,0.012416206480165348,0.028626384052712683,0.01327442403742251,-0.017938964931475225,-0.02383100295498234,0.008103666808953703
535,-15.514080645462386,0.3364664361855373,-0.4730582518157054,0.08454310811978623,0.02412484234453881,0.1474483459221509,-0.1351892102919145,0.19999999999999996,0.10413366201858618,0.09657810248816218,0.10388742690599696,0.10409530190886428,0.00826181812956856,-0.007714640381247354,0.02995718581707438,0.014837931582696353,0.013928491705266135,0.013787945044484986,0.00936621113687256
536,-5.813645794373194,0.30023768366465,-0.5225347991663212,-0.12708214131826928,-0.13188794348344127,0.1374721233391164,-0.010391326191871102,0.19999999999999996,0.08502245250815196,-0.04292874561734605,-0.14861955732937762,0.11659571021242635,0.0152655327492648,0.014582468029106507,0.045923473850351566,0.02567393956181152,-0.007994259968738034,-0.01981276877661653,0.017088062190915278
537,-5.788499634044426,0.29332324978392393,-0.5326535120188274,-0.15115860178484122,0.08457821987941577,0.1233399332846882,0.09299510352587863,0.19999999999999996,-0.1036150179030026,-0.0450454173122926,0.07632572271308644,0.12294198359679459,0.028718490767742036,0.03610872728828118,0.049680976310523095,0.007876438775961855,-0.007151411806479011,0.0141425323602793,0.03257915082976984
538,-7.964033760265609,0.3058646643618554,-0.5144706928717114,0.11165978773602765,0.011846380434134076,-0.06345440838860963,0.07799799851027968,0.19999999999999996,-0.10661725389925492,0.17840887527940735,0.17541204351138528,0.07460325224090143,0.014539401389353983,0.017352637062314668,0.046494314192286904,0.03748201757356307,0.01684109739828427,0.0,0.0
539,-17.805574203611126,0.30791738692019593,-0.5115657874517708,-0.12073693750572466,-0.12561649091185745,0.07403157859038803,-0.12388045669822842,0.20000000000000007,0.12811932810123813,-0.02321143055289743,0.07084266594351941,0.13356111169614637,0.006766786137752589,-0.001178426978553616,0.03130150310909063,0.008567676888765672,-0.004403223121710719,0.011519412400647602,0.011994913207313622
540,-1.8088505517514655,0.2891637856525497,-0.5388560982242427,-0.08736100786191547,0.07741267096109024,0.027439938504994665,0.17646053004875004,0.19999999999999996,0.20140382189105321,-0.05523588128892522,0.07989701768597474,-0.09478913175729643,0.04893222719829267,0.08741398178534027,0.10320362495234299,0.06251202688483105,0.03655668235792972,0.012732575316762125,-0.0026126557903070435
541,-2.533608621221852,0.3087276721405935,-0.5104244417218285,0.17924649896672015,0.030735852850840586,-0.20109798631198508,-0.09091748350586396,0.19999999999999996,-0.0887222762795698,-0.03586921903620056,-0.018705410083555092,-0.1547052729652649,0.00019064977982062554,0.014276741583166285,0.04927624807415271,0.013276225370790996,-0.04566242447080144,-0.024566448253509315,0.028071045762297794
542,-19.442181086129647,0.29978752520887353,-0.5231864430209922,0.08759278068660004,-0.11934649725987001,0.04939989509800635,0.038748672852083985,0.19999999999999996,0.1603410085737411,-0.09122631710841056,0.13146416008521314,-0.12188066833607489,0.008703834191784119,0.012604315789501327,0.02790575588217008,0.007738431734806946,-0.013771124556819028,0.007062068492559648,-0.017425919904530875
543,-6.609618162243631,0.31351735811005477,-0.5037384091467539,-0.07708494328642303,-0.02562988206990821,-0.10952632024137068,0.08966524699578692,0.19999999999999996,0.12006814808895921,-0.18727578206889864,-0.13282692715667904,0.05792275009197422,-0.017937835868140958,0.023514054180597127,0.04700020852656947,0.020372452503037382,-0.03472277630159874,-0.025901493521773247,0.003150493923410563
544,-14.894203338809973,0.3018402477672141,-0.5202228513139198,0.03348958977559352,0.025587275639226744,0.08329147276014122,-0.13740967977926066,0.19999999999999996,-0.16207301036149577,0.0732621894808124,-0.11744773726664559,-0.16743904493682402,-0.00958271490622294,-0.0037013154928524604,-0.025439910985903005,-0.011235602949865447,0.0,0.0,0.0
545,-4.218823472186504,0.29985955056179775,-0.5230821142758137,-0.029100517401378846,0.009002874363356717,0.006895186561639094,-0.1270312091801352,0.19999999999999984,-0.12083781390012618,0.23047008078654813,-0.13884742076950687,-0.13781489703730904,0.026441084715733153,-0.0010253119238948433,0.03911116463184704,-0.018833058701445856,-0.03564192203344489,0.0,0.0
546,-17.1455152415099,0.3016601843849035,-0.5204820078330692,0.003741048689500243,-0.07020482259228697,-0.011965130032215048,0.060079166896860166,0.19999999999999996,-0.161232264458652,0.20205413058357813,-0.08080131756187262,0.20992211918503484,0.02059318915443876,-0.005063709907982964,0.02467854233629883,0.0,0.0,0.0,0.0
547,-16.212595755494497,0.32899380581964854,-0.4828122787177172,0.19624834715446565,-0.07682473389414207,-0.06192595200337763,-0.15576287109440817,0.19999999999999984,-0.10411242902937934,-0.07050230901636431,-0.04745984051154228,0.0871635172963207,-0.015000849983566806,-0.0144290634863022,0.02494957180227811,-0.01355035127104485,-0.011422280147924029,-0.0031215481702381313,0.013338490175523226
548,-19.577166853441852,0.3160382454624028,-0.5002603579252061,0.13819347387725398,0.000306078042008467,-0.16860088186262484,0.03058215542524688,0.19999999999999996,0.04030271520578624,0.18439105559566002,0.11700999186804877,-0.1206136481233709,-0.02273690438058272,0.0060105573131367844,0.02798661800649838,0.008747356282904793,0.01903575874868505,0.0076744134125722235,-0.020331941973027207
549,-17.85382264029075,0.2899920772111783,-0.5376138671716266,0.14598310666602748,0.035580826723255084,0.04820057278671845,0.01186035843800112,0.19999999999999996,0.1460726495454338,-0.16393162029169742,0.08122847205572466,-0.167142393493142,0.002882711549832788,0.006591805435143748,0.027918618261319025,0.005390659565926931,-0.022882551586029996,0.00228409979068209,-0.019813750184943274
550,-6.5672180558698265,0.3295249927974647,-0.4821116407895568,0.18240591144999518,0.09332510487217711,0.03430664981435268,0.0047997369637484385,0.19999999999999996,-0.19784941726007038,-0.08242641403750062,0.17211294302789176,-0.032773822574263894,0.0004458418785229156,0.01677280272553314,0.04172181244328695,0.028316224740973152,0.015417879084209996,0.024705737691026353,0.022977963476476234
551,-18.92636501109237,0.3238349899164506,-0.48967622813774747,-0.12364450100813784,0.0781203800974881,0.15237422071895929,-0.011584545516931527,0.20000000000000007,0.1770922959368913,-0.04252342348087121,-0.10647360446235575,-0.10818702877836496,0.014969394035335442,0.004565854558794618,0.02694023433334345,0.00863756151313105,-0.01974859823556508,-0.020560557825861726,-0.00818213426423799
552,-5.949302038569284,0.3027315615096514,-0.5189422989808535,-0.12332424312795934,0.1035026344546708,-0.17105197360694235,0.021010059121763545,0.19999999999999996,0.04376991417803275,0.17558573329276098,-0.09378390625422632,-0.06797153596364396,0.03395153330002342,0.03173423976706547,0.04073494311928905,0.004249772634637884,-0.013690586141929065,-0.005813632861225787,0.0
553,-4.146656107442453,0.29869814174589454,-0.5247674792104492,0.03133710699731771,-0.08343673796243424,-0.0994093404041106,0.1257455487105376,0.19999999999999973,-0.15464724376851388,-0.10819021114962575,0.03609316464143783,-0.1611406463660226,-0.027522328719111522,0.01231421742609648,0.04785986360746258,-0.002447997640901932,-0.0315594652211192,-0.014571974755389227,-0.03394237491136676
554,-19.631909994118203,0.3226465715932008,-0.49127294529748916,0.12028940911492304,0.10433746329517456,-0.1742420690936803,0.07519722996780981,0.20000000000000007,-0.01612481288616976,0.09026307572566941,0.1290910927669894,0.09045484714958364,-0.02021547962562467,0.003279495255034933,0.026057705695899845,0.002300253828830991,0.005237607241606491,0.014219316340404797,0.009110687092369295
555,-13.903332722860569,0.30987107461826563,-0.5088189617406188,0.11386587353949641,-0.017501033789187225,0.014117310518916737,0.009388087302167447,0.3109653620994447,0.08363086196967881,0.12466911048926338,0.2294022433796636,-0.0964601169121817,0.0016246262423078898,0.014147635269861503,0.04570031872968747,0.015505039198195542,0.024028668633906552,0.0249218309545021,-0.01404797077068942
556,-5.864087313874984,0.27751368481705563,-0.5567155959863734,-0.01862631497005076,-0.032063752425180815,-0.07126441445159544,0.10460953209865553,0.21303731150395122,0.29357887096775126,-0.073441703603996,0.08025903267284817,-0.11311906730597075,0.014700622010629997,0.05415960636768259,0.07859165473959119,0.029569261592522763,0.019900080064928168,-0.005845713012172631,-0.004091513163120328
557,-1.756798681883943,0.2806828003457217,-0.5517841992066841,0.10413933959287597,-0.08404640432503482,0.09166781749056481,0.051459031994571226,0.19999999999999984,0.12875148830319677,0.14320003202227782,0.04033781959424235,-0.15639806667723638,0.030337526769321926,0.057111438050626795,0.08298938214689794,0.08235447254336317,0.06815684064860363,0.012215520451882931,-0.01642849962627705
558,-5.240149128628476,0.2884165226159608,-0.5399798636634386,-0.080327468070742,-0.05977770994284207,0.08841899525048354,-0.13716551921022954,0.20910438424918232,0.008139069507347173,0.22240673639935962,0.18984479826753065,-0.004815319102283067,0.033799787414795474,0.03688772837318425,0.06866653886117678,0.04875611435932564,0.018123521127801925,0.0,0.0
559,-16.875259805386662,0.3214041342552579,-0.49294854116104553,0.022964500811641097,0.0860789044361593,0.054124196672322655,-0.1406414176055167,0.19999999999999996,0.14366654525948278,0.1482124320802231,0.12519398016750707,0.07911802296714726,-0.004049806398842651,-0.0069680685821247555,0.0321657280223315,0.021053382922662088,0.017685037944122416,0.011157620345710006,0.0030780192744654564
560,-13.52318235494181,0.2962312734082397,-0.5283690945262269,-0.08316636001869078,0.17398460585172407,0.0711494697706903,-0.15555968297692552,0.19999999999999996,0.05112086843502683,0.10528299953054988,-0.09927707249311615,-0.06045894092327653,-0.0006790534746383728,-0.00966636782798592,0.028644052634574122,0.012295130071034052,0.006193827336884794,-0.017823127363101283,-0.0065951024951067545
561,-15.010992676213865,0.3112215499855949,-0.5069303386881443,0.039968492673933376,-0.15521046717247364,0.04923171839295295,-0.20304776581942413,0.19999999999999984,-0.04130072069041922,0.08773291112621995,0.17046392737729774,0.05304399674727911,-0.0009426674903261648,-0.016886329329184244,0.02639075052962297,-0.001758531520671874,0.01783283115604496,0.02222984386834944,0.004773624311202972
562,-12.112471502954055,0.3267610198789974,-0.48576975710032355,0.01460024091395987,-0.1739413862840077,0.05851347115755708,0.17895579192110073,0.19999999999999996,0.057986408122057985,-0.10981091113803826,-0.1817845305597067,0.024407259903571694,-0.011398649878989144,0.02485613884296654,0.03801175638638736,0.024369383655617794,-0.007628924389803716,-0.029229696688739867,-0.015144216024133213
563,-2.2444664517632376,0.2503511235955056,-0.6014504551129533,0.16379922411079204,-0.186631343827105,-0.07963403794679587,-0.004398037022244768,0.19999999999999996,0.12486436945170641,0.0060541368793307435,0.059771043155947605,0.17484780760607754,0.033471287316038316,0.040022001617764244,0.06286552120128723,0.0,0.0,0.0,0.0
564,-12.238661504829569,0.31850511380005764,-0.4968835904014171,-0.005392588400260006,0.10378519024720065,-0.16728476536412296,0.08189816310381902,0.19999999999999973,0.12382493834018628,-0.009039779422787397,0.1807731053140387,0.12800146980758517,-0.019695099488920897,0.019078809200422896,0.03518559759276131,0.019441641634731627,0.006495196352750724,0.031652663862788005,0.02047248399429081
565,-18.687287141426705,0.3028305963699222,-0.518800248183407,0.07596073716485763,0.09850051482870345,-0.04590878393594312,-0.035729131723555144,0.20000000000000018,-0.16080890679027154,0.1513121225655515,0.16770991718358608,0.06406988580753147,0.007378827715686623,-0.008454835271973615,0.02670884081628024,0.015569061757435715,-0.0014331333256493114,0.0,0.0
566,-17.7804560049515,0.3347468308844713,-0.47528352584964,-0.09401514680307828,0.14769621750486733,0.058209750960832723,0.006463767994974885,0.19999999999999996,-0.13691544253683158,0.1504053814271615,-0.057946586753249534,-0.14834770601900416,-0.003725724052267068,-0.005143267716321435,0.021859456106738173,0.0056458116335185325,0.005669778789477511,0.015843496325544347,-0.015021756353103861
567,-10.092242997514191,0.3168755401901469,-0.49911128296314106,0.15462818350644875,-0.1332134138986042,0.08673992394992333,-0.06015614791002206,0.19999999999999996,0.07144075952570587,-0.09260660842909851,-0.047963202608903736,-0.1532517601712935,0.008487703213507555,0.004585143096121209,0.03499919394387191,0.007863254399692203,-0.014254557039144154,-0.017325456588350042,-0.02279924162954413
568,-16.172452593481616,0.315957216940363,-0.5003717202443521,0.13450427289183747,0.016559849468011173,-0.14679547638613608,0.1494891622990413,0.19999999999999996,0.11259604622373266,-0.04684504134295625,0.12569251324791766,-0.06751763814036739,-0.016428644635389508,0.007523023145028138,0.03230807712382094,0.020653686942483738,-0.0036849142758924583,0.005262119142223703,-0.0009800320772215955
569,-12.839531599802466,0.31639837222702394,-0.4997657594810607,-0.020584100303923724,-0.06445899012486074,0.09386742111883224,0.1586684712361362,0.34278128142122377,-0.021025116915244103,0.04413631094005268,-0.22692829089287536,-0.027550017046851227,0.01421819386231273,0.03210658331200171,0.051829828067447854,0.007489614908346174,-0.0013303897488376845,-0.03122663746366068,-0.01003151472377934
570,-5.064547818912457,0.29160364448285797,-0.535207052477164,0.19190038710537388,-0.011468934567121529,0.19193421031171562,0.16650299817696054,0.19999999999999996,-0.09617147982717214,0.0694250763468787,-0.04307115468276232,0.02952575898201533,0.03804728647772829,0.06358368261767822,0.07048278629595944,0.0371196027703023,0.013546013763875351,0.013463590502783554,0.007209396985987126
571,-14.849666700264324,0.3146337510803803,-0.5021946920059455,-0.04886110811244069,0.09102423282762032,0.09416681127273244,0.14039175314732089,0.19999999999999996,0.1537098358001914,-0.1728808184839938,0.04793215624185869,0.05103328411384187,0.017510426916428443,0.02410844575747546,0.029909346524856554,0.014037407023213043,-0.024397997665630288,0.004808942474333357,0.00855067542637897
572,-13.346495042328817,0.31538101411696917,-0.5011644546736256,-0.043736573561688426,0.14683391802756532,0.27080493994429006,0.04974722175088535,0.32968349199680547,-0.03448436052845542,0.020269600918704955,-0.03963765796675839,-0.06480223530484654,0.04164931896729139,0.01914756000563319,0.04359282468103641,-0.001246155327027437,-0.0002970574932211899,-0.007307515437804447,-0.007740979923759069
573,-18.9546698159506,0.327112143474503,-0.4853033331416787,-0.07855075158559115,-0.07589025688205066,0.11539789937850173,-0.03315899744241662,0.19999999999999996,-0.11448657225065254,-0.06587404535060458,-0.08986034174811124,-0.22678113536207156,-0.015693305135492174,-0.01369590546302448,-0.024754389106438495,-0.0004755011482547533,0.0,0.0,0.0
574,-14.483487834356461,0.3271211466436186,-0.4852913801373733,-0.007605272373778464,-0.052184479804492645,-0.0937755406782841,-0.1289548513780158,0.19999999999999996,0.1498485248922463,0.17826256335748097,0.18453176563388335,0.004837001881818449,-0.017759166316693175,-0.0022839174848807826,0.035787755335071676,0.027249631698877095,0.02849019755883986,0.0177356852117074,-0.0038700147956451146
575,-3.713477823088155,0.2624963987323538,-0.5808766504347677,-0.08268436215382548,0.09539870513142078,-0.12692775433813053,0.024688712612696652,0.19999999999999996,0.17757657153224418,-0.11765651287719565,0.1523901003703694,0.022677280984117275,-0.015729523173583233,0.030681374224781257,0.06452864014139113,0.030827275396306753,0.018996642530060167,0.03562740867851613,0.017925214215481582
576,-14.002448176954609,0.34506446269086716,-0.46209976528680147,0.04867808442729518,0.15439825964884876,0.02630449196277284,0.13999882513070716,0.19999999999999984,0.15477970660629273,0.07950080345107352,-0.02341043968710428,0.17292938908590566,0.008537284527353117,0.023792144169483838,0.032304948001702936,0.024130587877982487,0.009412355968341134,0.0009593890559730368,0.0231270983743895
577,-0.543443157699393,0.251566551426102,-0.5993471036749429,-0.1555261724601591,-0.023961966599435894,0.014086378454060893,-0.16619395342673673,0.19999999999999996,-0.08252690186115998,-0.08228215214375413,-0.11779829034734696,0.15762418470734635,0.001737136980417776,-0.034188921319788214,-0.05143653669745057,0.0005121818473835352,0.01788389858287387,0.0,0.0
578,-13.14902376891067,0.30598170556035725,-0.5143045389161321,-0.009674190015774343,-0.06946629691705487,0.0874981212707915,-0.09552058590698442,0.19999999999999996,0.1604993859384409,-0.14258452379971823,0.0822240091119579,0.15253288703927786,0.006417007913976319,-0.0006303417400197303,0.03527047223902746,0.011439098463989208,-0.015164613085502715,0.018710658374490274,0.02060563089430224
579,-15.382453469392239,0.3138324690290982,-0.5033021264256412,-0.03404371069349238,0.026991851184029556,0.11272720477212561,-0.03063244474042159,0.20000000000000007,0.17340592614385858,0.17778886298004437,-0.13228402949952583,0.11212596998650205,0.011546024180835786,0.005708650597666411,0.03235777497721753,0.026478916305068156,0.008237502791583078,-0.015290708305676083,0.013272244537890297
580,-14.763859488835358,0.3315867185249208,-0.479402873136405,0.04793255262354361,0.2828868623289889,0.016531725678183954,0.10599807674836513,0.19999999999999996,-0.05005544273446116,-0.07373313992502825,-0.03326203925228224,0.1896001607091468,0.0014618044681820516,0.014664546082282178,0.038613914543652914,0.005687022747360233,0.016649593692035742,0.023974533709908184,-0.009179357914079036
581,-4.602153782445917,0.27854004609622585,-0.5551123568696742,0.0025404638883285468,-0.045308021709287584,-0.20755053832120232,-0.04601571364815264,0.19999999999999996,-0.07598552349802462,0.206833051551978,0.13238596349952766,-0.08338072388349861,0.02088318732739171,0.017549247510328717,0.054061650255281646,0.027451529370055884,-0.002439657279374001,0.0,0.0
582,-10.07018779767232,0.30371290694324404,-0.5175367513971109,-0.135209330411589,-0.03471331547648878,-0.06683293173246883,-0.13404275518606942,0.19999999999999996,-0.07542816527261119,0.153871445581847,-0.17454478473211849,0.025357271606807324,-0.0021362519745787025,0.014420051037295238,-0.024485969425716538,0.0004916791722087826,0.0,0.0,0.0
583,-7.4575163326579474,0.3028395995390377,-0.5187873367781796,0.08629956333534011,0.08582774678744419,0.12336525350231137,-0.10706334539040163,0.19999999999999996,0.08534160870691662,-0.11668556785540547,-0.09473737603689288,-0.10067953838528775,0.02069775504005113,0.0018943534867169741,0.041579008593095344,0.01689159360970587,-0.018642216771036214,-0.024241031092717608,-0.020166421156164516
584,-8.667369364066213,0.320827931431864,-0.4937278288583455,0.11312380648550477,-0.014275604951964746,-0.1359474194671089,-0.10508344846428884,0.19999999999999996,0.07472203294916474,0.16563656845694844,-0.18002697355954622,-0.01118414566547333,-0.028524669521685284,-0.0015009181216996345,0.034605197111938255,0.027924245263466863,0.01272614614287036,-0.023755175276280602,-0.0025986594043263776
585,-16.517194201293645,0.30381194180351484,-0.5173951595139101,0.1661933726026725,-0.07820800667786586,0.046048676036096796,0.10980972298672236,0.20000000000000007,-0.14320970210154738,-0.005008155652807471,-0.0915619755860019,-0.1599603883562858,-0.0021528072062648334,0.014989577930339879,0.024908871457001776,-0.007480871078785477,-0.014515725077362316,-0.010123790920837306,-0.020082977882634443
586,-17.079723226479114,0.2926750216076059,-0.5336143409105248,-0.04502977328070909,0.08540241096691469,0.2500263391079296,-0.21465981740515122,0.19999999999999996,0.03652489247952005,0.07885694020892732,0.07381391799525745,0.01568590855559062,-0.00422830506168465,0.011667972530522023,0.029786613630456638,-0.017388172285957994,0.011802522777579288,0.01190873524480061,0.008485933743522613
587,-14.708967155146569,0.3296510371650821,-0.48194555351844814,0.14510970411612847,0.147731765864913,-0.14462581306123767,0.08021850529915521,0.19999999999999996,-0.08930419173983312,-0.08185102151012716,0.10880833954138369,-0.0023506588672217834,-0.01300207570700713,0.003333342354418926,0.02731429017230647,-0.003951139849559074,-0.015137961702469217,0.009972224411890569,0.006165730247521378
588,-6.3310803900414125,0.29135155574762317,-0.5355826585389794,0.0735143186159169,-0.1517077759214573,0.08167408874810668,0.041746542799327796,0.19999999999999996,0.1618961455248615,-0.08850215592523482,-0.15905283318250452,0.04190613928259043,0.01464057698865378,0.03211249839001876,0.05451714469258039,0.02548703862616531,-0.020842716986044216,-0.01913790326072002,0.0036839756253676924
589,-0.565635339156529,0.22416090463843272,-0.6494401293875,-0.06628987800170386,-0.1586655309766831,-0.1348725995310129,0.14262421171112868,0.19999999999999984,-0.14812085826722182,0.058928709396087874,-0.06241682643188503,0.028081385684276795,-0.013976402713062898,-0.04977307901529027,-0.07686258516206382,-0.03287948495600276,0.04746476972852958,0.030335489038003483,-0.008269002087222914
590,-0.2081377191982945,0.22793323249783923,-0.6421923503867921,-0.09531057546851879,0.003572363882782973,0.17134969067418238,0.1271329929275103,0.19999999999999996,0.04436521142749707,-0.19819340415044662,0.1522843139199829,0.007791447549078945,0.05310539210958187,0.081138583549789,0.10283120328569119,0.05875614117425441,-0.014062049771017538,0.030239293432960987,0.027147499066886106
591,-8.658424610054368,0.2932782339383463,-0.5327201676066957,-0.030068016722993963,-0.02757659309237298,0.13067149134666764,-0.02708855586035391,0.19999999999999996,0.19357639834095658,0.18395498690834441,-0.09505862347943494,-0.11200533424887558,0.01181031229960228,0.046435168839767955,0.05023694330511598,0.03343242935167988,-0.013578639157989373,-0.015238723401044044,0.0
592,-9.1139012677983,0.29753673292999133,-0.5264594100227883,0.03842150725468334,-0.20962161735408413,-0.1288856431846597,-0.16125604938451768,0.19999999999999996,-0.07638458862990032,-0.1484170206534107,0.026450383927198232,0.010563189611546012,0.002752797813310516,-0.012096307499674323,-0.04172169934139074,-0.03594540667209701,-0.011578019013596667,0.01785322709767311,-0.024019757855171783
593,-15.881388330628987,0.33218092768654567,-0.47862530637671297,-0.06457073065827966,-0.13514568567191093,0.08745097029710239,0.1633622851110105,0.19999999999999984,-0.05309380291560193,-0.1611184785336859,0.05866314502395643,0.07659490178845238,-0.0050430004408134905,0.024644561717273777,0.030322880822025895,0.011018486960611196,-0.023858756146253678,-0.013124267808520369,0.014603899292065979
594,-5.3380871540018315,0.29961646499567846,-0.5234343242826945,0.06564669748110107,-0.0391657285992595,0.03397421366825642,0.14902821659863663,0.19999999999999996,0.11599917252366364,-0.10147306507327081,-0.1514993911021841,-0.1432135149536279,0.01411502583796554,0.04453106682762514,0.06221948172393078,0.042169051061323404,-0.008568573763868105,-0.036775346987417835,-0.03925953009932207
595,-15.958003717902097,0.30726015557476233,-0.5124937538859644,0.052912562091158,-0.054136971186358164,0.010470446455067162,-0.01375973725063486,0.20000000000000018,0.1519294741011196,0.2005258414056209,-0.1470280164883223,0.1692369510217189,0.0010578181126100347,0.009988489529525645,0.03199481249378511,0.024303539428545264,0.009336536937472379,-0.01446313699429913,0.01919754659484023
596,-15.840604384075027,0.32839959665802365,-0.48359738495485693,0.15356575615106688,-0.08920444126191217,0.14900595669662928,-0.06524355283361781,0.20000000000000007,0.1522379753635246,0.035581973978212514,0.14876439201858646,-0.0063959516964502165,0.013445896235092484,0.0012792916114319813,0.031570763627486224,0.015393261276887553,0.007801004904704897,0.012785638651770867,-0.004275494717098767
597,-6.173934120581521,0.30883571016997985,-0.5102724886694914,0.07288833672984406,0.07861026812508946,0.07630131082950647,0.12737838499782625,0.19999999999999996,-0.13923681725666795,-0.06516080175754943,-0.09334056921237056,-0.14708351109114584,0.02712669483297333,0.03775950762744487,0.05261166873800424,0.010224384268379731,-0.017277000801651867,-0.02335070965401993,-0.035266478402597924
598,-10.13123755669786,0.320827931431864,-0.4937278288583455,0.05691103786139386,0.06900073512211602,-0.1204236699851119,0.09573728825429516,0.19999999999999984,0.10313986872716394,0.09174062120477512,-0.1324088381845216,0.13063794066062254,-0.012710852372394738,0.02209348260535413,0.03888938148620407,0.026343937597876135,0.01271856487381342,-0.010693331602231482,0.02019395762365153
599,-6.760816711946838,0.2982389801210026,-0.5254355944675361,-0.15444454123353088,0.1391181954003829,-0.07049481838664483,-0.0568593793798392,0.20000000000000007,0.10190566630408796,0.117147536434215,-0.08122508249702871,-0.07880478036427052,-0.014618087609185605,0.005961903989031096,0.04114683006256369,0.03575969666905105,0.02018788235085316,-0.01286152838436517,-0.011909730063107409
600,-17.684530111638622,0.30613475943532126,-0.5140873565382117,0.09576063528810487,0.14646395500237647,0.029818313350435915,-0.14189740736465836,0.19999999999999996,-0.1384347452300343,0.0365513649224803,0.11392509301374844,-0.09714848582816137,-0.0036552056260578713,-0.015944326529494995,0.020394422390268903,-0.016224956655124453,0.006743054783047394,0.011998087779233111,-0.012529567575789198
601,-19.959198848386887,0.3193784212042639,-0.49569443030305094,-0.15886881460473617,-0.0010632804231617897,-0.09179702543832292,-0.10424913176912166,0.19999999999999996,-0.12575132322250018,0.09859500410154402,-0.14416927966546397,-0.07550614077514936,-0.009995936309595615,-0.0031549645750342204,0.024624830473954428,-0.012162060448622104,0.0068289923410550495,-0.020001269595210352,-0.007246147572684912
602,-15.259012977582978,0.31723566695476807,-0.49861799067713997,-0.12117805801530973,-0.05789765320579332,-0.13263101281081421,-0.14171018827381374,0.19999999999999996,-0.10793719011389095,-0.0642178851996589,-0.06769909344478621,-0.10672891893593302,-0.020084162393163685,-0.011546253618961461,0.025210964732589287,-0.013473759251243299,-0.012427902614968832,-0.012353791559535756,-0.012984172887615171
603,-15.6018369603216,0.32385299625468167,-0.4896520805435292,0.07974197647531718,-0.09526744818437173,0.13822390895447026,-0.04235698288644389,0.20000000000000007,0.10452093900202786,0.07213010495501496,-0.1342615007415854,-0.13349713880076874,0.016014949977985443,0.001945535323102194,0.02907186728764943,0.013240856725977086,0.00032785764424709326,-0.026087213507171525,-0.016258283116833135
604,-11.919210609278094,0.3161732929991357,-0.5000748174934938,0.053502008010609024,0.2608774868162148,0.11763363143428518,-0.06189332747996237,0.27533188455493074,0.02152250148233856,-0.010087125666352425,0.15010877890337823,-0.04904325565192874,0.002491498983424192,0.01927595462747735,0.04387648715130795,0.017219397687923695,0.0038688689301193415,0.04084484064099137,0.006928127074392063
605,-13.423491047671504,0.3015881590319793,-0.5205857137572448,-0.12807927709352263,0.07643218085977253,0.2546353582773287,-0.1303257316646969,0.19999999999999996,0.0729473754339883,0.038430621214644384,-0.06190166777034819,-0.03724778768569837,-0.015220437668807405,0.006648168611759641,0.03537475735358397,-0.0019513193189551583,0.01709454714122572,0.018759561993836767,0.006586641910557704
606,-14.302124348967528,0.3236819360414866,-0.4898815369162643,0.018017210296136617,-0.06582311341532793,-0.11169154597195749,-0.1664971667710639,0.19999999999999996,0.14888998764249942,0.025637561519634148,-0.14185124340241015,0.12159217098097042,-0.022347624138642528,-0.006846298526659806,0.036364627980509434,0.01868708467608603,-0.008240755046431774,-0.013258857806547637,0.016109109997009055
607,-10.98125860025941,0.3149308556611927,-0.5017847868486602,-0.1120841369616696,0.13264339822056798,-0.09599801558201458,0.11309853096248425,0.19999999999999996,0.05911363077306878,-0.13691122416105253,-0.1429374956602288,-0.007213567678913566,-0.00597653768255092,0.01647849938551942,0.035394476438589485,0.015812845293631136,-0.019878625463644765,-0.027090757364244995,-0.006993143995164971
608,-7.840518524561819,0.30306467876692594,-0.518464676336063,0.12164378262034863,0.026863430509637975,-0.020701555904762105,0.2370595627741329,0.19999999999999996,0.14796916115734352,0.07050090549483444,0.03990765525407437,-0.13535394628486605,0.005546522564467731,0.032402571035386664,0.0583852864495322,0.05232680735601411,0.036864308728475965,0.02227735107620879,-0.004314952028435103
609,-15.6549177032459,0.32074690290982427,-0.49383752842354695,0.00708675230445287,-0.10965427280105482,-0.10109566391953595,0.1441334858211284,0.19999999999999996,0.12109275102487123,-0.13431949338809374,0.09592541614343454,0.08669216459742855,-0.015969280946025538,0.013199320213558494,0.03323970078696815,0.02154855842128135,-0.012268941309704181,-0.0016180668748074576,0.015444814513657833
610,-16.840470562196465,0.34673905214635553,-0.4599972423454803,0.17345018997136127,-0.045567215884920846,0.1261877586177627,0.015425840886221696,0.19999999999999996,-0.14079283346230256,0.030537894767372013,-0.22037600159018292,0.047662264819875934,-0.01991473912825252,-0.004612622056786406,-0.026112094050542156,0.008468627043325506,0.0,0.0,0.0
611,-3.9880004999156853,0.2792422932872371,-0.5540188039921644,-0.13418451954733598,-0.12670823838830494,-0.13922959106843205,-0.14065939328627702,0.19999999999999996,-0.10232553270396191,-0.03348751274475751,-0.06375051126445917,-0.05965470099647143,-0.04340388034435809,-0.0537747142641312,-0.06080469093207924,-0.031582257424694796,0.012388824823733859,-0.023481471056978353,-0.02312470522692288
612,-12.083520866397865,0.317523768366465,-0.49822375987108053,-0.05749010952993687,-0.1437915533234319,-0.07703043549333465,-0.050552303030134624,0.19999999999999996,-0.18038287161377167,-0.005407857050548002,0.03764556492128049,0.24769930503756182,-0.004519434381391026,0.011984203602938987,0.03729905083349029,0.0,0.0,0.0,0.0
613,-17.55830491552061,0.3215121722846442,-0.49280258026391927,-0.05379484497417428,-0.07045200530777732,0.16912673005459974,0.053463080269118966,0.19999999999999984,-0.21438625967833716,-0.0685147546026294,0.12736850137822128,-0.04289382373514197,0.012419640979371344,0.011688568636209406,-0.03457894941286307,-0.002383906766019498,0.016512575169946957,-0.00483155455292673,0.0
614,-15.636792231790785,0.3391043647363872,-0.46966662022271427,-0.0814247795127613,-0.1367025986031993,0.11130031718622592,0.1610639712581077,0.19999999999999996,-0.038634831874775906,-0.06184615722385155,-0.14042987952672634,-0.06859746481435201,-0.0033065525546411203,0.027036090564337218,0.029934001994447696,0.012400017102357806,-0.015477629356231657,-0.01853181076265976,-0.018028730153965875
615,-12.371997828513546,0.3268870642466148,-0.485602265217951,-0.08726447070820251,0.0822169859015413,-0.051030460642837755,0.187650481304681,0.20000000000000007,-0.019587705028819968,0.1491830615145267,-0.11779910327017883,-0.10526773162921192,0.0045815375716226426,0.01356342847649656,0.0378313279031512,0.01731644657374162,0.010250153624249268,0.0023041751564097284,-0.02168825247349925
616,-0.827004603931357,0.24566047248631517,-0.6096647171954586,-0.146233010955511,0.1104697241180324,0.033191986202215605,-0.18121341304879024,0.19999999999999996,-0.05559582985194517,0.2099350773694683,-0.0005697397816409165,0.06279121867239637,0.030507813281394635,0.020371542869395208,0.06396380175888879,0.03731711122538538,0.03633240693985081,0.0,0.0
617,-18.90727693562051,0.32243949870354366,-0.491551762716,0.006998174391365903,-0.17533015484109848,-0.1429291667712121,0.07120255412494099,0.19999999999999996,0.10719965136674399,-0.037656450869088996,0.15809891562071898,-0.10058493201483071,-0.015795728329484622,0.016302061789729722,0.031301500345321635,0.01259300490436215,-0.006573617201654281,0.012071454835845936,-0.013370378218555475
618,-2.642960664402054,0.2703561653702103,-0.5680637220538446,0.004204383149727324,0.11695964333589855,0.14930770002732838,0.12508481998458398,0.19999999999999996,0.06693013768414222,-0.13499481561265528,-0.11121272291388895,0.09130577729177541,0.0614097525588726,0.07091542483825727,0.08514644718835995,0.05192962931420309,-0.009640951114496548,-0.023550091792734477,0.012430495667784643
619,-1.2150427654465794,0.24693892250072025,-0.6074104511979808,0.06862233927470271,0.06997220836688091,0.07353171289522165,-0.1154557662151463,0.19999999999999996,0.18277226550837936,0.04933906024721467,0.22537336976355096,-0.01493327772890347,0.08614558764845709,0.07421276792216729,0.09517495969289472,0.051474122477089435,0.0,0.0,0.0
620,-13.04979057598661,0.32749927974647075,-0.48478965079426617,-0.12012774587436388,0.18382091266604766,0.11632605058564603,0.18748796065761048,0.20000000000000018,-0.0192375062396415,-0.0033950741219929605,0.06957788354168357,0.10002686631301382,0.03138754884461986,0.02701279313480119,0.03473715510387709,0.018506595256166332,-0.004546787164071768,0.004357994800629741,0.0168341742184537
621,-15.268274433473284,0.3303352780178623,-0.4810450435342641,-0.046226249807186696,-0.03474688146024983,-0.169689141126721,0.11177843405948727,0.19999999999999996,0.16476721948431616,0.16563729228278518,0.01760634192380594,0.089548439855448,-0.018571216747740007,0.021258550688867894,0.03358695490947719,0.02627727651616945,0.01903586643134234,0.0015314961355144669,0.008407085328811993
622,-16.40115112071888,0.30818748199366175,-0.5111850054991244,-0.05959958359215237,0.006629319120624051,0.20601842769305875,0.07384385439332036,0.19999999999999996,-0.12891292151019484,0.12728700023469025,0.05228810669814268,-0.14542078675781678,-0.007397900068045824,0.007057104924776577,0.029401010456616784,0.014378271825201627,0.018290958051802773,-0.016708712896362398,0.01458008501016079
623,-11.744536829692645,0.31262604436761743,-0.5049748444422943,-0.12957162075392809,0.05982631956285141,0.10321211495256048,-0.06037980538432456,0.19999999999999996,0.171446883142973,0.17498012793351467,-0.0024938580774703824,-0.09808927019237748,0.008621492018918868,0.008148182333427702,0.037983013130577364,0.03511266754627198,0.020963678321390303,-0.008359440767783548,-0.010781594294498074
624,-0.4802079620302031,0.24847846441947566,-0.6047112455184824,0.010801079965878686,0.020049875801628973,0.16254218243345928,0.21378374524663005,0.19999999999999996,-0.07273180101547705,-0.19822297085633384,0.05272385504132648,-0.0691444896392657,0.04666130308414781,0.09684479167888638,0.12000923175353481,0.06771541371259848,-0.02078591457286614,-0.025183150727214974,-0.012681099316519378
625,-7.26142259071651,0.3037399164505906,-0.5174981308506074,0.04535592787862672,0.13926410574125364,-0.00040358298245813566,-0.09768089340796514,0.20000000000000007,-0.13245932727639725,-0.10522109443145956,-0.042094350467291486,-0.23752071781454803,-0.025048823092726883,-0.02375949216969777,-0.04838778131548417,0.0,0.0,0.0,0.0
626,-13.615679031604111,0.3251764621146644,-0.4878808983291412,-0.05251879562687214,-0.14419527841459318,-0.03433699544328973,-0.1925470774798724,0.19999999999999996,-0.10787924052991864,0.01911689220730476,-0.18941176542849333,-0.05999395486965583,-0.013306829884496912,-0.0064711263648556915,-0.029308454783439318,-0.007716515310360047,0.0,0.0,0.0
627,-18.708898016359335,0.3290298184961106,-0.4827647421062531,0.1195602488235198,-0.10502198150734873,0.04223257029697749,-0.1571679673199887,0.19999999999999984,0.14448539628246043,-0.02327484258706897,-0.13091589225984931,-0.07734110092278668,-0.002941645082283562,-0.005543184243428475,0.033263855315871685,0.009655404118817951,-0.016050166391213795,-0.021304495085179054,-0.004397002094355684
628,-17.448370615540732,0.3243481705560357,-0.4889885473087794,0.13287973038436018,0.07431291135972712,-0.0020262548944780445,0.11947214783333662,0.19999999999999996,0.14985306141379695,-0.1449269995326655,-0.03033007402566866,-0.14619882055596697,-5.140798935900471e-06,0.017983326651037412,0.027115246556364624,0.010198047291790788,-0.025100267537252554,-0.010935004626624865,-0.016863246949476985
629,-5.476645669698216,0.29968849034860273,-0.5233299359801991,0.26821154172905404,-0.18119235894587268,0.15303296512984094,-0.013728531037483003,0.19999999999999984,-0.017973616800310933,-0.04777901396291305,-0.02318823128969222,0.09489374110483326,8.59897759024779e-05,0.009347661590849094,0.04832136896812092,-0.005227959446995111,0.023489725156811716,0.01743316815072875,0.045359800528752235
630,-4.39508862388454,0.29573609910688564,-0.5290956599648012,0.15711073538065046,0.07132844313437092,0.14924486523964473,-0.14086992870478957,0.19999999999999996,0.09383164988816178,0.07321090608333494,-0.03759759622088661,-0.07680587534816104,0.023749867189059755,0.01241843280572072,0.05270094004966245,0.042598947608757064,0.025006779076247303,-0.004061709576702462,-0.008699549131343182
631,-1.323905543604134,0.2687175885911841,-0.5707039064060515,-0.12700453423066582,-0.13832504470919607,-0.10651926139337142,-0.04031614688855947,0.20000000000000007,-0.14469251025864543,-0.06340721881780356,-0.04313459312745727,-0.1366006905743009,-0.02419268638170905,-0.05875081095995983,-0.06912389643433206,-0.05504470166104935,0.0008668500783487366,0.00697516690314967,-0.03883782150736181
632,-7.022477812185766,0.30624279746470756,-0.5139341166947318,0.14529143894037194,0.17652079418733174,0.0016584556178132195,-0.1716797172875024,0.19999999999999984,0.028469813248374103,-0.171214329758435,-0.012193348946117248,0.09297210201405447,0.0019637434730970424,0.025295399519351027,0.04460284104535271,0.022704600752927073,-0.016672939674002248,0.016530158924062517,0.023647753451411752
633,-19.688290960481808,0.30701707000864303,-0.5128374772769999,-0.20105659956301575,0.019281522688242594,0.17560418779789227,-0.15052349418407204,0.19999999999999996,-0.07959005491905508,0.058514450014066625,-0.07988562342967769,-0.035544067403978,-0.02215989967474273,0.0010228633313917167,0.023709939001139463,-0.009308833364104945,0.014732597166845333,-0.003354988325843171,0.0003497405455660596
634,-5.10208286025394,0.25761668107173724,-0.5890260191738073,-0.011974237046199128,-0.04069788957143519,-0.03177995692131626,0.0984343072890372,0.19999999999999996,0.20436109231181124,-0.2010665979824182,-0.011579074674165576,0.20010684420361727,0.008360318170319729,0.04502908465910307,0.06602473446289082,0.016750319363650106,-0.017420387418066365,0.026699549015925483,0.03489436575264057
635,-2.717776329660193,0.3211610486891386,-0.49327713264976714,0.19525992163585315,-0.06067126552321683,-0.062471936479668234,-0.13125078600396317,0.20000000000000018,-0.15169788011501287,-0.003841221316091828,0.016433810195715787,-0.17837317873047803,8.92570724143943e-05,0.010942716181999722,0.046353821003183394,0.0066466351521122175,-0.019074523141556388,-0.028032434204248096,0.02399146858262996
636,-8.633616451849864,0.31726267646211465,-0.4985810163331458,0.09290441572312348,0.12216298333883492,0.12407041466907105,0.11756234308822691,0.19999999999999996,-0.13081188279713923,0.04872114165132602,0.07378669341020236,0.08998012532207603,0.0328603776866052,0.03443532379094343,0.04273449175051881,0.004849141206121082,0.0029133711053569216,0.01907193950135836,0.024181034586558157
637,-2.472806812422487,0.2205146211466436,-0.6565626094941547,0.24226241213755467,-0.20678016807916227,0.020165042838481348,0.19683290537328563,0.19999999999999973,0.003355901508927899,0.061524816068413736,0.004568146586323472,-0.06451060740785117,-0.009263738775685645,0.04668682255634393,0.08065373295557085,0.05359810821765763,0.03740238805220464,0.024022612188175002,0.00010623581285826165
638,-7.7807359880080025,0.3064498703543647,-0.5136405580429723,0.15118963888690815,0.1386455631129925,0.053609649126546026,-0.10250439906081095,0.19999999999999996,-0.0007584074266992117,0.09728599591313396,-0.11671311931067908,-0.1392932271622302,0.001191873500539108,0.021059392102568786,0.03792006321878388,0.02771014544741335,0.00018750078533400231,0.018040711560938793,0.02693341617126498
639,-12.721063223434694,0.3122479112647652,-0.5055004580914431,0.1387169629112436,0.031140418616799007,-0.1541141123567465,-0.09676406480883852,0.19999999999999996,0.1721892033011019,0.008158848442214966,0.1279689323087853,0.0709474572542702,-0.025823781941635746,0.005380321960571311,0.03857503920723849,0.02029815693351452,0.0086813503434951,0.01938287769242864,0.007756052780286044
640,-11.147031187739426,0.3103122299049265,-0.5082011078333096,0.1573679233150833,-0.07391220467090719,0.0351071378393059,-0.15987237980446956,0.19999999999999984,0.06172889098995374,-0.19409309348054996,-0.061143432120873774,-0.05677493777885669,-0.004792411578960617,-0.010298182202741504,0.03193206151923719,-0.0017125292520106408,-0.030531767973403588,-0.013905896452739238,-0.00771527808230241
641,-16.3109796254787,0.3265269374819937,-0.4860809849334243,-0.15539524436119934,0.04118937363705123,-0.10340313449115417,0.09526530264888824,0.19999999999999996,-0.12354661436890732,0.11458878143294259,-0.02088700793894607,-0.14572454112091116,-0.0046656076639956644,0.006917504232587103,0.027363007011472776,-0.0029925014752721513,0.0003599214068699146,0.002478480968131532,-0.0180594092460415
642,-9.317584517136272,0.32472630365888794,-0.4884825309883234,-0.11232006491551526,0.1520982566173509,-0.06798478849875973,0.09996194855183618,0.19999999999999984,-0.12636868293407597,-0.004666841325126687,-0.13437173625170126,-0.10222768090563414,0.003024319065547735,0.012388056835631435,0.03485369841687612,-7.851090865966035e-05,-0.009950462218301944,-0.021061748581406217,-0.024860239269249865
643,-15.412509281775458,0.32488836070296745,-0.4882658472054029,-0.1731322549152659,0.12497535811087143,0.008183215186536141,0.15728843349526328,0.19999999999999996,0.013547071560538533,0.06894124520559358,-0.12022815034031369,0.13370427118561745,0.014810251070742173,0.014971852447012286,0.029641235515885673,0.013331161598914204,0.0013207824354246704,-0.008183864657121129,0.0008030916138006695
644,-12.970175217644384,0.3265179343128781,-0.48609295968993993,0.0759254034114167,-0.15387542859886053,-0.19716452284487215,0.09071223507709487,0.19999999999999996,-0.03414500280454998,-0.03299528310319714,0.019746647831959077,0.19543547632804956,0.006632756144079938,-0.008149052770944378,-0.033727803203015945,-0.008269817350049787,0.030155490011420937,0.016105767873531275,-0.009185598584471993
645,-5.734330803880038,0.31312121866897147,-0.5042875014070128,0.15985599775226259,0.11406233987506365,-0.13807541921460828,0.021961841338282818,0.19999999999999984,-0.05853624096940575,0.10863631912960763,-0.1806688222630304,-0.018203019457739018,0.0007238546086289061,0.01942479994023876,0.04151455748165918,0.01204843862271635,-0.011580011930637995,0.025909270886630812,0.03106895698210618
646,-13.474418363801574,0.33613331892826276,-0.4734884363270435,-0.14180119391107618,-0.05704518946630755,0.024301082437037866,0.052079092749180905,0.19999999999999996,0.10790606599349611,-0.1595557239648806,-0.05907462185392687,-0.19823702962409404,0.00657913138456782,0.016392847289245432,0.03143874856132899,0.0071552228843557945,-0.02637888544700776,-0.01791120034998524,-0.025976938885431868
647,-16.1059674798133,0.29969749351771824,-0.523316889206427,-0.015704392535441748,-0.025419730250880155,0.09110495177193131,-0.04781203451973485,0.4078222212944068,-0.03974890312693014,-0.22771523215971112,-0.008275097905916828,0.13639743643504704,0.010800855044578266,0.00559816635020133,0.050460159030318044,-0.013214426831658313,-0.03515028051198232,0.0011342558663386135,0.0214212085032217
648,-5.987539876379412,0.31364340247767214,-0.503563843461181,0.030917190323002275,0.12150195194237086,0.08595776157028795,-0.03915409933566709,0.19999999999999996,-0.13229482204505444,-0.12509465813147447,0.09050812259028883,-0.17457139406185412,0.027630375547087593,0.01158849817751968,0.03698179763131084,-0.01023378395545377,-0.024485823315137607,0.0011433521216957258,-0.02874800185934094
649,-3.3557067510297536,0.25073825986747333,-0.6007793924815703,0.059489302492411425,0.23405039386816764,-0.13205852608813615,0.032956009316727035,0.19999999999999996,0.07381374744577042,0.006788873033339408,-0.19491724801725396,-0.06592589973819397,-0.003701181610503702,0.02889129881284361,0.059701480461822456,0.03988052556039593,-0.0009353076606078554,-0.04178699811766087,-0.025681659413414052
650,-18.33108899763993,0.33327031114952466,-0.47720337304281796,0.09244967544713326,0.14518553738332884,0.02587816314329803,-0.0795827885174913,0.19999999999999996,0.1275650105018959,-0.14570459626986612,0.04604487941586412,0.13758934932112238,-0.007344103836829487,-0.0012933460440889939,0.02845612447105508,0.0005368040993508104,-0.01937189535832477,0.013023531940505435,0.014804512101370607
651,-1.234310879942349,0.2443190002881014,-0.6120427573433569,0.11788445819531757,0.028406413547989035,-0.004975304655671741,-0.13502736671100293,0.19999999999999996,0.12724580604202035,-0.1239650450595192,0.11747222537738775,-0.1450233804110915,-0.0141619839316991,0.007061162875875427,0.06294687336882873,0.02881097396644403,0.01041746137571644,0.0027438624841833402,-0.023458213899785158
652,-12.17214770906859,0.31370642466148085,-0.503476586924003,0.14572522387044087,-0.05080015997616448,-0.05137606255573935,0.08615212660923083,0.19999999999999996,-0.004440963338115324,0.19603740576306622,-0.11389160381276554,0.15157645407447745,-0.0077907795300679455,0.014155983434201536,0.03213500578625994,0.010794382996080359,0.02486996291931067,-0.005844048329901977,0.01769428717379891
653,-14.16084061282864,0.307953399596658,-0.5115149972307496,0.02189055345180215,-0.06043101953374393,0.09269187802563497,-0.08889817867669722,0.19999999999999996,-0.10250401383163181,0.1337621270862743,0.1603091721796861,0.13951305721452953,0.003270349852380848,0.006860339432759664,0.027433293794536816,0.024136187007507488,0.006415568079172975,0.0,0.0
654,-13.98055095242583,0.3232497839239412,-0.4904617567512694,-0.21134536985365246,0.0712066023985863,0.11410772215391948,0.10968345665060833,0.19999999999999996,0.039755623767152456,0.15395869215704724,-0.09914453492756678,-0.0007979980914669895,0.02119665920859484,0.021739100167360033,0.02849630809302961,0.011127874577014614,0.01692064761235049,-0.011115734674691782,-0.00380275558343427
655,-18.61595649047653,0.3372497118985883,-0.4720484126594881,0.055961426218041156,-0.16519626471632892,-0.13982656212797226,0.0539140683267397,0.20000000000000018,0.08113187435692715,-0.10423018233672549,-0.17121541187280248,-0.028524210044462744,-0.017135449090912507,0.013186172091285182,0.030544883946923243,0.008732069757547652,-0.020256143947369597,-0.02538755215130723,-0.002821736281662846
656,-7.410580212001472,0.32083693460097956,-0.49371564172804194,0.19122231637999113,0.028627385353832805,-0.17573563720839422,-0.1802403998701814,0.19999999999999996,-0.02821321230081555,-0.1218566314369422,-0.06964621409760874,0.004458203352234007,0.02769078926858158,-0.015736913903418918,-0.0422787722019426,0.0002666678914911315,0.016317982297052426,-0.017877679607443284,-0.025679140828768373
657,-6.4801866914644,0.2929361135119562,-0.5332270846783872,-0.09988184376383794,0.10232375082301311,-0.15593653310937086,0.08251775604243203,0.19999999999999996,0.16268586563136658,-0.04609073034786112,0.07057700168389673,-0.07998651859822169,-0.013499593197626024,0.03186086268003578,0.05207014963281829,0.030483801406169606,0.009880658784578734,0.006931804149857321,-0.00699716722658779
658,-4.879849174195501,0.2962672860847018,-0.5283163007888085,-0.21824229346367358,-0.1548229313018419,0.008715627366396219,0.10842943454036666,0.19999999999999984,-0.04116898962788866,0.054782970480228795,-0.03491785035083719,-0.17891990286876708,-0.0009763080965194828,-0.0274628846567966,-0.06131478378244484,-0.0416059447370042,-8.85427336960627e-05,0.03708407668122808,0.034280700079501
659,-2.696720524071555,0.28609370498415443,-0.5434916980169057,-0.08745572587118872,-0.04734242510717883,-0.12680688932846848,0.10220615710999231,0.19999999999999996,0.10760303455744201,0.19154281678856416,0.040376116389146,-0.09666683484801959,0.05600860074316673,0.06392014745793188,0.07661776670335396,0.048302411924329935,0.00304918112041897,0.0,0.0
660,-2.7473674216518695,0.2849232929991357,-0.5452720449427668,-0.11540166179608731,-0.14062653952668072,0.09111957609140273,0.06165465824579238,0.19999999999999973,-0.0582216126635659,0.15298972039372835,-0.10812210512018157,0.07186412616256123,0.0012049478131349954,0.026444973690261032,0.054209604225229344,0.021578178011462997,0.03814290411000356,-0.0007714934436362789,0.016230934483297477
661,-1.5215056753255638,0.2585530106597522,-0.5874504008224675,0.11254899278600543,0.06139304084257476,0.09707945480179209,-0.13774259422663374,0.20000000000000007,0.06925193099499363,-0.144567405413563,-0.09835196451250118,-0.0790646164219361,0.021011253229394632,0.010194690042291628,0.05841159661795679,0.018900471950662242,-0.033614550079032135,-0.04375085243277276,-0.032710806366400176
662,-0.19545592336950435,0.2640089311437626,-0.5783813811572693,-0.15855790735410255,0.04444841177330937,0.07860929458567495,-0.07251215148720672,0.19999999999999996,-0.12697787474304795,-0.020762349987397916,-0.18066645874308906,-0.11746555132617158,-0.02033200874647052,-0.04767922677041462,-0.08111437743089549,-0.05924630366952048,0.0,0.0,0.0
663,-10.144420443878882,0.3215031691155287,-0.492814741798536,0.1113856475549356,0.11523225152028324,-0.09198761285104172,0.025787681157093137,0.19999999999999996,-0.067849979622253,-0.13357248322130819,-0.11793904496475523,0.13624529910832991,-0.008653417302596821,0.008099753747696564,0.031232963299518,-0.006357133137910946,-0.025548303895743647,-0.018649401175199493,0.017792911882610875
664,-18.113341895191112,0.31911732929991354,-0.49604961130326775,-0.13307458131657754,-0.06052205073059017,-0.045173804356665216,-0.07264537027187364,0.19999999999999996,0.03802040070592852,-0.17629214214099123,0.10775784518204105,0.16651380529533263,-0.00415974447327668,-0.00021354705234453313,0.028155206928884135,-0.0006532834156230437,-0.02220133756744344,0.017418702997987416,0.021793209810265342
665,-19.118158904930887,0.3254465571881302,-0.48752031838267845,-0.1667495304581561,0.10875842770628937,0.08488339849159042,0.1344555871997577,0.19999999999999996,-0.044231224592287906,0.07924158124008215,0.16596282126212758,0.015717429049708808,0.019989906604290692,0.016893538446869544,0.021855217011171928,0.0025561988520948465,-0.004341711633330891,0.016142548023239355,0.008575448438648506
666,-12.011383468534776,0.29244093921060216,-0.5339618299744391,-0.11249172324113543,0.12654527547522537,0.05148807750921046,-0.08452393924559093,0.19999999999999996,0.035338104585116915,0.18530559698735588,-0.18180714779417514,-0.02250013516218984,0.005256669592684083,-0.0033095960064507533,0.029434903846667648,0.01545225604633017,0.01923584406628626,-0.025949590243300402,-0.004152151517422028
667,-10.354064787938123,0.30498235378853356,-0.5157252881088559,0.08176461174272763,0.03144757084691965,-0.061825255179962874,-0.11360461291931355,0.20000000000000007,-0.02376547493897587,-0.1181583510664934,-0.20991889217632936,-0.15951523112927768,-0.008651320755845151,-0.03067439347648412,-0.04298083760216212,-0.026509586081180158,0.0,0.0,0.0
668,-6.119579525173007,0.31296816479400746,-0.5044998367585156,0.1263253935903519,0.14529381752404652,0.05123825818322867,0.1097487107469022,0.19999999999999996,0.19189267889984868,-0.027485701443056707,0.0006929726850825669,0.1473224669274828,0.03193733907992864,0.050565623783879035,0.06672217441409939,0.0450877312773547,0.013635954314368806,0.02727860219324694,0.033054972498154055
669,-8.303476532982689,0.29926534140017286,-0.5239435768792446,0.09692137711208589,-0.13444492700145558,0.10345058593475806,0.08584781264392508,0.19999999999999996,-0.1480606405103205,-0.02940904748375336,0.1076136388002039,-0.09425197051349764,0.01048754540347005,0.02458503024112511,0.037983772198203904,-0.0076957025919953655,-0.008717264244865764,0.013813761544100819,-0.006481685353154754
670,-4.304402031454908,0.2821773264188995,-0.5494778857154805,-0.007955984442535253,-0.21046141277629535,-0.18145135237913793,-0.1250616170081278,0.19999999999999996,0.1300936040176501,0.0509018850115481,0.08661473092137781,-0.0074594134433277216,-0.009402417742888853,-0.053542268324420696,-0.06953019606588894,-0.0523933259852272,0.018957826086541524,0.039016405094640265,0.030216931474603453
671,-8.181921542643442,0.32733722270239124,-0.48500460668377726,0.04561114955820583,-0.09306475737924566,0.04022732836920613,-0.18735892418113168,0.19999999999999996,-0.04236817734488442,0.1872271316101284,-0.16793267722877367,0.03620985432842425,0.022910971560521805,0.006750116832036952,0.026866930559083957,-0.017962339503168303,0.00016443846897985228,0.0,0.0
672,-8.022683376106139,0.2916756698357822,-0.5350997960985364,0.040089348061961405,0.1571975282746072,0.022958025510532654,0.14747336822954385,0.19999999999999973,-0.14057408984705055,-0.12061080926404485,0.13157520871814735,-0.03952162209411229,0.024476257076697882,0.027802842415579444,0.04605286193804956,0.010888008505410149,-0.023853408547943367,0.003808930953508417,0.011227051792630094
673,-5.577400517617143,0.31086142322097376,-0.5074331689885013,0.13161594117134565,0.04182454973911442,0.09439345083961966,-0.10290795946147593,0.19999999999999996,-0.14522014579856385,0.046667355517377655,0.1307401293007679,0.1066304681717349,-0.005392549540367255,0.02641367164656944,0.03903842309693292,0.025725966677892283,0.0,0.0,0.0
674,-2.8762174803582106,0.2995354364736387,-0.5235517911224955,-0.0668767618407238,0.027555370871242955,-0.03264369942902571,0.15363118304474824,0.19999999999999996,0.17689474416159928,0.06950445209721537,-0.07115645860002036,-0.20173732995542432,0.026112582962288595,0.0683865716271299,0.08425253563835272,0.06698062330065291,0.02063456108446104,-0.03374652782432742,-0.032325861831439234
675,-0.8616657844076911,0.25309709017574183,-0.5967128478400983,0.11763639300005398,-0.17867251459389044,0.056290932162546235,-0.0880969021754904,0.19999999999999996,-0.20948668443924726,-0.09989466721636577,0.004501269079516353,-0.04542063733288954,0.0111136841038313,0.004700081036141461,-0.058182280874752995,-0.04218615811583398,-0.027168463174775476,-0.02153983489462885,0.0
676,-1.5123252406998091,0.26340571881302216,-0.5793748002854838,-0.11817076437945369,-0.22439701478828994,-0.14279007976248512,0.08769421950325995,0.19999999999999984,-0.04089138088399824,0.08068454160503802,0.007664091750292128,0.09770790732718303,-0.018148103560397484,-0.06512254233693994,-0.09459938581410081,-0.057685720083267805,0.019113925981217843,0.03995498058426952,0.01606586050181745
677,-12.983955342433166,0.32982209737827717,-0.48172025091114357,-0.15167308306335947,-0.12226841467807036,-0.058474857892711146,0.10692279535116044,0.19999999999999996,-0.037221167867799,0.1508334663651809,-0.10550356968914841,0.06710264509257027,-0.011256235633843115,0.014653685586059837,0.031260427467088424,0.006092600260404522,0.013435474571940175,-0.006282509602422719,0.002077268887726615
678,-0.10169675619162888,0.27064426678190723,-0.5676011683931808,0.07100743685643315,0.02844346554496665,-0.11053015094759472,0.16240116359099635,0.19999999999999996,0.031145487549677636,0.17140246440713225,0.06173595241069256,0.1633338786925067,0.08777788747732064,0.08167742690772349,0.0916865352745619,0.0,0.0,0.0,0.0
679,-13.220008338338062,0.3166414577931432,-0.4994322236743754,-0.045161852830507124,-0.011836583356424821,-0.22957597786054879,0.1624003288974406,0.19999999999999996,-0.14936206886936643,-0.06437504897600219,-0.07596982047851891,-0.061318318731191236,-0.02169014596109744,-0.004913435792323138,0.035990085712859325,0.003689598766222401,-0.02341653251696706,-0.014040984871460402,-0.011139192330212006
680,-18.41069603826361,0.30698105733218095,-0.5128884224052912,-0.09805803769393728,0.08012211673906647,-0.06033003331320506,-0.08405244626317969,0.19999999999999996,-0.13902312683165163,0.060664193303430675,-0.1441193779076967,-0.13363066794783257,-0.015119908697776529,-0.0006911952883659262,-0.022945112713399683,-0.009513093465855077,0.0,0.0,0.0
681,-10.60381039453975,0.32304271103428406,-0.4907400537053846,-0.08006096573529448,0.13616982627332924,0.09712949872726957,0.12861917508868323,0.19999999999999996,-0.11903737103077311,0.084557859920201,0.05955618381976082,0.09486911940468862,0.02502139105589211,0.02648174652791266,0.03555790652295037,0.005868957135646753,0.0015668340265257296,0.016833033231032968,0.019389149981526476
682,-16.33546600016019,0.3152999855949294,-0.501276049093652,0.18401758728201673,-0.1817953180096413,-0.03524221642455434,-0.05219014231761786,0.19999999999999996,-0.021965391642347065,0.0009762445446895469,0.16315550561940884,0.16065759415972436,-0.007877874626220726,0.0005529588681568852,0.027229527367111258,-0.0027385568300737797,0.002611928759676078,0.024206796877640522,0.019819808735543513
683,-2.8019406072106676,0.2897489916450591,-0.5379780667491763,-0.15108103389085772,0.02432449434172228,-0.11959490481380614,-0.1296018037870145,0.19999999999999996,-0.12826427767854803,0.03801313000951033,0.14908178385864992,-0.06003857161989116,-0.03013158534624487,-0.028263743735301106,-0.05032429572191297,-0.009235707670813508,0.004438239669632832,-0.01381963526845019,0.022859317655053384
684,-5.377831515526765,0.29650136848170555,-0.5279732978387345,-0.02280329169638029,-0.04035046903699524,-0.20298809817768898,0.01687202195289778,0.19999999999999984,-0.17359735492923042,-0.14650555139047963,0.08361393223598666,-0.11326928058034108,-0.007022883068594831,-0.020810848732831518,-0.046143577445599875,-0.0050152188976586975,0.026063177514166796,-0.03185248922282662,-0.03732776655156487
685,-14.8685622694473,0.3107443820224719,-0.5075967142669934,-0.030073944649137548,0.08759507001542144,0.10278138468656474,-0.1905694043402934,0.19999999999999996,0.021876123537570766,0.035444359222152166,0.20201717741595343,-0.12964253613290658,0.005077060959133867,-0.018100380071594133,0.026998830441080816,0.0043625469054454045,0.011638041334989527,0.019175242023276994,-0.018379459613215677
686,-13.956227619030456,0.32791342552578506,-0.4842408019570338,0.12722737730750328,0.02740044953686036,-0.03974601704743653,-0.05919170782880827,0.19999999999999984,0.16531791960559283,0.13398583504454947,-0.10177377072492928,-0.14535692290432006,-0.009715036893221953,0.009005619561291252,0.03583301311849709,0.02565543761227257,0.003107797234360524,-0.02537032164862514,-0.015059377057467934
687,-8.222721446236669,0.3020743301642178,-0.5198861788700493,0.16805513496498228,0.11690802491955528,0.02155594398657791,0.1876771261860715,0.19999999999999996,0.051236245281515436,-0.09182131075055076,-0.09002977724524491,-0.072716436665502,0.021999221054604577,0.03284958011451803,0.05226490874511061,0.036982625009041196,0.002031193739360538,-0.016607556569276937,-0.016642864272181368
688,-11.290118400268497,0.30739520311149526,-0.5123029139295152,0.13839600709129013,-0.03533697833530065,-0.21208357877402031,-0.03674573819838255,0.19999999999999996,0.11839512261129731,-0.03950260655762558,0.15750320467409346,0.06203676375799004,-0.03234726915840794,0.005868493655476765,0.03596815170142311,0.015614116601712325,0.004132422676170041,0.026021867314418228,0.010376235305295389
689,-0.6969210099435692,0.28035868625756266,-0.5522859837592164,0.09004719888563822,0.16219589720426553,-0.14997474564376928,-0.08041778006576052,0.19999999999999996,0.02798913771381919,-0.07459463317289271,0.07469774447926737,-0.1400828628345872,0.002429021248302292,0.027229514572190677,0.05792341702989552,0.006158538356208647,-0.028048853623948197,0.029210221266881123,0.04241448504549884
690,-12.643909865898904,0.3200716652261596,-0.49475277065622775,0.09599353429963939,-0.050355927618142525,0.0344935367084207,0.16354903771125454,0.20000000000000007,0.13356175329302622,-0.14802024184113607,-0.12783193171883198,-0.04619403680954851,0.0032165772303081822,0.025307231561894947,0.03625911167426525,0.02523618354718686,-0.015120006928357336,-0.025834566308963684,-0.011362062581198895
691,-19.926231981097512,0.31320224719101125,-0.5041751305886957,0.057839990266509884,-0.13092400725401068,-0.06960237249264994,-0.039108489083145286,0.20000000000000007,-0.10127746279911762,0.12337558269312197,0.17575183389933643,-0.10212026151210822,-0.009771002822535598,0.0018902099249048664,0.02512749765581857,-0.008220569738783202,0.014058586872209448,0.018428312943822345,-0.015160272506832446
692,-10.48841495589643,0.31186977816191297,-0.506026708646009,-0.023855978429084785,-0.15523607320296898,-0.0006649250227360491,-0.1622257626907592,0.19999999999999996,0.03874735506187761,0.13061088914657362,-0.12105408139696104,0.1676049350490388,-0.011939687316171357,-0.01259283328919665,0.029616505999141812,0.01443942827396765,0.012393472112909984,-0.007163282406943445,0.02449386664813396
693,-4.541823390710656,0.2850223278594065,-0.5451211172325066,-0.061172852906365566,-0.05395366463153892,-0.035810324256283214,-0.23834638354176063,0.19999999999999996,0.11479349564371347,0.010204242684788742,-0.0860584373331716,-0.19966059900237787,-0.01996339084066593,-0.02533179247424685,-0.052328875824517354,0.015767414943452924,0.03383716469285432,0.01393651775045417,-0.020128974771672657
694,-0.43825399981483315,0.2584899884759435,-0.5875562728170479,-0.17962136790643382,0.06302761322184723,0.17758631723021714,0.10306208855506879,0.19999999999999996,0.02733473607347327,0.027615614392872512,0.14325939264857987,0.07849286997150744,0.05622791032450386,0.07461743482444315,0.09553261139395289,0.06372952872529286,0.04977752290082799,0.07162936887526689,0.06558441006218411
695,-13.254088580671002,0.3292008787093057,-0.48253901423105167,0.1741228508307008,0.04703811249009698,-0.15460003708253195,-0.05360790740766148,0.19999999999999996,0.18613729006819787,-0.0021207115022026197,-0.17631878249062494,0.006054308127983322,-0.022647789005017516,0.010643984632752599,0.03882937943319782,0.019253740650417295,-0.0166502040461078,-0.020552078308703637,0.002795739640361733
696,-2.39187437414013,0.2690597090175742,-0.5701513318216175,-0.08022848315196077,0.05572044195889603,0.027558790523124408,0.12058140273102995,0.19999999999999996,-0.12372628664152219,-0.11958305918653082,0.11935799792012092,-0.15324353788681497,0.01324074516838395,0.03859150959473791,0.06660075237761626,0.01573653460785294,-0.025880781273916856,0.0031490891288177077,-0.019368742820013087
697,-17.745368424359228,0.33084845865744744,-0.4803708842881039,-0.16940906481221465,-0.08776040191588955,0.1292924896520946,0.1323461258177072,0.19999999999999996,-0.18550826690542707,0.0021327475196190157,-0.012211050189578111,0.0813398531874699,0.023747595039723637,0.011854590452996465,-0.029279942241987586,-0.0008854920615475011,0.0029097606789744014,0.011178185076060753,0.0
698,-7.674393757621292,0.34586574474214926,-0.46109244927836585,0.10063702152412314,0.12389610891574541,0.15126358111603733,-0.020473850965217113,0.19999999999999984,0.05390844929412413,0.12435799665532775,0.10603014131694226,0.11943285021248302,0.032637187641289374,0.019042336526805564,0.0437850446577979,0.029203680548895963,0.03805892775197447,0.03697749791213581,0.03258175283572942
699,-8.979302965432566,0.30221838087006625,-0.5196791254778541,-0.08240036934810505,0.14455391766981532,0.1250853465468575,0.11401635176763035,0.19999999999999996,-0.04695566027581904,-0.13402267518273223,0.11967186301120698,0.0332938161978336,0.03105401951854244,0.03245852590571054,0.04095704684625808,0.006471927366320932,-0.016923989642087238,0.013520248538935492,0.014557839931555565
700,-15.666987928501648,0.3212600835494094,-0.49314323203064364,0.08424251497211671,-0.14390497425112092,0.012977614260382728,0.06575812141180995,0.20000000000000007,-0.08528380853137758,0.14832051623200343,0.13351937403119607,0.1259930763099926,-0.003923748201797747,0.012380842719395574,0.026134387531306705,-0.002723205093336106,0.012283327305270661,0.021952135390347783,0.017388662589385144
701,-5.094129794372012,0.2843650965139729,-0.5461237107609312,-0.08688251420879632,-0.10259527407493317,-0.07508759548551452,-0.14360841499356652,0.19999999999999996,0.021783539445113603,-0.14832432398393508,0.08828351647361453,0.13343482133452628,-0.03157993513001596,-0.03437596543038379,-0.040222988257155395,0.005983406878990562,0.019327047691704624,-0.018369885129469698,-0.003991840523424657
702,-12.636930791958466,0.3175867905502737,-0.4981375695649325,-0.02863087519029926,-0.08119386086171688,-0.11122828799607974,0.1116995209290652,0.19999999999999996,0.1023850343023649,-0.14710772541083866,0.11840272626588283,-0.09935196904375258,-0.015888448831820223,0.016261237130652965,0.03429688061975938,0.017609232373293825,-0.016579505276837558,0.008355127284530217,-0.009337400712163732
703,-3.56758094141664,0.29305315471045806,-0.5330535990871073,-0.19967420974739056,-0.007026055906240955,-0.17329913301768302,0.00830187173273215,0.19999999999999996,0.16110361809419443,0.010291284180211802,-0.051866418750419786,-0.18843740857112734,-0.033679340546642345,0.024953600489399975,0.05701238607756239,0.037366605645371906,0.001838609120389082,-0.037631839567114855,-0.03263747441138025
704,-9.525681323844065,0.3274812734082397,-0.4848135295286724,-0.17437387047770794,-0.07931339659103728,0.128488890287208,0.0409891840572684,0.19999999999999996,-0.07840588111918141,-0.038270745288398494,-0.1469166887022685,-0.11324134347692995,-0.000173288095751325,-0.011073480414972074,-0.032446104309966646,-0.008078241536694494,0.019953773291090982,0.02000758965729551,0.02669553510804481
705,-10.72866381111272,0.2988692019590896,-0.5245188360759953,-0.011939106688214622,-0.027418785140639813,0.15264041605828005,-0.17393826182778274,0.20000000000000007,-0.07743676618838442,0.11604330420500743,-0.1777515641644097,-0.06283179572728122,-0.0026274168787608367,0.006269597944539033,-0.029301376437379928,-0.009595044334624835,0.0,0.0,0.0
706,-3.4304010255724187,0.2987431575914722,-0.5247020330037968,0.06539083158010374,0.12737262140160438,0.08060145086414067,0.12758476321562437,0.19999999999999996,-0.0835853367321992,-0.08281009296787557,-0.1410230310782171,-0.09163187216023508,0.0446304494055578,0.0550268208649773,0.07149181544686845,0.026530953509094613,-0.012628675330904901,-0.037891082561588345,-0.04046433092822145
707,-1.7810321532994458,0.24093380870066264,-0.618102253958033,0.0097992684900873,-0.206085422345543,-0.23126510812261042,-0.05942231292246861,0.19999999999999996,-0.08578765749314086,0.0988947179378159,0.024041501200914594,0.08470401148741935,-0.009511392955035402,-0.06858076154731073,-0.09760634963431641,-0.054782828213577335,0.016231281729041484,-0.005730969511514598,0.017961941173357632
708,-9.894114761084845,0.31971153846153844,-0.495241689659657,-0.12448284422748973,0.03607060887358451,0.12129024024119699,-0.07392437350433362,0.19999999999999973,-0.024471831272029686,-0.11052661792233741,-0.14239054980526633,0.1668429341537619,0.0163441541587311,6.723264555155824e-05,0.029387752541381054,-0.003883997174250904,-0.023283730872712582,-0.01804324964814018,0.023751556869070743
709,-13.924032798509085,0.3137514405070585,-0.5034142715576608,-0.08812319391823434,-0.20259514269740767,-0.14445186551792064,-0.03010399607777756,0.24294958844774195,0.0012735553033853542,-0.08116543151017085,0.1067229731015661,0.1026142534257956,-0.021649381135732504,0.0038870228349897934,0.03520655633336726,0.00022598481271406413,-0.010626864661569972,0.015140675422480912,0.015241601661351405
710,-16.0311373413588,0.3119958225295304,-0.5058512209319392,-0.17334157052663582,0.13903604459910562,-0.042091228674234794,0.05197127798335226,0.19999999999999973,-0.056055612708636626,-0.025912490316142064,-0.15305789409408166,0.1585338810978113,0.0001334777860437314,0.009111506336115845,0.024585665275427073,-0.005861520571299342,-0.010685987304011891,-0.017722099801560264,0.019003174530580494
711,-4.7641751097799805,0.30029170267934313,-0.5224566675691144,0.10855244973203283,-0.14700370250690967,0.14857297184237994,0.03846111603684078,0.19999999999999996,-0.20161285682088717,-0.033792541724215315,0.011787466242174308,0.11021689509455998,0.016261005074291433,0.027096994760504988,0.045423323522764895,-0.009856341167610286,-0.020243318516713835,-0.002354921395912444,0.02166709770258775
712,-9.328995488835947,0.3276163209449726,-0.48463447101484447,0.1228599847322795,0.130482532478952,0.06647104585712559,0.08664418208325855,0.19999999999999996,-0.0952733290219503,0.058984795775949894,-0.11486770393051822,-0.124416426119966,0.022176257966433462,0.0243872492963524,0.03758492537559947,0.0021491857400781694,0.005670951589233678,-0.014662320561148308,-0.02342968616373572
713,-0.0004503768399075625,0.2651163209449726,-0.5765635356461604,0.17894863057684082,-0.1007562472194218,-0.13979330016044894,0.11357092841301795,0.20000000000000018,-0.0901312708060686,0.021504023599581125,0.055328931282536964,0.09996666794208371,-0.03951203957632581,0.01980204189097686,0.06780912264974824,0.017727077967430126,0.013824883139540035,0.031003042584234152,0.04790316011299095
714,-18.971982918551753,0.3102221982137712,-0.5083271290987471,-0.001744966820905871,0.03333690614313786,-0.19189414697663923,-0.14340592781370215,0.19999999999999996,-0.1375849329722108,0.13043755834126042,-0.01955517247388086,-0.14204038845826283,0.0010382992976598583,-0.0038345301282166804,-0.028414735001723035,-0.0041552994185640275,0.024663177861723767,-0.011179581071447411,0.015203412659125476
715,-0.25625603782851414,0.233821305099395,-0.6311159197543659,0.019588797726733248,0.09247805685183404,-0.17017852644355344,-0.03137269694239538,0.19999999999999996,0.1641786707365772,0.09731849652111256,-0.041872618691466905,0.1830121360863273,-0.0037918651222989997,0.0701096037996698,0.08852493156172023,0.06311495357353954,0.04265293444499266,0.07086791702471087,0.0
716,-6.9298166313251635,0.3101771823681936,-0.5083901534471872,-0.14497606110033634,-0.10507722560420607,0.1403779511095438,-0.0539242293171383,0.19999999999999984,0.10193123080068917,0.10759999563620137,0.12699014810190895,0.01912315832997613,0.013236464796371578,0.01040722712538143,0.042214789084248645,0.03448435087418522,0.037906559316590406,0.03175953121901954,0.01413878628863714
717,-4.014776860918662,0.2932152117545376,-0.532813502619975,0.017843901525990417,-0.060976215230819863,0.028905280631794757,0.037267897217943956,0.19999999999999996,0.0993133883862086,-0.1878145369242886,-0.2428996274116922,-0.1249791526712617,0.02838836906107509,-0.043216843351878524,-0.0733113658349297,-0.05297438217825386,0.0,0.0,0.0
718,-19.168030401653606,0.30489232209737827,-0.5158535120489379,0.08853187893424376,0.13044316873746206,0.15524608941870896,-0.029855330325004086,0.19999999999999984,-0.13294389085012914,0.2154596790414923,-0.028540013311129767,-0.01897994938183002,0.01392536610427718,-0.013145750393601883,0.02285030160357583,-0.009152718554105377,-0.004424375333255364,0.0,0.0
719,-14.786953440613217,0.30311869778161915,-0.5183872734874571,0.031297426565026765,-0.16642208004023465,-0.020552204011014135,0.2002002927548445,0.20000000000000018,-0.02212039200687281,0.19673859708733413,-0.14632102775752792,-0.016347979777145003,-0.01887887976408702,0.015754319795232053,0.03735355562011618,0.016632751096205448,0.006054831542060519,0.007373182271254772,-0.02009640012532857
720,-7.580410860690563,0.3120948573898012,-0.5057133874565274,0.06424630677537749,-0.11676281037581146,0.10524472983287299,0.11145627154895009,0.19999999999999996,-0.07588706591639933,-0.1329362550792435,0.07149731857776068,0.12196924189358446,0.011907303889038054,0.03023376221121094,0.04383932414088791,0.004632649363827804,-0.02083358592057194,0.005661154380897851,0.02616226155376026
721,-14.149440752450623,0.3345217516565831,-0.4755756377846633,0.10857597116256,-0.05116154406099445,-0.13856236979770414,-0.14369822898462323,0.19999999999999996,0.08856291035398964,0.11606555312740849,-0.1356357874604587,-0.017737635052261388,-0.02544940562433849,-0.004401347872002563,0.03315525221947354,0.016586186100624626,0.004097361441982817,-0.020816366267597863,-0.0016574883894570473
722,-18.138855815282554,0.3147687986171132,-0.5020083235175243,-0.15395968426887388,-0.005854986176741962,-0.2029287033747617,-0.018432077168255945,0.19999999999999996,0.1655999036879072,0.07473189460212498,-0.020337951517486196,0.15815479920384815,-0.0214481623657329,0.012074906541857312,0.03433581817373428,0.02008745150535715,0.0006233294180901139,-0.0022219355270327616,0.01582585997720721
723,-5.289388902541315,0.3167855084989916,-0.4992346936320125,0.11072711434233724,-0.09412688423049093,0.13202661511872038,0.028685070175749536,0.19999999999999996,-0.1334960559027435,0.10104259640356329,-0.09324448141880677,0.1066511824075885,0.023244107383989472,0.024707900286703364,0.04464926433786667,-7.442706511749104e-05,0.014973878996473013,-0.004569754829345291,0.01868072701598556
724,-18.146848701793235,0.33597126188418325,-0.47369786945209713,-0.10793349586699331,0.18925207123634716,0.10525813753772548,0.008867675340117315,0.19999999999999996,0.0450365995472961,0.19294508466820467,0.09857954647326908,0.05212738933004693,-0.004229993659108463,-0.004971567314035885,0.02888069431482243,0.010348023070097112,0.004132786088168647,0.02160075568615573,0.007422567964002172
725,-0.22101333258565603,0.2490906799193316,-0.6036425219027898,-0.15504336355572057,0.1560787087739009,-0.025339028301623132,-0.17980175999185194,0.19999999999999996,0.007643338400179305,0.0551578716659721,-0.031466314208257365,-0.18946961510249472,0.02470590408561581,-0.013425864126483032,-0.05816874255847725,0.0,0.0,0.0,0.0
726,-14.078459839733108,0.318784212042639,-0.49650319540813526,0.14222820706873932,-0.0020012246030732604,0.13422806523080197,0.06555628308166303,0.19999999999999996,0.13369300921959762,-0.16745482824312666,-0.12107727577719797,-0.0337611067758002,0.01961991483042372,0.016162518599979452,0.031249335993532343,0.008941399993734075,-0.02930144626211345,-0.018293162422388487,-0.0020340794905081326
727,-7.1648056912671585,0.3020833333333333,-0.5198732351406123,-0.06787327926036073,-0.0026557043055471744,-0.14921372667341543,-0.1803810934328853,0.19999999999999996,-0.009717014397209994,0.10437143515565138,-0.17571437000399232,-0.11007337677093765,-0.010719779947802419,-0.024065666406705277,-0.04422113157709701,-0.0028764069890590974,0.017920903626117077,0.012647917410730434,-0.011946143569944976
728,-19.82905016797189,0.3187752088735235,-0.49651546101519395,0.001977652885496845,0.09853436910737781,0.09401366802686975,0.1379253158941581,0.19999999999999996,-0.11007020689341672,-0.10566890496541029,0.09474708276000603,-0.1570627994672645,0.019160534666137468,0.006436649584801354,-0.02698632428115857,-0.007318717352989428,0.0047811069337904835,-0.016159554934898932,0.0
729,-9.077966846124049,0.31330128205128205,-0.5040378279505384,-0.10221164064255621,-0.012670875735968744,-0.020366585843711503,-0.08246290697445133,0.21837637404187882,0.059585801243186326,0.1316548393940016,-0.26250102955011134,-0.11016994657413412,0.021724216352860683,0.0069836386772737565,-0.04559978811185614,-0.021617311681048742,0.0,0.0,0.0
730,-2.5993782496704476,0.3255996110630942,-0.4873161225581831,0.15899609502037818,-0.114134622733512,-0.007225217622323694,-0.12462606660558734,0.19999999999999984,-0.07456998183875564,-0.07619429019953261,0.0978684349923128,-0.14638529098759787,1.1130316036119627e-05,0.006079921497822165,0.034521903312496965,-0.003676666408498624,-0.01315038253750163,-0.02628025383112651,0.026206817623934897
731,-8.33933475149344,0.2983920339959666,-0.5252127751597357,-0.16377591921449833,0.030107558528144993,-0.03756105533823569,0.14355040080715756,0.34775159203383543,0.09769317102284547,0.04831258892561163,0.008245617141005223,-0.12300209698866559,-0.0010225179563787047,0.03908360559571421,0.07000927726417897,0.03574047812723299,0.01867693565827617,0.0030292274476364863,-0.016070748355052573
732,-3.624888060869562,0.30203831748775567,-0.5199379576458965,0.04252352618991136,-0.10286416915554039,0.1812484058838546,-0.037558523892506315,0.19999999999999996,-0.13976828280331816,0.13414033807183848,0.1119079347907438,-0.04998881921228689,0.028942176375208985,0.018129445542765237,0.04392012252708671,0.0011092212153898876,0.02952242475987235,0.04038435221733221,0.012151949269100225
733,-4.84211209581736,0.3019392826274849,-0.5200803811189157,-0.06122679444379681,-0.17379720786169128,-0.10740681216693759,0.0530443247142425,0.19999999999999996,-0.08692463831098866,-0.09621137379900618,-0.10001265916345216,-0.12137618953988481,-0.006343711403514313,-0.0299214554425962,-0.05093426014050048,-0.030858637489315076,0.01583801569804202,0.02882441446201049,-0.018191895976573544
734,-15.319705918464724,0.3148858398156151,-0.5018468688274528,-0.028119596463014707,-0.14533266870222658,-0.06126515437018295,-0.15240606398665874,0.2938983390631529,0.2089708769974067,0.07544602995243685,0.03449430083691733,-6.696962800328832e-05,-0.012601008370765132,0.0018312469906855678,0.050229011813559675,0.025327892047872478,0.004318831439822137,-0.0016141385731142308,-0.0021023879683620267
735,-9.3885582744098,0.30765629501584557,-0.5119341943003936,-0.10091779116159742,0.12288629692034847,-0.1229761218778414,-0.013715221003317768,0.19999999999999996,0.14985843225607232,0.1680767654971103,0.017968936036377354,0.10360043524733503,-0.015304752412726684,0.01824580921468454,0.040849845800180425,0.039245133415588405,0.026052299414878494,0.01732924114501781,0.01675549907372287
736,-7.317616930616211,0.31742473350619416,-0.49835923635005047,-0.07327118464919993,0.13444604867458626,0.1402924484789104,0.05463827572894428,0.19999999999999996,-0.11745933258714739,-0.048950797178760906,-0.14067294019452922,0.09026897250792164,0.035478337780840356,0.02884766364141479,0.04143204313202021,0.0006577201642402048,-0.013727552004556364,-0.02484578585383288,0.004370037085100654
737,-14.216365080493077,0.32246650821089023,-0.491515385073737,-0.16806049415495655,-0.1965104405858368,-0.07456435511834564,0.17211783370734826,0.19999999999999996,-0.06134246003602609,-0.028284804712996377,0.051458291376108,0.047661320308382334,-0.023655962093490836,0.009697693309371744,0.036366341115377405,0.014676246782965948,-0.013500569277844583,-0.000956210086884603,0.009237482594109081
738,-16.99321317630234,0.33059636992221264,-0.4807019194621131,-0.1602973565488209,-0.15366802783283412,-0.09087432700527806,0.1461350006883813,0.19999999999999996,0.052680275586724126,-0.00914466416084913,0.0903315049788735,0.0968688431982389,-0.014211956373239895,0.01342286768313089,0.03348230039079062,0.01680829892547716,-0.00356569201626344,0.0027022132860755064,0.013453311718265902
739,-5.028484532340665,0.30077787381158166,-0.5217541150051687,-0.01642026298568342,0.07872058542877586,0.08366778844761279,0.0739034007570862,0.19999999999999973,0.1503215742637687,0.12491919854983176,0.08436310192662479,-0.1876840876406167,0.030056882950698117,0.04611267829954666,0.06509918986434457,0.06083167717871245,0.05127302690550878,0.011230427988814804,-0.019359442874306933
740,-0.7838456795228446,0.253781331028522,-0.5955403291660873,0.07998382350591339,0.09623641703516644,-0.10232254818857801,-0.15264199523560107,0.19999999999999996,0.15904139256264005,0.13169899446826705,-0.0725237817368497,0.0055510472669843694,-0.006719954500535573,0.06704536020740354,0.08242934899193916,0.04839910159990181,0.01000203052415325,0.009632010236756432,0.0
741,-11.037834036224504,0.3220073465859983,-0.4921342197781967,0.16616801224178987,0.0672090478771422,-0.025744632350227035,0.13381140036608954,0.19999999999999996,0.05317213675536576,-0.055946919049555614,-0.1312982157811388,0.16664963557869125,0.0025376313736657314,0.02292004275312695,0.037572664697798165,0.017404992010181704,-0.006902411030439615,-0.016924526480075218,0.02040865816741417
742,-16.67884264547856,0.2909194036300778,-0.5362273113812024,0.04738333093704244,-0.12826979492848994,0.024419274954490592,-0.10258521970043588,0.19999999999999996,0.14979406743405205,-0.1178373192164737,0.10606740429481455,0.12364358853420093,-0.00046024655004524545,0.0008857469897560801,0.033212271957660355,0.006618027789538513,-0.012569129063178143,0.017681258469824327,0.012263144398610546
743,-10.445588799454391,0.3165154134255258,-0.4996051361911391,0.1837859326353628,0.10533079937172553,0.04141880478505002,0.06338480418969734,0.20000000000000007,0.09358177414339511,-0.11667516591529202,-0.08390428632191638,0.11191843263756074,0.012722729966374831,0.02104548652170751,0.03874653652277927,0.015603601584109584,-0.017237516001067238,-0.007876416545358547,0.018022808222365037
744,-12.249169700212507,0.32236747335061944,-0.4916487846615369,0.1459633320071772,-0.03570276714410085,-0.12737579775881902,-0.08669799054052073,0.19999999999999984,0.1298704901541784,-0.08919957670521464,0.08125963952840325,-0.10393040616158603,-0.022554746062030038,0.00041561263828601404,0.03573765146486074,0.01255134231564229,-0.008020265001865706,0.0041791237157118265,-0.013386875689995473
745,-19.21260666774157,0.3212600835494094,-0.49314323203064364,-0.18934910981176373,0.015697134606218882,-0.0656253689865369,0.13768626728363956,0.19999999999999996,-0.02922330462639982,0.1619024620215708,0.041434128610236,0.15908222405363434,0.003406216267152816,0.007406928216420407,0.028698708395827357,0.011429799350236748,0.000537952959361401,0.012874770657406635,0.008241470492120057
746,-3.7283678619581835,0.30003961394410833,-0.5228214020084673,-0.10870454798308134,0.16104760124124778,0.1618465490176642,-0.1076441703324677,0.19999999999999996,0.0195523435841895,0.12770466049826434,0.03524438687321103,0.07825574046987421,-0.017746054282166596,0.01327147365777988,0.04962023603727295,0.018288607625044435,0.032080069669593717,0.04042886126866325,0.04219318051345618
747,-1.3908537608876124,0.25878709305675596,-0.5870573877947249,-0.09488000784149946,-0.0556377005028339,-0.1766951029266402,-0.12060475278968802,0.19999999999999996,-0.06966634372692108,0.2072595991020475,-0.0702998266231592,0.004956666487210704,-0.035032305051750645,-0.05262416076538712,-0.07723950092523829,-0.03163431693289564,0.01685681888365483,0.01774213661544605,0.039423665948728655
748,-1.1319713958459445,0.2718957072889657,-0.5655976490341673,0.13479473047149204,0.017404008959498788,-0.09875182943237307,-0.10384089816456786,0.19999999999999996,0.20629300958552182,-0.07185263860461903,-0.08972058404710195,-0.07734230073482552,-0.033519411078921243,0.027896851681006394,0.0811802929540065,0.038183957141340916,-0.01351244529048583,-0.031379428144156576,-0.019615764903551103
749,-10.953838429512048,0.32573465859982714,-0.48713602946752305,-0.08579831151063763,0.11293972647809392,-0.09531202199283081,-0.12133319576443824,0.19999999999999996,0.13731651141161588,-0.12952146146360374,0.02229471923854198,0.09548405214023784,-0.021401222054102453,-0.0001259231275456905,0.03602934731851424,0.008605814518305449,-0.01517216878676359,0.010028851872307773,0.013554133915287269
750,-17.228273205413874,0.32935393258426965,-0.48233714658575433,-0.10774728965877398,0.06142592124962366,0.13196580141672104,0.05750680260582341,0.19999999999999996,-0.11412003659561455,0.1538705627259574,-0.12353967466398964,0.049823911083496375,0.019906991976556074,0.012276691412147324,0.02000142771084031,-0.00933972351001599,0.00803900992446272,-0.009936119885107977,3.510186856590236e-05
751,-6.40951660118699,0.3104832901181216,-0.5079617681275679,-0.044296963298087424,0.04380640043281001,0.12209852351229161,-0.11314371959527393,0.19999999999999996,0.12778150849762002,-0.07595400895415005,0.14379982485585954,-0.12911905085390749,0.0136746115310904,0.003790723089122133,0.045895868762272266,0.025691794803902303,0.009501496900753734,0.016460681842971954,-0.01401859668485665
752,-19.14789867086257,0.3205488331892826,-0.4941057996268513,-0.1378110829092541,0.14550213238295465,0.05802138879551753,-0.01813369818537159,0.19999999999999996,0.02544175288656958,-0.10489864416677895,0.1326177887531571,0.17757351192039653,-0.01326179642598309,0.0010377382234725585,0.02527365180254896,0.00858440170675842,0.0,0.0,0.0
753,-14.570099444343175,0.3380059781042927,-0.47107561855445407,0.1582911779624835,-0.16706065885801724,-0.052729075354543235,-0.04893471188856095,0.20000000000000007,0.07286820636221954,-0.14881279855257062,-0.07743402608719537,0.0738693449344095,-0.009254599466407339,0.003286319544766581,0.031151177080788208,0.002293979013985187,-0.024742083652975193,-0.00788787224468762,0.011567586726326734
754,-1.3726360309270333,0.2566533419763757,-0.5906530762602262,0.13398639526150125,-0.048291520765317675,0.016251810188717988,-0.07233000854312828,0.19999999999999984,0.1958168715583532,0.11375379542273832,-0.13544703429009874,0.08412256397014466,0.0001083740946511524,0.06725666111481474,0.09149080171150484,0.06332205890728182,0.0051233159776628585,0.02582495296132607,0.0
755,-3.2875918307334437,0.28688598386632097,-0.5422906691754332,0.16387787721915156,-0.08195893735911824,0.041147376917501956,-0.12507749677128316,0.19999999999999996,-0.07378788746394199,-0.08696692466935495,-0.12115669509561382,-0.1060268045040344,-0.018643185936243353,-0.037723269623871285,-0.04844544271866343,-0.033313538869939735,0.0,0.0,0.0
756,-12.686761711626678,0.3255185825410544,-0.48742421427033605,0.09113200701606992,-0.12908016022629737,-0.11448739266968051,-0.08361134476458545,0.19999999999999996,0.07269181016124633,-0.10962753665646448,0.010694988960313739,0.18867475954534216,-0.020633430971757433,-0.0033359373066556997,0.031992838623926496,0.0065891659879281595,-0.015616972438885272,0.007898942707757784,0.02721119676974452
757,-6.238729018294171,0.2970145491212907,-0.5272222764459741,-0.1490700031808009,-0.10653411506835474,0.055266026350129935,0.14245267534849207,0.19999999999999996,0.04064077618421747,0.06873341128373195,-0.0830008202044666,0.15430217237980637,0.0016687549631791941,0.03334572670558613,0.050514130360776205,0.030084594417129643,0.021514087268608862,0.00030490533739881224,0.02891737650073452
758,-12.46987842212315,0.29885119562085855,-0.5245450023348918,-0.08410039015406366,-0.04393364199325554,0.1560992823171417,-0.15923189085634393,0.19999999999999996,-0.0026417154506661713,0.19242603831753555,-0.1592589632984793,0.0023080776125142368,0.015541523513814179,-0.012998682942329339,0.0268430176548883,0.00907952330739088,0.020426156273517092,-0.022452846531621252,-0.0003455275014267468
759,-8.357915889936926,0.3068730193027946,-0.5130412936568429,-0.19861129050463058,-0.20407672852760814,-0.030809359698240567,0.04859697562670289,0.19999999999999996,-0.130566748425873,-0.024686997094396243,-0.1123164649815041,-0.05033543514104451,-0.0015338497947382924,-0.02727588903396911,-0.05028608580267231,-0.031982031999627875,-0.0020533867505331048,0.026256886791548688,0.003819953864871392
760,-9.34403636987126,0.317523768366465,-0.49822375987108053,-0.16045582052141885,-0.1042020837551615,-0.0782330414620693,-0.09511021548761057,0.19999999999999996,-0.1115073159220377,0.0350613064295663,-0.1627666209672118,0.052663595454923974,-0.00035758897706977024,-0.013591684406509185,-0.03238048438863137,-0.02473418996350744,-0.022024372441391684,-0.0007411142017825559,0.015908494373465133
761,-4.226561564408149,0.26338771247479115,-0.5794044895445808,0.04346041999178028,-0.07971679335751483,0.06164380486774596,-0.12862832612838562,0.20000000000000007,-0.0891257730327772,-0.2167435629342494,-0.1095303507105301,-0.07115096897701655,0.026502280723613766,-0.030771783669067812,-0.06025655895482008,-0.04925388667315439,-0.03195115263013227,0.0,0.0
762,-8.830352141900377,0.31185177182368196,-0.5060517841090433,0.13686061779454842,-0.07957954256694401,0.15901070145820628,-0.09293499023714552,0.19999999999999996,0.019437332816195165,-0.11455526698470624,0.04680938123624499,-0.15081216690600946,0.021834293515608585,-0.0006835920770206502,0.034351958198748075,0.005456383124557481,-0.012949321085669006,-0.0014313614221457421,-0.023047016643119072
763,-1.950001354536134,0.25734658599827137,-0.5894815887969345,-0.07952126045665371,-0.03656848224054075,0.12427217949295388,0.002992805884655556,0.19999999999999996,0.13110614648589422,-0.12031538251673897,0.1790315404993654,0.1261922024231975,0.025550069293521504,0.03841350501763565,0.07384157075952319,0.041166033507954,0.020868671009666277,0.06540234513730395,0.05511831614659004
764,-11.958746226079427,0.3293269230769231,-0.482372763470336,0.10956589462330923,-0.06456707773724227,-0.13049837468212766,-0.012249544943775422,0.19999999999999984,-0.1408062085168541,-0.1216694012190981,0.10095877485523111,-0.11968472342236229,0.014384018267268298,0.014052915406107886,-0.027327754754622718,-0.007690625955156563,0.0035870248156520124,-0.014359028584445196,0.0
765,-16.144200096776512,0.3239160184384903,-0.48956757453558153,-0.030125337527345062,0.009313524298180565,0.157268253206151,0.12385297043942675,0.19999999999999996,-0.09589838860643475,-0.12007874783875865,0.16495845146814195,-0.09850432661556127,-0.002744002616561733,0.010599643350108592,0.02509003681084868,0.021777163433149397,0.012325173796655898,-0.024099010724715625,-0.005619047643971937
766,-11.493915673269502,0.32492437337942953,-0.4882177099318108,0.06562219173214354,0.10107282803532051,-0.1456074064217719,-0.13959495273103306,0.19999999999999996,-0.013225020895303839,0.1439333080957908,-0.17691067328152665,0.014033618807109804,0.015982144556539523,0.0010421625210360308,-0.02896199671081488,-0.0019004948685779127,0.025079894279777335,0.009897269226580657,0.0035626266851019406
767,-2.292055691342039,0.295862143474503,-0.5289106006788892,-0.07403167453297062,0.14693294523693415,0.1087498402812614,-0.07479608432521154,0.19999999999999996,-0.07964693550993848,-0.10115193427346293,-0.009297142451616074,-0.2053934433886048,-0.02420215640313913,-0.028811109414620742,-0.05870244741148694,0.0,0.0,0.0,0.0
768,-10.395023502803438,0.3152009507346586,-0.5014124812262853,-0.18335023697377115,0.038767970215104655,0.10790058338198923,0.18408617144165232,0.20000000000000007,-0.10235892471244903,0.06016321431362472,-0.010818152393183737,0.11255474656822513,0.015092608657426145,0.03182283568033056,0.04143734271622787,0.013727416946415796,-0.004021205819350447,0.00714481844586293,0.012204067873534834
769,-12.93949518667091,0.31895527225583403,-0.49627021466827353,0.12664268456427566,0.06923479890897606,0.012261224595650207,-0.10750706815124508,0.20000000000000018,-0.1384722155793345,-0.12045488639664052,-0.12599514464649855,0.09943197715737932,0.0021106689006771488,0.013552009474544227,-0.02616214216810578,-0.022544103532121516,-0.005235524403849381,0.014221505666204703,0.0
770,-12.44135697565808,0.29766277729760876,-0.526275470442164,-0.119957781750038,0.22046042123398407,-0.0954185204223631,0.07754062335064286,0.19999999999999996,0.02652124225062843,-0.15620993463653238,-0.008009427168452161,0.09588204918735899,-0.0037322666402856784,0.010967063959872406,0.030826789922485148,0.007834289616550352,-0.02208021056616378,-0.005002023708488142,0.014534181131167983
771,-9.814285988243864,0.3472882454624028,-0.4593099158461832,0.14155955277813342,0.10237640667001681,0.0617424969494128,0.016226314161517232,0.19999999999999996,-0.1926270991246414,-0.07815305860819098,-0.10908422885446713,-0.09823084285362034,0.017237489808468644,0.011799790149208877,0.02983312713607841,-0.01778504977145296,-0.02208237058439261,-0.022904051329130964,-0.020592951819029683
772,-7.425764167729138,0.29382742725439354,-0.5319076675339135,0.10939075484109635,-0.08995904503121757,-0.13100770631096,0.1142899931891303,0.19999999999999996,0.13274273735872102,-0.008455671391652004,0.10166116540619222,0.11249292647103053,-0.01757490218442361,0.02813266240238814,0.047698894427127894,0.032546572736050036,0.014964075550374368,0.03091902165002114,0.02815560531791844
773,-18.771296847019958,0.3335764188994526,-0.47680465798579325,0.05146939388166934,0.09491768025709653,0.1403539546324491,0.17488780814879043,0.19999999999999996,-0.05777840205400043,-0.1322386164233291,-0.04918581564982876,0.09916832895283646,0.021904259587001366,-0.0010836949335487455,-0.025319631623137752,-0.014850126338654528,0.009289605553313821,0.010300906727658628,0.0
774,-10.591224350455656,0.32134111207144916,-0.49303370767735893,0.19072942930862585,-0.10588478297474253,0.047403883839574674,-0.033801887930373746,0.19999999999999996,-0.0014734795249467464,0.18416028334309342,0.10689142953034206,0.12965482354830107,0.030509338882057525,0.013456150762043982,0.03558703558991629,0.02670738232076797,0.02273953614829332,0.0,0.0
775,-1.7353289916244705,0.28146607605877266,-0.5505739413749666,0.04995198673198326,-0.14170045595021696,-0.1475319636514929,0.11593583913700609,0.19999999999999996,-0.12872419378366698,-0.021359114018164094,-0.045736288445658586,-0.1490601582818112,0.008165228112177045,-0.020626304824464127,-0.05598346493716391,-0.01673555226831539,0.04651046137002589,0.01845833494072236,-0.016640636662643416
776,-1.6381391044648517,0.24450806683952753,-0.6117068080082524,0.11546460378776915,0.051671496940462955,0.0939865850175398,0.11724979133277319,0.19999999999999984,-0.1382163482301817,-0.16630003773741026,0.06737817953210191,0.04973295742176118,0.04613199380105295,0.06183154985985763,0.08186317837230558,0.021726564794351366,-0.037378350109978045,-0.011775887337818718,0.016314284971206846
777,-10.838031486543311,0.3241501008354941,-0.48925383896222857,0.012337730052635793,0.1486498239828461,0.15909480161846384,-0.10074575949885908,0.19999999999999996,-0.12864097816112746,0.11388692401512987,0.11058996072003673,0.02605402195090112,0.0018500779753064197,0.016919334667756587,0.032357342257560616,0.009215624146170555,0.008861164714734446,0.0106959243266207,-0.0006932504786733464
778,-11.321472237876328,0.30717012388360704,-0.5126210271283557,-0.060359198083474626,-0.0291171446579773,-0.03233409753455826,-0.2822726770368985,0.23447988299277067,-0.11688694241761732,-0.11043230781626688,-0.024600773966673806,-0.10951697549376263,-0.00759881249351549,-0.011738458129563905,-0.03802814690527733,0.01908151314094205,-0.009694864720846286,-0.021997322883520343,-0.012372672911355177
779,-18.291067467434495,0.32917386920195907,-0.4825746476755097,-0.03863078114123461,0.13355774227177442,0.14277223197851044,0.07050860632504252,0.19999999999999984,-0.14267661123784722,0.09602236207782622,0.1368977066232233,0.03893395834454141,-0.0024474465319266766,0.00633818007231772,0.023002164395286278,0.014256424677694685,0.013530784947429481,0.0020630564463372985,-0.013580395122355518
780,-10.852242288718303,0.3098350619418035,-0.5088694376218824,0.06067366421002175,-0.144877551043151,-0.09911983687291057,-0.1837942807465616,0.19999999999999996,0.1105200090273006,0.014160403714477717,0.15542287951302394,0.03143137487255281,-0.027954412416704346,-0.008579596377400677,0.0341124643176866,0.01560476930997579,0.014004282771937467,0.022010208375378128,0.005328555845205445
781,-2.3747706321804145,0.313589383462979,-0.5036386487347029,-0.10012077645440169,0.002307556212727568,-0.012107261111066085,-0.18381347540296616,0.19999999999999996,-0.20408413776021408,-0.0005382716654066949,0.12988212086753378,-0.16714640052568394,-0.01597899949848044,-0.016964660979995543,-0.04348541527957133,0.009078573119328207,-0.034227186997025684,-0.02178568137911345,0.012312548658369121
782,-9.22763837767837,0.3026685393258427,-0.519032719140106,-0.12833409838111862,0.03137577001091774,0.21182693374780484,-0.14693041523212713,0.19999999999999996,0.1167529054894794,0.030815250158280873,0.03865992890695629,-0.09530469807331515,0.019014471573388297,-0.0015940829150581765,0.03768184074914797,0.02340829490701348,0.011650406513362658,-0.00013481705393768382,-0.01022688520295647
783,-15.147656496535403,0.31845109478536443,-0.49695725373883065,-0.10793688575978826,-0.1511344268719783,0.08357956846986586,0.17967386429176363,0.19999999999999996,0.007093091140861853,-0.011992822559396703,0.20992116363939084,-0.04866817726695454,-0.006694219466890384,0.02619254716119657,0.033295473674767845,0.01664502126001829,-0.006154344192306717,0.011220756953329416,0.0170571401834008
784,-3.9475353694259354,0.2922428694900605,-0.5342560765011048,-0.19218569312060413,-0.027917129527616154,-0.03645209358714527,-0.09051194567263453,0.19999999999999996,-0.19748482819017937,-0.12299248665336956,0.03730490088484914,-0.09515092236360193,0.004587274411983605,-0.004684517405978474,-0.05006078978753961,-0.030130579567333497,-0.022293569181533895,-0.023310456399472636,0.0
785,-9.910596590667955,0.3204858110054739,-0.49419119341017226,-0.1146091974564579,-0.10870602977281667,0.16581299627157864,-0.12000333392088804,0.19999999999999996,0.07401778538872596,0.07437785709042306,0.0710786421661683,0.07139415793294147,0.015684956535994703,-0.004328129224462069,0.033210994912185765,0.018444345252057646,0.018352951194435942,0.01688403507865411,0.01443725949932583
786,-2.0958983516618304,0.3068550129645635,-0.5130667774311668,0.11943517025030179,-0.12468048522985553,-0.02878669442649029,-0.08065300523747673,0.19999999999999996,-0.15521772615198862,0.13616006245763948,-0.13447112347719048,-0.020595732769057098,-0.02211454147502819,-0.01868189946627169,0.02948510613197506,-0.01248272138694218,0.015860260723286758,-0.023941419957436545,-0.018176833142799036
787,-18.851475614941272,0.33314426678190723,-0.47736765628570227,-0.07518413224289311,-0.15603054053230747,0.1424084681973,0.054811344866939116,0.19999999999999996,-0.11414784983416913,-0.1905840838746455,0.008654489244616292,0.05817909120712948,0.01878702027252317,-0.0010222874222931015,-0.03160034403995537,-0.010977594175619687,0.011875155103493287,0.007295649284891706,0.0
788,-3.1067892394114125,0.24077175165658313,-0.6183944676605293,-0.13443481612495764,-0.1798572287574392,-0.11774826514092328,-0.004531260298068653,0.20000000000000007,-0.07961770691470182,-0.09545285817098782,0.17209643420014376,-0.016261430392777842,-0.014403205447846353,-0.05188847627147794,-0.06908416687665835,-0.05244076047243163,-0.0040501199817303,0.02652571184282545,-0.019018746995283088
789,-15.44294669200871,0.3070620858542207,-0.5127738042694375,-0.2067489050637996,-0.09653688656339766,0.1035150717317197,-0.1086617316560683,0.19999999999999996,0.027682060087789177,0.11460551251773464,-0.04203869239994558,0.10021113997954542,-7.88572677450361e-05,-0.008582481095700291,-0.030232086563816585,-0.005644429444749448,0.012433150179253189,-0.004427722763590829,0.026934560954640075
790,-11.044597749690928,0.2511704119850187,-0.6000315220545489,0.015025248100338716,0.02124936453156685,0.005592531980056736,0.1358811907480383,0.5185541150453614,0.08111608005141226,-0.09773782802972886,-0.05002962632615858,-0.07481401518733836,0.005818315854700675,0.03701835815792026,0.0862295620140278,0.025373334728963592,-0.012261615220231182,-0.010990603867730389,-0.009848967116054852
791,-6.44917688372918,0.309366897147796,-0.5095261584943451,-0.06379909153014172,-0.0244236614966562,0.137139808904944,0.09645786222717562,0.19999999999999996,0.23315855537986666,-0.01661749634243238,0.12599827684318646,-0.102405247275597,0.03340134638307199,0.05111297937246357,0.06710480445425905,0.03780322461450519,0.030902940633993747,0.006808679566698934,-0.0017854257941833944
792,-14.102719387801208,0.31791990780754825,-0.49768227617373817,0.015093841876408514,-0.06609979991739533,0.07956358470866412,-0.07418394686336527,0.20000000000000007,0.09013593560621536,-0.1905783327367344,-0.11411985330045298,-0.170224704990764,0.03010954894575537,-0.0020343645767027995,-0.03248726818082253,-0.023376176767363328,-0.01770478078915925,0.0,0.0
793,-8.594479446022598,0.3099611063094209,-0.5086927976976947,-0.14721310712653732,-0.14838928537710122,0.23576466486399855,0.013560958960551867,0.19999999999999996,-0.13130710856593922,-0.020293272887673207,0.09675802407301978,0.006713578145178906,-0.0005796717253990788,-0.016310388403020463,-0.035057824700818134,0.0018970862455656185,0.03017386279130039,0.02476211694992281,0.013445110692046711
794,-10.976174357435246,0.3099160904638433,-0.5087558751377707,0.04157575624919103,-0.08188049183186127,-0.12460113248089945,0.08766273620195952,0.19999999999999984,-0.01618015853983526,0.15170366418363085,0.21468570437573,0.0817103561368928,0.010083125426886733,0.025967373328524394,0.040477445262498725,0.023355944887493298,0.00520140716166941,0.0,0.0
795,-15.57596085468971,0.31047428694900603,-0.5079743616663577,0.07241438097721845,-0.16077102806038157,0.10591945774161227,0.043785885714415745,0.19999999999999996,-0.12730522971938893,0.1736364149200024,0.09861116040965465,0.017556442457326005,0.014950860061383924,-0.00996939526279141,0.025885563305844267,0.009455224728280335,-0.000899007386318719,0.0,0.0
796,-6.994708906715566,0.30532447421492365,-0.5152383821065847,0.17484122003775443,-0.05141710600117839,0.16601325637683567,-0.010430653732047601,0.19999999999999996,-0.233799954092293,0.04463187048159857,0.01949979388244416,0.09936614539584816,0.02909275100557171,0.019128641218514264,0.035138858126543736,-0.01809066091505404,-0.005307161297335636,0.008089305799964579,0.021277013872691274
797,-12.808728325873801,0.3202517286084702,-0.49450851740499696,-0.15009715251058417,-0.08976720312828669,0.0574247110827737,-0.17021961488333712,0.20000000000000007,0.03047360664392609,-0.14949236806291866,-0.010968885891017558,-0.14155645779715595,0.001179084034706191,-0.01458511427018828,0.028128568329840592,-0.0012937312036769286,-0.02249148693923817,-0.009783268373622976,-0.019135698820463024
798,-9.850532618664904,0.30179523192163643,-0.520287625947044,-0.07392882816677965,0.084266761461899,-0.10313839754533927,0.2054802644597866,0.19999999999999984,-0.021377449546899432,-0.06752241506757196,0.11079072558435277,-0.13349515816737145,-0.00013172382560578332,0.009744683902646729,0.04470816900415053,0.023564687205885077,-0.0062592103452401215,0.003543131868672693,0.0015167279507643926
799,-1.913851070905956,0.2511704119850187,-0.6000315220545489,-0.15784305143059338,0.1622548146174841,0.01611136970352959,-0.005191047412329917,0.19999999999999996,0.1529256585718651,-0.20105049928319385,-0.017254124679223826,-0.08736943430178024,0.012828970685933812,0.0398550069235597,0.07458043909499035,0.023195881025324827,-0.02702821421961852,-0.024879578758992216,-0.022772227603818942
800,-0.40347301910583155,0.25137748487467587,-0.5996736233587974,0.03290515516206978,0.11359903128824649,0.05895419890458026,0.09878822984963041,0.19999999999999996,-0.23562495938986666,-0.09640125974923659,-0.13629631937028944,-0.027430846286080494,0.048563826786722296,0.059100308973122836,0.08280035389963555,0.0024132379914382444,-0.052254573073959865,-0.0661795143969925,-0.05020199308073216
801,-8.15431181426578,0.3042080812445981,-0.5168292531583691,0.14865076535165211,0.023700065678698264,0.1717045274629296,-0.1644344608964541,0.19999999999999996,0.12514961656467244,-0.02696381599246334,-0.037642330412910055,-0.10175441764022017,0.016527212566973155,-0.002442906973765108,0.04232089623661123,0.0236025195988936,-0.00020166919623260332,-0.011967156695400022,-0.013683812618976027
802,-0.28053779280620716,0.2368463699222126,-0.6255332671945567,-0.1840936994553061,0.08366008528326725,-0.05079803067658362,0.19137712636912887,0.19999999999999996,0.06623330174422971,-0.018137366201455257,0.13104672214445676,0.07465366812557242,-0.0047005644443033285,0.0609653595145037,0.09596111741871244,0.07208590269275286,0.04031391941753499,0.061745855318377785,0.05901979079944105
803,-18.535638905500925,0.31356237395563236,-0.5036760562038459,0.10715380650058286,0.024361657946458268,-0.06787616268184907,-0.20828887964926407,0.19999999999999996,-0.06399961253945802,0.02236268299259668,-0.1334545899807772,-0.1725026077090139,-0.018727537380675372,-0.015913275107894746,0.02669064893300431,-0.007160037320513678,-0.0030316833140793223,-0.02311480348129721,-0.01635422831104224
804,-6.749308813135277,0.3073591904350331,-0.5123537963854948,0.0327312405279593,0.0805013088884834,0.12055797231688682,0.03613100213318202,0.19999999999999996,0.15053084816645995,0.09312299670080246,-0.1349118763963078,0.1515127548699183,0.029501684963941958,0.03216468036072183,0.05524426524130876,0.047294147715994016,0.0184728656411633,0.001436213532797514,0.02973976034127453
805,-5.312217455778068,0.3108974358974359,-0.5073828597521979,0.03337864579196912,0.04892669327137917,-0.11891913840678908,-0.09010834621126948,0.19999999999999996,-0.12547818307441047,-0.14126798182788827,0.09880318201849338,-0.14311782939780104,0.015577978183224605,-0.00047086846625507463,-0.034499797454805435,-0.008970792752040404,-0.01818522741902679,-0.019910439306315763,0.0
806,-12.330933684231391,0.33724070872947276,-0.472060006676385,-0.04961271361446627,0.13884751407737883,0.03903838230344863,0.13229678232435182,0.19999999999999996,0.2007157158568232,0.17631919281614836,0.019889578792648934,0.04328012021473401,0.016812325038991917,0.03257671611680222,0.03904260266249307,0.03612084985762161,0.018216489113541266,0.005691153323505014,0.005386800305993321
807,-8.49836722020801,0.3149488619994238,-0.5017599565418067,0.0010286893595548466,0.05128171328385718,0.17099207828711652,-0.10513558245452717,0.19999999999999996,0.11413549474437495,0.14409384598921005,0.13115751372434772,-0.08217508215701168,0.019517001675237632,0.005686138368010803,0.041206319148546645,0.035987789575208595,0.03977041087231276,0.020178429196295238,-0.0041947985380887095
808,-16.894373168554903,0.3362773696341112,-0.47330235829858425,-0.10553631206789145,-0.11721867827092168,-0.0575204310015959,0.13817607546356334,0.19999999999999996,0.1027620889304608,0.12885817208399872,0.0667552840675808,0.0831729581139873,-0.010219761510039756,0.01333574969043334,0.031532273885171054,0.02152551008038525,0.012190922495087787,0.009350336325200048,0.0064526027758178475
809,-16.083744612521798,0.3190723134543359,-0.4961108787763049,-0.14870217265739877,-0.057680151608124584,0.22107348004252494,-0.06175639228885981,0.19999999999999996,0.04463884936726831,0.04004710377325856,-0.13385027562160612,-0.092251574640959,-0.020793080191643002,-0.0005643245660595281,0.029238606697257523,-0.0011324940705352423,0.024491059441645882,0.005409962679762718,-0.0015577030635006753
810,-12.39815699003925,0.32187229904926534,-0.49231639792672294,0.01386655781391242,0.053429246182220703,-0.1359088790922975,-0.04000597076444143,0.19999999999999996,-0.08143859066531742,0.10751727544790272,-0.19916500998831624,0.1686684700455916,-0.01997564627821239,-0.0025538122767980996,0.02630341480036901,-0.00440598432697771,0.007365663745976998,-0.022200414289977308,0.02097851775762587
811,-14.755741402538547,0.33079443964275423,-0.48044179915807833,-0.08172364291482803,0.1669020832738919,-0.02076735383118255,-0.0700149075378774,0.19999999999999996,0.16824229620082787,-0.053394298839623586,0.09381648449971715,0.14513893290205152,-0.007924751639606894,0.0021107753687515367,0.03395394299345898,0.015449028426748349,-0.005447629569790297,0.018029675848423375,0.016532396785340166
812,-4.697387350210144,0.27065326995102273,-0.567586721526526,0.12133626262843833,0.17053937544723088,0.03366876044748908,-0.08477506624308032,0.19999999999999996,0.23147606526576178,-0.007070073038975311,-0.010791013790389438,-0.14034338313863493,0.00393752253973232,0.04185009839910304,0.07342855755929201,0.04101471562574746,0.011989960795446569,-0.01856389748341069,-0.011128396997960793
813,-8.866985388377415,0.3233038029386344,-0.49038918686524485,-0.09568612559185402,0.11662965091290099,-0.12137052493080132,0.054098378900970155,0.19999999999999996,-0.13062266751596538,0.07666364036133008,0.09384659703589406,-0.11108241475028403,-0.01172995116397725,0.005537676749708076,0.03140545608695659,-0.005269061747976035,0.007942904636572108,0.017347094774308777,-0.009609576853245693
814,-15.207780943976543,0.3287777297608758,-0.48309760770596244,-0.12879832663130675,-0.0056131986427931,-0.09952027459018013,0.17068886963062432,0.19999999999999996,0.12873696639958787,0.03488932013242474,0.15396935454642924,-0.07778368942665395,-0.006279451528007,0.009735095435027197,0.03479137134762459,0.025334384203642996,0.00868093476437136,0.01093221709555854,0.002948821572493024
815,-2.021088808547887,0.3148588303082685,-0.5018841222749633,-0.05177158529755769,-0.12120728405301558,-0.10899791007913245,0.1259807813701727,0.19999999999999996,0.10321388254504331,-0.04553719121812506,-0.16352145513493488,-0.07976991030201835,-0.024927926342390702,0.04154138620945023,0.06819325523143027,0.04000959538111976,-0.014920283731903738,-0.04727557733248285,-0.0334388078687161
816,-6.599058930280497,0.28775929127052724,-0.5409706448228446,0.22522759041853718,-0.21738344095985407,0.1329258041754126,0.03182681751885613,0.19999999999999984,-0.10116086726944626,-0.04572209494634075,-0.030619085157506852,-0.015134299554046238,0.01571672162227529,0.020421506321517,0.04088274028127344,-0.0026007040264436876,-0.009857047835188952,-0.008638268745971893,-0.004533087181553594
817,-8.61540185077918,0.32171924517430134,-0.49252295892082065,-0.08665504052603926,0.01774295575913944,0.16830346167396185,0.11790218898407615,0.20000000000000007,-0.1516064694800544,-0.05382924641387377,-0.13662795664826816,-0.0673326805145869,0.026490670098689672,0.035278522994378024,0.040933919647229804,-0.001428531697529088,-0.018299035762395274,-0.025130610672992958,-0.0217496145074344
818,-6.085964315787409,0.31364340247767214,-0.503563843461181,-0.17857749591915628,-0.1308196648079452,0.021559118229662177,0.0585101303760762,0.19999999999999996,-0.1067106504937617,-0.1427373917797764,-0.10475086922400535,0.056334679169616694,-0.0007998887019216613,-0.021418280404645537,-0.046057070497947904,-0.02795479362294222,0.0013943625374241442,0.028322184601393754,0.02024219258147283
819,-2.767010412897946,0.25380834053586865,-0.5954941104163067,-0.02918671023716165,0.070121025369168,0.12909470281789118,-0.14692179075029405,0.19999999999999996,0.08381969799697139,0.11838848878786329,-0.07883019111829609,-0.14363739292235442,0.017044870210753234,0.006625341012841743,0.05353281621421308,0.051828561479697874,0.03341586759050719,-0.018989951828551236,-0.02913293554032936
820,-6.860689202735566,0.29001908671852494,-0.5375734193984197,0.02508441527511316,-0.06581390873202492,-0.15323996817804997,0.03062018787590948,0.20000000000000007,0.14406312439527327,0.2378153695771024,0.008309140445477491,-0.13505388552104933,0.03614579928610042,0.0478694004098139,0.06003635478253383,0.02718895611254921,-0.012437910598580978,-0.006531898235988611,0.0
821,-4.366388274518071,0.3097090175741861,-0.5090461494197879,0.10066561941355913,0.16476781963401263,0.1561047276227316,-0.09367264060709742,0.19999999999999996,0.013644398771651066,0.12590166035027517,0.026324418471719672,0.11891871512895343,0.016850756621818362,0.045143942541459654,0.0597373605422487,0.029432821465941585,0.030286266163179042,0.044081019725178056,0.038356417145706895
822,-7.239188001705429,0.3216652261596082,-0.49259588626395523,-0.03593361103751818,0.060487312674090445,-0.007850875679567208,-0.1744138910710589,0.19999999999999996,0.15546229425487815,-0.08238570999190467,-0.13706096617553643,0.146405339115446,-0.01847165275901007,-0.0037221203658440384,0.042514821080258586,0.018412373650643837,-0.02103899931095702,-0.004583192393591094,0.020032438269550586
823,-6.896711363491477,0.2900010803802939,-0.5376003841619887,0.013595640495554761,-0.07183898070145396,-0.10871246684175132,0.13796060867568422,0.20000000000000007,0.11532081073862636,-0.10609899924489714,0.13370913743073035,0.11276335587130186,-0.014062080115295165,0.032859622781357026,0.048849970432592996,0.025373514502167783,-0.0005158850919027807,0.03337176876008535,0.029181158122134353
824,-10.754975023954891,0.3166144482857966,-0.49946927056140494,0.16106798720259027,0.01738936967545457,-0.03541753815021933,0.2383010784204754,0.19999999999999984,-0.004780486314131033,-0.027404048965817666,0.05760197969086077,-0.2580375115804511,0.0009062323203437335,0.015279240499866275,0.04803978616220234,0.02850477520553915,-0.0006266964578558516,0.0022027496105894284,-0.010488829307561294
825,-0.9226841125341068,0.2662327139152982,-0.5747385807171932,-0.08508899465792398,0.0840304609349956,0.07569146212175284,-0.18923020120352557,0.20000000000000018,-0.03882185223077443,0.061280128654854625,-0.06685620984494818,-0.19900069035122464,0.016630374884207492,-0.026473804004906485,-0.0632888907069259,0.0,0.0,0.0,0.0
826,-7.694278885968281,0.3054955344281187,-0.5149951336616917,0.01445178438402572,-0.10987930486267128,0.1287894546930151,0.07552874399360691,0.20000000000000007,-0.12679677862171354,0.183710441085259,0.14503509887502394,0.01580839348468446,0.019644411600263815,0.008918695201915943,0.044284999025784186,0.029655840454943388,0.010753926648099058,0.0,0.0
827,-16.646283332238152,0.3242491356957649,-0.4891211728786094,0.11481241451184697,-0.1169025194283772,0.0026589164834750685,-0.1142137630540514,0.19999999999999996,-0.012617614186435243,0.021648534079862333,-0.23002136693737263,-0.18712487131857922,-0.003710129035958837,-0.012091802542328372,-0.03762972951784456,-0.015351588274116519,0.0,0.0,0.0
828,-14.629642214405088,0.30245246326707,-0.5193428741126905,-0.06075277439663989,-0.13889152690419446,0.12641556104526858,-0.1005759729115009,0.19999999999999984,0.08523347900527785,-0.06461486712300699,0.16353315483075548,0.059982663783356,0.014106928374284162,-0.004059521565681007,0.029728774835846274,0.007241062954767075,-0.0037090530189877857,0.022054324137416932,0.007333848696344463
829,-4.571961601182235,0.2971315903197926,-0.5270511725913903,0.04523225222565105,0.001449341073384832,0.20852199963783594,0.1992009799975499,0.19999999999999996,-0.029853915981398593,0.047855155342096584,-0.07006959852569782,0.19781675721638536,0.0362403574695456,0.07088312767722782,0.07920057400345011,0.050670453715273844,0.02354323365025739,0.011536617060740622,0.028837216360827443
830,-14.348491120749877,0.3073501872659176,-0.5123665179310206,-0.06430640019797804,-0.10548838257319128,-0.12801208492308347,-0.16647651412577583,0.26728900990219373,0.014767616036807584,-0.012912828123864739,0.0729119145187028,0.16783524959840254,-0.022588642221526914,-0.008848266679090647,0.03846015901198211,0.0016898685090408394,-0.0009159198963892019,0.014789112060547387,0.021831002753342748
831,-13.26039099943286,0.33304523192163643,-0.47749677958690173,0.14241323184345178,-0.03043488434425422,-0.13274015113876897,0.11904793755872876,0.19999999999999996,-0.028749782539745906,-0.14106130254055144,0.15064209169634218,-0.05491061833815676,-0.018055664281099802,0.010604158835949005,0.032204073170016195,0.004392649597911749,-0.019666752600416622,0.010898216488174574,0.002187987628716051
832,-13.186644890308042,0.3214851627772976,-0.49283906588949444,-0.11073714459715495,-0.062082897556484364,0.189510838922873,-0.006125719718846442,0.20000000000000018,-0.09056368986246546,-0.03598176832862323,0.1352156910616393,-0.16978224995191316,-0.017928454201112377,-0.000646530119166302,0.026652938272567938,0.008438074565864206,0.022565660204998932,-0.014500988870713742,-0.0002905120125518315
833,-6.714711307439183,0.28723710746182657,-0.5417594553597562,0.016498633252914608,-0.0741970556047572,0.22798556971459605,-0.028500924547259908,0.3075445585770805,-0.046039437259952964,0.03108706477686216,-0.2660662743440876,0.002080481922489019,0.03871932267325726,0.022171237153493537,0.06079738668204984,0.013487682313613709,0.00035788517245528064,-0.045417075657707244,-0.010954092216505083
834,-19.074326736002593,0.32505942091616247,-0.4880372426606068,-0.03278608741971488,0.13829368434939235,0.13895342234400748,-0.07291555693972138,0.19999999999999996,0.16800395324313358,0.014227144391538141,0.2312178729717737,-0.0036022783407185896,0.006610727728958306,-0.003192952282842075,0.028040935428485878,0.011951813099079715,0.005041033879198224,0.017972950568975847,-0.009104064052648173
835,-0.16333742239016757,0.240105517142034,-0.6195978606143069,0.06448103388338756,-0.019605460652646883,-0.10921964706098437,-0.15665341927227486,0.19999999999999996,0.07129165826635028,-0.14039638826663223,0.12949225873698425,0.10886013386073964,0.007696667682240152,-0.030655013601464703,-0.061289241065592,0.0052838072257630556,0.04139476811357452,-0.005714274140505493,0.014268750781220146
836,-19.187825585017986,0.32322277441659464,-0.49049804624215354,-0.1539026519439924,0.15126665249510823,-0.11822960579032478,-0.11076548950618474,0.20000000000000018,0.03929981171732114,0.018057942341976885,0.1225315176475143,0.08594632855757738,-0.018718606146553293,-0.0030327434919130386,0.028395326692576973,0.0034015341382222044,0.002625972313943534,0.01465648085969191,0.005694398622313315
837,-7.1476710379386805,0.2863908095649669,-0.5430409228839546,-0.0714779187741984,0.012226810075750738,0.024313440586683603,-0.04549737064181477,0.19999999999999973,0.04629284548720865,-0.19823350556425562,0.18137110172152593,0.22058700714856244,-0.02145081777352682,0.021493233994715095,0.051965142125590946,0.024576398073264803,0.0,0.0,0.0
838,-12.1376842008313,0.3252574906367041,-0.4877726929071093,0.19455792682010142,-0.022943495085246655,-0.13799993857934473,0.06529747870780726,0.19999999999999996,0.03588235120889552,-0.03030795344820024,0.13181515675978017,0.18119569939062405,-0.019086225368185925,0.012651946339665562,0.032846576066799534,0.008906321717881109,-4.4813352719088725e-05,0.024323865857344595,0.030171744067541348
839,-5.397867516317675,0.3019482857966004,-0.5200674316002595,0.1402141028237534,-0.09615203972102762,-0.11765565186049348,-0.046927988942181545,0.20000000000000007,-0.16392627041397914,0.07773715583873478,-0.1223259577485271,-0.035060832651302866,0.024609610093361923,-0.014806440296162892,-0.029923294750390066,-0.010271291850518883,0.026086960008636223,-0.018369300435157554,0.0015119288306137272
840,-13.858123627314962,0.33292819072313456,-0.4776494293637837,0.12931414431531413,0.18391672183783597,-0.03465872536955257,0.058417865786776976,0.19999999999999996,0.17334296788378784,0.020239672387086526,-0.04182703485527213,0.1582828675643739,-0.003584999764587809,0.017665677208864822,0.03465051082226297,0.0210311377143572,-0.002803523248458425,0.0028415644960373713,0.020610542390871213
841,-4.720561051124966,0.27130149812734083,-0.566547808056904,0.09090545942202338,-0.00620363332404944,-0.0736020752017632,0.21584089939120257,0.20000000000000007,0.2093493619331316,-0.009093446276192931,-0.09315867662963305,0.10184644782200379,0.023417706477678286,0.06740115992720612,0.07844641836230515,0.0520467546053456,0.006629034587322448,0.011450636710580463,0.02131955316114051
842,-9.362914395234668,0.3108974358974359,-0.5073828597521979,-0.03901678185862877,-0.11967001286671888,0.06255651516784014,-0.13771385372280107,0.20000000000000018,-0.20050778175692344,-0.010287923562744813,0.06907358351150267,-0.16117354755284014,-0.009507866637445447,0.01565977625933417,-0.03018189332316046,-0.001138911928464508,-0.001759123649874,-0.024625641174528482,0.0
843,-3.8377591316539146,0.2825734658599827,-0.5488686215802383,-0.10618786676175096,0.13620302822357333,0.17226348752744514,0.017504530984424827,0.19999999999999984,-0.01652430339835986,0.1613272000842629,0.018426011943121157,-0.17156357107706194,0.05109726606211881,0.03783181722009597,0.0583113702668081,0.033513473272930666,0.051708964712746434,0.02039942205154872,-0.023785490333579094
844,-2.2779464353827485,0.2694918611351196,-0.5694543463120506,0.10462928697559075,-0.02522842253862183,-0.06170971640766367,0.06483438140752915,0.19999999999999984,-0.15223830190463405,0.15224371692550362,0.13707356768447407,0.10204260615598293,0.005979407468591644,0.054242027163337286,0.0633930850426447,0.0479730014251706,0.0,0.0,0.0
845,-10.688305276992647,0.3217462546816479,-0.4924864998410128,-0.02063418051224344,0.011594955835791666,-0.17205751847790876,-0.004198805081885319,0.19999999999999996,-0.12092818844437539,-0.04344560910945199,0.27423322942057193,-0.1529075131177715,-0.014007698647722359,-0.002425809836622995,0.035831461427547576,-0.014961764405553241,0.0,0.0,0.0
846,-14.322129797951574,0.3160112359550562,-0.5002974755254939,0.1872891434888138,-0.10585563924849542,0.008157600881863977,0.0998859314497249,0.19999999999999996,0.16322961260702773,0.0359184145852164,0.08085817352523543,-0.11880548421362243,0.004267379214978573,0.021877820698004775,0.03356306853083958,0.020909524788914526,0.005423861673004585,0.0035014848095564132,-0.016664919287598053
847,-2.1540392577674723,0.2678172716796312,-0.5721614185365557,0.15032065009891712,0.06753781039720279,-0.008392472984474177,0.04502422739619015,0.19999999999999996,0.08097521458612165,-0.15317695826923905,-0.15135905788648685,0.1432136083813683,0.019411101249468203,0.04164133828291091,0.07231402525626583,0.03350344573891488,-0.03196973093388889,-0.02756759387429203,0.022371874493165973
848,-1.3006184403416192,0.3062247911264765,-0.5139596529140549,0.09669197174542143,-0.20503351390183744,0.14107392427992343,-0.09376868058398433,0.20000000000000007,-0.03611813053898802,-0.1497165843165612,-0.007928430828487614,0.06966876380479652,0.010582352158989906,-0.0011425747274246326,0.046510327772936434,0.0005795614869987599,-0.03673083313476959,-0.015366397970747849,0.011488458298710692
849,-15.914005127977447,0.31095145491212905,-0.507307406823344,-0.06040302213717459,0.06073494598941114,0.034729157820549916,-0.07651133996858643,0.19999999999999996,-0.1691687295589219,-0.11696669450207124,-0.17316791135733353,-0.10831819866595131,0.0011180452016623993,0.013932637085493018,-0.029142730722362294,-0.022017574582876606,-0.02240144974962006,-0.0060186492897456425,0.0
850,-13.302847758499766,0.31549805531547104,-0.5010033133401729,-0.08445402447684915,0.0013942399721854782,-0.0706902599869455,0.11403237840887738,0.19999999999999996,-0.06614535239389718,0.12225517386628547,0.17760629641990702,-0.16342227447505284,-0.006115306613881906,0.009662466115883553,0.03063870430544217,0.006519268566005566,0.007463656346958742,0.026426178083604476,-0.006475574983786364
851,-19.707357154560608,0.3384651397291847,-0.4704860549046269,-0.050770324822727864,-0.06256045799814137,-0.10903308854186107,0.12816980802548034,0.19999999999999996,0.03194500646919664,0.12763492820435618,-0.12892479118237865,-0.16096159475585795,-0.01086997792899043,0.008102768527477036,0.03001908451348036,0.013265725813371435,0.004132855472568404,-0.009224197079513394,-0.02761898729087931
852,-12.04530733098867,0.3225205272255834,-0.4914426389291945,-0.1663838651881366,0.055441366628012925,0.09841425269751197,-0.12414590414507141,0.19999999999999996,-0.0003335106928774777,-0.14882993671982137,0.03441973748546692,0.17203142644310135,0.009782151165920377,-0.008568760293742024,0.027045075516859345,-0.004586016462481992,-0.020461058963706785,0.010538498000346994,0.02645802817930183
853,-18.59668808089427,0.3312806107749928,-0.47980398180547146,-0.14972208445819093,0.0885161761754176,0.14174017594532823,0.00880927063522359,0.19999999999999996,-0.10276169013459568,0.05587030748676836,-0.17810281247104667,-0.07447748269342895,-0.015916670968715584,-0.002477118886709691,-0.02502892661911212,-0.004338990740994269,0.0,0.0,0.0
854,-16.264946465470796,0.31717264477095936,-0.4987042763901414,-0.02809617218423159,-0.18852347525120788,-0.03112594621399344,-0.09195825909879178,0.19999999999999996,-0.06342921935069148,-0.19767481269768156,0.08124665168380818,0.11794546351959413,0.022713568611079867,-0.0013060162717021856,-0.027261646178526507,0.004189141205961203,0.02005899709243796,0.00399985448488583,0.0
855,-0.39284595373051445,0.27121146643618554,-0.566691953062012,-0.03200281667664709,-0.14067904571518702,0.1388670493683554,-0.07194652862234618,0.19999999999999996,0.1463097067799174,0.08719240112604904,0.05083230496131866,0.13217014675017924,0.0023634660646169297,0.061947271471082956,0.08280326198370204,0.07357874043756786,0.061074122433704144,0.0702396543498604,0.0
856,-3.5885198419714754,0.28069180351483725,-0.5517702690194616,-0.13940720901933448,0.032839391916231524,0.18872759138223846,0.15833017878201788,0.19999999999999996,0.15403893425650714,-0.0805014852401156,0.04466867807327764,-0.0014865313302774318,0.05433980055394046,0.0701945380393968,0.08262031015622064,0.06237096295760703,0.015763754952404705,0.020263330079648766,0.012009253740647678
857,-14.03726968886595,0.3298941227312014,-0.4816254216118087,-0.09635722949135027,-0.13420601289409073,0.10211552950201921,0.12226621536040581,0.19999999999999996,0.1117176688466953,-0.0657594095264466,0.07246337764963477,-0.0951145567293573,0.013853845836818821,0.02448950411287621,0.031414877064084135,0.016338673618107688,-0.0077441296966127005,0.0039005971539574948,-0.01085633786283224
858,-2.4930987065368484,0.2818262028233938,-0.5500186307703904,-0.035392224956774396,0.1501595061511868,-0.0690734763638185,0.12885990925524712,0.20000000000000007,-0.07761890920351533,0.052143363020073025,-0.12081867789264171,0.16593393315674307,0.009103408126036935,0.037986672560201856,0.06625350642954536,0.024047056287870197,0.015251633066816369,-0.009809232004601232,0.030592687853623627
859,-10.208810119503344,0.3142916306539902,-0.5026671837586981,0.0903739378751132,-0.021036957365124502,0.10274878391655691,0.13858830792287294,0.19999999999999984,0.09500450739850207,-0.152306801468858,0.13100987905983288,0.06893082499313959,0.020576123808655495,0.03232017826449191,0.04116330353312787,0.019464823714436495,-0.013706355635209059,0.020262977005335744,0.01766612787606019
860,-6.805756605928785,0.3060267214059349,-0.514240650471116,0.16394020070408669,0.150391299201715,0.08476179289787492,0.09763415710460237,0.19999999999999996,0.11653441389611398,-0.10573820040083384,0.0041220764552257795,0.07687785933954755,0.034307213702043475,0.04219500644559101,0.05671230527128696,0.031487224744225585,-0.004307285089707209,0.01017050794402459,0.019412411394784033
861,-9.020559731184179,0.31539902045520024,-0.5011396598072488,-0.1771401903290672,0.0924492759153905,0.047342213731903636,-0.0037387449490725953,0.19999999999999996,-0.13768031255664012,0.15184389843773088,0.017676145824471138,0.17212921825572397,0.021913805088891503,0.015450803366819123,0.03261025550507748,0.0,0.0,0.0,0.0
862,-4.4945511410470935,0.3122389080956497,-0.5055129804587551,0.10344039614377781,0.20159732426033822,0.051614460112837914,-0.07025525103186792,0.20000000000000007,-0.06388904939760767,0.19164013781529032,0.05204133042150126,0.06552205081677888,0.00561547527625165,0.033933879036945655,0.05806048682834633,0.032258346136992196,0.011185218233151342,0.04374967880951828,0.01832239069546786
863,-0.8485521201457793,0.24602960242005187,-0.6090126351965484,0.12016212823076043,-0.03230332650853534,-0.02155238158073276,-0.1433039022041861,0.19999999999999984,0.1836333039200215,-0.05786036901178783,-0.04462252330372248,0.19656206524025366,-0.03270882763763354,0.023208435031001708,0.07598404000597524,0.03892351200812747,0.005715003569336649,0.046675206478972775,0.04534091623926549
864,-8.907578593149111,0.30730517142034,-0.5124301312489272,0.09551685355681354,0.14110966430905347,0.1060085443540877,-0.09081761794432233,0.19999999999999996,0.09879550448868832,-0.09532066620923141,-0.13231904778434056,-0.04011210135346269,0.01670403639786782,0.0031173692352618083,0.03977771638966831,0.016832868962531833,-0.01771173704302598,-0.023384591258863646,-0.007570698917427468
865,-16.568248597792365,0.3158581820800922,-0.5005078685362443,-0.1652280585417719,-0.16281030776265637,0.06388603280063244,-0.09260754790771862,0.19999999999999996,-0.07588357977203905,0.039992357518053925,-0.13215866178003732,0.06743345391709041,-0.00015148878950635298,-0.009342010087912843,-0.027335200207936956,-0.010848310135410747,0.008246940555193007,0.002548887449140465,0.02007559940200301
866,-4.827083291499321,0.27466868337654854,-0.5611908542746417,-0.025813067185795475,-0.1701553149672893,-0.15693574294763282,0.01815248332305671,0.20000000000000007,0.17149393155362705,-0.18989078260522843,0.025891961037958624,-0.04166671637941153,-0.0052574251270317935,-0.031279845887011146,-0.0545696621549387,-0.03335110119407362,0.020496205155359205,0.05220283132676255,0.007678985602933472
867,-3.91177574063121,0.2648552290406223,-0.5769914483614961,0.04409113273936524,0.07035623738872221,-0.12431559615424616,-0.06740485901455141,0.19999999999999996,0.17999004809792657,0.20293672165442764,-0.08016587603307541,0.030739528917685395,0.023183784602655962,0.06429673457425909,0.07644256400831997,0.035838785884326034,0.013140277815403998,0.012524501008791619,0.0
868,-10.512964320805429,0.3168755401901469,-0.49911128296314106,-0.09737481583013341,0.0977258291217875,-0.15594434998225312,0.017646500208589617,0.19999999999999996,0.14485427288002353,-0.13353694786213655,-0.08038250740060966,0.07253477671446672,-0.021134535574525912,0.013197611786723427,0.03786466410967775,0.01570321425791745,-0.02334624224100795,-0.008083298817614765,0.010547138625239823
869,-2.443714568859793,0.227861207144915,-0.6423296061796316,-0.07790521744258223,0.0737733355959911,0.132256931268865,-0.19164929600622327,0.19999999999999996,0.17945910867678266,0.00259285582337124,-0.005071778735038611,-0.1372914764511459,-0.016285750718129915,0.03623665898478782,0.06779283462294629,0.039680567348814574,0.011504324352601306,-0.024475476692000394,0.0
870,-19.974827227459,0.32360090751944687,-0.4899902691050826,-0.0008739109858615333,0.053449600701517254,0.012843239171451689,0.21826346735024305,0.19999999999999984,-0.15131344365190652,0.027837847536255997,0.14115593402069695,0.19426255658206715,0.006591053976576095,0.008605927421056392,0.03069970852365626,0.009187234765357771,-0.02642753402857072,0.006538654264213911,0.02347252812254415
871,-6.725727192447145,0.31024920772111786,-0.5082893188793083,0.015791378952203627,0.05954006902199386,0.1423785818641413,0.07765568629370515,0.19999999999999996,-0.1536969465710852,0.1030303911815149,0.06393557691821224,0.18397136919714369,0.019054084233745463,0.02773435183100329,0.04541014061775084,0.0,0.0,0.0,0.0
872,-2.8839374201712857,0.2932782339383463,-0.5327201676066957,0.17786767732153586,0.16000031742902396,-0.054402445640431084,-0.09371784225738436,0.19999999999999996,-0.01675009734591636,-0.04861289107765755,0.1574797758470744,0.09116895308097639,0.0027280536622366802,0.037053864574448356,0.06493502557568863,0.03277296922577414,-0.006673329660522192,0.026868135983924527,0.03309674180061228
873,-10.289282017283837,0.32144915010083547,-0.49288771815884497,0.1633804662314573,-0.09351137497603668,0.02413543139830553,0.10074013087475225,0.19999999999999996,0.043257090024422115,-0.181639363219401,0.07378344436614265,0.11955269890948249,0.004674207799485807,0.023017851581874298,0.03758512896938879,0.009380459260244238,-0.022719404083165536,0.010653423490234164,0.022521241513327395
874,-5.6508389246438675,0.29086538461538464,-0.5363079603102926,-0.1272046776875181,0.05356713413465724,-0.1078841646534867,0.1667772522028341,0.19999999999999996,0.14557532483694613,-0.12874716047273876,-0.028068361305254808,-0.04217592470656427,-0.005667046969313354,0.04506908609718092,0.057896746208232444,0.030380493604460063,-0.013663286177674138,-0.008006808653862062,-0.0077966623514044734
875,-3.79416960237425,0.2824294151541343,-0.5490900732935728,0.09301569273482105,0.16522198055190868,0.04882784686908443,-0.2129066298845821,0.20000000000000007,-0.012708623627532606,-0.03041166051982189,0.02632765468204076,0.2105799111302085,0.0018783665086500186,0.022784077180112723,0.05485476285298769,0.0,0.0,0.0,0.0
876,-9.002062777054604,0.30868265629501584,-0.5104877711883659,0.005193834247362389,-0.15903041100077575,-0.1652682807248212,-0.02937506269995361,0.19999999999999996,0.004333613747182911,0.19873119735701852,-0.09380874743798646,0.1442588527848992,-0.000539665536736478,-0.020756630488069427,-0.03869018320830773,-0.022944001329571993,0.018395624742210785,0.02146653436659934,0.025334740283797598
877,-13.41247259598087,0.31580416306539905,-0.5005821492345844,-0.14275433320870984,-0.04109271389219763,-0.1572647654084844,-0.09801190666559814,0.19999999999999984,0.028589032330001617,0.14509623208396363,-0.16785724656677808,0.01933376984426674,-0.024768313417244427,-0.004288621693452515,0.029446473331970893,0.010728878715745542,0.010847706149832652,-0.023816491293951542,0.001488273475714356
878,-7.919695170600638,0.3112215499855949,-0.5069303386881443,-0.06567439158635077,0.1400771483938544,-0.0656778218869601,0.13382018952789243,0.19999999999999996,-0.1640988259670395,0.08217855738149027,0.061941906609599584,-0.08653115864681295,0.004666812922732027,0.018687706280226885,0.04132508633455472,-0.00021296349597241552,0.002753732060185373,0.01630539036270836,-0.003451466488328083
879,-8.088563343828136,0.32725619418035146,-0.4851121245391995,0.01584055824395918,-0.03815275895210811,0.16210277109733304,-0.047259381456879225,0.19999999999999984,-0.19344882048722262,0.0647885774239497,-0.16556262908886524,0.11284450324968304,0.025038834433857054,0.0073624545199775715,0.028980661302749237,-0.019486231722762783,-0.0007865573831925846,-0.022859558987515204,0.01179868628354168
880,-11.860095030899249,0.31339131374243734,-0.5039130450276298,0.034428965936726987,0.16625652524810325,0.06538745090257178,-0.11187358798193606,0.19999999999999996,0.17302520140418268,0.06159961455471737,-0.16318368601338282,-0.024244967958379146,-0.0006364786703277517,0.0018345582957150436,0.03882303412699965,0.02665302638558608,-0.00523790026513556,-0.021902165307026846,-0.0009607883715675884
881,-18.064576930016155,0.3043701382886776,-0.5165979583817838,0.1188757645829058,0.015673336962330222,0.1734211647250504,0.01650993966990538,0.19999999999999996,-0.15264860864009533,-0.10320981571473904,0.07880812974596947,0.1408532399590044,0.006419661002260043,0.009084471872552204,-0.029105654962292844,-0.005438834163848758,0.01984605028685898,0.01569259751945612,0.0
882,-14.998654297463304,0.3363403918179199,-0.4732209742248523,-0.04849126738703006,0.09498889787906278,-0.08997903616864043,0.15304744006853485,0.20000000000000007,-0.006814408073868768,0.16320884111435588,0.08017471601675943,0.1632953932917478,0.0010654935378082825,0.006103681913524273,0.03162333909845582,0.01401782473165313,0.009805736476158601,0.01872827961393626,0.018454921086374716
883,-14.413557287286102,0.32177326418899455,-0.4924500438216925,0.010631037116930725,-0.16150917688743602,0.06772048169760027,0.10686207855866262,0.19999999999999996,-0.15530856381614622,0.08409040657962126,0.08179514254765952,0.1320831127959435,-0.002177785216926246,0.01966578374927634,0.02773950733977539,-0.005705637689972883,-0.004323786662870631,0.015799836402058995,0.019268984819449567
884,-1.583215374092049,0.2830956496686834,-0.548066804387641,0.0037772809678007727,0.08049566622693775,0.16326618303465013,0.08309264353194129,0.19999999999999996,0.07947127089214165,-0.15097023456625264,0.10022173738457414,-0.1387049833957017,0.06514494540883053,0.06888663738299323,0.08936924993357802,0.05220321767210247,-0.0008007249869386367,0.015285186624212828,-0.022564954563777693
885,-4.900282175185689,0.28204227888216654,-0.5496857849113493,-0.10282515612301028,-0.1428552884256314,0.06615550154247359,-0.014258864718108262,0.19999999999999996,0.03470135714568627,-0.1826472159800085,0.11120624017535677,0.14535037588972496,-0.001173076153547647,0.009113241154741596,0.04252617036263007,0.007107441108699456,-0.023084874654738394,0.024294078102306074,0.03640342009255785
886,-14.598538775907144,0.32062085854220684,-0.494008227287213,0.10968358540449695,0.1138239290560617,-0.1597065199347784,-0.05848965592086213,0.19999999999999973,-0.13722599043244513,-0.1206847121439138,-0.04288027104276648,-0.057505336064675526,0.009788070725445996,0.012949495222349755,-0.025490930587241858,-0.01544193461542483,-0.005643281474349308,-0.0034259430758507028,0.0
887,-18.258882538908235,0.329308916738692,-0.4823965096829234,-0.033204508011995294,0.15356409834664356,-0.11193871834904812,0.09317538789434066,0.19999999999999996,-0.048847687184436966,0.08526445239618823,0.13062332111824806,-0.1433818266990991,-0.0032397084112765423,0.0022939691174213867,0.025055716213941984,0.0025529777260550938,0.0011438106914051043,0.013862250805501554,-0.011297413905516772
888,-18.811186426673068,0.31374243733794294,-0.5034267339156371,-0.18833468786006013,-0.01047419171574422,-0.13125919560129004,-0.08003091141241844,0.19999999999999996,-0.07599125680096835,-0.11915558303509081,0.06441820021947105,-0.13033597335495703,-0.013938136043024204,0.00012677764656024302,0.026424455956700788,-0.012134702984119228,-0.014655480755742996,0.0057155813278092875,-0.013799588420433481
889,-4.411758066160365,0.31144662921348315,-0.5066163651330924,0.11811743157874528,-0.14321091177657447,0.05254324975461391,-0.11585259064956557,0.19999999999999996,0.0872653024433603,-0.10434380981563024,-0.07351470989006112,0.10515199409144918,-0.005646042356756765,-0.004327105465862741,0.04443392922718034,0.018848572187837254,-0.01758966856738026,-0.008013519935707458,0.01797004085409954
890,-18.086620442896603,0.3142015989628349,-0.5027916091783847,-0.150416180368908,0.13400059392617567,-0.032951514948072136,-0.10489173182352819,0.19999999999999996,0.0893905208099669,0.044403925771709325,-0.18695954351854605,-0.05698598883309374,-0.008343996690312864,-0.004613739885584781,0.028974310801772,0.009942040698118023,-0.007491392773444284,-0.028337795063934565,-0.0038896341679600117
891,-4.654590580746982,0.3009759435321233,-0.5214682153987494,0.06372626318307678,0.1371728163770276,0.19796899896800488,0.19329413012823773,0.19999999999999996,-0.07828244352397505,0.04831915278903343,0.0013528024486750372,-0.07988339258196957,0.05667988161654338,0.07485670794785322,0.08093288850725738,0.05253549558684153,0.01612250361653573,0.02002342252472586,0.001947778922085242
892,-0.3485888817104339,0.2430675597810429,-0.614272998985492,-0.11067040815984996,-0.04612512347805012,-0.06517378123344084,0.1238878391077777,0.19999999999999996,-0.053318883270054664,0.13266349236687622,0.2224089357264271,-0.04575153665752352,0.03450075467147721,0.06385826291587696,0.09568640721224438,0.0443442709305674,0.0,0.0,0.0
893,-11.344186286068414,0.32117905502736965,-0.4932527840117486,0.05793721495730844,-0.17544192195847877,0.1832638217522343,-0.007863551755957795,0.19999999999999996,0.12850237555886426,-0.055341585808025444,0.0341383270142513,-0.15751120119487982,0.024769823248410504,0.01218041352037484,0.036254095005056844,0.015601759884951865,-0.004133110632489521,-0.004782110730559657,-0.02047599479084072
894,-15.87871857422762,0.33201887064246616,-0.47883723200984607,-0.04903512579407795,-0.21025011420999104,0.027324107690367805,0.016212598392093124,0.20000000000000007,-0.006219126851036516,-0.15343109619613995,-0.16455011591014748,-0.1729777149561461,0.018832201081901888,-0.0172604750984232,-0.029560253105045328,-0.02641856315511165,-0.01108105016391524,0.0,0.0
895,-14.395118748339028,0.3226555747623163,-0.49126082686060235,-0.11526004270595762,-0.017893139807513697,-0.10611896139358505,0.16971298565753565,0.19999999999999996,0.184563762051844,-0.0014315082008337112,0.16479641630882194,0.04022318387390839,-0.00875961215488623,0.008679352298050605,0.03576173640431915,0.03196661431028858,0.011647993223194545,0.009617447325021424,0.016064424883997862
896,-14.824541755625855,0.31405754825698645,-0.5029907640272632,-0.14731722699534106,0.05389270565572049,0.06376516731907371,0.05350545647474184,0.19999999999999996,-0.13350409879529163,0.14117726703701605,0.07877715387759861,0.1280609238452166,0.012622602529379866,0.01174351222198548,0.0236022988544838,-0.00847202307344875,0.009583103622113875,0.01670181131883372,0.017531544367057828
897,-6.652305281756876,0.3070620858542207,-0.5127738042694375,0.05576120922875726,0.013674455995677265,-0.021991974254252946,-0.21014801478297743,0.19999999999999996,0.20064396301126883,-0.1729753902245801,-0.11019292284447041,-0.01461206965801581,-0.02915111820154289,-0.000726704396235129,0.047941780812468256,0.0076212647514065195,-0.03180586272804631,-0.02008753789922565,-0.005563826209469202
898,-16.48678280014146,0.30969101123595505,-0.5090713998329991,-0.041640526874901065,-0.03813901226694282,0.042380905139612485,-0.11568851100899633,0.19999999999999984,-0.19442435349666945,-0.12613370052694373,0.15718143688933553,0.08441155379659876,-0.002147275458170305,0.013589313507574538,-0.03169856234885544,-0.00296907267683301,0.026379637110369034,0.009121655781351443,0.0
899,-13.698631093200413,0.3129321521175454,-0.5045498131086171,-0.09363905865285631,0.0778412720831896,0.08280586579974647,-0.03302676196039284,0.2423365189252643,-0.1727153809977712,-0.21724647154665247,-0.0003173981586704122,-0.08007127187545643,0.0174802981817403,0.0042454249630722975,-0.03868295617465228,-0.019209146599669605,-0.003701287485600731,-0.004400655747474734,0.0
900,-11.312017162429136,0.3119958225295304,-0.5058512209319392,0.185456719384027,0.020295486633032843,-0.13339761946944811,0.024237645746616743,0.20000000000000007,-0.10585085159017896,-0.14481514456768627,-0.1663978577026184,-0.019548674906391613,0.004905394337152683,-0.027248260126368235,-0.03222983518620912,-0.015732299633698474,-0.0011225115989062554,0.0,0.0
901,-17.466667247339142,0.32121506770383174,-0.4932040908306344,0.09134570853442976,-0.13836672716576962,-0.12257742552465425,0.13255932877433163,0.19999999999999996,0.08270293332677968,0.046726960985137705,-0.049040620590941233,0.13668029509795623,-0.022338879311945153,0.006441497289652033,0.03197343904298846,0.02009225844658228,0.0025729142102150523,-0.006193934045373117,0.005222637596193869
902,-5.1283874951415385,0.30457721117833475,-0.5163025942033375,-0.18570113689424345,0.005309242028462207,0.059891850920299104,0.22922114064976215,0.20000000000000007,0.00875247430005974,-0.1878754367700042,-0.04977122954276436,-0.07347748889440472,0.0019224691139456392,0.0409950958478112,0.06846408195253352,0.044459943358877665,-0.010769957775341558,-0.030836825115441977,-0.02268628749678794
903,-18.748388066985953,0.32430315471045806,-0.4890488266379118,-0.1503529649682074,-0.0805580266270714,0.22001518075820478,0.023451162587063992,0.19999999999999996,-0.07375464271805927,-0.013251294667289625,-0.05162376264851676,0.1869929650255868,-0.020350798023477484,-0.0013357850389437735,0.03162902990403473,0.008337522657256926,0.018312666689003283,-0.014734705344596796,-0.006661509851550841
904,-18.272096491161523,0.32803046672428693,-0.4840858181305062,-0.16921330033795373,0.140157252453928,-0.0389746954187388,-0.027130654563217615,0.20000000000000007,-0.08406117366244725,0.1532199877390762,-0.06617475174451057,0.12106818408012779,-0.0012456444424321516,-0.0007610965350223424,0.022267586460315802,-0.006129484664822558,0.013008284280755216,-0.005942710892688417,0.011667140237258927
905,-12.157713002318143,0.3091148084125612,-0.5098801891851188,-0.11438208174250636,0.16889515324655646,0.009310879272454671,-0.1411363123878776,0.19999999999999996,0.17534047258563942,0.09031158305186644,-0.020474431192530354,0.08014908652056872,-0.009746821540841322,-0.0017321623130921238,0.03809021059318959,0.02848721575724598,0.008079872970173553,0.002782978693260597,0.010772442687654265
906,-0.02465025265792775,0.25424949582252954,-0.5947398996115518,-0.06397434836405687,-0.11158418025974882,-0.1331228118500092,0.00887115584430762,0.2846822376096002,0.07605529001386477,-0.052406864481549076,-0.08423490864904808,0.18506820292781534,-0.06030203232180904,0.017439271871850202,0.08646851532200986,0.047295787946675986,-0.0037154479051927174,0.007052905015164654,0.05023836010216972
907,-13.17380017485331,0.3320638864880438,-0.4787783534042729,0.08158245478416744,0.08115024557098303,-0.1591065187261437,-0.1315178329549372,0.19999999999999996,0.15028809848160446,-0.04072171413865397,-0.059810693145477996,-0.09582244219803228,-0.02893195216545111,0.0016056889500202676,0.03649925512477401,0.013156740626266206,-0.012158406589161374,-0.014920162537721559,-0.009791692489543133
908,-5.2050932938272165,0.2995354364736387,-0.5235517911224955,0.02370374530558076,-0.04689844626467697,-0.07983034565492272,0.19874508412498557,0.19999999999999984,0.0037404335871581923,-0.19573862739762268,-0.05567641198944323,-0.19566690567561001,-0.016598825097881423,0.023608034646772552,0.058696038718726036,0.03409309633390199,-0.02130571365536379,-0.033826516103157754,-0.04587813098398739
909,-9.09603349607632,0.2988151829443964,-0.524597339582714,-0.12787269303155552,-0.12878920058142393,-0.19489200093071912,0.007105808363529792,0.19999999999999996,-0.05586496913902707,0.0003271094899512671,-0.060820224412220826,0.22432799405157247,-0.020173245069602247,-0.03235211905735942,-0.04123937678721401,-0.016166039847498887,0.024302431959329497,0.006385866273757331,-0.005685339491296448
910,-12.408958948759627,0.32378997407087295,-0.4897366029980484,0.08184416196752983,-0.14166834248887178,-0.05375848065041904,0.11537651833058364,0.19999999999999996,0.10648477379657821,0.0871665908318218,-0.09841960421630437,0.11528152771789142,-0.007175153259145144,0.022099148937085537,0.035100735402912565,0.02122165691600028,0.010760657211547339,-0.009815818564250643,0.015095530028731447
911,-5.886700934626495,0.27639729184673006,-0.5584662165141314,0.11623281000225608,-0.138297955559312,-0.14114348577395283,0.07335769212186471,0.19999999999999996,0.11840707375273649,0.01048609481809129,0.12989970827054254,0.07217517970124404,-0.024128158944073073,0.023606448674626003,0.04917892969396548,0.033368429031287936,0.02490965273859967,0.03808761828780116,0.02490382772581648
912,-19.437038695405835,0.3116627052722558,-0.5063151639198726,-0.24878243985560394,0.17642343823770681,-0.010457180790003762,0.05761600396556743,0.25919040709807717,0.05179932165759318,0.10283571828298739,0.037657737688920646,-0.05523775242353963,0.005435399793278104,0.010515868291051686,0.030293660271068543,0.005884790912620523,0.005445936535418232,-0.001670732630758883,-0.01073263733412195
913,-0.36275108235149034,0.27843200806683954,-0.5552808404416449,-0.04932220370555113,-0.21227593633748776,0.19724277115102007,-0.0914589080048744,0.19999999999999996,-0.016551246683096005,0.04552322113473867,-0.1600007536740422,0.02762495930918975,-0.002141173019482703,-0.02308068941761936,-0.06336897275740694,0.0026951650203314633,0.00032494127762234827,0.04465064194680802,0.03235173839464027
914,-11.777874720133449,0.3031997263036589,-0.518271195074497,-0.08741885802500962,-0.15249770835183885,0.027630382169826606,0.014606666932566736,0.2364699992811954,0.1750614836032293,-0.009125291360571263,-0.08215432502347227,0.21503528525229004,0.004601898222646436,0.016518653626556343,0.04274646593497319,0.023429121294450243,-0.0061370950184092676,0.0008149299042750371,0.03063017745839532
915,-6.82729093697521,0.32395203111495247,-0.489519292769895,-0.18934440539826689,-0.037299388760370804,0.08321994353269203,0.08271557616854383,0.19999999999999996,0.08460218808331096,-0.15857783982134868,-0.039948909121685645,-0.12429174911378123,0.012981095741930357,0.027277382146687287,0.04683818128237517,0.022120466498070684,-0.021754706812841144,-0.018311514317149846,-0.026557776373208445
916,-8.51461055591146,0.3186401613367906,-0.4966994867027325,0.1585440187231295,0.051816492536698164,-0.1081102265804957,-0.05664789859489138,0.19999999999999996,-0.1837063835950899,0.0801776501086659,-0.07519895369311162,0.08579837616791787,9.515452733217401e-05,0.007437746237970397,0.030008212184425103,0.010433841710003272,-0.01686237509844573,-0.0029067174194739613,0.024283130846403357
917,-3.3216698475603224,0.2601105589167387,-0.5848420177149393,0.0035284540894054083,-0.024463519913365706,-0.23987045692961212,-0.2076545648209895,0.20000000000000007,0.1899221157596217,0.0006107588983242238,0.003659400516387638,0.13029072907229364,-0.0052380981961057576,-0.04522473535691303,-0.08308011272569242,-0.0280997428234939,0.04653386224626525,0.04049733213324071,0.014089315392123457
918,-7.3697503472113155,0.28062878133102853,-0.5518677897144781,-0.020829523892880737,0.12552258270846933,-0.066065800631079,-0.05525881404160749,0.20000000000000007,0.10560589298357206,0.24839821791869135,-0.00932788587535363,-0.1689912819483464,0.03597990029346089,0.04058587805543884,0.05665203456390984,0.014642888036638891,-0.022199713872607447,0.0,0.0
919,-9.98642880265969,0.31331028522039756,-0.5040253480447371,-0.16362766766627296,-0.054514556585794044,0.14633785192513885,-0.11455996088463917,0.19999999999999973,0.15765951573958553,0.026928737964811718,-0.13206553239457164,-0.004306176839186278,0.01007881371717982,0.0012340450493619323,0.03891378190143436,0.025488594879446182,-0.0046201240237220146,-0.018005106303982683,0.00013586416484983574
920,-11.066987160914893,0.3224935177182368,-0.4914790104783053,-0.1041521750505837,-0.05572744756983115,-0.1425425132291149,0.042401610401073604,0.20000000000000007,0.14062210706418737,0.11991948140002162,0.0551381488236289,0.1394965164615587,-0.0184142204435558,0.016952144549722194,0.03689745928487756,0.028445219307448245,0.020955757953691773,0.01750223789477892,0.021461379093654247
921,-11.125554330316584,0.3171366320944973,-0.49875359020992394,-0.09443381931740437,-0.09678776213445361,0.14357669943706444,0.17002868077635416,0.20000000000000007,-0.06287314254469849,0.14528514453502478,-0.06675342391562239,-0.020261327339377723,0.004150840152672643,0.03337330249515022,0.03822722579820918,0.015836589213700392,0.007151390588204592,0.010034564742894249,-0.007960374247866539
922,-6.9538350406729315,0.3121668827427254,-0.5056131723978109,0.1235316094708786,0.17185733219002886,0.15927560614065944,0.0005560298078067145,0.19999999999999996,-0.1609794425765647,0.0012235570578511563,-0.08399941344141966,0.09857700931479087,0.014724670037245832,0.03982851270448889,0.049808006407643005,0.03468869616308951,0.03229502531177954,0.020203962742517016,-0.013885588576928017
923,-12.870945038280952,0.32052182368193605,-0.4941423949065783,0.12413740057870816,0.11263532195555431,-0.1114565753669025,0.0654316807487308,0.19999999999999996,0.08075941552897675,-0.08473716258746673,-0.1511906975055556,-0.06965174572810516,-0.012828135721532396,0.012787644097299418,0.03258845462361508,0.012536565031500201,-0.01626466221654173,-0.025209539556762247,-0.011185768815552938
924,-0.09733867669704566,0.26521535580524347,-0.5764013341571027,0.12003786494572367,-0.1649159358749748,-0.08631109129600742,-0.18444347332737945,0.20000000000000007,0.14265808645885975,-0.011719943430866337,-0.021201368821802218,-0.06871223584438632,-0.016422837716208463,-0.055136488877337,-0.0767019382018544,-0.003614525808895318,0.05843667233222557,0.03844704937181941,0.007150734406368385
925,-14.27169175982337,0.30987107461826563,-0.5088189617406188,-0.07956469981500656,0.16770481208682397,0.10889061439957656,-0.17164181155228764,0.19999999999999984,-0.12127955932259664,0.04679389869577105,-0.05048003077969375,-0.053644573348243914,-0.004407449932152241,-2.5298964724122244e-05,0.02761241559991426,0.0023170225560845965,-0.012257263846862,0.018038272916028872,-0.013083775414493223
926,-3.2334367796375147,0.30633282915586285,-0.5138064581159457,-0.0373904226369235,0.07082536030116297,0.053500452368502205,-0.0033987281481941143,0.19999999999999996,-0.26835923317675797,0.08136803095897541,-0.19034564232333726,0.09481213008614658,0.020478921573372295,0.016246216314994122,0.041137477363521746,-0.020824922527460408,-0.015528099073722506,-0.03537765856541335,-0.008501552313460215
927,-4.0776528476849645,0.3005888072601556,-0.5220271948590637,-0.0062309462015844195,0.1851121187322733,-0.07527987419033502,0.10119509379449901,0.19999999999999996,-0.08689796112449931,-0.07061826922675062,0.1416029461778779,-0.1330627905521805,0.00951689950781954,0.030028596586708815,0.05453527216205723,0.009693816641576156,-0.007014476313888872,0.02162729724340238,-0.011933220999626005
928,-17.583435913868268,0.3374567847882455,-0.47178183566165255,0.08224028498063056,-0.08054058714065862,-0.09728124922127682,0.10310403240711973,0.20000000000000007,0.06526922561407024,-0.10306641761718827,-0.19407066514140212,0.07442753787765363,-0.01381294000536113,0.012703221033763857,0.02920798233295926,0.010157596945976604,-0.01809911750559246,-0.028113006700566046,0.00485037184708184
929,-0.8823409854169526,0.29240492653414,-0.534015314516613,0.11218710784135741,-0.09438927641086321,-0.20694984613166018,-0.060354013999691154,0.19999999999999996,0.06625199873857568,-0.04926583678297982,-0.18252695285981246,-0.028074967235060058,0.02225086952037367,-0.036775841887809545,-0.0739316770014343,-0.026191030239751216,0.044072572380792735,0.028625243720149247,-0.020852558165502084
930,-17.108182806635387,0.30565759147219823,-0.5147648133747974,0.055757118482152056,-0.08725449643384116,-0.15726753467727644,-0.010639736909630998,0.20000000000000007,-0.1384409737500561,0.1624230757833373,-0.15608760253685858,-0.03212946142684731,-0.02132960541015086,0.0024539486305564413,0.025953786501852653,-0.010864931498629101,0.012906134150490092,-0.01816734944191004,-0.007228109706259556
931,-12.351654619133619,0.3113295880149813,-0.5067796030534142,-0.1324618861265886,0.02251212938537581,0.09019300551887835,0.0900067419039741,0.19999999999999996,0.12430445141297818,-0.1701803169846088,0.03492267649588431,0.1354187921717119,0.017455694656677224,0.022290202252194215,0.03385529836954608,0.011466717044622593,-0.022680834858941817,0.009542140130412378,0.021186772684424468
932,-12.310946556244353,0.32435717372515127,-0.48897649244688796,0.0909545540513998,-0.12421216093427777,-0.024045880992799196,-0.024808639576231667,0.19999999999999996,0.10088133166805933,-0.16444139460862975,-0.08382327668736579,-0.18683276148123673,-0.005562048454929267,0.005191711495324543,0.03340867276179063,0.008478120801073505,-0.02714260209237017,-0.02205304387988834,-0.0265750862879604
933,-10.896506207589882,0.3274542639008931,-0.4848493500921874,-0.2450054320013061,-0.006542103353925921,0.05307010528716478,0.07670599894500141,0.19999999999999996,-0.07707356532772952,-0.09804888559340258,0.048681342421892364,-0.1948725670695774,-6.134257042225275e-05,-0.00751569120231389,-0.038051383239148216,-0.006935843388409321,0.009494266536484436,0.01912999942434072,0.02972576948795692
934,-5.521776201735715,0.2521877700950735,-0.5982759784648009,0.00708661883618249,-0.0964275455186096,0.0864719070315085,0.007391389820023786,0.30651674224261094,-0.2638114512245569,0.059699902628249354,0.08481781426672468,-0.0877766284315338,0.0087774778088932,0.016926822855941024,0.05529677400813223,-0.02108713597451887,0.0018261690877051174,0.016000773812038457,-0.007449733017509071
935,-19.27933388488206,0.29810393258426965,-0.5256322947208661,-0.02667887077018369,0.11290298952324712,-0.05012350705980939,0.055341683952251766,0.19999999999999984,-0.16473621466143645,0.07912453316959012,0.16211665192194238,0.14897554894153917,-0.021609539261707875,0.015155440492996386,0.023719527360980014,0.012141890566079073,0.0,0.0,0.0
936,-17.33764432032803,0.30398300201670986,-0.5171507003936734,0.03461968600458711,0.04184551294434242,-0.20627494850870998,0.16828436288108164,0.19999999999999996,0.12264932418887775,-0.01720173303918407,0.1839457246175101,-0.02517870781570703,-0.011526157377726175,-0.008012502824549886,0.034727934160924526,0.02502929695757105,0.0032800774395307635,0.003929537311108273,0.012903207584288385
937,-8.126155840152311,0.3091508210890233,-0.5098295956992853,-0.2315300022270776,0.0270259409482473,0.1256777366704284,0.05260966193988558,0.19999999999999996,-0.16782476076266142,-0.03335457746404892,0.058712911914505034,0.1032644080731457,-9.547454281860139e-05,-0.010908044085376848,-0.03987768438976103,0.00028818646530128194,0.022166552991854688,0.02271096140271108,0.030140280255857424
938,-6.318838051957947,0.31788389513108617,-0.4977314740760171,0.1413134476119415,-0.1156374695411075,0.0005007248960949535,0.12117457337027461,0.20000000000000018,-0.1257822127071366,-0.11751793812310707,0.01669680911987408,0.16137682463046352,-0.004379532265988843,0.024871226444552724,0.046048154958936154,-0.0004343190857382793,-0.025115579393173618,-0.004803066768260575,0.02877242908833639
939,-16.07102861854575,0.3259687409968309,-0.486824044912082,-0.002418171981613536,-0.21714566957764897,-0.11588663907192091,0.11817994054136037,0.19999999999999996,0.07168684973154221,0.0883719024228133,-0.033198692950972206,0.15311213372212856,-0.022912548785772223,0.012310644856956772,0.03278704869225267,0.01823110659958042,0.00742966240305244,-0.001971326567347163,0.010939365534567615
940,-11.890449572981744,0.3114646355517142,-0.5065912570518052,-0.0728515421979555,0.12762996580938374,0.02331690829042528,0.15418896053484885,0.19999999999999984,-0.1758198938567714,-0.09038559555223759,-0.042903805488537054,0.11290332826984069,0.01634488155004503,0.017927581287153136,0.03429686252413655,0.0025125206398736023,-0.02763935218350236,-0.012552075401925971,0.008676255225020725
941,-13.128985861169436,0.3088177038317488,-0.5102978104864133,0.18586149588837564,-0.023182149628432035,-0.13491774184816507,-0.18500909689982478,0.19999999999999984,-0.027238650222546425,0.150225381651105,0.06549046382401882,0.02807502003753234,0.014750153776840821,-0.017568479455351893,-0.030172245631188654,0.002944396402312756,0.020165451077746557,0.011023772937559649,0.019673739509465403
942,-16.458839269771772,0.3201526937481994,-0.4946428396931419,-0.12338747266881805,-0.019210202536531287,0.11381373846405143,-0.10408972555373992,0.19999999999999996,-0.1199926433181978,-0.11931793620761874,0.12040743080163295,0.07978085044940979,0.0023628299942412747,0.011037920145689266,-0.023758312266191857,-0.0017194075873517632,0.020362557660245608,0.007313806761845588,0.0
943,-13.21053495893082,0.33571917314894845,-0.47402385519223145,0.0804658367350451,0.0901171534934774,-0.12506142377619683,-0.08956161649604477,0.19999999999999996,0.09507443011720752,-0.1701731387020611,0.08615449086254606,0.06339190981742132,-0.02218137451042451,0.00039543463236547954,0.03261841126714388,0.002226968838207731,-0.01858996169591234,0.015087182998366,0.008989540039097006
944,-10.63362163923868,0.3204137856525497,-0.49428880686983717,0.029399436168696856,-0.14099160534068325,0.06695491934348645,0.03928040891918668,0.20000000000000007,0.1154842557490526,-0.17629242967477227,-0.14894543342528657,0.08265151137883525,0.009545398420262566,0.01591498844741182,0.037080059369902454,0.013661875230022344,-0.030623077566304353,-0.022082834916726662,0.010716120557983507
945,-4.679200465159001,0.31154566407375395,-0.5064782886459275,0.21299406556078548,0.12107974121436521,-0.04264185416437484,-0.007587361905479416,0.19999999999999996,0.029165010270429684,-0.18862299954289546,-0.17171708677290234,0.026191880568767548,0.0004991882223533364,0.020999375555571107,0.05708212663132031,0.036539051369609644,0.006592512758073418,0.023478775408321256,0.04917221355214592
946,-4.539352721463592,0.3132562662057044,-0.5041002328594589,-0.019564492498474736,0.2416340884836119,-0.11654596136110551,-0.21686654185081486,0.19999999999999996,0.013152451861983508,-0.13246807597943988,0.013113190897930541,0.046655197066639086,-0.0009081067195082028,0.008274891427996211,0.04594062189083235,-0.014927388639320931,-0.039067038374043996,0.02454060422297887,0.007259025351338447
947,-11.580760397424108,0.31018618553730914,-0.5083775478457958,-0.11782925756692728,-0.10355489283382255,0.10768789627647879,-0.0122411109713269,0.19999999999999996,0.26533363798939413,0.09068815146729728,-0.024848488625326633,0.07781656426942656,0.007738799477183652,0.028790233746365097,0.047947849821206194,0.02772006038161203,0.0026915952693702143,0.008747889052519236,0.006400696801946944
948,-15.68365267985999,0.339509507346586,-0.4691480595856978,0.17088186591366594,-0.023359367668531836,0.16635645882175035,0.08806159647540643,0.29286382207047046,0.028733170146288376,0.16443064833307888,-0.003067312599636085,0.06224575797117166,0.02200748801545119,0.018725894784429216,0.03685607680599327,0.005511066990851441,0.017037391952454368,-0.0011961851180417376,0.006164222656307673
949,-3.0532327173638087,0.2601825842696629,-0.5847217769854907,-0.029524551216260988,-0.03029601352503665,-0.25562920697840347,0.03935513300362171,0.19999999999999996,-0.04575876567370601,0.20383899767796554,-0.18807347865600377,-0.00752385326900196,-0.009167310784028345,-0.025397903009087616,-0.06685285619936307,-0.013686395158882203,0.035649389109797376,0.018130811999246262,0.0408501429399259
950,-11.185999328649936,0.3055225439354653,-0.5149567384638324,-0.18150872390721098,0.04556224126261346,0.1999202999757,-0.12085627483995635,0.19999999999999996,-0.185713241180758,0.038751276109373345,0.0017846329463907253,-0.02590330977799719,-0.02569176888204857,0.0024452919133224225,0.028597058088266115,-0.004678471598801774,0.019784800854725802,-0.01802556347462593,-0.0019732491819301956
951,-18.869104714765758,0.3320998991645059,-0.47873125626643054,-0.07131701545499274,0.09217346773762701,-0.16785226071929163,0.053105524030384994,0.19999999999999996,-0.09275324560400892,-0.06292556693573652,0.14856841277622834,-0.11130450674172988,-0.014734393335438275,0.003752290323086962,0.025831850550252163,-0.006828863687715055,-0.012430794750564151,0.013768664141536102,-0.007592916059227396
952,-11.780451546458897,0.2988782051282051,-0.5245057535377176,0.055510041067564436,-0.03397354392411309,0.09718380585543801,-0.20818506184095803,0.20000000000000007,0.10088684917957842,-0.04088530551702801,0.22905615293654494,-0.03431923967877501,0.0010868640038373774,-0.016435469789209692,0.033353633599800175,0.012567870828864482,0.008607210265470578,0.028826856686055526,-0.0029031359898893713
953,-1.2472385097555119,0.2399164505906079,-0.6199399723081975,-0.03633368283279498,0.044240275472332495,-0.05287139783303976,0.15946318107243984,0.19999999999999996,0.13817724519811028,-0.13551352475542583,0.13964338856534553,-0.09375730427051125,0.012695966832630199,0.06958846508306554,0.09177546866827657,0.05186044665939887,0.015200471900318566,0.028119162083105845,-0.005410268376110774
954,-10.421539755450661,0.30740420628061077,-0.5122901942469421,0.13551590493943322,0.07593725048579691,-0.09569170637609327,-0.027982441626297726,0.23958726050508905,-0.024314737464211377,0.08937388585075971,-0.21352290739324664,-0.09807390535907219,-0.013804497379259657,0.005065140759996972,0.03666652656567919,0.005850242132473305,0.005359764747477884,-0.035022442258420175,-0.018113097158728844
955,-3.8197578834712473,0.2938544367617401,-0.5318677477040666,0.07251080725047848,-0.16811408407963113,-0.05070395875834897,-0.1792512871726762,0.19999999999999996,0.133347244441367,0.02272941966851122,-0.17221857834962156,-0.0011246202793655186,-0.025322609474936607,-0.03566266966594058,-0.04798791430024246,0.011347786617569978,0.043667549317929294,0.02430297762019871,-0.024222640502400125
956,-13.632856205085773,0.3326400893114376,-0.47802541140768984,-0.19423598106032527,-0.007766418278174172,0.0287067841320678,-0.09228435486334907,0.20000000000000007,0.04708887859736797,0.17670876349751988,0.09952338822805847,0.1536854313431373,0.0014920841389843727,-0.003481866460278476,0.028751344468224138,0.014025967566249301,0.026655808516634072,0.018227430593864828,0.01970300927403785
957,-10.372021006290709,0.3016961970613656,-0.5204301641560465,0.12802312573602317,-0.0633848605908188,0.0844723043885806,-0.14009641952931384,0.19999999999999996,-0.1584277319700652,-0.11794464049995344,-0.07036698181681976,0.03728393546842521,-0.0022570022284727443,0.013969009344921623,-0.029848944510703468,-0.021848715544571844,-0.007996636211003752,0.004853409355244075,0.0
958,-16.690173186870457,0.3326580956496687,-0.47800190299142864,0.19758712534560754,-0.15070149941955516,-0.03030191398566666,0.043641374593473836,0.19999999999999984,-0.03465183615274817,-0.1198316451184516,-0.12797066081505037,0.09531394456944678,-0.007845432578548325,0.009751930475539804,0.02645933001531966,-0.005185724357154135,-0.021472359218820364,-0.016531682368435937,0.013013965784884177
959,-6.38028928229204,0.31143762604436764,-0.5066289197181016,-0.17792186037674296,-0.03794506220440555,0.0029442088268376277,0.1517207070252294,0.19999999999999996,-0.0950781455139665,0.09103444695224178,-0.02424275332549498,-0.21911281577508124,-0.008609787308636813,0.02315535471679041,0.04718031543687398,0.013794205446202235,0.010703201634268036,0.005068873899182586,-0.033889736735830595
960,-5.14920538688272,0.29490780754825696,-0.530313729549795,0.08916317681689159,0.13040184960172005,0.011467267846577332,0.1302560780413673,0.19999999999999996,-0.1765098927103721,0.09972986231804544,0.15307984715237008,-0.009392025512656181,0.027269339388242744,0.035438293390582964,0.056296703325276184,0.01037256756899919,0.009184967303443859,0.04147190573116869,0.02843091835605777
961,-3.4098195967667664,0.28598566695476807,-0.5436557323200374,0.1684715848465538,-0.0963198415239392,0.18943633137248297,0.07172461649836843,0.19999999999999996,0.050150743471106075,-0.04908069518797381,-0.06589774919464929,-0.10891843790492649,0.04793965807150197,0.05019570931839243,0.07095978341527011,0.042600952762567715,0.00818907691837559,-0.014529037358610266,-0.02739437336131613
962,-10.929137552149697,0.3229886920195909,-0.4908126822492692,0.10739810228941607,-0.050697965773732104,0.13874728758657145,-0.000698328688191886,0.19999999999999996,0.12136445155392966,0.15141946962347536,-0.14314465526401138,0.08652973922067221,0.02016542085257558,0.013666813920346715,0.037540454065496914,0.0289162164385506,0.016217599727170542,-0.012904078141788473,0.01390594282437256
963,-0.7545794401200148,0.27516385767790263,-0.5604086105595418,0.11235459961645715,0.10166825320052968,-0.13628332942310842,-0.05210386898811849,0.19999999999999996,0.10448494616971407,-0.06225899345804663,-0.22125227297163022,0.009593736172395376,-0.0264578577802358,0.01773491407874199,0.06619087138035482,0.03572415065328273,-0.03574594448184522,-0.053914215560682176,-0.019127145254620226
964,-11.984924704853675,0.30143510515701527,-0.520806171105097,-0.20164267941285346,0.04947833159640896,0.0014200274217622023,-0.18662942012057984,0.19999999999999996,-0.12515666722931776,0.20808003311892842,-0.021044849938663412,-0.006547991161486041,-2.6184982633132854e-05,-0.006078745980211802,-0.028317141894874612,0.00292751735129699,-0.0040487316652721445,-0.021482553488583526,0.020932678338872565
965,-19.60070654889416,0.3388702823393835,-0.4699665154999419,-0.15713731071881126,-0.07533209573000627,0.13588595711995372,0.15981039306379058,0.19999999999999996,-0.0284575419047154,-0.08069530604436898,-0.07671756958865282,0.08596382582970104,-0.017872491356154346,0.009021611331570029,0.028193616197935017,0.024808097759248308,0.006836515532930249,-0.018685455792103144,-0.01575991038611138
966,-17.604200132156244,0.3333423365024489,-0.47710952479807184,-0.15254345130554237,0.12168547091840085,0.12862897021896852,0.12234787012189503,0.19999999999999984,0.12613764363405766,-0.06903499344745273,0.0766842893299415,0.0029373110237414825,-0.010564465627021496,-0.004758873243815114,0.02470223436910914,0.019453350466466495,0.020711174698223186,0.020388704931403698,-0.001594853581995612
967,-7.122625105974585,0.31423761163929703,-0.5027418347326806,0.14439379735122906,0.013513241469626158,-0.11665201784350988,0.053922823320527224,0.30971491405555596,-0.15062331938132154,-0.06662127523616936,0.08678989258918325,0.05776871875287756,-0.014995873825843822,0.014034877857558204,0.05516486386324593,-0.006274620435187869,-0.011888526695367345,0.013993203234626984,0.0173936576673345
968,-8.536052916759909,0.3246002592912705,-0.4886511375944357,0.15713436359768795,-0.1078580919304449,0.15357631902226704,-0.06861431579861635,0.19999999999999996,0.0546071313965793,0.1173402798138064,0.06354447902472443,-0.07732501941587368,0.020464630000328353,0.005996816204490765,0.03793837484147486,0.023043547241810104,0.029522651971913887,0.011805410648001712,-0.006459229836266817
969,-1.7672647635729568,0.28565254969749354,-0.5441618951300905,-0.09391782375275157,0.05127048123381457,-0.07909764995978444,-0.08396618076539929,0.19999999999999996,-0.04930303626113953,0.203688533975315,-0.2042993398493,-0.034456954202495685,0.028463285405101242,0.019827457314679456,0.04610675750023428,-0.018898775175560698,-0.027938559619919305,0.0,0.0
970,-14.955699217282413,0.3207378997407087,-0.4938497189747514,0.1298265318235375,0.12760210971134495,-0.0018349700805424941,-0.13724614661021242,0.19999999999999996,0.16103258067861295,0.07448446408754508,0.0027084263900353824,-0.16526477061816933,-0.013617831841289799,-0.0006766331387938546,0.03499273162025138,0.019953401086391268,0.003174263818914004,-0.01542071074370509,-0.017516352381957548
971,-9.457131865717376,0.31666846730048975,-0.4993951799473095,0.09115028630071412,-0.021415703708506602,0.15249603219701277,-0.01736453873427116,0.20000000000000007,0.06270296691404081,-0.18635506025903334,-0.06357837861930335,-0.2049370332671178,0.02476002996044742,0.01135026665135233,0.03744463816420421,0.00895515331467852,-0.02835761736768456,-0.023137895958797432,-0.03483376776999952
972,-8.565399774746984,0.29960746182656295,-0.5234473745848996,-0.06881254311678346,0.0897713963552895,0.08001448359919087,-0.15998191809704218,0.19999999999999996,0.04855864226158622,-0.16279594538868997,-0.10538211201255236,-0.08468295916886552,0.005113262407337585,-0.010900323848508033,0.032839849602607135,0.0026547920651676378,-0.030668718971839006,-0.026740536518543547,-0.017332347185309856
973,-1.6684292548370685,0.24430999711898588,-0.6120587614146982,0.05851367950244184,0.16574721166485698,-0.1299293055043904,0.084092650928711,0.19999999999999996,0.13025992640570053,0.04534050542404338,-0.023748561911094437,-0.1623681586587614,0.004378373540874891,0.05452572135727071,0.0815444487109535,0.0659438053836515,0.03214056152095398,-0.013862767948767037,-0.029793072034488756
974,-15.81351527515371,0.3416792711034284,-0.466381368050726,-0.15383312896813583,-0.07068737529280472,-0.11935257403098154,0.0903737263603655,0.19999999999999996,0.1316555318442567,-0.03126989048685627,-0.08717014953453461,-0.1156576234820648,-0.012018378195183104,0.016171624143934252,0.03177130352760168,0.01841267099676614,-0.007954366211227762,-0.017877873954448738,-0.01706342602467874
975,-2.1250440857798516,0.30488331892826276,-0.5158663365253641,0.12581285975380246,-0.15835854036236408,0.057303562245242766,0.038065735360380194,0.19999999999999996,-0.18851769253943293,-0.01863605750027,0.12827439240831484,0.08503115983019278,-0.0007441145597215325,0.019846156588037626,0.05116540556127635,-0.011990827381677222,-0.014035429861566773,0.02750276586298822,0.04031951542692414
976,-18.426615964389295,0.3108884327283204,-0.5073954365149199,-0.08613972956534267,0.06229522462454953,0.06625411894826223,-0.15769348524751783,0.19999999999999996,0.08952937689435879,0.052892183990280894,-0.1390242683560261,-0.146171612373662,0.0015711495801252779,-0.01228025475157812,0.028896818439387035,0.010083486176222504,-0.004253733820553308,-0.02668800322027531,-0.015160374325255443
977,-10.465602110619429,0.3108164073753961,-0.5074960637304547,0.13678332362735982,-0.14057059647688194,0.12209224847907814,-0.0879413027686889,0.19999999999999996,-0.16068685434511512,0.027428100612120667,-0.07518668080536729,-0.04931089288538823,0.012406694645124535,-0.003838452870041195,0.02454251828698362,-0.017944955867504827,-0.0019408982743724813,-0.01292744865862113,-0.009400117544718053
978,-15.336460337657467,0.32160220397579947,-0.4926809836448297,-0.16522281777596862,0.007307451591328346,-0.0364483441060266,0.02540115790004406,0.19999999999999984,0.027987662485358958,-0.1467424490301876,-0.23024363042982915,0.16064648668125678,0.017438548098974212,-0.016137416116830484,-0.035175390656378376,-0.0018263595316203613,0.019269853130407428,0.0,0.0
979,-19.377925615425838,0.3163353500432152,-0.49985227355733886,0.05656388837120378,-0.09570922597124752,-0.16696156420906585,0.0013720864843923077,0.19999999999999996,-0.14100118606113562,0.1511020528135547,0.04748690603532035,-0.13980309005407984,-0.021777136043196504,0.0014384830837172336,0.02644032343979876,-0.007985711002250526,0.01040933305181347,0.00740936430722427,-0.017705281331454742
980,-5.403572572378925,0.30021067415730335,-0.5225738702366461,0.14013698439086789,-0.012801916256126035,0.09059446937229056,-0.07809071914893412,0.19999999999999996,-0.10650860087792756,-0.08389298296501863,0.16952110940485052,0.11845321758398476,-0.017935093648238195,0.012795996959457458,0.04218063339346681,0.027470649817296904,0.0,0.0,0.0
981,-7.734623959992458,0.31053730913281474,-0.5078862145627214,-0.15092215477845652,0.12755250025468629,-0.06733196408373032,-0.04750370410799527,0.19999999999999996,0.1021470845886772,0.07365673318706466,0.14238049484227802,-0.08850536415711169,-0.013127666416369603,0.008106099090568737,0.03928190979171974,0.029208454690576712,0.029308775077088206,0.02114474762742872,-0.006249828115571163
982,-0.6361870290603662,0.24384183232497839,-0.6128917868659312,0.06079039620518863,0.11572959820650931,-0.11067290826563718,0.10447436009970983,0.19999999999999973,-0.13571858017734548,0.09178059086723672,-0.14883106840087748,0.032002497777495545,0.002841296827692695,0.029143259002221443,0.0692793015708925,0.016432982317466704,0.01631063827537185,-0.021285296088309386,-0.00997288511785248
983,-7.503684707570839,0.3364664361855373,-0.4730582518157054,0.10322522543415817,-0.10361330269436944,-0.07152849114265723,0.03258450664549745,0.20000000000000007,-0.12187503358138893,-0.12718021122195566,0.1280931565251423,0.11190007275483078,-0.01649350038124628,0.006454407226005617,0.03273788899456064,-0.013159718887186547,-0.022925568312378828,0.017536900916560526,0.026471814766701872
984,-12.581351068634653,0.2951058772687986,-0.5300221410930919,0.025270737022399393,-0.07197404902107253,-0.12375192938586199,-0.21792412975854064,0.2999878614540701,-0.05292835311138452,-0.08963245291781481,0.09128806369482068,0.02724242363403533,-0.027314116354424947,-0.018528577398277585,0.039843093543472055,-0.009150855251722765,-0.01038266620995606,0.012326192442617841,0.005021303617192436
985,-13.715479976441893,0.3153630077787381,-0.5011892509556788,-0.07551452391074348,0.0976010515926439,0.13675475843893511,0.07768066806390941,0.19999999999999996,-0.039141055270163184,0.06206436294814911,-0.1418065479994375,0.16943703177601827,0.023157470222036493,0.017379377631035947,0.02647724775618272,-0.0003246609562562077,0.002692811545670415,-0.01454708989449269,0.019657386454651486
986,-2.0526864239843654,0.2677182368193604,-0.5723220439036485,-0.08507153399154148,-0.09707629600904852,-0.11258355821248575,0.14539435024377922,0.19999999999999996,0.12447491609817893,-0.10700715545103219,0.04466806754603392,0.08372412244790005,-0.02218881324564993,0.046544623810097614,0.07249520962003149,0.03873492924825069,0.001866177392439166,0.024418193372134266,0.028079017701748626
987,-19.79412775759623,0.3194774560645347,-0.4955597824264123,-0.03059036443297813,0.1683937033093423,-0.08536486840563207,0.11143841533323276,0.19999999999999996,-0.009495430746447615,0.1594299257466584,0.05350125261357083,-0.18178603941213797,0.014487935192518907,-0.0037803325796337064,-0.02671187254428324,0.0,0.0,0.0,0.0
988,-5.903774235961423,0.3082144915010084,-0.5111469456598913,-0.14185254077700238,0.14635416380194172,-0.052064942488669094,0.1470898123736879,0.19999999999999996,-0.028124190876325773,0.09579014517804381,-0.07904218462016029,0.10968201988416915,0.004519426848249593,0.02885594443800033,0.05146466437061477,0.024306679133236413,0.022997316533947244,0.0029285263742984667,0.019075804668082504
989,-5.664692506458165,0.294124531835206,-0.5314687510919053,-0.10514899056599282,-0.07372095973241762,0.16132377360622946,0.14305169794315062,0.20000000000000007,0.0358773410620412,-0.19350556944547503,-0.05020429366406969,0.03716737398062347,0.02078693055874713,0.04477526644923706,0.058154383206113776,0.032015285867321185,-0.021648242624000214,-0.022716667021090996,-0.0009681815123957756
990,-19.23735052436216,0.32153017862287525,-0.49277825821631527,-0.14023065455717834,-0.2248015887818009,-0.06771129593619034,-0.08090262458666245,0.20000000000000018,0.07195951786257464,-0.08415872328058054,-0.0187700007417012,0.11146559425331154,-0.0034771088734555948,0.003455802354954823,0.031509464186867744,0.00613414255296594,-0.014747349576640516,-0.0013956969705211195,0.014276462468755033
991,-19.319256148551233,0.33883426966292135,-0.47001267162102617,-0.1184900464514381,0.16093758822845622,0.0036936018158725543,-0.11815868674662607,0.19999999999999996,0.08488201612904414,-0.15550000696029262,0.14793174097194892,0.010406312696321397,-0.006152575408478734,-0.007640571075375167,0.02770770828459286,0.0005105835331227248,-0.017441593737277824,0.018016016036260688,-0.0004549774211165223
992,-4.504356657573679,0.3014891241717084,-0.5207283498502173,-0.12523155749319878,0.038840430410730466,0.09834092332307486,0.18993112998059528,0.20000000000000018,0.09003451138963511,-0.10487282002168717,-0.00932783260777192,-0.14342079477330635,0.022908163418934657,0.05478315677484587,0.0717094875406954,0.05415880191152308,0.007489674253736818,-0.005390189560016153,-0.026190084837641226
993,-3.6539075211132683,0.30330776433304524,-0.5181164721033257,-0.18192840748413172,0.040686729433218306,0.07441299962492527,-0.1723391826874372,0.19999999999999996,0.01575734047761865,0.013463368685779705,0.17854326875199183,-0.12286870285489739,-9.513858212186602e-05,-0.009833396928889116,-0.041099582207152936,-0.006846173487674677,0.0035379593247445718,-0.024634456442137694,0.03030179239486393
994,-5.849494834834147,0.2988872082973207,-0.5244926713935218,-0.13483109541990682,-0.008771054271143141,0.1516819376729157,-0.05327135384767821,0.19999999999999996,0.10916412544311768,0.09170735863686429,-0.08171380141169023,-0.168859273296684,0.020674953866456184,0.014318243902130911,0.048014432602006496,0.03993597832587544,0.02111194163221888,-0.02088345792548021,-0.029550921472666476
995,-15.771147724420214,0.31625432152117544,-0.49996353127074444,0.046769370760128236,-0.14077779177165264,0.1310681319902028,-0.0999311112067959,0.19999999999999996,-0.17227068860816822,0.03554416586722632,0.10387019986833332,0.06976853992749253,-0.004598916566855044,0.018609260632276657,-0.022469168835198058,0.009363092622443909,0.016110965894711976,0.008370678315572366,0.0
996,-13.29654874327576,0.3275082829155863,-0.48477771191939006,0.1779788069135069,0.1252995537888977,-0.08790328931234864,-0.09499161961410432,0.20910019205842156,0.06305224331495518,-0.08612060798417344,-0.13431957839650221,-0.021234108617090106,-0.017088305639777805,-0.0053915584018357264,0.03225401183032884,0.006398760745990519,-0.01821892544299153,-0.019987437193568894,-0.0018113513166140359
997,-6.631391080724336,0.26448609910688564,-0.5775971487320815,-0.19828650017597274,-0.12583187670638785,-0.25625827258608885,0.044400838592890686,0.19999999999999996,-0.051957590093710745,-0.01013860435054025,0.06520499766614836,0.04792131982826049,-0.038164742385509515,-0.0477734901400582,-0.06353049714561862,-0.020281104818477565,0.026261732319655832,0.004160706010001353,-0.004527965109662037
998,-13.797640991030075,0.33236099106885625,-0.47838995467643025,-0.09559114847559044,-0.17274736763431559,0.008777450496177541,0.11357761796792894,0.19999999999999996,-0.12376050375946916,-0.18245969105806797,-0.06744078661230136,0.03564543399614903,0.029926876377846544,-0.003254931501178234,-0.03279095360978542,-0.019700638781005517,0.0021469194390321073,0.0048649438711138365,0.0
999,-17.872845568083182,0.34606381446269086,-0.4608438095494553,0.22361771698123786,0.04200723777209568,0.12660791096554858,0.0030854241842804097,0.19999999999999984,0.11687953463119406,0.10253572839234112,0.04459729516355438,0.14066915190974802,6.477210076491071e-05,0.006297807635476264,0.028798058794197355,0.006108791861226377,0.010997635198773196,0.0015640015529495707,0.024828632235309567
