sample_id,ctle_dc,ctle_dc2,mlse_ber,log10_ber,ffe_tap_0,ffe_tap_1,ffe_tap_2,ffe_tap_3,ffe_tap_4,ffe_tap_5,ffe_tap_6,ffe_tap_7,ffe_tap_8,tx_fir_0,tx_fir_1,tx_fir_2,tx_fir_3,tx_fir_4,tx_fir_5,tx_fir_6
0,3.6971797159183106,1.263874035155261,0.008958153269951023,-2.0477815112455926,0.28836781318543325,-0.05713166353192564,-0.052757579375973425,0.20379078959128216,1.0,-0.06752825320436631,0.11220731329450895,-0.17902834191059708,0.12156418070841692,0.018568637834237137,0.12177835032655292,0.2580104619454524,0.15184611345713492,0.09229134633511744,0.03256570371037664,0.048802253554145796
1,1.5054309220700186,0.9609208390021948,0.0037633246902909825,-2.4244283102162827,-0.18041123940726975,-0.24627802949665456,0.12790684046397582,-0.12894682848398123,1.0,0.09376697574035175,0.05903182838346459,0.1759336245638953,-0.006019145176831253,-0.018759294062080135,0.03524191460281986,0.17782636521787162,0.11500720278582069,0.08133231413664187,0.07051426831296072,0.04357167940775044
2,0.6096142762698311,0.09579237761689385,0.0005221838087006626,-3.282176598428381,-0.0365274263220256,0.013993642209561074,0.05700879059268149,-0.15146793633639666,1.0,0.24336648495087787,-0.2676583916123556,0.07575998369888186,-0.21721314112973616,-0.00035908011615040804,0.05898881536478006,0.172833261217267,0.09262008540954476,0.018313474094002323,0.004640333967316047,-0.01897804138499175
3,4.919432726627373,4.548325465013294,0.0009093200806683953,-3.0412832182086755,0.06217657135322765,0.09930974708026975,0.09020225239255852,-0.01631113791181048,1.0,-0.2938408667433827,-0.0051568414077252985,-0.29163897645160064,-0.13784271147786778,0.05501524407714741,0.11760468074566438,0.28658075500774977,0.13649008341704844,0.058220954426646244,-0.03294290197887969,-0.04256894649269664
4,0.7382937612400626,0.34215061879097675,0.0581964851627773,-1.2351032442247882,-0.2752311455756617,-0.26964980345881734,-0.28581007953060067,-0.13809370999241458,1.0,0.10055032205958145,0.034558570692750964,0.10848375648629094,-0.2559864984311791,-0.07498927341347207,0.013050453651645874,0.11723399318413937,0.06687686447738024,0.04134670598642861,0.01489141311500731,-0.016949300138321733
5,2.217150507504681,0.35971367481616007,0.0014405070584845865,-2.841484609335393,-0.20495997246074252,-0.0918022086809253,0.09936392268674933,-0.1657994552569776,1.0,-0.1658115496135879,0.1665657812906934,0.07936232526733852,0.06072937764121413,-0.012111151238074162,0.033815192846938916,0.16922523478888973,0.07877209074678508,0.07161570725339385,0.05558958360039236,0.04514766260031574
6,1.34492295541358,0.1389082065269191,0.005807044079515989,-2.23604487735605,-0.16520052088853715,-0.16664132886184294,0.07963042916805559,-0.06532949965722479,1.0,0.16930958450399985,-0.2962660738201974,-0.23236776214822363,-0.17859118502941876,-0.011091390153389726,0.04112882785594268,0.15888369677005437,0.08902661838206988,-0.006016947533098765,-0.04400154028077354,-0.041752617878306475
7,3.053607419619147,0.890540254477234,0.031619129933736674,-1.500050084757253,0.29153562459815413,-0.030722558593117386,-0.26185602092198046,0.12772981815424034,1.0,0.2582825091774933,-0.07838441516760658,0.14631192187266995,0.06790142504558191,-0.024385696029373165,0.09072109609917282,0.22337160739525908,0.1545115160484965,0.08400078317424077,0.07664310737149779,0.05952628204174907
8,0.322096820552416,3.7062473880622413,0.02161660904638433,-1.6652124319342907,0.24820070593790178,0.215578083941568,-0.0584442061153998,-0.1713500918759723,1.0,-0.03390681362194015,0.23007298564176726,-0.04221670780517892,0.19666143683092463,0.017066082024935078,0.04685587662071484,0.15970424383775428,0.10410571779369689,0.09382699011623408,0.06736043187071447,0.07645349520366565
9,1.9997049852446986,4.500095255838627,0.0008823105733218093,-3.054378516298823,-0.06244569363081393,0.0657911038874767,0.21226615311732772,-0.11291430636782891,1.0,-0.15099045362674435,-0.06528908477793567,-0.11740854378316604,0.17217370502420512,0.04386434593388356,0.0790079829652386,0.21331029359731127,0.10780262214375218,0.051243587400673016,0.030591781748991645,0.06197145383670527
10,4.329759022594616,4.31274349400864,0.005041774704696053,-2.2974165649851175,-0.15057257420721226,0.28749008785985675,-0.2973797609884378,-0.20309075291320433,1.0,0.23556637472881026,-0.1580150670567477,-0.08833480845064315,0.13101832753144643,-0.05553486917255536,0.06912208625899638,0.19415096206830976,0.1237297462019292,0.04503204464186319,0.04032263540941265,0.052058681352331104
11,2.348919767400562,4.928431727898244,0.001836646499567848,-2.7359744245654194,-0.048136732886950064,-0.07116070900943858,0.22670821301275476,0.07602623412931746,1.0,-0.09005303183488175,-0.053956984285227716,0.03247244414104944,-0.02601583888678527,0.05278937522678559,0.1391141924154209,0.3009912656460537,0.17504532598581077,0.10739363843279207,0.08403366858693256,0.0666642652400446
12,2.1997414925806935,3.321030888569556,0.008598026505329877,-2.0656012204075718,0.13992477060932615,-0.06829495398046645,-0.10742533329634198,0.0202752577793488,1.0,0.10198751574784144,0.026251802754226606,0.13820104163630012,0.19915664274334025,-0.0175728488750026,0.09528820666923192,0.24384470569924224,0.16229013917638402,0.11732855919894805,0.12116382257160707,0.11963249842999658
13,4.298043161931874,0.3097931750001939,0.0076526937481993665,-2.1161856662770253,-0.042651177890561054,0.15002246396448696,0.019025681658089908,-0.11050406094136046,1.0,0.13962272535255557,0.2999931588386911,0.15241243223602757,0.15015530896891713,0.014046712769706147,0.08624987652241417,0.25004831695801105,0.19688223366385257,0.17683890329432025,0.14125205936683802,0.11244213180759792
14,2.9739027213492375,1.4674459698002993,0.0007382598674733506,-3.1317907396076015,0.1405540025007486,-0.2545472120983064,0.1911186520635075,-0.2668715184157128,1.0,-0.06914204682031712,-0.03878009269892756,-0.23259947069920275,-0.12225620172074143,0.0009350277555279769,0.022648180445947824,0.1648204238682386,0.08557316695963477,0.026144857438191213,-0.02988083732414973,-0.031116941808475743
15,0.49068251346428277,0.09307838127020586,0.0007202535292422932,-3.1425146049993744,0.006352112422741696,-0.0641688482315519,0.1628579252733004,0.13273378915693831,1.0,-0.04143257272234063,-0.03950167202791194,0.0800156298648483,-0.27259782679040756,0.03199278536341729,0.0906711917470531,0.2093149549698993,0.1084364454861966,0.05268050835059483,0.027887168909980532,-0.022794347435714308
16,4.716707152767944,2.3976177515123256,0.00189066551426102,-2.7233852972573986,-0.04113232228378677,0.10292519644645871,0.1607309358027315,-0.27781122376685286,1.0,0.10483354425918252,0.04308872331484126,0.09575106307706029,-0.1781424754416193,0.02995211174594882,0.06746548021880425,0.25824285562001786,0.18503500887617189,0.1277743172029632,0.07948594324980819,0.022816239359676218
17,1.5202708068343629,4.680628479951357,0.006239196197061365,-2.204871357379511,-0.11288727535144201,0.2836454828612305,0.21682321047282974,-0.15478081307101468,1.0,0.15835061765472538,-0.15391347318581772,-0.21493052911800092,0.06300228733078324,0.050435946281782114,0.08587846491264148,0.1937341665083318,0.12816322664115667,0.04939277348435688,0.01775631147379889,0.033627195552483787
18,2.2656330259716273,2.596843848710193,0.0031511091904350332,-2.5015365476410425,0.10533276225273647,-0.07736803399190938,-0.006155657508115941,0.17180522128445072,1.0,0.12786839627036667,0.02590150162104965,-0.10481209731866212,0.038371659999581496,0.012519617699387739,0.12767604850410283,0.2945136167292874,0.20596260395076293,0.11890180512889194,0.05814302782626451,0.055386530394163275
19,3.582008913335714,2.24922419081775,0.0071035004321521175,-2.1485275887818975,0.0984189560548399,-0.2151722911725017,-0.18543682737972347,-0.25584933380163744,1.0,0.26875401470501264,-0.15815378049244733,-0.26597981483745625,-0.13736236861225123,-0.0672122523147291,-0.020414305051416608,0.1542098452816231,0.12839164084293017,0.03352327700481225,-0.032041876523319884,-0.036319617742465386
20,1.5121954187384288,2.7837341751709483,0.0034031979256698357,-2.4681127921540926,0.28206677854852763,-0.2348915479278183,-0.23505022235586068,-0.19804316925076534,1.0,-0.2859041808863125,0.24113110319100037,-0.27363954666533596,-0.06590329760208387,-0.0482412280696374,0.01395642016791616,0.09561519961850613,0.03501552062615092,0.028712103910920408,-0.01547493770259567,-0.010737217925703353
21,2.707681093622484,0.5965060545154377,0.007643690579083837,-2.1166969017473654,-0.05630827873069287,-0.11117433498276626,0.224640067304502,-0.28284123735785466,1.0,0.23348537786111523,0.20977830479882537,0.28316068267453276,-0.1395371261410951,0.009713153637642307,0.023336254733446346,0.16250226417270286,0.13815552674867623,0.11990297605942588,0.09676682068145091,0.039834173939989934
22,1.7534150622207973,0.1872352564906231,0.0005221838087006626,-3.282176598428381,0.15710971539246574,-0.07814657521360548,-0.06769885926382908,-0.09688668697711413,1.0,-0.18398593386806464,-0.1595774425287936,0.1376925421525841,-0.18736655941269806,-0.0177323138551644,0.060428176361334934,0.1577248134245088,0.040332515052792894,0.009553888599537656,0.010595197159685894,-0.01590643695341172
23,1.2574554080400577,1.3172271400080857,0.0005942091616248919,-3.2260606564494494,0.12115789812088082,-0.24372573429579486,-0.02338986957364294,-0.15107881276597032,1.0,-0.10797990696648008,-0.2996413082746839,-0.12644021448046658,0.0165645709652243,-0.03012055707475419,0.044017533908965394,0.14807530784931544,0.035478905382247766,-0.030317117080415207,-0.029331181640528142,-0.007634012170484758
24,3.989064539891482,3.371435294784066,0.008210890233362144,-2.0856097536629017,0.13595117141553517,-0.18023904512649752,-0.12516979222258992,0.019040769122820333,1.0,0.19991819525378995,0.007839678313867138,-0.05688093214720162,0.08267622852921787,-0.05037058831941618,0.05983996188890983,0.28586218405898833,0.234027137620685,0.13994119924390988,0.08310163998939381,0.08210280832936429
25,3.3923336028576117,1.6635139158406087,0.0011163929703255546,-2.952182906829083,0.007904420692326063,-0.1955602471895257,0.27766383093537705,-0.0735743518688854,1.0,-0.06877099870889926,0.011776195715927007,0.21755502937097285,-0.15093158342395624,0.033743584461763385,0.08249953467357281,0.2316100547215619,0.12905782341880387,0.09046205526896231,0.0841256034533439,0.030800688621573244
26,2.5422112748408363,4.532447129959159,0.006932440218957073,-2.1591138668188363,-0.07744385197325783,-0.2093473992571369,0.1529068995978228,-0.11164316157989135,1.0,-0.10617629114174622,0.2669503404831794,-0.20228541602470135,0.25885391598144236,-0.008748228965208538,0.037819784610785875,0.1676347878411285,0.10846103718012028,0.09648855738021439,0.04990699811840643,0.07902177501278056
27,1.5578124876444135,4.542872170932944,0.013558772687986172,-1.8677796201266361,-0.22891661862274926,0.1961476075587193,-0.09691601457978817,0.008522656855166665,1.0,-0.14900421435803984,-0.09101808913704963,-0.29709539732908563,-0.10785135787110667,-0.010600430998764876,0.05551896866347987,0.17428879748029263,0.08201261040716079,0.0190240464050271,-0.034499600816991376,-0.02891739522661917
28,1.333690617628206,1.1347458202427407,0.00094533275713051,-3.02441529292138,0.18778695748139618,0.10704555047712105,-0.02407102346133133,-0.24337481627274965,1.0,-0.09347136979552284,0.03227512127228902,0.11818522376402171,-0.27791208424153785,-0.008808373087941558,0.09180700867724059,0.13582408617436081,0.06319315626228404,0.0502778733085381,0.008865516275982099,-0.015838482837079837
29,0.2180513061480717,4.300893791810011,0.014188994526073178,-1.8480483788377815,-0.26155003756613654,-0.03991558855993955,0.17822254743929458,0.248070266057526,1.0,-0.2648530724854793,0.02072920405682168,-0.20489387120417596,-0.04374060776408207,0.030056787347281955,0.11397433481011322,0.15942580065493756,0.06069357826969787,0.030688065533115007,-0.0007007013705499792,0.005800083147363083
30,3.2268338417062474,4.074650578972615,0.07128709305675598,-1.146989094575132,-0.2603336989063734,-0.22144036566252392,-0.1270608204107843,-0.13935426686105712,1.0,0.019842728356763262,-0.268038839809678,0.11868447315116992,-0.2782918689813711,-0.0815631024076104,0.00734486511755034,0.14899678912311562,0.06821580349832099,0.00656790266245005,-0.0011131908815404168,-0.03639521881926734
31,3.249257808813572,3.6501278551832117,0.017232065687121868,-1.763662658550493,-0.09044336318220712,0.20357493318942152,0.10613022901784132,0.27378974645696547,1.0,-0.014209917734947862,-0.14319824866932376,-0.11141383922391809,0.0906942769963632,0.06481510939837222,0.14929289269889534,0.29321573564571923,0.1961515847377054,0.0879501341858639,0.04327039085913378,0.058127126263702034
32,4.135917705926831,2.744279610964544,0.0030880870066263325,-2.5103104719485474,0.13232509559413852,0.012455726871509976,0.29240149163849855,0.130939369563051,1.0,-0.0026545681466320745,-0.290295776202168,-0.0830413175483841,-0.2221598166828197,0.09850093943642531,0.1786244623739863,0.2878767057586839,0.14713110468209456,0.031259556097202906,-0.008508202043311203,-0.029392746224264542
33,1.9497887669529412,2.6876601504432482,0.016331748775569,-1.7869673092672416,-0.0032204679486931066,0.12443927862206229,0.2823915605613544,-0.07345821572049778,1.0,0.020660369148809508,0.24521568607783747,0.24147147127553104,0.07448228531151854,0.06796627227622512,0.09505357561996004,0.21872628527405805,0.15318022056244873,0.1486649389166864,0.13763082099341106,0.105569154627792
34,0.06352481026160423,3.514762377006089,0.0023768366464995676,-2.624000665121487,0.02905877762098865,0.19111233592622726,0.1632597347471745,-0.0880781046013399,1.0,-0.04223478723138888,-0.19493853445169493,0.037816191881154766,0.20842398499384826,0.04398663655971057,0.09523389516928141,0.1818061719183561,0.08010278507092826,0.03208592145658111,0.05042292166561735,0.06729827980648988
35,3.2837696169610613,0.7885010163961935,0.036813958513396715,-1.433987481436982,0.27581515028999276,0.2888486126087721,0.1930305148165583,0.17022827084578981,1.0,-0.08683979554589438,-0.07215678953265393,-0.10702917701700194,0.08196022658504643,0.10332609327500879,0.15076780608737853,0.24563207374209584,0.12735586502840465,0.05248594500133387,0.02169162455269261,0.03501047472966316
36,1.7041659056041794,3.865254083631596,0.008471982137712475,-2.072014968564061,0.12122062912929303,0.02966407992344968,-0.10713513106977006,-0.05522631270357322,1.0,0.1255026410144878,0.10427441750976289,0.2907677035751574,-0.0068013694239925865,-0.011733304625465341,0.05756428726761473,0.22483698840201952,0.17088330775400368,0.14615468900639006,0.14716685178405478,0.10218179803026382
37,0.9740417004430564,2.2556757857283065,0.0013324690290982427,-2.8753428765963607,-0.2180287596441212,0.23031883951772691,0.10429074239466837,-0.11769433199406129,1.0,0.13855271650541248,-0.17314433501176266,-0.2819808382390127,0.05686862878884038,0.020930495957438296,0.05164133524472999,0.16487046355549903,0.1021403346693624,0.020871282034542457,-0.017841729588514564,0.005582452484757915
38,2.2697038035569577,0.290373665802023,0.0005221838087006626,-3.282176598428381,0.11563410208042413,-0.10768084199605155,0.15666590955182721,-0.12104381086923736,1.0,-0.11951290784204424,-0.052195989463477296,0.08318467192919894,0.03301464160199885,0.020876280716806205,0.0894207594556904,0.20873678135117799,0.08245961526443836,0.04346927639401636,0.04243655273242568,0.03562345766648558
39,0.048853629795503624,3.1063942146823305,0.01552146355517142,-1.809067330502624,0.28060887783480265,0.02576342349649945,-0.16187647739999075,-0.02000582890953161,1.0,-0.29100369080576655,0.1891637046114475,0.26105238014664106,-0.07268860770760321,-0.007819577953501461,0.04786749189766887,0.13394943982370291,0.05096009810921654,0.06935423717001071,0.07130726111465503,0.03911685358970461
40,4.667233951170322,2.3750022381738143,0.005140809564966868,-2.28896848374547,0.07550942178256727,-0.18417553256865468,0.10956561178937052,-0.03603317652329883,1.0,0.27870088960264877,-0.21566376000729234,0.022714827468640796,0.2625489310261017,0.0057501201198006,0.09617203608913116,0.27318717344290433,0.1952834526743055,0.0771724958389211,0.0778002567357914,0.10817874204336245
41,3.1695044894319673,3.625223404432173,0.022399884759435322,-1.649754215972537,-0.18199970542083194,-0.20449503750466763,-0.17402713221809524,-0.04226911001966897,1.0,0.21809130014903866,-0.13837224841741236,-0.015942906562549986,0.0033669696177923256,-0.08909515714911526,0.03544543060241427,0.21809589717746203,0.15218390671589582,0.06128340066669404,0.036168664825761115,0.03173836639155963
42,1.4923569201496167,2.520497590365896,0.0035112359550561797,-2.4545399849648186,-0.044896880711798245,0.10348915118685162,0.26009837104976136,0.15058450262489567,1.0,-0.0325817775532943,-0.2324404445432578,-0.2589715658461882,0.007245177347123088,0.06866527233076912,0.12613997056648787,0.22223166828321544,0.11143692912844473,0.016437006300490796,-0.022322371947199025,-0.0002323554309284335
43,4.903137029679177,4.8034249703885585,0.010569720541630655,-1.9759364950797222,-0.07707833862905168,-0.1769316325197313,-0.08810943623519359,-0.21505139406559662,1.0,0.16168795461013588,0.17513946536678426,0.19676252289620833,-0.10695135929705789,-0.08108545754212977,-0.023256261109766235,0.20531935594284653,0.19529188217703572,0.1755655374825597,0.14975699505537365,0.08715417066540448
44,2.202363749212522,1.605959227575181,0.009471333909536157,-2.0235888521735976,0.09274466067007145,-0.20884656389773232,-0.15262038632758054,-0.13235791244726067,1.0,-0.17798122762539534,-0.042812971409184386,-0.20399406143546958,-0.1918834630817931,-0.05320214357801325,0.011868541500316241,0.14847060891798156,0.05577491338050727,0.008497009256012185,-0.0386224592134928,-0.04693581679628628
45,4.238039797629146,3.6584089791447303,0.0031871218668971476,-2.49660132996553,0.05968729483452599,0.07773475628659,0.25268712651446984,0.10374806164607327,1.0,-0.13802751630174726,0.1679449400313359,-0.22799400815386622,-0.05803756819273754,0.093522541839994,0.15941883286791927,0.29672040210586587,0.18446786371856544,0.13339764202160917,0.04387538009661519,0.028953918878223555
46,4.6296289025252,4.176229118153882,0.044358614232209735,-1.3530220297164088,-0.2533717239449876,-0.13504353907639952,-0.2759838073360674,0.19850959721024555,1.0,-0.056273405164742274,-0.10430993278337673,-0.002594769946573572,0.026717821677091334,-0.10315466859113068,0.07819387175367053,0.2451640098820315,0.12900095945369056,0.052576582497735586,0.038142650664005955,0.03915185723346876
47,3.6084134272064543,1.318970472758536,0.0005221838087006626,-3.282176598428381,-0.06192121031722222,-0.11414225061884477,0.1382642347421407,-0.22714022838296183,1.0,-0.09548342266373437,-0.16389141138112823,-0.05442837096410442,-0.148683296264111,-0.011484712006039033,0.10796630524656921,0.17935024903654545,0.05454515226766192,-0.0019685003522758567,-0.02648330235030901,-0.026697533763622758
48,0.36856885516719473,1.1235855702489201,0.024479616825122442,-1.6111953844038178,0.2866773650671714,0.2774347114419909,-0.2275764918745227,0.2258048877266048,1.0,0.15508918204971672,0.08267447998675292,-0.12164223980252703,0.21563232213953876,0.011621240505027742,0.06620901611074331,0.15759572072934974,0.11275430904330899,0.06756158977123361,0.03459388040292621,0.04888772050986273
49,0.7240983566638743,3.778718151888483,0.02955740420628061,-1.5293337092619779,-0.11781060065433312,-0.29329438454466034,-0.12319572991695629,0.2138051357544528,1.0,0.2601637703334042,0.1993352566849201,-0.015429425458553947,0.13811219625571772,-0.03378873931547388,0.07419987116555746,0.1726269811394561,0.13743820705189053,0.10272728261902826,0.07292454148013348,0.06875973185905736
50,3.1237646458837065,2.6422103581891614,0.0016025641025641025,-2.795184589682424,0.08317898829345528,-0.07436592086601711,-0.09297631715918857,0.13424891012244505,1.0,-0.12735608253442215,-0.050639961123229146,0.1421056647924767,0.07024878529129643,-0.009827037682111447,0.1288493694992718,0.2585458116033914,0.1198566664062178,0.07649070279734325,0.08714884832867766,0.07661105426901071
51,3.3899632928911,0.9054320664386982,0.03206028522039758,-1.4940326183170642,0.2678783822558781,-0.21745259796331184,-0.020116670375072043,0.0740158165691599,1.0,0.2683997609878495,0.27114810166644254,0.06380583198905944,-0.0803228077700175,-0.0067398967520508855,0.07517748900939174,0.23004731316871294,0.19865767797119568,0.16046890017886806,0.0976582868047481,0.04782868881584592
52,0.8730697377716136,3.1717225962251976,0.006743373667530971,-2.1711227742918515,-0.15205696440707234,0.10098832152804257,0.24985391613028185,-0.2632802521223835,1.0,0.2579640982332405,0.19969052419167652,-0.04708752875427029,0.06000136065822494,0.023747692881437382,0.05328295084422883,0.16753966256802905,0.13729693698872375,0.10129025543040981,0.06150022678247157,0.05402263406505506
53,1.7245852328303088,4.442909239273624,0.024263540766349755,-1.6150458224685604,0.1839937004852502,0.11138837809035473,0.17238364749145094,0.2566077334096241,1.0,-0.10260321829349268,0.023037282702419313,0.22814247350910977,0.1802508746087225,0.07624196193382746,0.14744475276411576,0.23670949352082074,0.14052836886771783,0.11250019846707852,0.12678366776947816,0.12189452512069623
54,4.7806116745680125,1.7014155524316936,0.008733074042062807,-2.058832857725073,-0.2126967399008051,-0.07396679082840854,-0.1565517209192645,0.2403029035007021,1.0,-0.17644247876657063,0.23896552631602372,-0.22301777181475257,0.12687598521490617,-0.04418164809448729,0.08244810682250828,0.22001039718774673,0.12219815522402107,0.09103222369582871,0.02545470992933832,0.040763464547255844
55,2.663533887067463,1.1712667750603734,0.018807620282339385,-1.7256661520110093,0.23625920191974287,-0.12814520189214398,0.07584572200433072,0.24512786891335314,1.0,0.24658660527330772,-0.1677698556854831,0.02301238220090567,-0.023547059262720483,0.033165696803375555,0.12610883626339392,0.2534765778528373,0.17627529361760133,0.07375245020279683,0.046074596002860846,0.03164319363511888
56,2.4640834790376682,3.691151181411845,0.03562554019014693,-1.4482385417252903,0.12357476539963294,0.20812689976378332,0.2097469234845712,0.27490872338985645,1.0,0.12070525528495969,-0.1409010609766054,0.09787112909428808,0.006282567455483589,0.10345722260762452,0.18983567757962264,0.27768084709416674,0.177553309837017,0.10320100642787797,0.09214329337590622,0.07462132804714057
57,1.5828743142529158,0.22914852301102118,0.0007202535292422932,-3.1425146049993744,-0.1279015369449892,-0.06595334366198614,0.10845522824742383,0.23376941172316218,1.0,-0.2525556046550643,0.013048562555128962,-0.1481728656731614,0.2215238628178389,0.022223894269956742,0.10589010851134868,0.1842494303489147,0.06304874506011353,0.024875328153886368,0.007416770421576749,0.04128477303351478
58,1.5095209924758433,2.2174379421705033,0.017295087870930568,-1.7620772271296243,0.03345035491244055,0.29684057668769864,-0.2925314939147688,0.20448043424798956,1.0,-0.020075201301765478,0.19211075032789057,0.18324674802526889,-0.1315016566906829,-0.0022671233742006967,0.09838439091135907,0.17749008210736433,0.11000633445769503,0.10017767111113478,0.07517961490392816,0.03438858268588327
59,3.1175454851311435,0.7209491057258549,0.016493805819648516,-1.7826791226594865,-0.2144782381375512,-0.22723446219847707,-0.1491922605217262,0.25422045684253264,1.0,0.004797805663112075,0.01491659336801978,0.17738908996029032,0.28540986906807925,-0.04045698128254585,0.096591056759248,0.19806960293543058,0.10709615232425711,0.0720111737172359,0.08953794294564998,0.09588866166125229
60,3.2681689662425155,2.8913997782511816,0.005203831748775569,-2.2836767535707887,0.08775674823791166,-0.0560284297689552,-0.20097099836158921,-0.1238162087840155,1.0,0.13651103663293518,0.1530653984487786,0.13623995956852142,-0.2826342312213551,-0.051280701153767656,0.014850049544541912,0.19433070449219725,0.15845546823898815,0.12870848884848235,0.08409875578138135,0.00976643154387321
61,1.9646903255628392,2.1848976325992857,0.0020257130509939497,-2.6934220738799555,0.19183406885927662,0.16600376927715524,-0.14969094453501167,0.29610462657557046,1.0,-0.2976864684736464,-0.24952012604923135,-0.2018249950613806,0.21949605214160609,0.017720619502296617,0.09452750310161616,0.16122793112586628,0.048254138294796134,-0.01113025718261214,-0.014619781105512509,0.024964213964459844
62,4.608611345724656,3.300494850532536,0.007256554307116105,-2.1392695501862273,-0.29543320293825875,0.08415309007745497,0.051604337949151535,-0.1342394920368581,1.0,0.17880662490627786,-0.20952347280065822,-0.254338104645168,0.02847455421830647,-0.011190007482133418,0.03915288821959104,0.23057242477679624,0.174876914548709,0.045531344266807286,-0.02263851705160332,-0.0009926371559365926
63,3.868065698293121,3.1928363586298607,0.03790334197637568,-1.4213224961556497,-0.15177741050016597,0.20285322507281478,0.17668890878183963,-0.03371181070239204,1.0,0.0656853904583058,-0.17073278468733435,0.29199740831139975,0.26558602254110647,0.052386594383425154,0.11187686925998469,0.23433469499210796,0.14118337178044496,0.08544900839001073,0.12840612490421258,0.1340536085579834
64,0.24830678150158902,1.1924259817771785,0.004420556035724575,-2.3545230998683495,-0.18262182944054292,0.205559738522368,-0.109514689112947,-0.052270360545132385,1.0,-0.0013865693320125883,-0.28285743759138743,-0.13290135003748188,-0.01695438880263491,-0.011175023739777195,0.04837059004593409,0.1632893389734593,0.0678757176547877,-0.011453757630022857,-0.022455084250648523,-0.007774767630410397
65,4.611024199372792,3.88400764983063,0.007913785652549698,-2.101615716917546,0.06917959333273398,0.21753130953558486,0.19209851615734327,-0.2868712975090082,1.0,-0.13285583433888956,-0.16870440942702283,0.15634399659865678,0.07791031690466432,0.04679228497064431,0.12969184104812648,0.20359541666348485,0.08354638719713663,0.05663236889069714,0.0782008421119264,0.07174183035280661
66,4.004259094857472,3.051480145122172,0.005726015557476232,-2.242147476342904,0.036817552484773516,-0.15596596726865156,-0.18275627810458187,-0.2733254434773707,1.0,0.07789742191843631,0.2580847082557075,-0.16134222948179286,-0.029399623011020025,-0.08547340450627307,-0.0058106126041837305,0.18206875895218697,0.14606314108140553,0.11420940889430439,0.036988122951118585,0.023993458191653768
67,3.4121640827167177,4.439086553842003,0.00756266205704408,-2.121325305929436,-0.29674104638340887,-0.04697246157888688,0.009000725988821134,-0.10071026430303619,1.0,-0.252778563852124,-0.026817710727876507,0.25052541037191434,-0.2539490749788391,-0.03974433618221104,0.004886149702877588,0.16714583522870002,0.07966220967494869,0.04673173478090265,0.06290591992289653,0.006620454730720269
68,1.7881200921960627,0.8711478584076376,0.0407663497551138,-1.389698173811103,0.22227984999934566,0.29303940628869335,-0.2904053006343,0.05326401602504997,1.0,0.02470963792051448,0.19399701226128632,0.1297738854685484,0.25771223721814657,-0.0057752244391379975,0.07501093660487403,0.16362850195293013,0.10375750485664514,0.0888203021877036,0.08476510305827019,0.08226348360318946
69,2.715866401977476,3.3692515417712126,0.00600511380005762,-2.221478758074769,0.02541463773746646,-0.25226909903963185,0.09052947086493579,-0.09069760281915501,1.0,0.029727280555673127,0.1306411373834145,-0.24952269538482538,0.20982277656175086,-0.016121280027073213,0.06565034567796137,0.20316807405605516,0.13369480691294153,0.07975282853087204,0.029803774942271332,0.06270866841636606
70,1.5339040343535395,2.7138093567285333,0.0378763324690291,-1.4216320799743216,-0.234072411618488,0.1865032522958494,-0.23074663246922503,-0.19166229430958726,1.0,0.22431502592002497,-0.1822684468183243,0.27306240767245754,0.2157648527671873,-0.03758408353937537,0.0038443664416570556,0.1279422940904526,0.09258485206118519,0.04421399372953426,0.06874740085201432,0.07095928406203102
71,4.70336769468359,2.2226116264295306,0.017313094209161627,-1.761625307752838,0.25320158947531946,0.08349762075690632,0.22205560846706462,-0.044670766190765744,1.0,0.046563723049131256,-0.19865555380348607,-0.28756865122012126,0.21806943175280566,0.08360669459932996,0.11385583936262829,0.26000923360150496,0.1651938978105282,0.042872981733310514,-0.010947139377444534,0.0440976302710745
72,1.4038622053939707,1.9562097804968572,0.048374027657735526,-1.315387751422624,0.10184618038070999,-0.2551298917478603,0.22018924717457453,0.08581206764330118,1.0,0.0020690991947609704,0.2651876762720085,-0.04957381998345149,0.15928034086982448,0.026269683146866635,0.08937649212178479,0.1967645240807986,0.1278428047538177,0.10964683167925425,0.06848570441584112,0.07078894993167797
73,2.5390146855570546,2.5539584759173275,0.06076238836070297,-1.2163651638499289,-0.24009377098470855,-0.22021528814477245,0.2687665198895252,-0.014215351313397006,1.0,-0.24781815853524797,0.22209054308231704,-0.16686210616245745,0.10010937852936487,0.009029153789825835,0.060624046244782494,0.1612975681396769,0.07398845206224307,0.06345665875562008,0.021858700691293684,0.03315828172028607
74,3.180548547156184,2.4428969907344626,0.014567127628925381,-1.8366260747150644,0.2660995017876976,0.2186663788887004,0.22234117063087772,-0.23970036991875357,1.0,0.08234754979325609,0.11745314939804787,-0.1164999282483032,-0.14472939810604393,0.06773941227422425,0.08566198816477084,0.20566709527412377,0.1445738355979747,0.09596808937673526,0.03367802627720974,0.010825614289415992
75,1.6898785767753828,3.9163480759869005,0.02078831748775569,-1.6821806590741417,-0.2814781045630246,0.23240325286770963,-0.26227274485590846,0.1573560409798347,1.0,0.29619502249270235,0.028131524137361016,-0.0036992207226164697,0.20732088461472323,-0.027843686946396128,0.057812040031050595,0.18336165969148951,0.15423700606217583,0.09744103720815493,0.07549657780122843,0.08353041228811522
76,4.6372234263310945,0.42094962678342923,0.009930495534428119,-2.003029079551127,0.036086532587520946,-0.03634513620346723,-0.25111421220600166,0.017658538388508414,1.0,-0.0947756469580592,0.18119722206545363,0.25344350340755656,0.2870906149461295,-0.058369004794749754,0.06797886049776193,0.21779232706841484,0.1232145048203314,0.12174699768136435,0.1435524325154411,0.1387966231998944
77,1.978067656529662,4.167861271145524,0.0010173581100547393,-2.992526148507898,0.08122750832737828,-0.2374707636151292,0.0004229413851701169,-0.15325483059992692,1.0,-0.16440142241787356,0.021343989162197284,0.0643142642740719,0.010751176954168473,-0.03988955771231107,0.0510627980729039,0.19443903199830195,0.08477631193143306,0.06408990548107747,0.055680619713796155,0.04595143481645346
78,4.188001966194396,3.4209981652028434,0.001971694036300778,-2.7051604771511997,0.15292372095487375,-0.2330756381042708,0.008263662770910396,-0.03978102733630001,1.0,0.19590460513991473,-0.10750846082359175,-0.022743947803746032,-0.04119551973534852,-0.026479480070839084,0.0642555348424406,0.2933113130289611,0.2308104043181166,0.11511368762860819,0.06331316461040251,0.04289999529029738
79,3.470687041697873,0.30072977191079103,0.006725367329299913,-2.172283990175919,0.23273509329143235,-0.10302420782813677,0.021804709309690938,-0.11852343251792409,1.0,0.16739104956897008,0.021796056403377805,0.10469428975565469,0.25045035367272545,0.00026854168675953554,0.05212467675608882,0.22982699361781941,0.1690147200812922,0.10346912322927222,0.09390960436453298,0.10595323998637766
80,4.978731768246045,1.505020563810178,0.0006392250072025353,-3.1943462432722427,-0.07972157411593721,0.11120485404866096,-0.005967005837135297,-0.09227814916440853,1.0,-0.07413780790252399,-0.08374311559843664,0.25869207137192113,-0.15905188318093263,0.004596286463085592,0.06824747709401192,0.27352280428758513,0.15306246025963643,0.08425323457915296,0.097006283846415,0.03273892377758376
81,0.8134455199253482,4.939317032021248,0.0791738692019591,-1.1014181307076305,-0.17610120228142,0.04439502605943075,-0.26369792537457915,0.037024608349759715,1.0,-0.20643807299265554,-0.2798691906599262,0.11763588590996171,-0.1204608601239334,-0.047183440906356365,0.04992397910042864,0.13557416291762078,0.030363327896478276,-0.006012101282665035,0.007370184358548447,-0.005151372270866354
82,4.9878152787552406,1.7918658387335955,0.026424301354076633,-1.5779964864076848,-0.09121515590891159,-0.28547837028266726,-0.22298842655796083,0.09430091368600187,1.0,-0.012250873553052776,-0.0810054481631743,-0.20537871413240572,-0.032769384161906064,-0.11100051770857666,0.03558133380769628,0.24562122652739518,0.14686585662450005,0.04123090088004297,-0.02817954911148628,-0.020803667931795982
83,2.863951819030248,2.093713542370286,0.003700302506482282,-2.431762770115249,-0.03768323103997062,0.27163393774797306,-0.25661884995001777,0.17379671377092004,1.0,-0.18231773089041464,-0.045770081338595815,-0.09832752667115542,0.2610049748772021,0.00823367189284783,0.1434793426324779,0.1645627800423863,0.0626394428581782,0.023065363561214938,0.041589518836764774,0.05970158984027015
84,3.4846265646090795,1.3100961259261474,0.0038263468740996833,-2.4172156619410066,0.19349625903661766,-0.2948388085668931,-0.1738560690201138,-0.21702238842910818,1.0,-0.15272822158892682,-0.05486689692650263,-0.10871850217201214,0.1482952255205372,-0.07171096487714608,0.010249946891346323,0.14661157639145966,0.052450102176571096,0.009248229975332556,0.000274370833680009,0.02744041430778006
85,1.2015523682624067,4.496207451282876,0.0022778017862287525,-2.6424840708155,-0.10625353252854657,0.1748401374021302,0.002142305141832712,-0.024573774823242578,1.0,-0.040263644222256985,0.019659059733547535,-0.09952004847136885,0.13953649027985676,0.016822970432966884,0.1125137007439192,0.24429289319507758,0.13994806649099337,0.08478546303876776,0.05950321838232759,0.07808180189518119
86,2.8422503438070983,4.846989006582297,0.04547500720253529,-1.3422272234789685,0.03217748507684406,-0.2741193407929958,0.28296511196099217,0.2581290198544075,1.0,0.20306861547095859,-0.04407119198726343,0.015340328238203726,-0.2330394292307455,0.04919528570844693,0.15133524389443564,0.26048963570286454,0.19080168620079369,0.12106490992529235,0.07091534377779278,0.027078012985355168
87,3.9084781471777545,2.80104752656563,0.002854004609622587,-2.5445453297735665,-0.2852230801095323,0.2747930579716254,0.03810623260988786,-0.1627131434041067,1.0,-0.11601579376010725,-0.2786662713265464,0.03468161103355494,0.2033042602534201,0.013328643244747872,0.04387415675731597,0.18618718044083188,0.08498677489274523,0.002353304971326002,0.0202030883531611,0.05652722880976964
88,1.0270928212486137,0.10078859481651581,0.006176174013252665,-2.209280476284566,0.20987725800671256,0.2767194675732397,-0.008080614410869958,-0.007940292076987987,1.0,0.08934097734577486,0.06588683820513508,0.1231817679052221,-0.13473933260790788,0.040839943449203074,0.06881136924163986,0.20317938417106532,0.13756961734755668,0.08935560606578066,0.06280588371126378,0.019161875401976437
89,2.2345355846628223,4.476194969246584,0.017727239988475942,-1.7513588758531997,0.2998981566737373,-0.22978646951755674,-0.20227307902360758,0.11607032264846855,1.0,-0.08782605136890005,0.11823568918442466,0.1751165659929386,-0.24456062643049364,-0.03245620940101488,0.05354897732534818,0.17280774116141026,0.10569764865303478,0.09325496822654122,0.07492119850140734,0.022140623541484338
90,4.2193689092736255,1.5667630651260636,0.03732713915298185,-1.4279752942334758,-0.256040524992374,-0.08617783195195634,0.1907864480649032,-0.0649444474020979,1.0,0.25051220029570925,0.14530424423977414,0.2560513480330114,0.10256679237779111,0.007511751468610659,0.06209858977466086,0.2269633026592841,0.19512021331108784,0.15448815310618247,0.14209480340056513,0.11028407978793785
91,4.03173883368381,0.08611775436483886,0.0031871218668971476,-2.49660132996553,0.07237055893421786,0.2166369867608206,-0.1274704925560699,-0.2924953705824752,1.0,0.2832052899950686,-0.2879858997398304,0.09477845335784914,-0.2976413380607783,-0.011441137384455694,0.0054548065878059875,0.1680950454958486,0.1296456789079192,0.03170301583390596,0.009628090644612298,-0.033637850061812934
92,0.748539430349847,4.3756621764312005,0.008381950446557188,-2.0766549110099755,0.17217090663338838,-0.14485373908734064,0.22151497314627677,0.19513729067930935,1.0,-0.06214959339701017,-0.18277597664232004,0.26635190639250533,-0.08995557994733844,0.04924488046212417,0.12355323587704634,0.18771021431726292,0.09110918124005787,0.06072598819406908,0.07231422670785016,0.04430546608290854
93,2.7577596947939416,2.4772490108858753,0.011776145203111495,-1.9289968480030695,0.04791119014112697,0.04068862420887356,-0.15492145648932792,0.1632719955084768,1.0,0.1371682941036976,0.006237955941745787,0.15511753834297853,0.04886380339876688,-0.013253712348881801,0.10699688839689657,0.2819601753045475,0.2016515757156754,0.13202656745962374,0.11895855063547547,0.09331837114251942
94,0.760313562150361,2.611651694635659,0.007031475079227888,-2.152953558114018,0.2552206380566546,0.08104605643917963,0.13494615237829613,0.29297592962060703,1.0,-0.20593495778998325,-0.15367357769190695,0.06578692643959923,-0.28195540039482064,0.05994790478252948,0.13229186404686621,0.16990756818515376,0.0621741596631282,0.029697505629229955,0.014477530521092446,-0.012607673149961675
95,0.2887734802112203,0.6086756358345438,0.00432152117545376,-2.3643633546157306,-0.07875925511828634,0.1853254780788403,0.11782656104953494,0.024851623781144472,1.0,-0.29968200570324227,0.2991336033514183,-0.012533207613998298,0.2563447015436137,0.031319436300317124,0.08690941049201319,0.13377769976351106,0.053174807742781334,0.0631273704350476,0.050798406547056196,0.060363664435055156
96,3.3136139586199,0.619480706866621,0.021760659752232785,-1.6623279415836676,0.28813902959592685,0.2713696310745907,-0.06963952644986761,0.08096230084413948,1.0,0.12361432508524625,0.14865539077212403,-0.05818596165747157,0.20095092693668698,0.043738748787162114,0.10234619129037033,0.23530794357187168,0.17055753232391027,0.11555407653197841,0.07136204322075604,0.08035749038801866
97,3.1586702847716355,4.899531902638462,0.01309060789397868,-1.883040185468299,-0.110775955381838,-0.2979090163736283,-0.28503568599322204,-0.27957505452228876,1.0,0.06500354010255527,0.055617561236425646,-0.14023950423959677,-0.13512013537357356,-0.1271977884158917,-0.06754459497064828,0.11975154874998324,0.09248967781363891,0.05217328003395368,-0.0015333353811781906,-0.02061283635642929
98,4.049143990807973,0.9405138574237603,0.0077877412849322964,-2.108588484526504,-0.16799658116955588,0.16745450763938882,-0.07582248438981944,-0.1552406277891042,1.0,0.2594541368633621,0.06002380024251792,0.09439758387978549,-0.003915032006909091,-0.017586833565990174,0.03495213283117182,0.24269728256023362,0.20830613163243283,0.13499475816536413,0.09407366973734085,0.0603129748252077
99,4.300016578753972,1.0692977590350896,0.009363295880149813,-2.0285712526925375,-0.10788681262349648,0.09337474842457658,0.2658619093848413,-0.2760635863833241,1.0,0.09752286500517202,0.21916860311912387,0.11890829590522073,0.13319930736822397,0.04087459607000274,0.06573231522965414,0.21401727326339956,0.15994396740730568,0.1369795940877518,0.11007923245468493,0.09279590286074393
100,3.9981845496790402,4.256347251424613,0.042287885335638147,-1.373784031808069,-0.14581861893196202,-0.13783747861246096,-0.1608387090171546,-0.2241456980130473,1.0,0.20111031515609093,-0.14801787821747106,-0.1493765557350465,-0.1884957469483824,-0.08443413630050824,-0.02881318465866888,0.16933816372214494,0.14065993583014086,0.04825327997985764,-0.012244290447362676,-0.03600976479144952
101,3.6773993656501505,2.1413759182789436,0.008805099394987035,-2.0552657372037166,0.22090201460966122,-0.0034799086070148033,0.05235816480817226,0.06691498167161265,1.0,0.05899718590717353,-0.19055317065037478,0.286296571781736,0.1668461977316076,0.046538038960993795,0.18319325987928683,0.24807461672139144,0.1201581249481428,0.08977235490185675,0.12463181192612538,0.10458882792811434
102,4.945653723218284,3.166492149489702,0.004510587726879862,-2.3457668661240723,0.2094322536930938,-0.11662488558567685,0.13890245768505075,-0.06435942414347917,1.0,-0.20449799871564037,0.02210925591565862,0.2403157393201002,0.112690099353433,0.035588782924455026,0.11386894469281349,0.2551286427510364,0.12181041527067539,0.10507800900888489,0.13187538618314706,0.11785185823019535
103,0.16639987472941611,2.1171854824542193,0.11082000864304235,-0.9553818203047428,0.2572314543209811,-0.17511593476050646,0.17594731975447456,0.2664278741019271,1.0,0.01127420970362165,0.057105878460557036,0.04309729127001,0.2830775529995307,0.0454331246678958,0.12348062288757837,0.17794477489181426,0.09820408563205449,0.06920936048928605,0.06927801042634378,0.07856594106434871
104,2.3628484239965095,2.5368832990569343,0.003637280322673581,-2.439223226880713,0.09267248289628228,0.006999753023055999,-0.055696655321502926,0.007901127085736936,1.0,0.23249407006639722,-0.21129796405280155,-0.21635934295417772,-0.2903334454267632,-0.0007545152964341075,0.08809627465340714,0.2223107868616695,0.14275587223657749,0.031967689261000166,-0.03311429823256544,-0.05156129350680031
105,4.178644802412624,3.5157465222468915,0.009642394122731202,-2.0158151211594624,0.22419964525234562,-0.1938388088410375,0.22071745424231948,-0.25324159634887,1.0,0.1628149437700203,0.14739757903579517,0.05912690192694445,-0.06006075672237727,0.025275890999503937,0.04168630054302379,0.2189676752795426,0.18793016164899087,0.14965494217035707,0.10374682976951252,0.06539530441955065
106,3.254941931044133,0.3764998463846631,0.0178712906943244,-1.747844080892184,-0.25828587674054565,-0.2560830181448661,0.050623467920691834,0.0919123565529258,1.0,-0.2481961473485034,0.17820716148279248,0.2950800971594509,0.2946943716837717,-0.02381106993652449,0.05527399398137529,0.15545263673910356,0.06479239898341128,0.07116830262947606,0.09688193890815686,0.09954440758643343
107,2.280919493749713,4.509164721832604,0.0005852059925093633,-3.2326912353484625,-0.08636253228399673,0.018716931766669997,-0.0712331828659188,-0.013480781249830709,1.0,0.09934380468715577,-0.15549666470214688,-0.05866336452061238,-0.17834694727682773,-0.024748728916318536,0.041252492732750286,0.24836343860351434,0.1896392764493293,0.08195072839143573,0.029164528979844794,-0.008177102122958153
108,0.19629848092264424,3.5238588695137145,0.00438454335926246,-2.3580756307766837,0.22732673849977017,0.06002619844942338,0.2331228376501505,-0.2714529968657286,1.0,0.11790653867077062,-0.2255234974577339,-0.1289294001685686,0.28897122297241123,0.03603610482029316,0.04071340101054171,0.14254993362606008,0.0855994078176146,0.0238251233221295,0.019616250649514545,0.05288059060168559
109,4.542848575201764,0.20458075120080554,0.016412777297608757,-1.7848179233363417,0.10972793211715527,-0.25429344575830776,-0.11948679604083068,0.016122657477089273,1.0,0.2515242115877712,0.19337700528353247,-0.18396565698263836,-0.17124481680502582,-0.0511851551956436,0.04409984224742179,0.22945458386336792,0.19820668865317906,0.12974008884574162,0.02481762045779565,-0.01702412890505838
110,3.6850034762124704,2.8795185229419227,0.0013594785364448286,-2.8666276446981485,-0.15570225210983998,0.1756991610094412,0.2109607467492958,-0.13765175215987027,1.0,-0.040541498721034804,-0.05573230077035489,-0.19383471125019283,0.047582981222953055,0.05305950810702753,0.10436937044781205,0.24187836762243306,0.13307242073448391,0.05151415901064012,0.005522882249246362,0.025276470540886487
111,0.4943234196193229,1.9902878773512342,0.004006410256410256,-2.3972445810103866,-0.19984618907477328,0.06317315990023598,0.255414099442209,-0.26757987023472396,1.0,-0.2393942463436599,-0.2916208921909774,-0.07264139925520437,0.23526277860783115,0.015586621251097221,0.04146346163635047,0.1059404013018081,0.012267623506880005,-0.023131730935578482,-0.002051845621279195,0.027434121618047817
112,0.7033682831628268,3.82251989498618,0.0013054595217516566,-2.884236589756343,0.1882009640228313,0.026366446559285817,0.12185024121452279,-0.10025290691400242,1.0,-0.15852704861840386,-0.1885656554785678,0.19064977015527587,-0.04430584887468453,0.033440588115765814,0.06956370992633255,0.18105666388344843,0.07452537255675773,0.03421853815833332,0.05278773071067396,0.035799496821178126
113,4.852371452113608,1.4183193389219415,0.000891313742437338,-3.049969397393768,0.23700017342723279,-0.19695493782079068,-0.08342855972608827,-0.2801183529896906,1.0,0.05610700077653503,-0.2817954979162887,0.2755616373342487,-0.2845274330774446,-0.041365223878217575,-0.009442350097575217,0.16172581658265597,0.09864126477518398,0.023550745693249282,0.036654352952275045,-0.016457845300182055
114,4.991271856384022,1.7177674224511592,0.0005221838087006626,-3.282176598428381,0.0946939986914795,-0.26513623916238943,0.10625036397741536,-0.26064636923597934,1.0,0.08177500020058803,-0.26439646370467224,0.09337535376609989,-0.09624041683015282,-0.027432721794517858,0.03280335408724867,0.21396709071571443,0.11675219912088393,0.02359879980513679,0.02013321349549493,0.0025035261491216086
115,3.9539092083507645,0.6055634402967693,0.0014675165658311726,-2.83341698758736,0.21445682739117644,-0.08756372063389768,-0.16142882856989155,-0.1965460576566164,1.0,-0.22276015200398216,0.0509797444559438,-0.15751584213042003,-0.2784001556232497,-0.041673635387208356,0.006675119618724573,0.1590644350295729,0.06448267591860403,0.02792162388341352,-0.02921139594049421,-0.06036702870344814
116,0.665452000301765,0.46976810980643874,0.003943388072601556,-2.4041304814872184,0.24988954849491607,0.07690432271806022,-0.1832469381952249,0.16134959974542665,1.0,-0.26194405912044644,-0.27085824029208616,-0.13014693738298502,-0.26236168252987924,-0.001275945494656049,0.06525418849040085,0.13227596143609738,0.027581383851590344,-0.021347213171673315,-0.035278392687773066,-0.04257084929139269
117,2.7994520269588037,1.9994790516464125,0.0043305243445692886,-2.3634595156174862,-0.008818344455381632,0.298578660733168,-0.15997723558779722,0.026174301325669957,1.0,0.16514874641868277,-0.2975250797963845,0.08806059610864281,-0.11081037130206654,0.0069289976153348596,0.07381646944906256,0.22165761777779708,0.14383721143316727,0.03880109251238574,0.0319550172099559,0.010494040707344804
118,2.5971569718555236,0.2583661504357659,0.0031421060213195043,-2.502779165032138,0.20407455275682856,0.09716432689558978,0.1574742052949667,0.2078471125904934,1.0,-0.13865260395343615,-0.27504693228684207,-0.04451955198704226,-0.2183971165372081,0.07459933769133317,0.17393600685077734,0.17276675443655967,0.04060032900583536,-0.010164758844401583,-0.027759739540638255,-0.028808400461988605
119,1.7592772910459045,4.788163187173049,0.007040478248343417,-2.1523978389314697,0.12526538114783964,0.07908212454699089,-0.15416252525971622,-0.13079267869374853,1.0,0.16893814231236773,0.28824230979628945,-0.04866623937636267,-0.24259682216372852,-0.018515712785138062,0.052293129275990384,0.1866222305263204,0.15994432081606305,0.13725693336765302,0.0658638439067761,0.02095589064075228
120,4.516849538361642,1.7214533597817128,0.0018456496686833765,-2.7338507309355635,0.05353007380475707,0.18193472736945285,-0.04314856407745161,-0.10521315983152281,1.0,0.06689202667050084,0.11488516225885619,-0.21408046753573678,0.14505414237731332,0.01404043197893369,0.09516881274553231,0.2738385902757212,0.18901592993462216,0.10876034987592971,0.037741298766202934,0.06302101145006574
121,1.7133083690437259,4.059834801972702,0.008607029674445404,-2.0651466997152177,-0.07852737309561986,0.29435201655460264,-0.026568366920367015,-0.018115610844257113,1.0,0.05391879097155143,0.20594342445876926,-0.12399442488556932,0.22783077145888586,0.025238090615215675,0.10036954334019069,0.21678134567552992,0.15625486084572796,0.11964469656533336,0.08263401461768705,0.09933976913230165
122,4.775161145140393,4.1123512832695415,0.0024398588303082684,-2.6126353011169123,-0.028500320239506837,-0.19326368314165224,0.20283164655068436,-0.2767938872289686,1.0,0.16194841189441891,0.08313292081145293,-0.2482409867820862,-0.1771428275270036,-0.004823995438167877,0.017032550923315865,0.20968185670610404,0.18310557682734657,0.11445212818450622,0.014095041497258603,-0.018255986782779305
123,3.919559654252067,3.7446632699376914,0.05236243157591472,-1.2809801941403365,0.2600354465176114,0.1297242686024536,-0.20765864595287462,0.26619614189723734,1.0,0.006835772313199006,-0.013229747091179656,0.2462379044521077,0.15467317978971842,0.02127544871605064,0.14938199193227095,0.2665749288865688,0.16885548152298765,0.1278735512906784,0.14552382790315652,0.1311874654010621
124,0.0902790863673429,0.10267583344770112,0.0005762028233938346,-3.2394246180074306,-0.12175808456586568,-0.20079611916107917,0.004691772394044546,0.23758341887714965,1.0,-0.1996072108870506,-0.08797944215319649,0.21131685447979745,-0.17226161708930174,-0.004443851506875062,0.07974631275547206,0.14837476523823487,0.04423649686652844,0.023252940805361784,0.029596256073377968,-0.0015737031899936622
125,0.5586848486827849,2.0850083069712024,0.015539469893402477,-1.8085638006121272,-0.23012994931715303,-0.20403222088688658,0.051565402068566725,-0.043385870776893105,1.0,-0.043236590689262874,-0.11095571469537908,-0.15202628145448135,0.18875405734252862,-0.027632800811266116,0.023605552506686292,0.15740511310320196,0.08210772374207603,0.020074136426794755,-0.0031618458235578234,0.030949529290504253
126,4.893753401132809,4.411265819809323,0.098620714491501,-1.0060318553985517,0.06958674746911676,0.25187962051074414,0.19460281899931872,0.22261540635038615,1.0,0.2551269417124507,-0.2942418572896334,0.26394889764190244,0.2361064097568298,0.0983047763313835,0.16356049703235784,0.2916978222996167,0.22943501996219154,0.12230958227650553,0.14408334756754693,0.1539754888215649
127,4.712834638484172,0.5660266720846814,0.012946557188130222,-1.8878457059444542,-0.17999126541856372,0.15168578029163488,-0.19481925750736648,0.23472457418915849,1.0,0.1712615842168357,0.11960367431207647,0.011642037503266488,-0.039630985043732116,-0.020056995373847357,0.11109350984849456,0.2862221871076573,0.2190696605161026,0.14357183891009925,0.08114253817622032,0.04366987770517848
128,1.7463723837495368,3.7010801644239284,0.01687193892250072,-1.7728350054395585,0.1717923981625416,0.28007739918679,0.05267054429889382,0.028610055245356602,1.0,0.15842196918255327,-0.07017983388589709,0.016682552406140805,-0.049298778737879335,0.06838620526820739,0.1447862482276558,0.271784214513163,0.18375944587546678,0.10755820771245683,0.07610702239598742,0.055566517173191596
129,0.4781922154946366,2.064027258221195,0.0008462978968596946,-3.0724767383916194,-0.013938545373434929,0.078102373977055,-0.12586631970701392,-0.06459621466400822,1.0,0.22639628075827117,0.1117864221637321,-0.2214283919304748,0.008650181210275831,-0.01955462197173495,0.06888495302861572,0.19699722489957533,0.1421797366798129,0.0742631812829209,0.015248982123973834,0.02094289726174092
130,0.05736856002419236,4.190136200272445,0.0005762028233938346,-3.2394246180074306,0.07283563830823193,0.15463119827682759,-0.008926661862742035,-0.11257722670870357,1.0,-0.14004803696457716,0.013521748542112477,-0.011579218358722153,-0.20810068429769746,0.01581860274946622,0.06411699654854977,0.19330543884790574,0.09303241168970482,0.06253389090897798,0.02839307844956527,-0.004345337128493453
131,3.335641350096944,3.812869636657327,0.057413209449726305,-1.2409881750040628,-0.11741774542027947,0.28502282987983635,0.2653263067425749,0.05399861436034703,1.0,-0.15811156259979703,-0.06290412564170096,0.09913119959585046,0.1511920402688382,0.09498718711409554,0.13856505625025853,0.25357637472491656,0.13704493144920388,0.08368116431436469,0.08908330979385061,0.09843623377691409
132,2.6443241455295015,4.459598529218538,0.008652045520023048,-2.0628812043227724,0.1201510747552682,-0.01453972723210719,0.1664983580673496,0.19986400508625193,1.0,0.24110078517997613,-0.26276362908593476,0.014588081823732568,-0.2536695233731892,0.061082886176017974,0.1520596163768528,0.2648369760260525,0.18052895755891274,0.08074667826192125,0.04414653926054812,0.006776509117986307
133,1.3128046314383612,0.6790638401588777,0.0017466148084125611,-2.757802862061092,-0.08903247237101437,-0.0715489771436539,0.11713905362287436,0.1608103752139555,1.0,-0.18598907397366662,0.23734330736348924,-0.2649562827878295,-0.1402782818082905,0.019343488492338298,0.08906429189955431,0.17135692397956562,0.08057881665525443,0.059265369547319195,-0.009362305407915203,-0.018268310140888873
134,0.1314559517683649,3.154704002292053,0.00162057044079516,-2.7903320868880117,-0.051930331849780666,0.03995671112932806,-0.2572445290654086,-0.17296931780410776,1.0,-0.12929464328889537,0.22571783657085176,-0.13662749381569986,0.09378900468964586,-0.05078056472058047,0.006755038472502986,0.1279552031349233,0.06563457211254943,0.059156215847996095,0.022747442763207972,0.0319894169145058
135,3.005774683076054,2.634591520749626,0.061572673581100544,-1.2106119882582882,-0.23273842516752524,0.04774868494254387,0.20091468085962796,0.128608861014477,1.0,0.11073769972309956,0.22499280889334158,0.10364386276686981,-0.07363910271440442,0.05739311558721583,0.1807018563994575,0.23792757171430073,0.17620832959062016,0.1444000780803042,0.09346435599595522,0.058165713058028284
136,0.5045288142424693,0.21163964730484164,0.0025929127052722557,-2.586212104232087,0.08469950077776145,0.1645869797976376,0.2605143855665491,0.07438797149703813,1.0,-0.29023851815915536,0.28364332473180526,0.06203570207914348,0.035058112903746275,0.06146639315134502,0.09535597632519341,0.15836872326765056,0.062015785863735066,0.07288916921535588,0.05024592064623533,0.03661961869268938
137,0.3134144139150832,4.1789274346966065,0.0009723422644770959,-3.0121808365043683,-0.2298290430447915,-0.08428419593871889,0.28067850178155124,-0.166442690880752,1.0,-0.006892325136932664,-0.19202422058400082,-0.10909550084038051,0.14073857727397762,0.01444232163026993,0.058931532043518926,0.15071767749288376,0.06788671466780158,0.013664284540325412,0.01158491855241554,0.03314131533378993
138,2.092742527116485,2.374887213135727,0.002754969749351772,-2.559883165509738,-0.09402932290729137,-0.1245107696658022,0.28843961977461324,0.13470193710096398,1.0,-0.014987612257791593,-0.15421211976865265,0.09128826089891119,0.10850947053999094,0.053888140225705754,0.13885321302261852,0.2298177591873897,0.11248082331606106,0.05242413319486603,0.06062321118216737,0.0627718329737974
139,1.906081379716127,3.776506916746318,0.011371002592912705,-1.9442012414359873,0.03061923776939672,0.28474875727686366,0.13586474868532425,0.1667820526988048,1.0,-0.025150412299298097,-0.019246727301292375,-0.28876046944589273,-0.08787472345736362,0.0821045053002206,0.16266612307620162,0.24910211053258416,0.14536813441368218,0.06726593403393503,0.0021200274703927374,0.005570935441500801
140,2.4403317423987474,2.645730390263996,0.024614664361855373,-1.6088060817595145,-0.22213350481645616,-0.1524189351512112,-0.21299062569640848,0.21950680374447568,1.0,-0.08915680904750187,0.18021418580944784,-0.13978931195846744,-0.13562828581604638,-0.05647441015030228,0.057615541604371046,0.17611685504399394,0.101813673989636,0.0739150083889895,0.01705949177046529,-0.004665900817278027
141,2.410252696059199,1.8475704904533832,0.005203831748775569,-2.2836767535707887,0.08885099424625227,-0.06389276926211038,0.29914735360334493,0.1221169852946166,1.0,0.2750619194229627,-0.05273873656955009,-0.05086370270822432,-0.09436304867852396,0.07063186602675686,0.1313677218110789,0.2634154659385149,0.19845202916796137,0.10424024518040971,0.04936712620527669,0.02424840237137988
142,0.5180503253903191,1.3838848177676994,0.004636632094497263,-2.333797362950127,0.12998854850308708,0.053855118483158444,-0.27493692115737056,-0.17951590243716697,1.0,0.16879152029112818,0.10608254794749462,0.1784730740294246,-0.2775232308255781,-0.03915050939053415,0.010765556841526176,0.13527699549643066,0.09808705361241041,0.07399367285652098,0.04809911925348016,-0.00197457387013354
143,2.0301595576709,2.095057018175214,0.0350493373667531,-1.455320188273156,-0.24087920534656337,-0.014283666302578157,0.13528944720534464,0.23125274299760476,1.0,0.2321382540620961,-0.07619272080731691,-0.25476561126784547,-0.1162547267028864,0.029823901346724538,0.12396371689567648,0.2181814026190381,0.1444276502909713,0.052209649599976565,-0.00760046821226657,-0.008804348788929136
144,0.35093502610825233,3.7169953318709763,0.003178118697781619,-2.4978298866034954,-0.05827090813061505,0.24178526470687492,-0.07414608054976132,-0.21391899854361074,1.0,-0.1539585372723277,0.2677294290855889,0.1875262653611113,-0.18106116566510827,0.0008462774436721804,0.01193440912725017,0.12718627264443158,0.07410270979570785,0.0850387067188615,0.07219661305150923,0.028598552012550283
145,3.5126357658704386,3.1515542254440665,0.021760659752232785,-1.6623279415836676,0.0936598249137978,-0.24648533667255165,0.04204075895124215,-0.06328465293210174,1.0,0.24529562976727298,0.29007282628243936,0.02663222131262497,0.17596864753029723,-0.0208803233626305,0.04674375209222829,0.22589863520664094,0.2088512981066841,0.18153632546472814,0.13159707083953123,0.12188245933512871
146,0.9056952330512182,4.157077817395968,0.023372227023912416,-1.6312999038629863,-0.18863123196409962,-0.1474621430076512,0.2552451573688707,0.27890377976431396,1.0,-0.04819595756550684,-0.22310185601840546,-0.2923304279240427,-0.29646859368079864,0.03364667842953657,0.1075234289369884,0.1600009586931701,0.07310838462705248,0.007525967657471888,-0.03533321858167097,-0.04071391107368367
147,2.796284298468324,1.6113051335481505,0.00634723422644771,-2.1974154749999193,0.21961899909244048,0.07524362892628911,-0.25323219370884975,-0.09344929431070963,1.0,0.2710441351205671,-0.19125245787443346,-0.14503100024680163,0.054001555532151066,-0.03236907800396976,0.05093049226683345,0.19639326672922588,0.13297329728518623,0.034343251700103515,0.005850035156832958,0.019235659644917146
148,0.8802581115710233,1.6988110970669177,0.001053370786516854,-2.9774187302451565,-0.03912652981881438,0.17937995227358952,0.16962211301065508,-0.08916839033166697,1.0,-0.2839912826940687,-0.23971525003858454,-0.1505944161303759,0.2395592984762962,0.035604083205836135,0.061569677810954584,0.1422039859280014,0.03186474403208375,-0.01770557152227752,-0.012061090597457132,0.029805671976298014
149,3.71913081591291,3.4983436760140845,0.02619021895707289,-1.5818608707442587,0.1850819007544278,0.11885333593617187,-0.26899445511890013,-0.24653452711427218,1.0,-0.21642845095905267,-0.174791381023274,0.10864313129886102,0.20021068036713843,-0.03708771046648063,-0.0033161336854131683,0.14571610058257634,0.0547414575367535,0.008496967768198296,0.035473876463709704,0.06203383637597931
150,3.144461262145468,3.8706369903930478,0.005518942667819072,-2.258144117472903,-0.05480155625658419,0.23761182391124802,-0.23291127369646247,-0.04992752453025424,1.0,0.04925636311164389,-0.14475172869442282,0.09757902807206524,0.016362087160663896,-0.029411035319687945,0.07592162042108663,0.24068633051283903,0.14284478215694527,0.07028328045434981,0.07044772754636407,0.059135842963710814
151,2.6971139422799446,2.3420058325443636,0.07821053010659752,-1.1067347704783312,0.2987606534492446,0.1352404249009406,-0.003788047494835267,-0.0323241809400576,1.0,-0.20906840636606033,0.1781182240507752,0.032366782722419815,0.23221318600214325,0.03772795753229246,0.08446962693245597,0.2073468294878092,0.10643186567733767,0.0955869808318021,0.0839122177695982,0.09877180606139917
152,4.362131435116287,0.6143164257446834,0.01808736675309709,-1.7426246552430689,-0.15668739883606755,0.11684118259379207,-0.0023648476698102106,0.16207183619318102,1.0,0.21128755273384717,-0.1602525541703568,0.2596926952105422,0.102756478522174,0.037012071483535754,0.18708159355843873,0.26581951801673914,0.1469270762677334,0.09326592528943468,0.10649961751553409,0.07988785956587638
153,1.575462317259453,2.6213793984170737,0.010776793431287813,-1.9675104415849074,0.12980750003881417,-0.028538182859498717,0.08503492809242749,0.10868849154104274,1.0,0.18297902051055695,0.23445566306947105,0.21066533664141968,0.003075602961314239,0.03175949671428952,0.10427794421749215,0.23575965634320872,0.18510941938947445,0.1625130678112712,0.1354409750736018,0.09189037308666036
154,2.6492153830697207,0.6843179891746354,0.005527945836934601,-2.2574362208501504,-0.19374616712479195,-0.005472225921364293,-0.042708243168425274,-0.09245290667292533,1.0,0.2728597546381714,-0.03581761800672462,-0.1203722781349243,0.2991744657872308,-0.026631943604804115,0.03801610859413756,0.20765784894984546,0.16289424139409733,0.07325771902243056,0.03873716178498009,0.07736350234150446
155,4.660892503941648,1.6853320693084832,0.019806972054163065,-1.7031819111691118,-0.2955392670992551,-0.16033164651054058,-0.025290889388651205,0.02298921814759771,1.0,-0.06727079917878616,-0.045528946646946,-0.028479001004206403,-0.19784937955583667,-0.056845984771019174,0.08681944335576244,0.26145702425063877,0.12977300239443387,0.053522321462737124,0.0015060471780119955,-0.03487924341800903
156,1.6313069984167927,0.7387642136661634,0.0014495102276001152,-2.838778715959468,0.21630035110879986,-0.08478405494541896,-0.12416693383996194,-0.003272582473966712,1.0,-0.08273743544634231,-0.24073827941732193,0.21957565379987287,-0.027004741666632026,-0.01814533573325995,0.07649349901744643,0.17865969480837102,0.059327578387918516,0.01603705364228834,0.041507823826029265,0.023856976185413527
157,3.982512939465948,0.5028177199590323,0.023183160472486315,-1.6348273586141082,0.16187779128364108,-0.2821704502053874,0.27463435118900864,-0.1592509839123098,1.0,0.23186740286902136,0.1355324467001683,-0.0896379014936879,-0.13375435106016711,0.022154387340644878,0.0710156146574145,0.21033318211575977,0.16195318202640516,0.10118639244664772,0.030546871788137003,0.0027458356864062433
158,3.2592592509238667,2.574575500065568,0.061563670411985016,-1.2106754955307422,-0.2765669697021217,0.23630569561721101,-0.00432049849020284,0.28071957446855383,1.0,-0.1978818898194578,-0.016481641606262108,-0.2701033922659535,-0.14446710053456444,0.027005872281299217,0.11984240656576463,0.21622107470646554,0.10275188413456064,0.03911229262388294,-0.02247935128178654,-0.0280812589114539
159,3.5279700294962235,3.839338220723451,0.01302758571016998,-1.8851360608722805,0.2192414443410544,-0.20791738360336143,0.06931521194309727,0.29777913611744766,1.0,-0.23305023626760063,-0.018204398841806902,-0.20405757634842334,-0.1455526386739737,0.024990550773480658,0.13016491827705906,0.23653351696982652,0.11505712463718733,0.055427497189634564,-0.0008180009403216834,-0.014107353475808831
160,2.1089251073752497,1.6389187110168943,0.020266133679055026,-1.693229096990798,-0.1832739855551106,-0.22324201662140686,-0.14090331258433633,0.21185565783719074,1.0,0.18862942308347533,0.13221713779096303,0.004510644334158265,0.24622062071839612,-0.036509668426748944,0.0840760575932277,0.19054701862707046,0.13557936464123366,0.09133189983883348,0.07216740804919831,0.07930030122976611
161,2.852514805568869,3.1349033892254328,0.010830812445980985,-1.9653389646514732,0.21622408957502112,0.1128672626740689,0.1554684451970312,0.06228650459573284,1.0,-0.04405053773732421,-0.07236392248031967,0.17459870826729967,0.08742864979138325,0.07963226761973799,0.1372501783712083,0.27362861638183333,0.1619207362844038,0.10135095455974094,0.1099926687373447,0.0998790504882641
162,2.874511260431509,1.6239748780327123,0.009570368769806973,-2.019071327468021,0.0038376005778874454,0.08834432560725385,-0.2756429822209334,-0.14792671260152251,1.0,0.2542814296038723,0.02467587725981104,0.17178853703747807,-0.004856650926142725,-0.05461761170066312,-0.011702313808536821,0.19493804647729174,0.18358054001459273,0.11904900415500248,0.09925750944224349,0.06565430426067109
163,1.4393853110324875,3.8681754618842428,0.053514837222702394,-1.2715257912387992,-0.04904382512244175,0.11644145567465518,0.08890732427442961,0.25779287941364537,1.0,0.2997051038485392,0.28877644696790966,-0.23052100632097472,-0.13767700409031774,0.043253321717141954,0.12716813994338044,0.21622742685384724,0.18361326872436162,0.13233894570582702,0.051702162527428853,0.03044484362212008
164,4.842730987771524,3.835493198486779,0.06369742149236532,-1.19587814779499,-0.26212637194146543,-0.2634293363992336,-0.04214046942170806,0.1853398312586035,1.0,0.06954438741815924,-0.24043914843313885,0.14781317108774755,-0.28223881813428775,-0.05278069805456728,0.0856442349980109,0.2280860026381767,0.13137666155856845,0.04832564161433707,0.03271792150188379,-0.01828597047368812
165,4.114002011743356,2.769912207972226,0.016781907231345435,-1.7751586839733553,0.009820190738213474,-0.037582240318106586,0.23422358149496478,0.2840594885711831,1.0,0.1191168604895689,-0.18192061433944712,-0.20106740684236374,0.2190459986848475,0.06938692443442422,0.16547542834786005,0.29328531971258226,0.19648371098459846,0.07371410553744961,0.027750904668756966,0.06920010728315648
166,4.144873660028375,1.8878314411512933,0.017628205128205128,-1.753791904524199,-0.07024858247107488,-0.13879177510210683,-0.2672348715822515,-0.11406328031654658,1.0,0.2718247813232202,0.18784470086398436,0.23434548577378167,-0.03516829834403975,-0.08954234391152414,-0.007313133685201508,0.1923512743334696,0.18314195743823972,0.15262575815109697,0.1279143498840822,0.07560967204046089
167,0.9628083046531208,4.663681355924819,0.0033851915874387782,-2.470416747063657,-0.1512917400686216,-0.01878567491435207,0.24697200993488977,0.17666151202244665,1.0,-0.19943425150635571,-0.2525815534376883,0.2646814875102761,0.0016676331754558627,0.04098357124657856,0.10450862992567118,0.18592529404663072,0.07563859733604626,0.033074854365118145,0.0638632493479806,0.05090470517578774
168,0.6785433891267136,1.1840122454061301,0.00243085566119274,-2.614240827832331,-0.088123431278345,0.07745384821684244,-0.2774248058585097,0.022713643537185524,1.0,-0.14793535317027176,-0.1608715015588086,-0.2995508624810941,0.06734841692331203,-0.038460240133311244,0.05874652440494299,0.14038602130830888,0.038127376849696026,-0.021806351503275177,-0.03956376242437212,-0.006471411519725305
169,3.305098434285928,0.7156954091694159,0.00054019014693172,-3.2674533416076743,0.06306393258556497,0.009626053874895856,-0.03757401751604387,-0.1784209569653106,1.0,-0.1886033915557635,0.06404307285021622,0.20634344092983772,-0.1910385696775748,-0.014893965994071353,0.032448515326973064,0.19661077910967487,0.08741457750329222,0.07118387743580606,0.06573075868636737,0.007681948570699503
170,4.897811152388682,2.7767898717236834,0.0056179775280898875,-2.250420002308894,-0.14127535799898772,-0.19859525557948438,0.1975943847977282,-0.09769146706587788,1.0,-0.0580421798212914,0.096904011375941,-0.2151281423472023,-0.16932371247428918,0.0034458011273574836,0.13655268943883436,0.22105193681403595,0.12669022364270227,0.05495390792736437,-0.02145289587290448,-0.026118194732722977
171,0.14335379807901677,2.1104260114772853,0.0006392250072025353,-3.1943462432722427,6.366214480832965e-05,0.20208516505116594,-0.25769399356196704,-0.2723650589509271,1.0,-0.2772903961072988,0.0720689420659387,-0.047801056963149964,-0.24198190885206466,-0.03463049611241205,0.0014606565352917689,0.10326568017975961,0.02670226634726013,0.02049654068108242,-0.005613399119622451,-0.026597902128776666
172,3.04242276790741,2.496508909411588,0.004168467300489772,-2.380023600973365,0.2813926647477354,0.0587339526326543,-0.11391357534317656,-0.07426905697109085,1.0,0.08865131847653963,0.1457834370129876,-0.23590448276503842,-0.1733595300695732,0.0015624267217496403,0.05570558438433193,0.2128251439650245,0.1589971711434207,0.10331858855404681,0.013842746764332125,-0.013204616396034975
173,1.7261717681129536,1.488051825141063,0.0007652693748199367,-3.1161856662770253,0.06241645551369879,-0.1794152642203635,-0.19912491172531338,-0.0687772837848546,1.0,-0.2129599826496461,-0.032923820393687804,-0.20336571155125752,-0.03936477743712936,-0.05720069825565059,0.04544165750073504,0.1532942778727976,0.0437960141286842,0.000651036122263241,-0.031497120446564705,-0.017078146254465618
174,2.241309665447274,2.7988761693971913,0.02718957072889657,-1.5655976490341674,-0.1488737099228985,-0.29646922389158015,-0.1914081546400493,-0.24448755458819263,1.0,0.28418699493598365,0.10930933189379692,0.07297680158319154,-0.1822594838756086,-0.08419032291304032,-0.00801912180446352,0.13852815554332593,0.11751018106872275,0.08219793988000221,0.04256841176069987,0.007012540653858193
175,0.5077427682809244,3.502695256233752,0.0095793719389225,-2.0186629640322886,0.02710786823636886,-0.1989604604926177,-0.018266417608504438,-0.03054352571136579,1.0,0.22609513091656436,0.17382641721095618,0.298157691810015,0.08400829612561996,-0.022394664716930957,0.04393980793854482,0.18012862772979915,0.1455544923097984,0.12939720795612844,0.1273587428049448,0.09663844498205795
176,4.594668644797622,2.0604318635110235,0.01370282339383463,-1.863189939556764,0.16700035108568898,-0.2751507404122148,-0.02286353164903989,0.2951729995826865,1.0,-0.12153603318903043,0.22827860863974447,0.2604030530792385,-0.1704222173050107,0.00038677111633535655,0.13197611369637233,0.23017889471049643,0.13474641631743958,0.1354154860323117,0.11203751089234606,0.0472014771367615
177,3.6566348404427385,2.3163308688688744,0.0005581964851627773,-3.2532129024930643,-0.07607407206502288,0.06936767483862917,-0.03498927360233179,-0.09146465252109866,1.0,-0.2158915402583294,-0.21525663752787094,0.22418617509187166,0.08986578217446232,-0.009888048768494062,0.050548404697328034,0.2083783234872217,0.07501184735101155,0.01369298276919202,0.05913746440875431,0.06403925565380515
178,1.3803589759233605,2.8423056383326872,0.02158059636992221,-1.6659365579576642,-0.28325091423152954,0.23526102848105918,-0.24337821113440078,-0.1848460594639011,1.0,0.2993260943274651,-0.10735262104553164,0.08750093961132063,-0.06980581496085177,-0.04247936369654575,0.02328681002248925,0.14681771233426913,0.10710796723702266,0.05249997273054581,0.038481955580311984,0.02087057378057348
179,2.7686142860356844,2.810945344923365,0.0021157447421492367,-2.6745367297195815,-0.1220295073215534,0.046407700360086325,-0.2079649867092552,-0.16730667043573588,1.0,0.059127061013180035,-0.2067885057626137,-0.1168706501416153,0.22971304976584514,-0.05652505494104624,0.0033957625696226473,0.1721439358012755,0.10314416718478459,0.015380117855503353,0.003953471739335975,0.047358243572381845
180,1.763977412169886,0.454783221290892,0.016169691731489483,-1.7912982596600324,0.2374168993833629,0.17981293608910714,0.20155947606233474,-0.260908062140876,1.0,0.07119757489308594,0.19539522356333494,-0.053722221165821614,0.13336594834727578,0.041775049323340314,0.06344013041886465,0.16686380854877028,0.11067628234936111,0.0809531983234524,0.047846171364231846,0.04926981117747457
181,0.9412520144364445,0.9009507015265508,0.0023768366464995676,-2.624000665121487,0.022133289621630924,-0.2128322887895394,-0.013422871892957433,0.11812888137690462,1.0,0.045951075026962517,0.16693626051427818,-0.20662812650555537,0.05595823320499893,-0.01405757574651075,0.0805278107978042,0.20598845153479967,0.12757854138069347,0.08036346156148962,0.01607479832043412,0.024562121151462345
182,0.3701957875394061,3.086266233548909,0.07004465571881302,-1.154624995001629,-0.18477839118244974,0.2752524562255761,0.2050414027385675,-0.11508059908905827,1.0,-0.12112125454118931,-0.20792155510064586,0.2716452937684434,-0.15224447747676184,0.039472293422428285,0.04655541072093461,0.13993201506461003,0.06702607560159184,0.025606892685347375,0.044539032983385914,0.0174198064379936
183,0.8780768935467544,0.4931663338930004,0.0006752376836646499,-3.170543328599618,0.15885950383959166,-0.1847886599965604,0.0814648270609198,0.00894573467090336,1.0,-0.14586507483684172,-0.03422855626150107,-0.11700017043877765,-0.24852958369830014,0.009093877505684472,0.08793190109963266,0.16771489562017608,0.059130644562175816,0.017943008406059464,-0.024111680026985754,-0.038867885088387406
184,0.14646935350883983,1.563100892369234,0.012928550849899164,-1.8884501520850365,-0.25260964472634084,-0.2326709948710782,-0.12874628493762405,0.24151767711457056,1.0,-0.28685020949989326,0.04691200823469077,0.10940212849135078,-0.08179246839778932,-0.03278260201662481,0.06022014688835106,0.12981947565940408,0.03547544765039026,0.029589678339266397,0.025846308288966124,0.008570924270112561
185,0.8343739172831701,3.6118428216696,0.02451562950158456,-1.6105569506513533,-0.15006920373759838,0.19832826244412569,-0.179550062894794,0.20287317205568614,1.0,0.10144508094257962,0.2403003514167135,0.05423281630032184,0.28371393227593095,-0.005989479802357303,0.07502845934747261,0.1740610731521976,0.12909261821985982,0.11129536244495519,0.09433328371532121,0.101522393671658
186,1.033678645677644,2.3304179073633464,0.018933664649956786,-1.7227653193049968,0.2755252665775382,0.020101943243056253,-0.1484970834261278,-0.1624580319694087,1.0,-0.29179170816307937,0.01234200883688954,0.20222011996246395,-0.2634611581881989,-0.017374180045231957,0.042957058405074945,0.1216644387446137,0.03214483920450197,0.036076869719173774,0.02832074692932858,-0.009368131449565182
187,3.896131792896988,4.743598056563595,0.041558628637280326,-1.3813387918436428,-0.2421909606229904,0.27406805728725586,-0.1985956863304536,0.06660448599098374,1.0,0.22562816795677046,0.29646046549655153,0.04371926084978315,-0.021096255022220154,-0.01968470939358958,0.06247138395739597,0.23256680687162204,0.22065075101215603,0.19799661740540683,0.14258538437712395,0.10143501975008924
188,0.6353736978026967,3.2463842941535486,0.012847522327859406,-1.891180618876671,-0.015151650845807118,0.2770089989160251,0.017277503093210165,-0.03652475224719467,1.0,0.0967999350220565,-0.0888992030990839,0.22286183221143246,0.051543386336991334,0.03414446706067971,0.08508529340018878,0.22002667993112573,0.1400726983684792,0.08735220223462008,0.09920287323691057,0.07928532699883592
189,3.019837633051975,1.0348626625270059,0.007796744454047825,-2.1080866999739714,0.0917316396640341,0.2565721976699933,0.16543380566225496,-0.13320634680342697,1.0,0.254005091562799,-0.18695310042333638,-0.08479676185829484,0.2237174906878109,0.04666029440648951,0.13033037403056472,0.20541223585920412,0.11277391054419336,0.03437220832341284,0.0426521091355216,0.05646656322948841
190,0.5754931193744695,1.0552673687881169,0.0035742581388648804,-2.446814085228203,-0.003474518189387643,0.1697934829632888,0.08464536236605913,-0.09514661913577717,1.0,0.21311803009944136,-0.08443340640840324,0.1648671445436304,-0.24902153914270803,0.02514137707051886,0.06103230907517399,0.18346271070180054,0.12294192782863712,0.06494813997204531,0.04562857832609538,-0.0020080330424358506
191,2.84350143297855,3.3626171290502183,0.04454768078363584,-1.3511749010342349,0.17609669499978475,0.28974641874729085,-0.22287117125663863,-0.18076484808384002,1.0,0.1982549881265255,0.006839162864217219,0.26710200412672885,-0.07671744504667406,-0.009307231057155339,0.049282370459537816,0.18940060126754882,0.14431723703591204,0.10952356030332061,0.10328002237313016,0.061779392151889975
192,0.742453905492812,1.4139020537169853,0.13128421204263901,-0.8817874980919924,-0.18344821908109857,0.24890991842635724,0.21705683012700724,0.20659210011190002,1.0,0.1514326752321976,0.25918621102519795,0.00889433625193048,-0.1997134228043129,0.05759953201657914,0.11784742511998807,0.1790739205977104,0.12711095531730876,0.09856257967372109,0.0457070495211835,0.012671012871892371
193,4.891886084902976,3.117393620455883,0.02928730913281475,-1.5333205287094644,-0.294193202820435,0.07541687876724769,0.15966700546923338,0.007256844085302028,1.0,-0.1433135117462758,0.0008691606911565452,0.0727574932667987,-0.2599810217872463,0.031203689151143826,0.1275175623348418,0.27172618093230905,0.1383207058285704,0.08915863110905377,0.04708518912085129,-0.013249646333101635
194,2.352455347602062,0.25018759381823263,0.005284860270815327,-2.2769664907437033,0.25793292290373715,0.21466353167948019,-0.06822417909571639,-0.16055300009439813,1.0,0.2574526753371949,0.001522293999378954,-0.1446604044957158,-0.27387887187467014,0.01395727307669981,0.042385906817988615,0.18088370167503767,0.13986074407051755,0.06686659601677995,8.707160341845879e-05,-0.03373992058123142
195,4.447875527005488,0.8984654293604775,0.01714203399596658,-1.7659376479428623,-0.1445855786370243,0.022796384441095285,-0.278028905789033,0.10050893952822905,1.0,0.11702822933435465,0.0033087869516411406,0.10543490294829073,0.2516765531580344,-0.06980627994008881,0.05654079022051358,0.2530282278079666,0.18097312176860894,0.10546255502404886,0.10021059660022448,0.11712990917393455
196,3.381318828306089,0.03372542408485738,0.006806395851339671,-2.1670827964901114,-0.11448442102325646,0.06137482391704238,-0.19187155259295632,-0.03694607393372584,1.0,0.0753780689920301,0.2648774948077945,0.03518106576988687,-0.2678546935267875,-0.04354955337372461,0.03978602103743663,0.2109690858126161,0.15638102922776811,0.13077019900587875,0.05879486395232141,-0.013372024371622184
197,2.0331646341355976,3.0019618906295524,0.01073177758571017,-1.9693283365871004,-0.06699366428187664,-0.20279083757511768,-0.1751199373423679,-0.2584106965659901,1.0,0.24804755778413012,0.19463412612233935,-0.163339176685833,-0.015882770520094323,-0.07382300180465357,-0.00030632823696365527,0.15121891940066726,0.12969650803346977,0.0855458386827278,0.026701028664818206,0.020659569514497798
198,3.505031718450107,0.8771235042818926,0.0006572313454335926,-3.1822817318708623,0.037242131659974295,-0.0871134601569029,0.2229444833451742,0.18682749012060568,1.0,-0.15948559818358088,-0.039878001146424376,-0.02347736820274432,0.08019212202282429,0.07072979238628146,0.18114357310649187,0.2771794784615577,0.11742809360489546,0.05504303093054131,0.039306646977815496,0.04809828202890905
199,4.292885751498383,2.9611998202193464,0.018267430135407662,-1.738322544957972,0.18597347931278976,0.17709774144226656,-0.1624019207843247,0.22407862665679001,1.0,0.14055740831463492,0.043873868796106774,-0.11468553672012453,0.11119948593674844,0.025033938136353205,0.13188547217991606,0.294518978788279,0.22472497238809067,0.13848064116217593,0.07778774455015901,0.08205221238866407
200,1.1321182746653964,4.738281165162225,0.0012244309997118986,-2.9120656836211003,0.001247180409358095,-0.1549339168476431,0.17251410745153195,-0.08869523837691533,1.0,0.1472652303404042,-0.21626552789646802,-0.08144677955724924,0.1313575083096081,0.009479980964783922,0.042234355208180266,0.1969247001328689,0.14818773622942935,0.05651449883400927,0.031007098464733956,0.05216047017406035
201,1.863464034733662,3.2040657049927947,0.0023408239700374533,-2.6306312440205,0.21118578824798118,-0.16058597812947414,-0.19504193627714098,-0.19543232322888518,1.0,-0.1525243061315983,0.2359434370695933,-0.22988389089873076,-0.2892096130768135,-0.04388103061304194,0.01912907668860362,0.11683876810682892,0.062370254049767135,0.047946747846952506,-0.01601039884234745,-0.03607195452989817
202,1.5986738970509926,1.5085162110188945,0.04008210890233362,-1.3970494363286472,0.0007045995003780225,-0.15723260009124126,-0.1782041332065882,-0.2613744882743656,1.0,-0.2032369641968982,-0.28001822159225054,-0.020643090766582026,-0.25901335129325787,-0.057955682022020644,-0.011575750512744483,0.11514357731299636,0.02126196483403504,-0.030229538205999138,-0.03551953158876809,-0.05080433037668158
203,0.6934965680929716,4.810590389831779,0.0077877412849322964,-2.108588484526504,-0.2823065494174937,0.12524545998694608,0.06019655062218032,-0.006126384038304988,1.0,-0.0015300862195485653,0.23646515383030545,-0.2816827212752426,0.22619331935381115,0.0051666067492766535,0.059066404440070115,0.17061721419914969,0.11829626608359553,0.0917319128175143,0.0377468743160433,0.06571241653271484
204,2.064633141916981,1.6466592854239315,0.0035832613079804093,-2.44572151991763,0.11691455772340499,0.06876373332454107,0.2914102934847701,-0.021278748789681334,1.0,-0.09929430144340612,-0.15061270383419958,0.1930665186716919,0.2635359036637265,0.06799785273573604,0.11475210505874818,0.1954784284499515,0.08266093681349033,0.0453895658113137,0.07930275765507656,0.09020397634609728
205,4.429672696719634,2.207370696270834,0.0008823105733218093,-3.054378516298823,-0.11519629423432694,0.11969513086309726,0.022664247620542664,-0.06655279638651547,1.0,-0.04509717037881576,-0.12314393955082652,-0.06629341372373639,0.24525753694905728,0.012714993162520193,0.07998770215408017,0.2795151125319902,0.160135073535332,0.05524193614204237,0.03939004295361146,0.09289949602110016
206,3.1093529109069067,1.64873863690074,0.0007742725439354652,-3.1111061407477503,0.17251637502826805,0.0518202571760175,0.2287487808280306,-0.268827210529827,1.0,-0.11262709653616519,-0.19587903165577503,0.1618492761019107,-0.014691340545540686,0.04919002903933708,0.05077924654809217,0.188763845572377,0.08548899496584463,0.026589141457877954,0.04257465613556892,0.03235521513085224
207,2.9667464984081993,3.892422325999825,0.007616681071737252,-2.1182342289522946,0.23044214076245723,0.27436552429363387,-0.17798384621207106,-0.038056642609025366,1.0,0.06858303315933827,0.08534078301268196,-0.2522929581199245,-0.08345594498842675,0.01658480596285868,0.13995224120197086,0.21525228702585603,0.14515470196074892,0.06939754562208973,0.013003751905781033,0.013935551946763691
208,1.8132081206245911,0.11133372684215415,0.036840968020743305,-1.4336689669511953,-0.288417551312973,-0.09126005502917546,0.1788959895193776,0.12264560356237025,1.0,-0.028102443825721756,-0.03217904262845678,-0.019606565350236336,0.07339534180438607,0.021009513060888448,0.10572627859237019,0.22629939619834466,0.1144433369830617,0.05120390207506163,0.02953977929082944,0.03497930302622832
209,3.199690154863898,4.216903833890711,0.0010173581100547393,-2.992526148507898,0.08299161033034419,-0.2195557868157118,0.09342841481230765,-0.16476414924638338,1.0,-0.1373700273834431,-0.2896027950888101,-0.18331169381326118,0.2953516199328077,-0.01280213446631983,0.04700000381543752,0.1633284211462695,0.056425541047283506,-0.020034348909445873,-0.012357093648511173,0.04383727762029472
210,2.564146154344496,3.7045928586218935,0.035949654278305966,-1.4443052817969804,-0.27052413326180624,-0.11073922554401289,-0.20994208326730618,0.10951892781356076,1.0,0.07901804036987758,0.21818689224239315,-0.05151407598297223,-0.24149784238718114,-0.0617163704812021,0.05851408264935362,0.18311068719151416,0.13402543610285383,0.10490673508022678,0.03904135655942209,-0.0028197038380129704
211,2.219729376396313,1.1793993776293008,0.0011434024776721405,-2.941800871035361,0.20594424982952572,-0.1252599749429495,0.18864662625351117,-0.10158393282569823,1.0,-0.018604237420043034,-0.19437830052073626,-0.10507937228334636,0.2630881319374829,0.028054562651911582,0.08232194554187502,0.1850302125817639,0.08067543506712944,0.010813564169999831,0.016000847707534082,0.054157500782144034
212,4.837275671805647,0.03743698763218459,0.00937229904926534,-2.028153862480782,0.13071782814941815,-0.12780984299984932,0.04851619355634185,0.09144211747905195,1.0,0.2890864137217697,0.17088444967879318,0.1330982976778191,-0.11829837716505923,0.011729412149432033,0.1045020722210516,0.2909428655653042,0.2483565598842501,0.18146350096645122,0.11856282553986736,0.047684718597889884
213,4.725588108280168,2.4703893191060438,0.006833405358686258,-2.1653628160958376,-0.01656063429004696,-0.18712699482822498,-0.22889724292966532,-0.24477855785251718,1.0,-0.06345126580666133,0.05744045284326662,0.16910562552928923,0.11046781816840869,-0.1117341554045835,-0.04347532309370492,0.17990172850322367,0.11225398440349396,0.08382951802048914,0.09269045082386472,0.0867400337581716
214,3.880574773204603,2.7247668227366892,0.0013414721982137712,-2.872418323579044,-0.11816865137315907,-0.18343030477446756,0.013869937329567827,0.18395808038136127,1.0,-0.20979253788674931,0.04712122732679813,-0.10982830245079189,-0.24029828075374898,-0.011846722646015532,0.12116674660071299,0.23050726243685515,0.10115598262239962,0.05540233451181856,-0.0054181671787147815,-0.0370175826232738
215,0.08896455619601833,2.57739385511793,0.0005852059925093633,-3.2326912353484625,-0.0007968688944314905,-0.003610253823278464,0.13836894391516677,-0.038339766876497705,1.0,0.1336192769240726,-0.25315705811757494,-0.20672936498406444,0.11211722284738776,0.023831663290745753,0.07255081841267268,0.1951341424712537,0.11029540494528807,0.015008256458545298,-0.007984218131440632,0.02269861031813439
216,3.081680480698265,0.10874371987666213,0.017835278017862288,-1.7487201164527708,0.22036553517372867,0.23722043596316622,-0.20441782050363053,-0.03522753078959771,1.0,-0.2828638235200463,0.09981889770884164,-0.15416812293861487,0.28517220871055615,-0.0012578135991327098,0.04930210500217158,0.15686583954708203,0.05733218627184703,0.032832663354127274,0.014018452137953212,0.05273916990530633
217,4.176858195596162,1.3850755710529226,0.024011452031114953,-1.6195815763014418,-0.17142532298590885,-0.18517721169391657,-0.11055080379743883,-0.16864554051992367,1.0,0.21469442101709316,-0.2884697370658122,-0.05022402247331696,-0.005647173708315256,-0.07649402955950596,-0.02648937740560401,0.1842514481709986,0.1588378037411921,0.03076291392368439,-0.005442571612400708,-0.0002357678257281559
218,0.7743413767141076,0.05517600256998208,0.0005221838087006626,-3.282176598428381,0.014164583393744578,0.18060972209220072,0.03424855903355093,-0.028542631177755493,1.0,-0.1741579380271905,-0.22025099355635874,0.04955453179421183,-0.135475248644755,0.02376149214964966,0.0955592046366959,0.1752015431701449,0.041331267946519014,-0.004391947976753097,-0.002934339556099557,-0.014421682873547653
219,4.131853607054628,3.980842688871158,0.008039830020167098,-2.094753133102772,0.1526654441840057,0.035830841278958615,0.15098368783359997,-0.07381765456119972,1.0,0.23532064319003815,-0.21594477036463894,0.1604797418056745,0.042446327108668046,0.05582311072295505,0.12343275306280221,0.2952367049366927,0.21311354929825316,0.11249682125363716,0.11441051696570045,0.09787267083852841
220,2.3796092716950974,2.2747396212654927,0.0037633246902909825,-2.4244283102162827,0.05846439678987633,-0.043181115429201146,-0.05036841857451441,-0.1179557923259627,1.0,-0.2562969797653095,0.18612370950760404,0.2760845812990097,0.1429672031954519,-0.017594581613188547,0.03600135363375196,0.16664820358716073,0.07184753838407246,0.0878476826505516,0.10808673009728409,0.09403566797800729
221,0.9026312673873881,2.644213206381336,0.0016475799481417458,-2.7831535022608884,-0.004799929601074315,0.06166339436356696,-0.26546175952474454,-0.12314471280138872,1.0,-0.14037670729156382,-0.14282632781483148,-0.001234205757400375,-0.2729788896563173,-0.049524602550910984,0.01705132298557538,0.14880739204530463,0.054240770208153884,0.008250924630393742,-0.010736049046586406,-0.04057866252373379
222,4.292403121671179,2.2108656738185575,0.008967156439066551,-2.0473452535676193,-0.13000654946609816,-0.24283573507045042,0.041275151495979844,0.14034298643521212,1.0,0.044130487384818236,-0.2340759922802117,-0.2564115817228433,0.2807798532966795,-0.024652265579905158,0.07841540039362196,0.2276947456392489,0.1345743973209268,0.016844448597316222,-0.018881958764376292,0.04483396145966007
223,4.826579139589484,1.5536570683791828,0.005708009219245174,-2.2435153341095853,0.004098295242728,0.10120336218218397,0.1460717936393494,0.019815044586025253,1.0,0.13417544565993206,0.17913711983009228,-0.016840941166213375,0.055103951709332154,0.07479704255566043,0.17870123946646435,0.3735444935842349,0.27791430134695483,0.2027243435211909,0.12558842848831556,0.10095388328260335
224,1.5540296154135549,1.3716365415170761,0.0010173581100547393,-2.992526148507898,0.21561093945434776,-0.056418189222656845,0.05808933648577876,-0.010876364794388204,1.0,0.14568422361256103,-0.18095908786278603,0.046721431087630584,0.10151191429787029,0.02077176878969958,0.08343111817076401,0.23138402867878383,0.14278558181050569,0.05267391043152094,0.047919750444415966,0.05404316912140548
225,4.907353203295875,0.5914272528213269,0.04139657159320081,-1.3830356250580578,-0.23326017168981672,-0.09923155816225318,-0.2800136603869044,-0.08147625584776676,1.0,-0.27148986078761045,-0.06465659403423542,0.1101270607270447,-0.2888381017872769,-0.0847809842346884,0.07562776354310982,0.13511744000580708,0.022664699883088075,0.011607539054980246,-0.017054688940099823,-0.04444870884871307
226,2.5506914215790566,2.5253265954328037,0.0009093200806683953,-3.0412832182086755,0.16659050447763943,0.19260398642626553,-0.06523751288734844,-0.153327835636238,1.0,-0.17476860275241382,0.12146203086236282,-0.2600254558680838,-0.11805230309923853,0.013306046718869141,0.04656118242335224,0.1748433106582092,0.08971817413762934,0.05503032340749565,-0.011247122799756818,-0.017602281146226285
227,4.2128491352730455,2.1133790057869914,0.0034842264477095938,-2.4578936269724068,-0.06768868440514884,0.10871626820122401,-0.08422637108863187,-0.10735273650043578,1.0,-0.2279607161358831,-0.07321092905870487,0.24643314291096072,0.22493511920706072,-0.01781392350620473,0.06519379374721937,0.19886363633367465,0.07001519462429477,0.048846042370764196,0.09821379375510468,0.10747646541512645
228,2.3095005126733543,0.686769221141425,0.005203831748775569,-2.2836767535707887,-0.19002606674370973,-0.1659564312684364,0.005298292912224078,0.17258886669163795,1.0,-0.20016130786356348,-0.2997280748836015,-0.09206640862746825,0.03247073689512601,-0.008446377400275418,0.1024918548475123,0.17994538422113343,0.03883308184407405,-0.03122231472579157,-0.024770654456009115,-0.002415506454490535
229,0.6424878566555569,1.3656762622803476,0.005933088447133391,-2.226719177397308,-0.28889162105313926,-0.17841245534602776,-0.0001831566012641561,0.16790771145437275,1.0,-0.27698973754324996,0.20518814291439288,0.21098145543992938,-0.07531295256751708,-0.010914661529260438,0.07785192154837099,0.12833906619763952,0.04671370917826304,0.06232354732309951,0.052252178748748365,0.023878286057915366
230,3.476004580299898,2.802754699798747,0.0022327859406511092,-2.6511529111651018,-0.04258466212714474,0.13717304908568176,-0.1861414920571873,-0.23804581357486826,1.0,0.21286915907320528,-0.2463973931001331,0.0448434857357443,0.06167065471285766,-0.04069792537263062,0.0005357605519651233,0.19331242251283096,0.14665082895986598,0.04489297090407514,0.037552206764159886,0.04277400281668856
231,2.5062592781429265,2.987701886044457,0.027423653125900317,-1.5618746929912941,0.23370149717480282,0.17847637701303515,0.29268459495820154,0.08934578814126996,1.0,0.29209436385782234,-0.1527862419055645,-0.08705236113948807,-0.11692922281602636,0.09468557633448929,0.12988299251132923,0.24209808236313535,0.18599170059004383,0.09039313491236504,0.0426542174958587,0.02281246435149655
232,3.1260658983280107,1.8412550042730171,0.0019266781907231346,-2.715190818642127,0.20909022226702587,0.17817990659606037,-0.1981209820748791,0.0596759168038788,1.0,-0.07117881887892444,0.018004191077077004,-0.12096268788224537,0.11364056467757637,0.00201213136126151,0.08532709115605765,0.23651698328361798,0.1340739131491078,0.07022588560906497,0.030968817881007825,0.048373342337524806
233,0.2785806360022656,2.869827150137482,0.003340175741861135,-2.476230682376272,-0.11987413148916083,0.01638697941653744,0.024351971292031527,0.06535842583456726,1.0,0.03647148220624752,0.14259307144546676,0.016839529067915082,-0.07841087148190702,0.00963127494940651,0.12225905686465392,0.24069602604270343,0.14886198466488534,0.11357672565927432,0.06591510779273942,0.03788887921003997
234,0.7197776781423743,3.3249406087338573,0.000999351771823682,-3.0002816132046606,0.0017489042735664873,-0.14282074144873982,-0.07761836426759958,0.05091358200938336,1.0,-0.23811712358705756,0.14698008051628697,0.17254123565987753,-0.09235065905943331,-0.025957335933846443,0.058395653197816505,0.17133725908869155,0.07125222919646274,0.07677185516579922,0.06920558473695955,0.03458288040017252
235,3.9450272701512503,3.404624676108127,0.01992401325266494,-1.70062317806406,-0.28261688664389456,0.25804391094805595,-0.09457041104671557,-0.11566448199535743,1.0,0.10037212673904601,-0.28463865765786855,0.23565333050955875,0.15584980174780164,-0.015517469093956704,0.05257653422115461,0.19077699849808805,0.11042675801374338,0.04123786231613078,0.0769924509911454,0.08058140417675817
236,2.0890835473412523,2.118696391974605,0.0013144626908671853,-2.881251736206881,0.22895078881837616,-0.09271552492368114,-0.2737432946308719,0.20313409955282008,1.0,-0.1888995641896812,0.08619443561419012,-0.11257899518467694,0.12737442756259157,-0.02632211690960537,0.09031906761271906,0.1707462469976795,0.07467324207759736,0.04642876230599077,0.025697572833143237,0.03896437462300303
237,2.0071655339360155,1.8932653516644773,0.05129105445116681,-1.289958372534638,0.24616133162095688,-0.07299806950556308,0.22970835581628862,0.22732474413250345,1.0,0.21409048582593454,0.23275501755661973,-0.04616163129060108,-0.08448063581755003,0.056993438222392244,0.11237724346465369,0.2243397255747692,0.1834656339851381,0.14114491186353162,0.07818042464486252,0.0415609082358725
238,3.5731298226023,1.0598203445853978,0.008940146931719965,-2.0486553434959367,-0.22615429994039937,0.20062873929838432,0.10165481982169881,-0.06270258517714014,1.0,0.09178582489834308,-0.07372867540449106,-0.1589961558996125,-0.2628134640967429,0.02952108938136091,0.0745207761477938,0.22385797611721825,0.14687353359485478,0.05611448017068346,-0.014658057803066,-0.048296348249144624
239,3.837190185268116,1.5011118609502496,0.012334341688274273,-1.9088840248349113,0.16722236015252884,0.17047317741527157,-0.29950776131918033,0.04289671958366676,1.0,0.23322144319436236,-0.02129737338844203,-0.28567728522685154,-0.2739568473831561,-0.022885971411828174,0.05254316565105577,0.20765598964133264,0.16522211145892268,0.07257555558848494,-0.019734654909948707,-0.050552004929371556
240,2.3016755365511212,3.2326701390769252,0.012109262460386057,-1.9168823076528911,0.27372106647019184,0.20016231874884885,-0.06262592198208618,-0.2333677624484385,1.0,0.29525826819049733,-0.06757418012492385,-0.04006676322146272,-0.10718922358772807,0.018022846434554363,0.03812119724512725,0.19587628806090396,0.16564036825314254,0.08987933560099548,0.046067650448382784,0.0227006253835086
241,3.6173315642371677,0.5051713451767278,0.04636632094497263,-1.333797362950127,-0.1706045687715201,0.1974076228760247,0.05957492623898437,0.2296387687279938,1.0,-0.03524613462597492,0.11036781388274287,0.216528989401642,0.13424170909181868,0.05004527998653675,0.15593873904473035,0.24875359864353,0.14131748563104687,0.11371857263587337,0.1143072625533419,0.0931230143005831
242,0.6059209286445717,3.0481066264181504,0.09004069432440219,-1.0455611647144554,-0.24183715310458298,0.25794060577607486,0.062470403632818416,0.10287091963746317,1.0,0.23852991657011535,-0.006217710291216772,0.24387941374286734,-0.17750755411838573,0.02690433721985428,0.08235748841333791,0.18463213464075603,0.137003086289954,0.0938771627027496,0.08171779280596218,0.03566637481557819
243,0.15890717989450048,3.110609697975642,0.002745966580236243,-2.5613047526445323,-0.044048459355746805,-0.26661550516895194,-0.1153758528885813,-0.005496738995574534,1.0,-0.16130918209854897,-0.05368709147538923,-0.18497625653415867,0.1687006965394697,-0.03346932849551119,0.09484604347540722,0.11666639405964517,0.034293012674693465,-0.0034330448968925426,0.006231064879888267,0.024438328426649964
244,0.28604255434483605,3.361037021621738,0.07462726879861711,-1.1271024523551443,-0.28589930021770155,0.015551883202779736,-0.050460721583851106,0.11263816867240067,1.0,0.15975558738082146,0.20172852906464797,0.16828527778568272,-0.2653212829368991,-0.0106091888647549,0.07683420617826499,0.16589990325034515,0.12149117420709991,0.1048339453928923,0.06513239224663632,0.016536255580989544
245,2.5193171086481865,4.396181500548354,0.0023318208009219243,-2.6323048279100663,0.11470279981146948,0.24968393519129922,-0.05119246416100227,0.09576292705338318,1.0,-0.14628742819040536,-0.09466125229876116,-0.03888185892866631,-0.009930358010025996,0.04971046636462276,0.130681005927602,0.2749105058273596,0.14674030166762345,0.0742874725281115,0.049339024233494136,0.04559844297104844
246,1.6435215934756207,1.821653521391973,0.0014044943820224719,-2.8524799936368566,0.15453810383537944,0.032796284533113625,-0.21332712242354157,-0.14117768248513332,1.0,0.17993347860370884,-0.1895202049679366,0.04925176774424735,-0.23807803688177698,-0.035087852099791164,0.04220291234585675,0.17156828201461954,0.1009220335791014,0.03345887691975365,0.010093806606048639,-0.018888203857498988
247,2.751566541141854,1.1476396408823093,0.00573501872659176,-2.2414651596559674,-0.06463387500634837,0.1317407674938554,-0.16671699609929014,-0.22005592609790872,1.0,0.05808953028412547,0.17158488607851347,0.265157097779602,0.0038420924431382007,-0.04067931793172862,0.03190969859048055,0.18149829624408398,0.12424581149771327,0.11659312456743946,0.10718760624809419,0.06582737137820714
248,4.502222948075754,2.195978350618433,0.00324114088159032,-2.489302091224031,0.19994845398154237,0.15742954795102226,0.19616827495876157,-0.0691014916573809,1.0,-0.1640447191906653,-0.19661500283802316,-0.07193175174180672,-0.17184081149283806,0.0849484420592152,0.11137398717031008,0.2491912903642064,0.11775507923653399,0.025023945188864073,-0.008139658084987027,-0.02603383578067027
249,0.5854513731111384,4.59875349990402,0.00243085566119274,-2.614240827832331,-0.09958772881901135,-0.25032064142247107,0.12718471677329912,-0.0026769908070773617,1.0,-0.28676509988447174,0.09044335756583732,-0.15526567593610321,0.28643647766916713,-0.00945645354342105,0.04772264855134517,0.1405835054294525,0.05091537895304707,0.03669289011865257,0.021668769697869482,0.05808692715136305
250,0.6336689617007178,1.0183942064708211,0.0006752376836646499,-3.170543328599618,-0.014410163338542769,0.0015950955130653143,0.030314851119059183,-0.18744874514710375,1.0,0.0665168405579369,-0.12391599752547999,-0.24568210542376145,-0.2066811188174639,-0.006073024322897615,0.03487548300926956,0.1750845091833506,0.09426721148232305,0.014896931826743077,-0.04165643725008024,-0.046592863148192075
251,4.953628464851694,0.1819621719548043,0.003214131374243734,-2.4929363758791245,0.2695612199817867,-0.049925929610129635,0.2279641654692214,-0.014729025869508305,1.0,0.19733018035599711,-0.23575099222392196,-0.08854374969022073,-0.19146800959557442,0.06746583953536027,0.13052080412615058,0.2745913703400544,0.16854335228393896,0.03937392975817641,-0.013068861491923083,-0.033481822548735475
252,4.770427281041661,1.228421785206735,0.04805891673869202,-1.3182260225398292,-0.11644896200541534,-0.05836899487250939,0.289689572018701,0.20171215221424785,1.0,0.23972633839787738,0.12925470206056947,-0.22647403009794392,0.16742925300977313,0.06221207043568191,0.14381297538507026,0.2812111496406262,0.22468743026259042,0.1376258649613793,0.05203989902647,0.06630771513505337
253,3.9149690069652103,4.618725663350309,0.008958153269951023,-2.0477815112455926,-0.10908604399723966,0.292308236202019,-0.22580714866536533,-0.20190494466017886,1.0,0.045612572226251834,0.0334243188715603,0.08286556024817927,0.02268681544828157,-0.03953659102585615,0.03724302225237992,0.22363975800596886,0.15782147266640642,0.11401726656153699,0.09656633990294528,0.07878024958365716
254,2.0117008360809323,0.6542650988226886,0.002367833477384039,-2.62564884350156,-0.24765215703579477,-0.08773109678649342,0.04039808488375136,-0.1560749478263429,1.0,0.2164417365376509,-0.270112583441908,-0.006890979564914923,-0.018051878192330072,-0.02511142342570153,0.04946042503404861,0.19005379186634946,0.10616196622528373,0.013593894556156592,0.005436298578765263,0.006700012777404583
255,4.533840700680008,4.4174225130287965,0.006743373667530971,-2.1711227742918515,0.04873700724712924,-0.2269497840770922,0.0883068778603727,-0.2948850005311723,1.0,-0.13298556632564815,-0.14360783147077652,-0.26160751206090155,-0.10207871654182007,-0.02970201384812935,-0.02215193681751458,0.16783870904115006,0.10373376816822577,0.015352849052072823,-0.052187216330954994,-0.05383300598348003
256,3.250862510189496,4.562511111751036,0.00054019014693172,-3.2674533416076743,0.04091469916183394,-0.08150349318252052,-0.17152401951445143,-0.1519549723514529,1.0,-0.11148118339949357,-0.2500188195753835,0.07198762409024806,-0.06302998555673237,-0.06284214480360273,0.005305649474073356,0.1943712326262243,0.08970338127877557,0.007879701619872555,0.014344185344174665,0.006252985201932435
257,0.37469427615699297,2.5876845445093135,0.019329804091040046,-1.7137725475550694,0.18989525902825102,-0.2725672750490479,0.2754746973741352,-0.21474803244840415,1.0,0.2254364385296332,0.2494140252059448,0.11409098251641764,0.12274231012509196,0.015701792357329658,0.03297257822453382,0.13663712219826463,0.11126510298220224,0.09713180541805078,0.07528391149794443,0.06352865422217438
258,4.59637227459799,2.6864940727920694,0.003565254969749352,-2.4479094060658055,-0.03450780522106547,-0.14665085992528734,-0.1062230221279679,-0.27245838846348147,1.0,0.021898831756085646,0.15286642298833922,0.011299692231984747,-0.0369497978734461,-0.09265800328026552,0.000853001795724145,0.23329159635215593,0.1635521663904075,0.12820745668773625,0.074030130163438,0.04431259479886672
259,2.557643738451916,3.0426233378963263,0.0031421060213195043,-2.502779165032138,0.048069701690190376,-0.19466793909182104,0.14050422982446986,-0.13833732311661795,1.0,0.09471138276158705,0.18392600451095031,-0.07022662034790238,-0.18012205675181722,-0.00012228824728129585,0.04644745620723699,0.20710548814828794,0.15720724852306422,0.12108033454985768,0.05120855419990219,0.009084144851337697
260,1.7658348692518273,4.104121942681347,0.01760119562085854,-1.7544578302594325,-0.23592336095311467,-0.24740021906642964,-0.23203702367950618,-0.2477260381618309,1.0,-0.05700947439920789,0.26575675285532363,-0.2932842596410631,0.02093023432126708,-0.08926407872799369,-0.03607748262210805,0.09886029786182872,0.06411089817132999,0.05264077579729707,-0.0058961848696693995,0.0016266295841789744
261,4.210442330958579,2.4027446258289773,0.03432008066839527,-1.4644517000250292,-0.27836599366743836,-0.276845777815668,-0.13424785134002062,0.29826813147387155,1.0,-0.14648134136587052,0.05175172206695646,0.230940755384441,-0.2021582658505563,-0.025158993773212457,0.1361754360611486,0.16977565433454414,0.0801663808660217,0.07643880619128493,0.04997145549496254,0.011202875444711583
262,2.5017786174825978,1.276896714155056,0.0007742725439354652,-3.1111061407477503,0.14973675690563276,-0.15688787887861783,0.29123149913051044,-0.03147954728723862,1.0,-0.1096713639574056,-0.13032674852517545,0.10723188783120967,-0.2386027807069951,0.0469790334358769,0.08635059357359029,0.1980377503689071,0.09029258567274986,0.03681008715727435,0.024332471213540628,-0.014720214666332894
263,4.287942660307017,4.834504042591796,0.005329876116392971,-2.273282885268398,-0.10652472839683713,0.16005103053085581,0.10563367149728588,-0.06678904559078232,1.0,-0.021756292689826717,-0.03372857787547527,-0.14353932048789517,0.23363721679572838,0.04444982704515942,0.12694542330789035,0.2987430878255135,0.18884677756205462,0.10194724838406694,0.07076838564768607,0.11505055980630091
264,4.320838550726181,1.9103841424575252,0.01025460962258715,-1.9890808679122176,0.09518501317298185,0.27877200449655115,-0.2863724607126083,0.29464112208751353,1.0,0.04041268489426479,-0.05516448516637285,-0.2834188231378798,-0.1553396249483285,0.008662553774075791,0.13484750889731978,0.24316857437013306,0.14526149092832236,0.05039707420097663,-0.02247554545465379,-0.028025299261871126
265,0.42473514410752256,3.7819355620148345,0.0005221838087006626,-3.282176598428381,-0.13919792965881525,-0.013926048856357398,0.06695582529488708,-0.17722337392785542,1.0,0.03226413895028641,-0.25647808469991973,-0.0031183277788717546,-0.21496963977488287,-0.010566883462055945,0.053479504099555146,0.1702993341209409,0.07477489247801551,0.010022965977717025,-0.006306364401884596,-0.023974620656482256
266,3.7935629481718998,0.8338318165802692,0.01976195620858542,-1.704170067413178,0.28984779114883985,0.16368103418315133,-0.04661822522682457,-0.29257379430545716,1.0,0.1633525168997107,0.19235825491159475,-0.005068549235332142,0.10407896567038677,0.012785423949594614,0.022567457375589905,0.19885673504853582,0.16579869394577237,0.12636287839532748,0.0787287326635864,0.06877235200646584
267,1.405635880021905,0.551646553764547,0.002286804955344281,-2.64077087537138,-0.03408428455514149,0.0961658172939275,0.010980406553743993,0.29385843578627113,1.0,0.04272540026137304,-0.018450294963309542,0.05535835666469386,-0.052445350592987425,0.03865718313965037,0.15826705981866157,0.2802202653513469,0.15878445522703583,0.08545249363100121,0.05666482543854746,0.029903626306919805
268,2.2093621883598558,4.943722140591425,0.006635335638144627,-2.1781371041322664,-0.1697401731352546,0.027043904799298656,-0.18034604766161225,0.13902519526148083,1.0,-0.06458559359807974,-0.06112175169657802,-0.2640716355988076,-0.2609014210572519,-0.03774225729158128,0.06181404422085749,0.19642832489977158,0.11299756464739824,0.04334253688165645,-0.02728063101733219,-0.05095244872327862
269,3.511516745290752,2.9303231665667058,0.002962042639008931,-2.5284086940413437,0.047115406059625164,0.03558560773846307,0.10653727845421106,-0.16679608337436116,1.0,0.003037544745358467,0.05455024019108301,0.16355410253413943,0.03689035518146983,0.03063634397261334,0.07303832880948082,0.286704821228961,0.19258508414369038,0.14442166532492995,0.13550141683571046,0.10685847702993018
270,2.002074021227103,3.295892990589166,0.004033419763756842,-2.394326577993174,0.11349337433617203,0.19244017787179868,0.09648364079247526,-0.24684368908394108,1.0,0.25598713247881555,0.12555947840411533,-0.2771677453011629,-0.16686898440534556,0.025949983250606084,0.058018094918921174,0.18111230887612184,0.1475010444518333,0.08538227248065794,0.009537220266335446,-0.0027478820627286635
271,0.944969647747695,0.7486087847737231,0.02058124459809853,-1.6865283659320551,0.1644084016971895,0.19792582302800796,0.26362509888631985,0.02605815034561134,1.0,0.29164183093341794,-0.10326791926212338,0.04154904644198254,0.2766027382565993,0.06520533270029417,0.10684543689718377,0.1906863479762259,0.12438102895364106,0.05958359605190319,0.060648721795084834,0.07170329526485125
272,3.6840163573150293,0.17776773751159328,0.0010893834629789685,-2.962819221674868,0.15134631328718853,0.10565776578707695,-0.21850658446186583,-0.2812231024076697,1.0,-0.07565038139417964,0.04087775543050929,-0.006535412672756446,-0.18154099899623366,-0.051310256478195,0.017539441541634043,0.17973869531592032,0.09003340312062222,0.051087759537025275,0.008898175113036767,-0.021777912087016647
273,3.3682332601967166,4.843561762618428,0.0015935609334485738,-2.7976313256295113,-0.022800812182102757,-0.015089627721186792,-0.05956651268551574,-0.17410022815789797,1.0,-0.2145816135567533,0.13096198875452902,0.21834554306756707,-0.16815888757228784,-0.031567622097461584,0.019955976094367833,0.19328184563672335,0.10128216598855047,0.10357832892035473,0.10182040033814482,0.04431962699065454
274,4.338757435384457,2.972417659963254,0.0017736243157591472,-2.751138365829725,-0.13142793279925755,0.09994667741575032,-0.23135249335124622,-0.25312944360018336,1.0,-0.28060816953323275,0.12756517159558317,0.1793381181289784,-0.10535599863110863,-0.05722469917342283,-0.03959259663180945,0.13797908144258736,0.06656929892765968,0.058202145092790536,0.06544770925271552,0.029842268748582715
275,3.0083146173317656,0.6361872669166379,0.002043719389225007,-2.689578734798195,0.12263241079836529,0.03458279632434467,-0.07255121504349166,0.20697576439081866,1.0,0.07593537668716858,-0.25163925516121594,-0.2879609052887121,0.026190471433626315,0.012907656460367985,0.11228596938227738,0.24429605157430584,0.13703156442627662,0.009613753223344767,-0.0427590752623506,-0.012679984453439245
276,3.960397199838739,0.15752249937980878,0.004105445116681072,-2.386639749326883,0.011504163832652603,-0.21447573289936997,0.11426984339957497,-0.09879472934335382,1.0,-0.07052173649207875,0.1701165584484168,0.1768664203602002,0.2388973966587971,-0.0064584713563930595,0.07510579639635268,0.21238318346360407,0.11951896602129139,0.10952040710868591,0.11336974054163552,0.10994304591199704
277,4.941850644369784,2.23716194659499,0.021274488619994238,-1.6721408703589489,0.2120514652626623,-0.2654398537817155,0.18513377313055898,0.04198533738694472,1.0,0.12337377283194433,-0.06370641759635894,-0.08809457903744114,-0.02085421445881167,0.030459903082813784,0.11569037640558728,0.3080262918673123,0.22183749947585923,0.11025255987357037,0.045585310054063376,0.033855497898319716
278,3.1726626054578357,2.441536464421396,0.0005311869778161913,-3.274752580349174,0.08876491583007329,0.011669003142687484,0.15880866298795962,-0.24130542325541987,1.0,-0.016264990031461778,-0.22910756552781175,0.10089394513027002,-0.2488617504877071,0.014624090571835767,0.11540549061372771,0.18789143147938733,0.070664530751093,0.02642290509352048,0.0010353319022233013,-0.02048609129177159
279,4.100801286954355,1.0530740115420467,0.0032591472198213772,-2.4868960214581524,-0.1553507588913808,0.07137745817762028,-0.24772194932821154,-0.0845965342241496,1.0,-0.02335397946488634,-0.04757389941579302,0.12011197018070187,-0.1267059868648311,-0.0732619059631033,0.019154821611618647,0.22617439140543572,0.13236382897131763,0.0665380588490585,0.05132671579429578,0.009341022033454846
280,2.624540479690304,1.0920856176328941,0.018942667819072313,-1.7225588565096166,-0.11279946854433535,0.03045226112489989,-0.036918391219732026,0.22602124261478068,1.0,0.2825642927550054,0.012826570486933185,-0.013598633973391738,-0.22401930896194452,0.0061609175267866205,0.11703787005721619,0.26724009604996335,0.20594872150584806,0.11473581512823659,0.04756410536630822,-0.0053023594085486875
281,2.6689134895607975,0.10519171859422435,0.00054019014693172,-3.2674533416076743,-0.13711348927274966,0.20253802801909385,-0.08060805162730683,-0.24511198393968528,1.0,-0.22920848769169141,0.19093239771105744,-0.10118476032038602,-0.0823790179051296,-0.01964424984807597,0.03440051295933175,0.14233083427388377,0.057769090929948565,0.047274706925440606,0.004220814067436347,-0.004744556232940173
282,1.5429687091493802,4.560659114757132,0.004969749351771823,-2.303665514262119,-0.1839863427044884,-0.04640374361053166,0.14098378370651443,0.24961324183974326,1.0,-0.18989422724037247,0.20557827761129507,-0.12283956374146905,-0.04236599803179817,0.03105412307338981,0.13142920611642978,0.20086459551904373,0.11044512636829595,0.09213570597086881,0.044790418762631554,0.03533523471527068
283,2.141570721850426,1.0773858442864082,0.004735666954768078,-2.324618847837579,0.13463341378813173,0.02236463541175284,-0.24463883968134503,0.07055207683500819,1.0,0.13059484659469978,-0.298392950263062,-0.21559494822676897,0.2684188589761852,-0.02514861169943736,0.07106955556353725,0.17708414518758392,0.0881417887248587,-0.0068144063568839255,-0.007859898459459929,0.037121434348479664
284,2.983081231460048,4.999058826413984,0.031204984154422355,-1.5057760336134198,-0.29093608234074364,0.17627010053544906,-0.006731471507126274,0.1670263931205199,1.0,-0.07086282818443783,0.06252365342112932,0.13583023409543893,0.14698073734453035,0.010213370633106546,0.10805662230033829,0.24962929826714048,0.1604463161373437,0.12524678394006097,0.12551325548790407,0.12379252549219992
285,3.5406305256921335,0.12135525657562153,0.0059691011235955055,-2.224091063586545,0.11328592932483023,-0.28662939548445476,0.05285548655297758,0.069503748931218,1.0,-0.15322741086337735,-0.10798186345223384,0.057701739541222506,0.29027049567564694,-0.01125724642005704,0.07762696388099406,0.21248395662316846,0.08819162930445096,0.027765859964719232,0.04454200032751136,0.08301098143968257
286,0.09517322204698589,2.519909444172387,0.0015575482569864592,-2.8075584888625227,-0.20352432818133243,-0.1639575849490718,0.016704683299557186,0.05636872493511597,1.0,-0.25302445560165787,-0.07413715706433881,0.14387686755793333,0.03463291988363599,-0.019344942038119716,0.05833314815030018,0.1551269258242031,0.04187430498347409,0.02311892968198829,0.03814961909661956,0.032264141692187415
287,2.9461774015162776,4.732497525015184,0.0044835782195332755,-2.3483752492316006,0.23561356247804943,-0.10843732055599505,0.08789392166153875,-0.17917486445278163,1.0,-0.13773554557570647,0.21893496175628058,-0.1311823710730383,0.1579796080993853,0.01432515500473722,0.0462839016596726,0.19028459930213967,0.12078151561509565,0.10706846016158865,0.06355087359335562,0.0778296512952172
288,0.7872292296970275,3.964682853130096,0.0009003169115528666,-3.045604591991318,0.09655143919181135,-0.2691280699156826,-0.029564902019778804,0.12560127753887965,1.0,-0.10216451932081042,-0.18036654699065238,0.006592731193773749,-0.20698241007038107,-0.014010579950323504,0.09074858669223597,0.1786816003484032,0.07026301144247833,0.02148335010147509,0.0039072650309368755,-0.016475457416278178
289,4.783442321241095,3.563949791086743,0.011623091328147508,-1.9346783497248976,0.041356035952046954,-0.18929438295719797,0.045114701927949016,0.25331691301448883,1.0,0.24570399053954445,-0.25052653163078237,-0.1157923502677627,0.011338796056033829,0.01398281945696128,0.16123499496608026,0.32239390501394094,0.22379955364012427,0.0782042563801209,0.03355030475558129,0.03892828463093639
290,3.5351928390926872,0.15608047153661414,0.0028089887640449437,-2.5514499979728753,-0.041815185544043156,-0.2510793729985438,0.041955231681467885,-0.13019912070332287,1.0,0.2968862624816725,-0.14269463247116657,-0.267890372019445,-0.07951728031511367,-0.03029802182689082,0.05070672572034454,0.2100684859397199,0.14604444937882474,0.029640670920797575,-0.03526524543671785,-0.025988600147739266
291,0.2949138225179181,3.058227844803898,0.000999351771823682,-3.0002816132046606,-0.05511131906369323,-0.036944755255165926,-0.021460016229249312,0.28779794588558244,1.0,-0.2299368741922163,0.2429535044465682,-0.14167323572252566,-0.20515631783729804,0.007883786385941045,0.09650546869363441,0.16876870954081863,0.07945576999529869,0.07164760417715256,0.01735701233612689,-0.00670620784693997
292,1.4665870382424473,1.7057567942600336,0.03742617401325266,-1.4268245674851032,-0.23789981701095436,0.15959775510116797,0.06415168629515397,-0.08210224329026793,1.0,-0.2337179972503756,0.1960230630048433,-0.23690520003106832,-0.22997644390443422,0.010166702803513622,0.034532712778351474,0.14208880805736432,0.06682926795439889,0.05037197823858814,-0.0089888210256282,-0.03282443745179662
293,2.5243884321681027,4.339972033117283,0.0024218524920772114,-2.61585231198891,0.16512171167159587,-0.024362291151628166,-0.1726689406630755,-0.15056457216514169,1.0,0.15369995001429287,-0.011541537452218165,-0.2499964752308608,-0.13622576586283128,-0.03540303008748655,0.02116123524667074,0.19980293791358417,0.1566022248914105,0.07900241502002285,0.00027012153026188243,-0.014000766511408339
294,1.2201057664799615,2.915311763790873,0.0021427542494958226,-2.669027634934806,-0.011395987775257499,-0.19026674467563862,0.2154555372171944,-0.0705505934645415,1.0,0.0005149196551182955,-0.04422548319576852,-0.28959732169924246,-0.20753950524382794,0.016822878050786867,0.08186954168334924,0.18565786760372052,0.09691042575689407,0.027980995278972964,-0.03640527165097801,-0.03828698191584872
295,2.8068801325208477,0.5702149498417968,0.002502881014116969,-2.6015597960732415,0.10315392663991571,0.08196699339709519,0.2966556159260086,-0.2576740143319686,1.0,0.2914446364272994,-0.07150091432641699,0.01315289235079975,-0.29670354272645366,0.05360933837268266,0.052172391268506375,0.19179988576101356,0.15080020228690816,0.07400562101161058,0.024665943825914843,-0.023040820641889326
296,1.1985653867449384,1.692041704595326,0.00216076058772688,-2.665393350279712,0.19416082134231835,-0.0002909381123251897,0.2087697715436636,0.054722346376948304,1.0,-0.12607714514220922,-0.2611628825117317,-0.05919613646566904,0.25431496033492695,0.05552541084430927,0.14823104752340527,0.15546924857197705,0.038841464163275156,-0.0015244460743195258,0.03194413519782122,0.049081657187244665
297,4.865709672647518,1.5253122502573464,0.06412957360991069,-1.1929416476467487,-0.27254074003109163,-0.2641952436795132,-0.032438454621954826,0.0648208217187369,1.0,-0.19185171740983623,0.06425414160843472,-0.17509617162918634,-0.25521300028236676,-0.06378761080164341,0.046486975453550836,0.20492436495162403,0.09633283329179815,0.045022694671136836,-0.026219225662995966,-0.06174638668354157
298,0.41959915468764275,2.4859739817014166,0.0005852059925093633,-3.2326912353484625,-0.025684081630514076,-0.15218346514551642,-0.011729852892859638,-0.14028187518583504,1.0,0.07948009415886881,0.04822761196449314,-0.08071821215538058,-0.07396466627670195,-0.032286343889575964,0.05915891293723609,0.1998216227910501,0.11872054843104457,0.06619088338917357,0.020199203186337746,0.010088451637688777
299,0.765051891901033,4.9697548004322725,0.039253817343704984,-1.4061181027227319,-0.289437259539259,-0.22854656421623154,-0.1536928630524413,-0.05986468635980835,1.0,0.14023109677197404,-0.15854186615464627,-0.2851965341674274,0.17843697386285293,-0.06630752317656183,0.001038448820765687,0.12516896707244238,0.08132795017145135,0.013975569429321044,-0.015837541183859234,0.017476630469900774
300,1.774801236092269,3.2256229091664093,0.07267358110054739,-1.1386234387624639,0.21395123365763904,-0.28607822879608535,0.041626543575841855,0.2364762974998019,1.0,0.08007465573129692,-0.01703232535033461,0.01362300443332709,0.20876677490448106,0.013943128523855371,0.12689745134516503,0.22489650018087531,0.13806173182453432,0.08434848599528971,0.0771533522486919,0.08756390601903569
301,2.314184593394991,1.116913319336346,0.03167314894842985,-1.4993087568698755,-0.17078788077195112,0.22953320944476985,0.04357137809369096,0.19869054292658464,1.0,-0.10718358181579002,0.15728731664429355,-0.032984444305354466,0.0137725320496888,0.04628772700871692,0.14810381171155593,0.23050562620624143,0.12208616774304956,0.08980475782080002,0.050456872781860784,0.03945796674361254
302,0.9884939575946163,1.7890550283170068,0.016232713915298184,-1.789608865268916,-0.2731179750403202,0.018377300203543844,-0.21164227277442763,-0.04757121918183608,1.0,0.2606057535335765,0.02995761321987389,0.037719919905318686,0.2139420959096274,-0.052210421592532065,0.02498701977472179,0.1702133509367997,0.13184699315971207,0.07730088206394257,0.062357810239144135,0.07134843601881856
303,3.874539224994775,0.7609111467675673,0.012784500144050706,-1.8933162476082614,0.18306302820547932,-0.11431933722973646,-0.03937616732637672,0.25493096905378276,1.0,0.12840439063134954,0.2895881704252821,0.007314664219083422,-0.21840149548958834,0.008400349196799923,0.1189231976383625,0.25826521136220015,0.1961614424822808,0.15969401084493257,0.08016488163976218,0.012402991570478224
304,3.840203338462347,3.80687831334491,0.021418539325842697,-1.6692101499540517,-0.00551391579794449,0.29072271588489623,0.07837058273425747,-0.14833421522184123,1.0,0.27157514550673856,-0.29399262129714787,0.21436170575258953,-0.16339275776636655,0.04797073023810454,0.06907940933348192,0.2266616575544585,0.18139189564786756,0.08138854966650177,0.07916739947541374,0.03785174333576703
305,1.2744610732241746,1.486825251640109,0.022237827715355804,-1.6529076387316524,0.24153403262590012,-0.23372926341203187,-0.009494534451176295,0.29796514855348327,1.0,-0.05688438186577572,0.26025133955875424,-0.0784852041299777,0.17125450088736613,0.007486680657420658,0.09888697973809778,0.18334177987842462,0.108305489649555,0.09066582495277198,0.053638845537550474,0.059204286941800736
306,3.8331709324614245,3.386378854344328,0.009966508210890233,-2.0014569711125954,0.188520666197811,-0.19663257032212353,-0.0075733427527457375,0.2607351572003566,1.0,-0.29501217655208795,0.13786619048423102,0.2890770896770353,-0.06425458288658305,0.01283086646285652,0.13194827746605173,0.21385361665789349,0.09614431296422524,0.10564523001190462,0.11166466627736137,0.06876892462551623
307,4.5459779804769855,3.0968317508279735,0.0033041630653990206,-2.4809385277392284,-0.10050487713296784,-0.17578920411070795,-0.05934472908347864,-0.010117067806227531,1.0,-0.03146072756115555,-0.2654720421760816,-0.06400124691191533,-0.156483287603525,-0.05762391364099203,0.07637185280714617,0.26084213956863567,0.11987404688150845,0.001296175192190943,-0.02974982208562208,-0.04188487812912537
308,2.353632966349399,4.205202282180078,0.01990600691443388,-1.701015849412604,-0.23076658567543412,-0.0492341721764457,0.22630220574122506,0.22146572430269076,1.0,0.059471714106144866,-0.1419948826131555,0.07493842204486045,0.10786391574646359,0.045164798609048026,0.1472974373616074,0.24710843753818065,0.14667106109988395,0.07946089624364623,0.07991096223615538,0.08048412359090686
309,0.02185578227181751,1.3570751485215973,0.028089887640449437,-1.551449997972875,-0.0065624469462822075,0.22022518250060943,0.10264492128445923,0.2289106256386691,1.0,0.2662603500008493,0.04588575795077005,0.17967493139035545,-0.0673170828425317,0.04867981670618014,0.11269415387353465,0.20293928430762026,0.14491055544214507,0.09623160919868648,0.07677679456191382,0.041906013422447146
310,1.322033269704297,2.35265573641866,0.0553694900605013,-1.2567294762159011,-0.21118596113235258,-0.08015862587652316,-0.17218781378169457,0.23167174834790363,1.0,-0.03619228370163757,-0.1874028056880268,-0.02109944229709775,-0.28999392811141744,-0.034942328827937,0.07013053151177481,0.17500922580559763,0.08260899134885051,0.017735968450775148,-0.007063824458505583,-0.037772683758895184
311,0.5218234732620121,0.8493179100583088,0.0135677758571017,-1.8674913396766861,-0.21159053800198815,0.045523444046311985,-0.052113348839458264,0.040003065384580094,1.0,-0.00703538967550299,-0.17928973387040723,0.11605215207847176,0.2712980015077794,-0.013564407170771361,0.04597876962970513,0.17765635350965459,0.09318751954994195,0.02573991346051258,0.044234323145721316,0.07250929705037708
312,3.1207777574800284,4.865140132185343,0.013738836070296745,-1.8620500583724562,0.2789513460195168,0.15320028685948914,-0.08019937531809339,-0.25213625370351067,1.0,0.06924287414860009,0.21774209773915237,-0.044862521571498955,-0.26373866322140116,0.01549168383373975,0.03320426859284229,0.19266319324105083,0.16019395258312746,0.1387078817973772,0.0728426023632247,0.015809177608773813
313,4.575557732362608,1.8165586531680087,0.09436221549985595,-1.0252018710074398,-0.1855280386864993,-0.2048703315939452,0.2633705050226622,0.030287112711787276,1.0,0.1392835893367458,0.17887169352810556,-0.1697529174722897,-0.22921704530351997,0.02343826051824549,0.1076423893904535,0.24219142678737368,0.17938076544738396,0.11700602091058059,0.02075854358661153,-0.01813122460261856
314,4.857853913787317,1.5395405198253598,0.00243085566119274,-2.614240827832331,0.12560899871019535,0.20424809282359702,0.11820119527346923,-0.29671909907679567,1.0,-0.1505481024043824,-0.23899184833064716,-0.08122052413327856,0.20768648486402347,0.023629112048467595,0.10732692016263023,0.17435641486196948,0.043607595291288506,-0.014460077628055186,0.01540600054874712,0.045868693560741546
315,4.147709934362919,3.7892197431266155,0.02201274848746759,-1.657325728531679,-0.14970024738505042,0.23322044145328702,0.033793842408203024,0.2507628638006648,1.0,-0.19205584162623127,0.019100475206262235,-0.156621070011266,0.27988292603936143,0.048310679120995355,0.14415169520671312,0.26301997048163794,0.14287483637612902,0.08090881119142088,0.05016372312797723,0.09502516584099764
316,4.307308403346372,3.008489664486957,0.04012712474791127,-1.3965619579051416,0.1638053307907579,0.06481068989750091,-0.2541427713846981,0.26108552270913116,1.0,0.2743197585332618,-0.28400719412193154,0.13887114269999565,-0.05045656802359034,-0.012709671362625833,0.09926399159783957,0.25487283020399376,0.19568873276130452,0.08024175393025143,0.07141861780496166,0.048406851125752506
317,1.0099890909462133,4.343731914556098,0.0046996542783059635,-2.3279340889890556,-0.04709597732275473,0.20649840463870264,-0.1700132284605066,0.139504624487537,1.0,-0.05480340346625155,0.19498794552821147,-0.28676010168025695,0.16459059651288635,0.0016583357727145867,0.09426064689286276,0.17752431196179455,0.11166820494915518,0.07508094821483602,0.029943007447021806,0.05168480434999703
318,0.012141752901868773,2.329279203580474,0.00992149236531259,-2.0034229974755515,-0.24058110450026285,-0.04507719920615851,-0.03224745395191585,0.23004786693366527,1.0,0.08548269219850003,-0.24812416348401392,0.15488189672821154,0.08944077765877731,-1.2321752162024565e-05,0.09938274093067054,0.17167507894495615,0.07907055057156173,0.027958181376577493,0.046904906832748346,0.04293904233496697
319,3.104614240703193,0.9351705134511175,0.0008012820512820513,-3.0962145853464054,0.13134149115970656,0.014991943266922058,0.2074339705890339,-0.1922099766510413,1.0,0.03790563675573453,0.011583583935809315,-0.23206650307378196,0.0653717702080091,0.04378663235961929,0.08971691118886554,0.23464542833835397,0.137078210709879,0.055266637008855625,-0.0023487776904282166,0.020521794302293266
320,0.659726281685748,1.3697616163670427,0.0010623739556323826,-2.9737225846851927,0.06577154767565405,-0.22377682172874755,-0.08937500408534983,0.08230518221486768,1.0,-0.23997847159443364,0.25397498876907526,0.11699891512656448,-0.2943187713347538,-0.02300698671643112,0.05037201088153121,0.1359977093825462,0.05622827566114644,0.06714699710111102,0.03659335947702262,-0.010946274326015252
321,3.876798528448668,3.0566734986146478,0.010614736387208298,-1.9740907868962287,-0.13120551071725509,-0.05931038124213282,-0.016137194641980167,-0.1645770639823034,1.0,0.23155606914763285,0.17677562951935552,-0.03460644057574128,0.2690961019953984,-0.03631234792741437,0.01990220801798199,0.2227405634516426,0.20345822250300896,0.15430372961038394,0.10879093953405412,0.12774386355444273
322,0.1783797651742962,0.17379122089749077,0.11587978968596946,-0.9359923016828583,-0.18908227366056543,0.22085643895404375,0.29527202208072173,0.1806913343908762,1.0,0.03475829847644631,0.2076576498270881,-0.03980315278849902,-0.07685845130594439,0.06424014711026681,0.10805861244002798,0.1771774208008015,0.10570453090989332,0.07848201238778287,0.034233803383697435,0.015083626101830592
323,4.634111989191011,1.1641947984842598,0.0009723422644770959,-3.0121808365043683,0.10666819498144316,0.02816636305095823,0.18044450871724646,-0.10802997954269168,1.0,-0.1578492760161763,0.12626023610571752,0.05011376751627903,0.029914540592866867,0.061446417105414305,0.10187679791394455,0.28588957963555134,0.15498413503357394,0.11854915618807094,0.08730571684635602,0.06856639210697849
324,1.4703014414777211,3.1413185662227323,0.00310609334485739,-2.5077854969180438,0.042630524866446605,-0.25576888977340045,0.025224252030320058,0.1106100225282516,1.0,-0.012934450402329567,-0.06826686553581723,0.259396338902463,-0.021540572050047224,-0.008680903752116546,0.10838020844554147,0.22206070491148547,0.1146742770150257,0.08328908828779077,0.09513833838848977,0.061954454845050556
325,2.631086708632488,2.452392562185883,0.0007112503601267646,-3.1479775007008763,-0.08099140770722563,-0.0688659039019033,-0.10838127611801587,0.009753307345396743,1.0,-0.2598111930877209,-0.1064412003480789,-0.1959304305152563,-0.05649262454655093,-0.036455739730377766,0.07771829838281719,0.19205183143558813,0.05072385792267195,-0.009621210886309765,-0.04171915789317273,-0.025713821316765906
326,2.942621144517124,2.4646495506444914,0.012334341688274273,-1.9088840248349113,-0.15602379506975442,0.2583911650927161,0.005078466872081755,-0.14174312485987423,1.0,0.2212983913099738,0.044631576177613104,0.04824336633064092,0.11407097661188019,0.012488973771637693,0.07811205172360611,0.2377375240081579,0.1809094009415226,0.11753881749761075,0.09225554074598925,0.08517027974243963
327,3.2966904324938415,0.12723685601554222,0.06516493805819648,-1.1859860132191375,0.26401209563424777,-0.25397842875104254,-0.10999249812160898,0.2511870220865572,1.0,0.023188764332893675,-0.046445943332455726,0.2305549594045957,0.16393999242374563,-0.017309978388738677,0.0932126407701439,0.21508549562714924,0.1237798141960545,0.07122879709960822,0.08581195389503604,0.07972181378598937
328,2.604774570058776,2.166416565208851,0.0041324546240276575,-2.3837919064540567,0.12370060794272213,0.23938991700924414,0.218917309484675,-0.1602282689593338,1.0,-0.0663572181471968,0.15580838072613076,-0.2962885429890615,-0.1498263164738987,0.06547298579470356,0.07428282697589807,0.186848335630769,0.11510270071286982,0.07404688528182578,-0.003952045245739448,-0.015761380211299452
329,4.326301943467778,3.414933802246738,0.017187049841544223,-1.7647986635976511,-0.1633058234615575,-0.1817161377458568,0.17112629201754032,0.1915525302697989,1.0,0.17265390537530845,-0.08368988906617815,0.09637311173348899,-0.24944909386813802,0.002325691205802638,0.09399856533737004,0.2607790229981858,0.21517511244131285,0.12254703823261613,0.08182116100042129,0.017464365946869235
330,2.421000952751218,4.854821088749846,0.06290514261019879,-1.2013138487369748,-0.19348275277899596,0.09770424780846973,0.12502321827543575,0.005700177322383681,1.0,-0.23421560690145138,0.28258579086801017,0.20098143435689236,-0.24300765046918804,0.021994743707554422,0.07434489422904454,0.18356615878291244,0.10403418037299311,0.12159080174229632,0.10073191202057988,0.03955705054827653
331,1.3622861058974542,3.5592219422269893,0.016358758282915588,-1.7862496646832837,-0.16918001650705347,0.2088189280379932,0.15613618377997554,-0.008584991679418796,1.0,0.08451243167954241,0.29638080823727747,-0.07012123813355754,0.0698694642033753,0.04315108075574633,0.10681801999428091,0.2112496567021795,0.1592370629578316,0.13443367772922324,0.08288913226590865,0.0735631913518901
332,1.841233816723754,0.7594424096800043,0.01754717660616537,-1.7557927528736965,-0.25170373969795135,-0.1051302106847269,0.22118769572697597,-0.2579404046794266,1.0,0.06281870780886031,-0.02215406226093416,-0.13692195066113014,-0.26635463162551815,0.0011961765016613429,0.022963868022125522,0.1521988895565228,0.09163166616984927,0.036955047865733295,-0.01528796551769767,-0.04028399487637941
333,2.629269154432226,4.506198073480102,0.006329227888216652,-2.198649266971494,0.21781675630600186,0.20481750873784885,-0.08940786044525634,-0.027972802212886515,1.0,-0.009410006268377246,0.2752945950950132,-0.1732574002528331,-0.21236493806461076,0.0274792606752186,0.14451266380994574,0.20693058132141892,0.15845002064345826,0.1117374005366037,0.03327893220794753,0.013200530803723886
334,4.225565375596702,2.619018224853598,0.005005762028233938,-2.3005298004092607,-0.06670204168610652,-0.17214653191781196,-0.15664728045398654,-0.21723105308049298,1.0,-0.20175089857597125,-0.09830156627572964,0.20046134243967273,0.07182311254412845,-0.08420343806296668,-0.021942218706702616,0.16222391103233147,0.06125319953019445,0.02327938265194896,0.054925320529838645,0.054623424646524615
335,1.8683051429953401,2.7358325945910917,0.0007922788821665227,-3.1011219198411495,0.15629013969892,0.14156517020762954,-0.1656116167803687,0.055401316904857056,1.0,-0.1783486474023806,-0.17140689524509706,0.1804318201574801,-0.19364418274454784,0.0008167634351000988,0.0877624277214074,0.17296445394893442,0.06117255815962449,0.028879516231488926,0.03264657275190589,0.0008972508633810081
336,3.1146623729883007,3.2938973953008115,0.0032501440507058483,-2.48809739008566,0.10760458075586736,-0.10810386433660832,-0.1825755443464924,-0.22637892974036725,1.0,-0.056494409974091137,-0.12819909536573262,0.0855917864960442,0.24700577675313715,-0.0634226328790325,0.015258968197349758,0.1683951651567029,0.07809917052919219,0.0322352145270021,0.05734435191376427,0.08232089285255319
337,3.303862686931664,1.0001143293080985,0.0017376116392970326,-2.7600472829835443,0.17493218817638687,-0.13891089170283133,-0.2549565491839452,-0.017148953447119253,1.0,-0.2248521745897385,0.051472699071323104,-0.012003038801202447,0.20612538091887314,-0.06011897144205276,0.05628851075897399,0.18005214208299158,0.06521583190209285,0.04126717655121645,0.041324314497230286,0.06308578191750105
338,1.4739018198454736,0.49182871588090044,0.0005762028233938346,-3.2394246180074306,0.019713976829706235,0.0513401172679752,-0.09117671687219865,-0.25186704972491125,1.0,-0.2922608033363603,-0.1253055742296317,-0.03076469341995882,0.2769166411002442,-0.024497940281480217,0.011137810286313398,0.13246523885633818,0.022884506621963306,-0.009535943379765549,0.007367698112377207,0.048697463456762936
339,2.493270107253876,3.9758800915602603,0.03508535004321521,-1.4548741861986276,0.2825585138995517,0.21069040992939395,0.18660776711430582,0.2834914968688286,1.0,-0.2930221336064334,0.24722192089123207,-0.0753224344602682,0.18836694898646814,0.08648751511233678,0.14353313650378177,0.20797643188759612,0.11192604892034837,0.10319685672267791,0.07576108065434699,0.08448398885141573
340,3.4437350612402224,4.274747971555495,0.011046888504753674,-1.9567600292643137,-0.047720648224594875,0.27634967317435466,0.1543429728456465,-0.22767215921200096,1.0,-0.1283633972642978,0.04895624766928492,0.1816452303311267,-0.1623755131925248,0.056889119911051333,0.06456348264874828,0.2095345925132503,0.12579222996330358,0.10173969333832096,0.09254214614014136,0.04413963509752511
341,0.8923567426136486,4.797874290787112,0.022841040046096227,-1.6412841247695873,-0.21499765384454203,-0.2904401931657687,0.19544664811124976,0.22138368540774997,1.0,0.1466101462529176,-0.19686962413820094,0.05381399053718656,0.014463963986393201,0.0017222242131261633,0.08419435846928422,0.1886913063548471,0.12321715522802579,0.056182604463027405,0.04916323016541096,0.04340035824629028
342,4.040189275601476,0.49544596715747147,0.0007022471910112359,-3.1535099893008374,0.1989417696915136,0.03859731927771359,-0.01699770121979107,-0.06012078390951104,1.0,-0.10114625726465687,0.1705414012744311,-0.13142590790235048,-0.008363541646618821,0.014320931431364748,0.11130706354949421,0.2709433764665038,0.14904888810826442,0.10137119416194731,0.028673193904405248,0.022373535162671952
343,2.069982286614575,3.34600940147613,0.03980301065975223,-1.400084077085444,-0.28996875843622677,-0.15916727957733764,0.2622046177870197,0.29932562949305064,1.0,-0.26312278450977156,0.2242314177229196,-0.09879863567934302,0.1820032983681576,0.03209469566139309,0.11464747430398885,0.16048313941817846,0.07661050502407254,0.06765244806859043,0.04580278694746577,0.0567007502486191
344,0.5666797479770245,1.4579458981624698,0.003610270815326995,-2.4424602193711356,-0.08767921011068268,-0.2526563575644578,0.2396878704205821,-0.011209308472942681,1.0,0.24213630933828406,-0.0658010012422792,0.16239627773696416,-0.08332696408902057,0.013564897610794989,0.06375013819042492,0.18027681801766218,0.12407532651867444,0.06878365234818648,0.056337854518087385,0.027048526660220378
345,3.1649488925421427,1.5880203817755223,0.0006662345145491213,-3.176372872260342,-0.10160756389790009,-0.14386777266861028,0.05399970226078483,0.07738947277022316,1.0,0.08310274024676813,-0.28553468517705105,-0.07348126957763186,-0.022170690961475392,-0.00301714260748658,0.11650186333119773,0.25973104538083885,0.12959207866410338,0.010038236636492389,-0.007180846107366087,0.0021082481111464814
346,0.5117240935217804,3.4650830900908947,0.0005852059925093633,-3.2326912353484625,-0.12733534372320332,0.11616313253879974,-0.20370201473524902,-0.13718645979036018,1.0,-0.09892539713273739,0.1608620937634195,-0.10728591438036436,-0.026490376856833885,-0.040904444848117776,0.01943648847100624,0.15091436671258288,0.08168215099826619,0.06424211870306859,0.022941688663950355,0.017455893087507543
347,4.127669724350461,1.3060892594854268,0.016916954768078363,-1.7716778118907923,0.26686823634622975,0.16096586233492688,0.21163430017492774,-0.01662285070105931,1.0,-0.23536580146937922,0.007670299373169675,-0.2825480144758807,0.08462728469406051,0.0872349567880907,0.13647166548167453,0.22815174724426057,0.09342680797568785,0.030845833388462026,-0.016800556972133084,0.015402565985986957
348,0.76947838666861,2.3562540636324454,0.00830092192451743,-2.0808736709376885,-0.22093264456723938,-0.14061157201763752,0.00274850292261124,-0.020868894672619907,1.0,0.18309000569345332,0.1341750811947836,0.11529708186698479,-0.0194238400667188,-0.032187599545056206,0.028791108362810396,0.19103567052508572,0.15377507147772834,0.11512628379857993,0.08622989908597471,0.054695423045210904
349,3.4540198938453455,4.912864493733263,0.005563958513396716,-2.2546161169025023,-0.2470764805663815,0.14969925662074293,-0.1451567887526441,-0.05838300735253346,1.0,-0.11343874089950945,-0.14034490712177272,0.15218488291006785,7.251013696087937e-05,-0.04105528127295649,0.03479066212118836,0.21091073819168618,0.11216926085338255,0.05139304844575547,0.06598805869164376,0.05483932322021067
350,1.3832965682070868,4.3218048149007,0.024605661192739846,-1.6089649602986573,-0.2173242082746397,-0.19127115274588366,-0.009900192691109977,0.09460653806559662,1.0,0.09398454726236156,0.25302986719035336,-0.22814896764511305,0.22655701905788647,-0.030715541574521877,0.05046270608996828,0.17226490600584973,0.13154157223009455,0.10270099498033229,0.04871626125205847,0.07056823939577293
351,4.9836416214564405,3.885586558694014,0.0009813454335926247,-3.0081780940506944,0.17671227799857595,0.00878781984174144,0.06720361832132628,-0.14909137839488065,1.0,-0.11667567291684301,0.11347338853763245,-0.0931828288105491,-0.15485165119910488,0.02472602730193461,0.16790619131111956,0.2675309963792574,0.15961894765011828,0.10583036031494451,0.031334813842210624,0.00877975031648921
352,0.38040595676786126,2.3662890393519964,0.0190957216940363,-1.7190639234747562,-0.19545625714761167,-0.14966047173852168,0.09776710323024249,0.24828571789558543,1.0,0.17054821067442189,0.24497030241123924,0.05966742403565359,0.12325394151178656,0.0077367180904454,0.08835912829886056,0.1801142478553014,0.13267089817088526,0.1091470286752588,0.07951019666288459,0.06869903984812044
353,3.6071138883912863,3.026741043371014,0.02901721405934889,-1.5373442864789835,-0.1965146167280258,0.25169505262230674,-0.19574204262059827,0.07105068638222263,1.0,0.1461884622162002,0.25146140296124164,0.1394315109874629,0.015422346916535412,-0.015781276670369996,0.08938825506291122,0.22948811900920615,0.1843576210225827,0.16222789096936197,0.12672736948055374,0.08950966838279785
354,0.20471388670257215,3.692870087410996,0.00424949582252953,-2.37166259335723,0.1980333613517455,0.014536770572555334,-0.17726576660854326,-0.18906757434125382,1.0,0.05270099269702544,0.13275871435846293,0.28155597597744164,-0.12419929439015512,-0.02803347782525369,0.03798170021524149,0.1461569804057248,0.09552856187607414,0.09400578073729715,0.0829463303498358,0.041366750181524206
355,0.33094327163910986,1.0637142016672134,0.0012064246614808412,-2.9184997936265105,-0.051859104611826544,-0.01186595958946135,0.13459678884952223,-0.1330557678312865,1.0,0.19461225968855803,0.20466026776546803,-0.017249483747613124,-0.06867775265366323,0.012404412923516057,0.07496960613536062,0.19528827625249967,0.14086491539624643,0.1011408344522507,0.046966826053684595,0.024464214556189638
356,3.350406996126656,1.741733064791057,0.009597378277153557,-2.0178473873007645,0.1596866791938067,0.03614882011067091,-0.24417135190512582,-0.12575533378826603,1.0,-0.17369200460512374,0.2652563428344446,0.20824177999144047,0.29235512765028865,-0.037405780694780455,0.01695204563450612,0.1528699531744082,0.08532403055570706,0.09821144165817228,0.1085395017155656,0.1135768475908095
357,0.21563679706961356,3.2823157198272206,0.15805963699222125,-0.8011790198183824,0.20377141554643075,0.22015786495248327,-0.20409211557478876,-0.2230337197990079,1.0,-0.22179669591544302,-0.28031610513468724,0.28835396857656487,0.2549229972323574,-0.009787507536112782,0.016856535536776,0.09915595265684779,0.02390825008263044,0.0013530721560407542,0.04318589772096605,0.05430232981904011
358,2.0205516061380355,1.7692685135253772,0.0016475799481417458,-2.7831535022608884,0.21937027826774547,0.04566239302715107,-0.13452050963265075,0.19478325665304977,1.0,-0.09267454152112352,0.09155978610793365,-0.025617133953119087,-0.142945264054284,0.0077490436598120875,0.10764152527216359,0.22765751345431398,0.1238490155512517,0.0839034294443291,0.039014873265280886,0.0072561189740339045
359,3.2101218001309837,1.3739042092264637,0.0036462834917891096,-2.4381495687766495,0.12695883517790735,-0.18099842134276828,0.009358202825284389,0.15567395986699475,1.0,-0.08791331918907316,0.24420069736578906,-0.15986083713697039,-0.12206485425103987,-3.6327549110918065e-05,0.09883151200970294,0.23145279999582144,0.13898479508180056,0.1083863982565038,0.02874082278997526,0.0007978206398289595
360,3.379502608221017,0.5019355539085507,0.004447565543071161,-2.351877643067671,-0.024686050666404023,0.2846609925014946,-0.21315036274006152,-0.14196601449614296,1.0,0.29341933474297816,-0.11370120094873282,-0.12424295902132293,-0.24067394275592502,-0.021189372631113434,0.047197703969638405,0.19323562766768482,0.13962831045495488,0.04648362176339411,-0.010968589301718575,-0.03441071516085457
361,2.811698539843875,1.1100892933782398,0.0006482281763180639,-3.1882720955600496,-0.015796814281518346,0.0014017463765060522,0.238315492685429,-0.12476707738009385,1.0,0.14531923297034233,-0.1634083598373859,-0.1798096509894664,-0.04024792154028679,0.04420318681909876,0.10009397858255634,0.24199215139283786,0.14141087839626543,0.032510539692387694,-0.014096666407630094,-0.004106099882158419
362,0.8708931756730223,0.6345255796569731,0.0011434024776721405,-2.941800871035361,-0.0049865434153359535,-0.07058325333583022,0.12076472541985137,-0.2528506539112293,1.0,0.03339946692878828,-0.16756819585221874,0.2643344511370098,0.232598268128335,2.4980618671089925e-05,0.024682255422265653,0.15042210113114754,0.07451700729750817,0.03247780260332731,0.06707035197105722,0.07276376336642677
363,1.102988634984205,0.541164053891841,0.02221982137712475,-1.6532594366301139,-0.09453191660490369,0.16651045736488274,-0.09977965751103011,0.2746752949772561,1.0,0.2926232937537269,0.07378145641167845,0.062153361817828795,0.1994350063393307,0.016374690961311653,0.11564696490708899,0.2007398673858858,0.14233402914002447,0.0876082176588627,0.07189274656446074,0.06846687324669025
364,3.714382331031798,0.7953520538032578,0.014080956496686834,-1.8513678432674887,-0.048382971604097054,0.20339093701552735,0.08795524999340205,0.18294706195755922,1.0,0.24148445846530806,-0.16252676331924776,-0.28930501296671185,-0.2557168002016775,0.0503751513775175,0.11877747745002236,0.2408950260297178,0.1716718115156644,0.052075048348618744,-0.03193833487889301,-0.052482000959722906
365,4.230301332861025,2.0523567731331944,0.0005581964851627773,-3.2532129024930643,-0.01148919885783196,-0.17856305777092532,0.024207225082099135,0.05843905512744982,1.0,-0.24729529656624155,-0.13682488086686045,-0.17404755900873584,0.1564748841349812,-0.012605880497775163,0.10766954804586833,0.23348532616977746,0.07197465175422069,-0.005639556759304207,-0.018231779919845852,0.029549499481302675
366,1.4290500040137153,0.9860604459873241,0.001512532411408816,-2.8202953102654553,0.16253619758797197,-0.017372503702662478,-0.150567004402248,-0.029603835249988796,1.0,0.22012785793377146,-0.18582594316831672,-0.2754633662983314,0.13226142344726247,-0.0194197586223699,0.028092242915919132,0.17485482320342122,0.13184736354484416,0.032859619464285963,-0.018759560333204167,0.012435596327538599
367,2.2993045942902692,2.394866663395731,0.007832757130509939,-2.1060853393726995,-0.09160797980263943,-0.19308324736513977,-0.0444888764206138,0.2677962448416717,1.0,0.2436627979225066,-0.19826349441926816,0.0293033897755407,-0.2317714547404036,-0.01787131973296463,0.090138912758531,0.2160446165756675,0.15155462120916044,0.05936517904497622,0.027370411501308662,-0.009709651013570785
368,0.4634621610250289,0.6315464744289928,0.004042422932872371,-2.393358250987995,-0.10252135715440812,-0.19085130104497086,0.24437228624287594,-0.25124611364801375,1.0,-0.09215534147525371,0.125971633394801,-0.1975044039044013,-0.08878568577226509,-0.002264193711365976,0.07869817207489718,0.10791750585472841,0.053519729951443995,0.017196806437699365,-0.013913027257633274,-0.008053956209422557
369,0.432438055312096,4.268924933575886,0.0014225007202535293,-2.8469475050368955,0.20758832675376773,0.19301991801558266,-0.12362767729228061,0.22183723677868572,1.0,-0.2582255851524815,0.19067292439551153,-0.26258982344844495,-0.1410142152701453,0.022066196250291225,0.08832761268777975,0.15528426032647077,0.07575117371784083,0.059835843061743194,0.007939985258013163,-0.0003797981339644662
370,1.7939024122194298,3.1681645123294544,0.0071035004321521175,-2.1485275887818975,0.20643499641878915,0.24262678116636202,-0.22607221665173455,-0.22610529174590394,1.0,-0.057318248960250416,0.267554069887259,-0.2907993830380259,-0.17930102795224456,-0.010936095397754763,0.016679323225445127,0.13132754316695217,0.08812285984209675,0.07074560401519783,0.001346407694482563,-0.014399841868163238
371,0.43516329193033143,3.9788119815536844,0.0014585133967156439,-2.836089577448687,0.18993972064032807,-0.23782751168297955,0.024902325837806005,-0.1661263083206195,1.0,-0.055455653758502255,0.11525029009246054,0.17798092027131598,-0.22914054054499677,-0.016711146515875974,0.04462010779956518,0.1433482545160198,0.08012861451106058,0.07723995341150021,0.05359878922189242,0.01232271015641203
372,0.46822595122528515,2.7331077012558813,0.0725205272255834,-1.1395390472360811,-0.2713914861071738,-0.2032544819164718,0.2862446889038423,0.21617059211913855,1.0,0.16085408196865655,0.029460193627482867,-0.27928856583041056,0.023925323790222764,0.029853136577509903,0.10211845196032217,0.16945865919029396,0.10796172817789365,0.04805229942375423,0.004862035068340149,0.016092359141867175
373,2.5805105124879866,3.6038969612384713,0.017430135407663496,-1.758699239018943,0.2664191164521586,-0.14907207072541667,-0.05087205775851254,-0.1939737459557592,1.0,-0.20255018736852126,-0.09629248881072712,0.281323494761189,0.19358257913446467,-0.02021733638146651,0.038752206576586797,0.14625235373690013,0.05197061991267725,0.041940097486881996,0.08212756003440565,0.08307794069910865
374,1.299226070534925,2.6069993229247745,0.0008553010659752233,-3.06788098670247,0.22373664188399126,-0.06155668811526592,-0.17455694880027048,0.08744677305397543,1.0,-0.17702704109461148,0.06758489415817115,-0.24577505131584151,-0.06476291842522527,-0.017800367263866433,0.0655885529619345,0.17630476436162076,0.08035145055840633,0.0417745466752572,-0.011596377472919939,-0.008285744683126966
375,2.5251803802454305,2.2470873034947805,0.0020077067127628927,-2.697299728943157,0.07167454246693357,-0.1531534593409913,0.1150647787236545,-0.18442539364338092,1.0,0.08056061922384213,-0.27910314479067727,0.1973215035253101,0.286116555976359,-0.0010843250065681361,0.03260534354666483,0.1710892629118904,0.09889184696741621,0.027838846069521892,0.06252280795920645,0.08743574600171379
376,1.1008448759884208,4.613423383685124,0.011037885335638145,-1.9571141218089216,-0.19589645292736713,-0.05799807583655766,0.1487734829293747,-0.23047460711423637,1.0,0.27598247568613365,0.002162991069250841,0.18134623412623765,0.09919890401433996,-0.006476706103610441,0.02231858053779102,0.1710813920832863,0.1447832383111674,0.10205962628988115,0.09889889343549159,0.0864962760394463
377,3.688104947292125,2.9450954174820194,0.0029440363007778737,-2.5310568393310318,0.21241803837323175,0.10801162184497548,-0.1976042051326996,-0.12774534477817326,1.0,-0.24683772753010053,0.061352608940189984,-0.014311337486410013,0.08247652229769491,-0.019224540292900646,0.03634787769271264,0.20089058336438495,0.09011549337871251,0.06141452615809412,0.04513227217928766,0.052599110180089365
378,1.4616274894361114,2.268254638397123,0.02159860270815327,-1.6655743440234874,-0.016225492425937703,0.29374916526462247,-0.12777989400799478,-0.0012678566669406255,1.0,0.07394255664371725,-0.1358783574676389,0.19741193219864306,0.24356163528469432,0.007535350608872702,0.08726003495823133,0.1935705741051407,0.10660370019964652,0.05989347702067088,0.0877860171802517,0.09203728337891179
379,3.078961796465653,1.7618162732093974,0.03477924229328724,-1.4586798838464976,0.25913353245018417,0.2228025688114096,0.21509301268199857,0.15355394349572063,1.0,-0.1966686988483253,-0.11149592701989126,0.26020532645067124,-0.016433508141233465,0.09338898128023504,0.15277267593922442,0.21460242489036513,0.08867479713491122,0.059489955006863736,0.07737364542314676,0.052774087260573345
380,3.082660790901505,1.4330045792715065,0.023840391817919908,-1.6226866112236555,-0.22020467421001277,-0.18786198894781572,-0.20049371634366062,-0.10835346205694411,1.0,-0.12240604334144897,-0.05644723428259954,0.22570017013392973,-0.1366888756249418,-0.08314212215853575,-0.00189854499672859,0.15230824443321134,0.06725564385713355,0.036513928376527394,0.046454857617947515,0.00943036675386483
381,3.82078542388094,3.790397638831753,0.013603788533563815,-1.8663401276522926,-0.16457032683505235,0.144258733095752,-0.28366922154567753,-0.05581847851827427,1.0,0.11657073453077675,-0.036117077588684175,0.17027165585719112,-0.10508394777551844,-0.06590870464802147,0.04604319784299098,0.2229661587792391,0.15564204923803646,0.10204730225528734,0.08777967928102057,0.04545023330829166
382,3.620160983033826,1.3234390943872067,0.0015035292422932872,-2.822888120843735,-0.22253055509777966,-0.012788325628737284,0.09403849656020004,-0.2541093252540024,1.0,0.013883119800392429,-0.05326349488187356,0.0008187776848008532,0.20390164738834393,-0.016027713607236732,0.019378044421422044,0.21761731024316544,0.1328463659014005,0.06013250066127959,0.04863944671718804,0.07824698895912854
383,0.6530124314817596,0.33429255114784673,0.02010407663497551,-1.69671586891988,-0.2506427737303973,-0.18978627652191252,0.12167587730250433,0.12405894531803915,1.0,-0.1722870927770123,0.2821680440098225,-0.18740567766973137,0.10888801742247405,-0.0034359623176507792,0.05218669626967523,0.1433548525447239,0.07049507285382843,0.06159818084397373,0.015905427395919186,0.024163863786485797
384,2.0519093310568044,1.544291735402033,0.006446269086718525,-2.1906915696834623,0.004595232061970233,-0.019992817594404022,0.20770421158525756,-0.12978243867487677,1.0,0.23821226944857912,0.23234749675119135,0.17228030426534538,-0.14061163479937036,0.030881979185501267,0.06192755563817269,0.20433073288155473,0.1702933750205998,0.14347193448537152,0.10102756042810754,0.044167404396602175
385,3.525734389720792,0.8947963937968981,0.010416666666666666,-1.9822712330395684,-0.004027205129447064,0.13161669062086104,0.29448997707032104,0.18888271181582153,1.0,0.07451884063171854,0.16943403298717954,0.087658712440237,-0.11533126090703144,0.10414113268393708,0.18471179761548254,0.2827392318322201,0.18693876528410514,0.14202456159974872,0.08840873881722976,0.04003492757272258
386,2.3959497184276315,4.101332394124667,0.0014225007202535293,-2.8469475050368955,-0.043640989618237314,-0.1170084658596532,-0.17030277299754468,0.14749688697690091,1.0,-0.26398477584423174,0.2330027627356196,-0.2842691417694053,-0.20467721627270835,-0.017587012885985315,0.11340087143639951,0.13489300109897318,0.07280398976403214,0.03619205644097856,-0.023537238403712156,-0.024794163459860102
387,1.6599500501894253,2.0089535346861136,0.01573753961394411,-1.8030631636929337,-0.08501118847845168,-0.14256110680472406,0.28046654359680856,0.057864036259813,1.0,0.14850028799474826,0.2524763067819428,0.16139942108763797,0.05521412136281221,0.03602408806481042,0.09064908160989846,0.20654577768796506,0.15591781736427773,0.13695255375276408,0.10881879031884971,0.07970513238908564
388,1.1676776749571842,0.9468630689397561,0.01236135119562086,-1.907934054754563,-0.2069152432757912,-0.07677437977331153,-0.08691386588742962,-0.020539087726470017,1.0,0.20880766738830478,-0.009311795814909951,0.24840393233923858,0.14104518253448742,-0.034949928418316484,0.042383544669272716,0.18547509119555428,0.13063197414835218,0.08313679714990482,0.09183589436924745,0.07695967015140712
389,1.9771662604122706,0.7870192148993107,0.0006932440218957073,-3.159113866818836,-0.11824273742168528,-0.20539899458381178,0.07124524216860414,0.0028430496117767268,1.0,0.010822614246455054,-0.18768602427199596,0.061406680849468674,-0.24612001996692534,-0.011077482457442845,0.08614294679525901,0.20280083582456387,0.0885239895706422,0.021704407255802312,0.0006267247893606434,-0.03159397371771447
390,4.9986324594294835,4.207950287195451,0.0421168251224431,-1.3755443745181837,0.2897569949789371,0.020456912597636646,0.23678853795960833,0.11174089649471675,1.0,0.027487689649911728,-0.09290054828709732,-0.06984387160430872,0.1530356300352985,0.12424912669631988,0.21792364578888546,0.36692624545018626,0.23817926216873814,0.13206416277936006,0.10024119471899258,0.12020291405200555
391,3.285848847136724,0.7989237442247261,0.027306611927398444,-1.5637321816806544,-0.2053533917860238,0.08085764097324362,-0.29305962955668663,0.08328408781912063,1.0,0.05148122619628776,-0.13419147340358548,-0.2854556105184884,-0.13876345501010684,-0.05209161019132026,0.06815127855352031,0.19374983057915474,0.10103214609473149,0.006107948128006184,-0.05101176320308018,-0.04345528298625827
392,2.639652871533123,3.8452251570677065,0.01255041774704696,-1.9013418182293274,-0.08706535118756506,0.1482399473812758,0.23479619973982857,0.01862311697404795,1.0,0.15173779400009205,-0.27676801724287087,0.11623901547194117,-0.2261485943543781,0.06186453384030327,0.1059298706880923,0.23526032262563426,0.1594375079245644,0.0651264878340507,0.05062005986286895,0.009737391698609727
393,4.381255757176315,2.8472669544683313,0.005230841256122155,-2.281428459600987,-0.1225594284516516,-0.2809758328151743,0.1639469501120107,0.15448919252794915,1.0,0.08595087280145804,-0.2559790648988031,0.15859719354588667,0.06280526952024383,-0.0033585468856262056,0.09975906712390359,0.2541372680831782,0.1609711681562852,0.058038270869925045,0.06862107521325948,0.0663933698697494
394,3.6653106349591007,2.149261681059808,0.0037273120138288677,-2.428604250870419,-0.2727219123824285,0.18984430269131478,-0.18785726554397167,-0.2803824902270914,1.0,-0.21905334433921364,0.09243548417301758,-0.12126292819818399,0.22287266056637212,-0.04667415758401686,-0.014205291557039904,0.12850349658233756,0.05522981728577426,0.033136464859466155,0.01392960903348788,0.045678738573434956
395,2.1722349937687,1.869010081742274,0.006590319792566983,-2.181093510932926,0.06407237321104987,0.11491229208479622,-0.2333833107657473,-0.04581447506677949,1.0,0.17607931831448023,0.06882199796237655,-0.06839672338051266,0.24571592513147278,-0.03142942601743619,0.042240351397698495,0.2042765506392608,0.15489210457303312,0.09421333575580389,0.06165230132280127,0.08404313553450378
396,0.23391977394105123,2.909641644444742,0.007499639873235379,-2.12495959058453,-0.04539466102377084,0.14996108156792856,0.1614915605066253,0.27411784549069196,1.0,0.0007965402590623727,0.11277289233698955,-0.1744493902676336,0.0944525496409044,0.0636395434911555,0.14891827926489995,0.20927755117680746,0.1237129906155536,0.07758724656761548,0.039279456716477264,0.048701733600910076
397,2.6912662896055917,0.395870461197356,0.0006662345145491213,-3.176372872260342,0.04591384503301499,0.029956505240040808,-0.060156566146155194,-0.24875909394759566,1.0,-0.07802290854104178,0.10043930741434737,-0.2271164322322171,-0.1311418192149363,-0.028083427859097274,0.03835153882455964,0.18301301686815002,0.09283268916366234,0.04268107312937374,-0.027791700567638144,-0.03057643251424801
398,2.1600238945526864,4.465009337342653,0.012838519158743877,-1.8914850664754712,-0.12602620194452155,0.2131676944128287,0.184025625893144,0.014329732297136676,1.0,-0.1660116235234548,-0.13142155046092005,-0.14736603932406991,-0.1492400258777757,0.05781557344602523,0.10452948048249622,0.21803153805491635,0.10747136394239754,0.03963607353616531,-0.0009386160078816865,-0.012057458657898916
399,1.9116508438404891,0.7645491156959138,0.0033851915874387782,-2.470416747063657,-0.07589388650433729,-0.14682692591589008,-0.28292420411352437,0.0689029279688252,1.0,0.038328685687388696,-0.04230423797247296,-0.0969285700830865,0.0451640424194853,-0.07317728149479727,0.07027096778955243,0.2057327371359155,0.10638853392150259,0.0372625558986573,0.009661633610779135,0.018839540106117166
400,1.802096053439071,0.3634694415573949,0.006113151829443964,-2.2137348177108165,0.27488517000880236,-0.07780713467876897,-0.269355560356724,0.002027706851921085,1.0,0.107538481952974,0.2846447582348553,-0.23654859018491575,0.10915426004730648,-0.03734437791983012,0.03664797893165225,0.16319029123794446,0.12007999650451555,0.08799916646024027,0.022468223669086657,0.030386430572783906
401,3.324780655542293,0.6806968246351903,0.001323465859982714,-2.8782872572431417,-0.1188791358126527,0.021848289832030687,-0.08157893047504054,-0.199512900975222,1.0,0.27673045556619125,0.07693552084745005,-0.2061751826623209,0.04966416847646613,-0.03949795908199184,0.03915378492399789,0.2191283750023155,0.1738243949916662,0.08531392029573086,0.015060146372750136,0.023393289315829555
402,3.4612999225014347,4.665237034191582,0.011199942379717661,-1.9507842116365182,0.016133490855486963,-0.07265801560794798,0.2834055364565167,0.03452928902392105,1.0,0.08976106000551494,0.06931593231265987,0.0904044112961901,0.21100112354669043,0.069396134426538,0.13722100861882855,0.31039236405793746,0.2362405648456057,0.17926880388333213,0.16226885725583598,0.16943634553044762
403,3.746552893607568,2.6029461119184027,0.004537597234226448,-2.3431740555457927,0.1351467368552189,0.15139348197876148,-0.20539211250297532,-0.18226384184802027,1.0,0.22286279405540707,0.20058218237582628,-0.24069399762332833,-0.14005405013250333,-0.015711225612100276,0.0008919767144411573,0.17523341429406797,0.17546317978958081,0.12916946059677012,0.03556097105205954,-0.00046528405807516685
404,0.561583189567705,1.233206201168311,0.0015485450878709305,-2.810076145083769,-0.03943271687817029,0.08137394983096632,-0.07024058457855335,-0.28947739506589754,1.0,0.17775583203276032,0.1550220605263121,0.056627553118090534,-0.1980795231865725,-0.03192016302139773,0.07409607795498195,0.14778779137263612,0.10452178115838619,0.07190956854966472,0.022521836161883538,0.0012910808037268553
405,0.6140122115919842,0.2804998048270212,0.00803082685105157,-2.095239737615195,0.10861511908712974,0.29739928877096294,-0.1393641498812832,0.28486542065759485,1.0,-0.2075484583401113,0.1215451028392662,0.05181208869767018,0.28441397392540396,0.02155422313687707,0.09332067759873665,0.15249301695830045,0.06268693064824375,0.049887032194560796,0.049602773416978246,0.06335258181369527
406,0.4802247758146745,0.5620474753733246,0.006311221549985595,-2.199886574024659,0.17910995403657531,0.25928890256974335,-0.030948465217935348,0.0010241589134477812,1.0,0.20066436686307135,-0.19163674261196068,-0.2829843945521622,0.169891435553082,0.022860237074993992,0.08205597604847434,0.1667418104965467,0.09136341237148711,0.008254815137475034,-0.009847913587092014,0.021694585843310254
407,3.0971093969005983,0.11387326639033152,0.00735558916738692,-2.1333825354589027,0.17058214264841962,-0.2746941356364221,0.1366741024221571,-0.07595244568248742,1.0,0.14279127851574938,0.20717802055688941,0.2527052372920254,0.03432780473755426,0.002227038860834364,0.054129793365755796,0.19791716199264264,0.14923829806052466,0.1284389181513428,0.11203636998026056,0.07237479472937972
408,2.827316885034581,4.897054664640645,0.03143006338231057,-1.502654743177139,-0.2530108413138544,0.23361773927931198,-0.1898187813731581,0.15980710439099188,1.0,0.2809379574143001,-0.009876967060580865,0.14983821720532386,0.040914893126951846,-0.013774376356733373,0.09769091809464699,0.2337190694258619,0.1893771046996312,0.13208431037967366,0.11877413404337063,0.09583069474010161
409,2.1457831151036464,1.0402370181094664,0.00505978104292711,-2.295868276422257,-0.14343028535978944,-0.20572944388450673,0.21634922367572487,0.25554406341204167,1.0,-0.1491657815252769,0.2642030378131522,0.17532267671491386,-0.13698653885814002,0.030968300242091653,0.11627016860524964,0.1718654872260766,0.09095087029082517,0.09401986524112689,0.06525829301519061,0.025209782493514805
410,1.4477116836807749,3.1912035485191215,0.0006032123307404206,-3.2195297892904917,-0.03098851204214895,0.078402372303238,-0.05806791685373331,-0.14709175117212375,1.0,-0.0698722245559781,-0.26552864502358775,-0.2003136003080496,-0.11511836211390679,-0.013145324520608886,0.035870531738505275,0.17755549433509346,0.07700220613385693,-0.010988717480994876,-0.04348909090784538,-0.0359121385954131
411,2.4567050387384586,3.496291125043923,0.008832108902333621,-2.0539355846113696,-0.0486964867014658,-0.284948322200958,0.10776875691545029,-0.03885009468432583,1.0,0.03876964278730983,0.19731963731937677,-0.19187685189912104,0.11824044496356362,-0.020902024372765043,0.050802617582415645,0.2065731617840008,0.14783408060685382,0.10995910310745187,0.04492001644028942,0.056802138628442904
412,3.8105039195229997,0.22522845556871246,0.0023768366464995676,-2.624000665121487,-0.10558531345625188,0.20916053644740842,0.04533388829390086,-0.2905155741182671,1.0,-0.02369895157789036,0.09475423031859484,0.2203443688250351,-0.26264378201468885,0.010865116176668405,0.02204108846701419,0.18224126855332431,0.11425325830134751,0.08997378794438232,0.06995690190398812,-0.0002487784794656678
413,1.9732268149721444,1.9330107284446876,0.006158167675021608,-2.2105484902712016,-0.18501934181307242,0.05471195512916094,0.20807177124274548,0.08174690222487731,1.0,-0.14985279009396743,-0.2769061105421053,0.20114908625855166,-0.22465679124005222,0.036705442105449564,0.0892390902936027,0.17954630654072115,0.06852605408908789,0.011875440656902665,0.0247836514404647,-0.00826476641961979
414,0.2839122806228779,1.0939608045172196,0.000837294727744166,-3.077121643437383,-0.14021714549693057,0.26744130802892613,-0.1302100450706991,-0.08831489938265082,1.0,-0.033142324813467815,-0.2331765626698797,-0.03420937229369719,-0.024207122432633676,-0.010805224991698654,0.0647132368753547,0.15855693272025953,0.05492398038996124,-0.0029979377974532853,-0.0029307199689690366,0.002069219764701187
415,1.2138726881317101,0.8194815678119015,0.014738187842120427,-1.8315559125793766,-0.19867499602620856,-0.1126613491196994,-0.1570314080343812,-0.04724219534190872,1.0,-0.22307426140453093,0.012298102605828065,-0.1202723087710615,0.2969786737809164,-0.04632176857169006,0.04597473991916422,0.13275871112630944,0.03686431015648345,0.011481002182259961,0.01425857799733599,0.04992266476555521
416,4.3411587837761045,3.831351132121845,0.038515557476231636,-1.4143638117558088,-0.13455713471081096,0.27321593096736085,0.014141998050581228,0.10788109204981129,1.0,0.18910837333326944,0.17962533608155568,0.005094178154851803,0.16487875363931603,0.04766647960822469,0.12990091414689448,0.307867548430712,0.2628466618794992,0.2059957530407724,0.15365305493502557,0.1476149921812558
417,3.1383650320006224,2.707752957769158,0.0038353500432152117,-2.416194992888599,0.09721139569085437,-0.009212051752153793,0.012301299059812365,0.07341148197290583,1.0,0.19266328401611788,-0.17056666754026398,-0.09468352810633454,0.19770424403986728,0.021366303921615985,0.13163003637881535,0.2871975874510416,0.18713012418063824,0.07043182546967154,0.051797668818126114,0.08245204582353145
418,1.1398259724955035,4.526266887813138,0.03685897435897436,-1.433456753664831,-0.2156177250704158,-0.25233821583651744,-0.1889098271130967,0.10725470532339436,1.0,-0.2306756393978947,-0.25584205033415713,0.004168759593717852,-0.12364017469309609,-0.06489427386434497,0.027267297566710272,0.13173131164448665,0.032650630652127165,-0.016088375665828453,-0.015083249333438013,-0.021192571400067476
419,1.1295624875942754,2.4297440943716238,0.07693208009219245,-1.1138925249345624,0.28917576847223775,-0.2702171035009724,-0.13246570757443513,0.15094923449473405,1.0,0.09201606126339865,-0.03165574223524834,-0.2955352439057732,0.08163461699920489,-0.02123749825283027,0.06376306065774259,0.17271045588162043,0.10775509725642916,0.04211042834251027,-0.005967094794719014,0.014854424624408984
420,4.34887798404057,4.241993786636889,0.021499567847882456,-1.6675702695339865,0.26903848482044296,-0.0710418694466169,-0.2610317443583054,0.26501567175154855,1.0,0.058276145609815484,-0.14932532434814488,-0.22895701826598241,-0.0585184871995133,-0.018558989400086788,0.12536909074072336,0.26115440849536764,0.16316321929100974,0.05775828222094781,0.00020975886811536632,0.0032498862039955384
421,0.9575602635192966,1.9357886825535353,0.019275785076346873,-1.7149879246968796,0.29889021875729577,0.2575929921601034,0.08326519381769001,-0.025234045479930533,1.0,0.29802973491403556,-0.14825565725688958,-0.16460369569827446,-0.15692135064676435,0.051562323585274385,0.06607575581905487,0.17935342418621855,0.14461377634678477,0.06087407751463715,0.010625422272224396,-0.005918964514897063
422,1.5636083514982815,2.1068605483664378,0.0010353644482857965,-2.9849067516377064,0.14214548112965641,0.026095771606361427,-0.18400033886766157,0.20035415602078435,1.0,-0.18066552339993583,0.10443817492246865,-0.19698096139801524,-0.27185293729590865,0.01126507789509227,0.13482533160395702,0.14461246296439675,0.06878419801536693,0.02730482882385441,-0.02614916266119418,-0.03017632390796597
423,2.4911575001539537,3.4083617328749813,0.021832685105157016,-1.6608928490530355,-0.019792860259307453,0.03359017283092087,0.23348030447334966,0.25716810089214254,1.0,0.13137985117081266,0.2774484391907306,-0.0001152919977311817,0.17643955355204127,0.07036843764711122,0.15356217762897312,0.2702899516143737,0.21050397805408663,0.17868560592973062,0.13071759205326586,0.12406297586768221
424,1.8120105709944758,0.8104995001424088,0.009129213483146067,-2.039566636994001,-0.17783490385063702,0.06815156316349873,0.15315711463707485,0.18854736205836795,1.0,0.25868459824287365,-0.14557900270762067,-0.06805634692090963,-0.0078062360473427515,0.04027252938254925,0.11637151427556668,0.23455046567991839,0.16083476718096051,0.0605472188051694,0.024199093054833986,0.02026454145133467
425,0.8926095314623659,2.3343024754914645,0.0027729760875828294,-2.557053875490874,0.03919792253643217,-0.09424494984980768,0.10044397357328654,-0.17205922692058082,1.0,0.062146145541196546,0.22737880478526867,0.0656908557272626,0.04456044955924891,-0.0002741761730713717,0.06539683839077387,0.19356607070968068,0.13224183208710058,0.11614561698920205,0.08181666588933313,0.06269578264863167
426,1.3355173014182626,3.353107659160144,0.0005491933160472486,-3.260274756980551,0.01771224883827984,-0.036866304352977,-0.0063849405229162715,0.12305491558072316,1.0,-0.29600576019077063,0.2542464532833286,-0.19812687484291283,-0.1322446508267776,0.009197838432441364,0.10481627387965792,0.17622601510759442,0.0784652892236745,0.06943112711971049,0.007657427873849556,-0.0028669684235190502
427,3.301777241797014,2.1457499746148314,0.0036462834917891096,-2.4381495687766495,0.2604005232146354,-0.007343553738282404,-0.28254207689334593,-0.18775874351009506,1.0,-0.033363480774436106,-0.19891261993261591,-0.024721424520656576,-0.23905702100533102,-0.05584665932794677,0.025703933884404312,0.17230297179973586,0.07672582753259953,0.00832471075817559,-0.017620996374503064,-0.04087120253621063
428,1.0550143033152104,3.590988128216761,0.012442379717660617,-1.9050965489531384,-0.18060220444171926,0.09229339067030395,-0.25398465500842743,0.1835610728429783,1.0,-0.09596898207364425,-0.07294688219313511,0.23342706193649876,-0.1761649167926049,-0.032776838502563674,0.06115653719951324,0.1633323119867917,0.0797002160861291,0.05037808930336583,0.055857478020731675,0.017368610335256066
429,2.386167398488034,1.0232798456672467,0.0014945260731777585,-2.8254965039512627,0.1754746965316685,-0.25051958317034356,0.24687752349112213,-0.2068769678241873,1.0,0.16955712623930183,-0.2302208888225311,0.22966654927221541,0.10602321368890057,0.015295017506723728,0.03621096898328855,0.15915866085753674,0.10167863841552667,0.038954627646808494,0.056443443033923735,0.05225176627314901
430,0.2126500435157375,0.8559313847747316,0.027234586574474216,-1.5648792130028302,-0.2917415357160489,0.01598584179448079,-0.103499193222764,-0.18850508935267465,1.0,0.2726963353611254,-0.2280376875136655,-0.0955660542554961,-0.10360327733614338,-0.034733098336174585,0.01222345625500342,0.13805475969637557,0.09017679801293911,0.013098377091228252,-0.009422339152319622,-0.012521414081248941
431,1.3853659145196315,0.3840076132620712,0.04614124171708441,-1.335910722263526,0.2101438934442104,0.11736058814961833,0.1928224230386853,-0.03324592156208471,1.0,-0.1425009183314592,0.03581409679135927,0.2703195728546863,0.2736636420143898,0.05152403789711726,0.08033495515628743,0.1702777586542723,0.07633048457591576,0.06221798048571291,0.08781664712300975,0.09053190264458413
432,2.9203998574786953,0.6626990940967631,0.00594209161624892,-2.2260606564494494,0.2631527283161699,-0.04546524949950907,-0.24438556207095094,-0.2118176746018007,1.0,-0.2991604655091523,-0.08146528932465409,0.1706823596826529,-0.2837224340419763,-0.0457415220782368,0.019790342616107976,0.11929970896069882,0.02036448996158986,0.010701366629430433,0.00813931460865319,-0.028013149432796352
433,0.40622182440140986,0.03047100813850834,0.040991428983002016,-1.387306941683128,0.2477694694622461,-0.09568191607440686,0.2705797139977112,0.15225778313522167,1.0,-0.18295207530618832,0.2522789066584306,0.2600945306781033,0.16079251568438802,0.0454554633984874,0.08604299814175695,0.1420224009032122,0.06491699853139389,0.07411414686678175,0.0750393497705009,0.06028864361275113
434,3.4212010348560713,0.925419201739456,0.02200374531835206,-1.6575033904208014,-0.26313822800132175,-0.16623738307622385,-0.27287056405651494,-0.13597028868024358,1.0,-0.061119064120543465,0.21481510938354698,0.20017018997801986,-0.06506315260991365,-0.09477629611860061,0.008377962494858966,0.14727549132917275,0.0877997951095953,0.09085477628902444,0.07280652724362914,0.03361474753829903
435,1.856284604226996,4.775645774087388,0.07508643042350907,-1.1244385413535793,0.22764512904480405,0.03537949563288129,0.2314032140669626,0.22558441424887254,1.0,0.23793225557425812,0.12009253375586781,-0.2711856602176227,-0.19419416599689399,0.07627777408845551,0.14746736103117752,0.2345875194829753,0.18534224021080173,0.11967701942474905,0.04083854198970135,0.020098695581881182
436,1.6046334421428394,1.9514200848575471,0.002106741573033708,-2.676388734581175,0.1892271663043618,0.027737445353966494,0.27400215981749837,-0.1655936425963341,1.0,0.02347658901172731,-0.06333543925508373,0.237757399964585,-0.17297663123489684,0.055452731770399576,0.06984374965897916,0.1899262773924985,0.11105313329585143,0.07106119859948398,0.0687370296088082,0.02370629786253491
437,3.9802592872480598,3.099934476608628,0.016205704407951597,-1.790332086888012,0.28341479825509924,-0.19923564826267862,0.17354638741996095,-0.2805496899243037,1.0,0.12642283877742425,-0.28325090907967254,0.18878292152291917,0.24564142751309112,0.010138374294433754,0.042283722873304536,0.17480720631017788,0.10409893921261033,0.0392741083074884,0.07057822879381741,0.08637291875935853
438,2.6531996488810843,1.9410450031863602,0.0024578651685393258,-2.609441944950562,0.21674340078388626,-0.28179603142976595,-0.2649675229577324,-0.041241480833749546,1.0,-0.23335260586089726,0.18572541683834207,0.05270902541455564,-0.10414627308662854,-0.06748564318839678,0.014016627250793702,0.14452712716797966,0.06253783322683303,0.06237513966380051,0.03878516404234903,0.011416792696876185
439,3.06210747168962,0.9430542435131224,0.02476771823681936,-1.6061140016016344,-0.28716030484460325,-0.2960280887364262,0.1582443208694274,0.02680398144014775,1.0,-0.14740780171018902,0.1144682707316093,0.22494589737048748,-0.2438269547602936,-0.01646290438683752,0.05396038587166046,0.16629352149624957,0.08128744400146036,0.07031779847244815,0.05810942731950386,0.0025500354272053275
440,1.6328124417030652,1.499591426779658,0.00418647363872083,-2.378151639101364,-0.09383940235646536,0.18337601971078343,0.15779417316358238,-0.19778193996378202,1.0,0.23055949867716247,0.12042133668638497,-0.04857576662981071,0.17238731820836142,0.020106204164713187,0.10852427131255406,0.18161260107311794,0.12919487595017182,0.07754230129027619,0.061968968065942924,0.059337852498657175
441,0.20249441198813153,4.86872334842065,0.0316281331028522,-1.4999264421992924,0.23028861585374738,0.13588431539675364,-0.1046227467873167,0.028454804172770132,1.0,-0.17317710600469452,-0.14063256997565796,0.18613958498477315,0.26099580818417445,0.015106205473576268,0.055180813988526464,0.1639727429020284,0.08188891913448314,0.04293614980323069,0.06892693797276274,0.08930308241300075
442,3.3569078484921815,1.2499254197299674,0.00121542783059637,-2.915270823496312,-0.17799148665412476,-0.07685409343379855,0.007015921818685177,-0.17076853094151526,1.0,-0.03497766214490546,-0.1798137797851759,0.12414397613469907,0.16285856857863934,-0.0350454940302237,0.02320264057959785,0.2032816141103554,0.10260446353935455,0.027337264425194557,0.049344949042706,0.06803941481990865
443,4.794259031278018,1.214245536415636,0.01824042062806108,-1.7389651509670563,0.008307561911389082,0.13922941359294547,-0.2279494086377649,-0.025011601127015913,1.0,0.24462724991442542,0.04512979183229575,0.07055137873824187,0.2660291129695449,-0.03771150386514659,0.07869351181483848,0.2768103110427581,0.21675055231162857,0.1367327728402686,0.12147797196331873,0.13259920901334846
444,2.8961132011898534,1.1999493530999557,0.005753025064822817,-2.240103733832918,-0.1374122609969315,-0.28059440635898675,-0.0878633741329764,0.13862640370572854,1.0,-0.28203289060373055,-0.2206374175624855,0.17328559532952367,0.04815319224101302,-0.0388616158799917,0.07625178148607119,0.15881938820392194,0.027230806402715056,-0.004804615876160136,0.027030466621241842,0.026622710879004828
445,3.4673876464912268,1.0954387435807704,0.0010983866320944972,-2.9592447613165698,-0.11005267267437635,0.134707900778048,0.02110397855639894,-0.111498135671548,1.0,0.19154160604265075,-0.13360028202351432,-0.09784469334725385,0.17982478099719118,0.006820338678766711,0.08196998492466416,0.243423138456309,0.15744625652389713,0.05252109766793416,0.031071140990015258,0.05906090586060655
446,0.5450202617031761,3.9844113120739957,0.002863007778738116,-2.543177472006885,0.007373726490158772,-0.06702442626724857,-0.16719815125754278,-0.2051908061666096,1.0,0.1871475249141688,0.08665460765355741,-0.1677496594504635,-0.13909755824485523,-0.048870201100515646,0.00398619713256405,0.1581940728765446,0.12360748980279296,0.07522378483670773,0.01486668170607412,-0.0021085091928650527
447,3.43042875762933,4.080074658721904,0.0023318208009219243,-2.6323048279100663,0.1629283147808797,-0.20498358496776245,0.07420563002396238,0.08368785031441996,1.0,-0.15884869619237285,-0.12559637098988366,0.09373910406683321,-0.11857135061546453,0.009344093273509118,0.09876684317833191,0.2473970019054736,0.12374143562825962,0.05943736677396665,0.05223103231329194,0.023504392398148582
448,3.5967790332414653,4.77116595016515,0.0026289253817343705,-2.5802217405428998,0.27616224117129234,-0.1369907757795568,-0.014037123980503663,-0.14737244671818653,1.0,-0.08755933511457863,0.173315939728407,-0.2966327492410546,-0.06123362976972793,-0.005647432380684868,0.04075954781223317,0.20737570648284617,0.1400047780902756,0.10144261588807049,0.01272189499637053,0.005620073047126454
449,3.090359512342129,0.3730736017430372,0.019626908671852492,-1.707148098386713,0.1417425233712887,0.24094487064465409,-0.27479883817729156,-0.26373216325375803,1.0,0.1979185835601525,0.02569272053693303,0.28245632447765706,-0.10844817292294633,-0.030113715673504585,0.0005536566482677808,0.15594063479052547,0.12388547307025741,0.08570428576315164,0.08065786556289,0.034475419292313444
450,2.3331092322138227,0.2641964982996438,0.08127160760587727,-1.0900611495315748,0.19379434452628855,0.29776349347182507,-0.031985422151473215,-0.1621381186761279,1.0,-0.0789391935768077,0.2809807577748928,0.27467650329146115,0.23484368522326504,0.018705569948038597,0.06017056808673501,0.15046981892809327,0.09079523792535332,0.10236130468221377,0.10594387454188159,0.08976624519994977
451,4.265592032294013,2.0443868353922268,0.0017015989628349178,-2.769142787818074,0.0670233038128294,0.0037452809457123814,-0.2828632281237649,-0.09933660447955886,1.0,-0.039934278902476035,-0.0654900959007369,-0.13032936449043772,0.18861043732537439,-0.07708799397290732,0.0127829581140596,0.22918683168798426,0.1342337519892951,0.04662706732457007,0.013138215697174306,0.05634447035700997
452,0.2619140834187623,4.971123102769492,0.015692523768366464,-1.804307204881325,-0.29792543242283165,-0.17142413994296524,-0.18533201378644154,0.00814483141692397,1.0,-0.07612000345450899,0.13933263399645004,-0.24861725751052474,0.2127955831394088,-0.05921651048735328,0.03201628227255966,0.12120469729675817,0.06460102165578811,0.037720910618307325,0.011748038906562123,0.03874402586422294
453,1.9821464217799354,0.27908473584445886,0.00297104580812446,-2.5270906521134306,-0.04973118279979153,0.24350486380143743,-0.09139619194401508,0.01635555587174433,1.0,0.18884905234471647,-0.07892701651133464,-0.2128998651495916,-0.16015970611060634,0.008104743665499894,0.0928225731978323,0.21143048178314502,0.13013735690674855,0.03691209985249387,-0.02254353361161323,-0.027595716287013797
454,2.4281857290106554,0.6592906047604852,0.04696953327571305,-1.328183755268943,-0.2913146002364522,-0.2442088895657929,-0.022496897549001516,-0.2560480414524919,1.0,-0.22870665570559057,0.20121753687701252,-0.1268940037934835,-0.2241756752356565,-0.05304276152519176,-0.009399455467864004,0.11204073572750185,0.043894585782367435,0.038697359026451175,-0.008981615510874815,-0.032425991656641125
455,0.3874387913963309,0.058240658450890576,0.0006932440218957073,-3.159113866818836,-0.12272114685160708,-0.10220498298435537,0.20699951074571102,-0.2327027245534682,1.0,0.10432488702030307,-0.031423831269621456,-0.2837309250502052,-0.022417232171645252,0.007560526458436881,0.03133049324794294,0.15264016392258647,0.08810469909329538,0.024297374955458216,-0.026198649688923537,-0.010847193246926528
456,1.093615594764337,4.46856030685366,0.06992761452031115,-1.1553512868367835,0.2808029563157833,0.09082721238944233,-0.2301822715716676,0.24005594203512587,1.0,0.2276518809584832,-0.049098175102651354,0.29647349208674983,0.04228885180145416,0.008245729585046591,0.10584962010670387,0.19786944833692005,0.14268374416168483,0.10688330074714707,0.11353431257197584,0.08623301201044695
457,3.818776927332025,3.797311673343886,0.05048977239988476,-1.2967965870327158,0.020008967130782505,0.20133709659918078,0.10405117508421007,0.26719074158714823,1.0,0.2076453993938558,0.004442807173018215,0.19175358775910167,-0.12272372075321036,0.0766236071083024,0.15729676337510526,0.316532325270352,0.26902522396076184,0.18638758350314585,0.15764502862602073,0.09718262345180659
458,0.8958906040445014,1.1027911214843718,0.0010713771247479113,-2.970057630598787,0.0993966289244815,0.021062819553283263,0.11314504243552592,0.26580562132477675,1.0,-0.23450160471668988,-0.17873071857415201,-0.2488517274834964,-0.049773821070354336,0.0593469554094081,0.1603107203278019,0.14064464970513868,0.028673094949071314,-0.022164578627259165,-0.0301335126860626,-0.01166387061143158
459,3.004171340295046,0.16150655962933522,0.059952103140305385,-1.2221955770987734,0.29542936439489587,0.18495097866578455,0.008781054323680858,0.0998391834736312,1.0,-0.2037634019379786,0.07710658717787826,0.1351696168917788,0.29964545536412285,0.04648278323752028,0.10254441861847921,0.20228459889390496,0.09035131344105243,0.06740409441671343,0.07980755087849349,0.09777059687519281
460,3.6747340483767226,2.530066860024756,0.01241537021031403,-1.9060403258154681,0.16481307442275894,0.15362309560228563,-0.21929597702277662,-0.02299550962767336,1.0,-0.2471099767082393,-0.11859654875090897,0.17074285242136536,0.2171346604994339,-0.01289444577574067,0.05221703234828091,0.18887889943270708,0.07298503108655446,0.030677485734347105,0.06493384651409115,0.08618023821428479
461,1.0738835082747062,3.3987195339492504,0.015242365312590031,-1.8169476338823827,-0.18025924160304616,-0.17739109354036145,-0.13640255121491432,0.175659894492776,1.0,0.15800306153815638,0.17241396773677192,0.12145919176643373,0.1057352045753172,-0.03458143871120983,0.0769940160391085,0.17887593188290152,0.13027941529596207,0.10673060347578867,0.08975356971065836,0.0746010097925301
462,2.65951214207716,4.054337446735486,0.009831460674157303,-2.0073819536225996,-0.2457646071502438,-0.130181583201232,0.14170842264110087,-0.034769880197214977,1.0,-0.049832781349809806,0.09581314471024312,0.24274516145440672,-0.05529927623394435,-0.007439945484443114,0.08126169267921404,0.21079422372624393,0.12627852029982475,0.11685543902503476,0.1120357216528501,0.07061384696306744
463,0.7770603756267975,4.2019476803444675,0.030016565831172574,-1.5226389964993314,0.293018119881975,0.11386584031052298,-0.09369778908083379,-0.23078138222181238,1.0,-0.007694553689521544,-0.061515909711501546,0.13999789086655806,0.1353930744102178,-0.0018748320660377086,0.051987820535245956,0.16724156776879218,0.09158045449413832,0.06348936441105184,0.07505115822510063,0.07323197510616743
464,3.311724993920215,2.4688407385443285,0.006041126476519735,-2.2188820718223257,-0.13596019998762388,0.10859972216798057,0.028357869674450573,0.18838831236317521,1.0,0.06021811805646755,-0.08279844102737757,-0.2900755188634171,-0.14766452274244687,0.026354524981992988,0.12343157819048016,0.2651749013847605,0.1699098100171087,0.06283726742296432,-0.023385639026040676,-0.031933572386813894
465,2.833564256780086,1.1321108120071872,0.0018816623451454913,-2.725458305880264,-0.10225332406399774,-0.1256407937824179,0.07286212756903011,-0.19113733465450453,1.0,-0.2746250196761682,-0.02936102861688413,-0.15326462549972866,-0.13263220975490594,-0.018982084040559573,0.02530044905662116,0.16526441927871105,0.048303163719060016,0.006415061999720764,-0.03240400438955872,-0.03611380839091432
466,4.365312756998819,1.536815748980913,0.022417891097666377,-1.6494052448955816,0.1365941612069992,-0.07617492997437866,-0.22393643078774267,0.21597507516759237,1.0,0.23892622374123162,0.19127744499895924,0.22835673037429977,-0.1033021033391779,-0.03212711793754091,0.08341262979455923,0.24403678056704392,0.2062496745988591,0.16603720001516015,0.1325635534776027,0.06804525937378433
467,4.774806120814346,4.212813411470393,0.004888720829732066,-2.310804762402471,0.08755274470923337,-0.002791944113195588,0.11218952526245322,-0.07148437379006228,1.0,-0.17569803529016462,0.06925731510643303,0.16226659050816405,0.16376028441262366,0.04111545276297525,0.10114750061476939,0.2970562789319308,0.1727337244904506,0.13952246093270698,0.15307538259641137,0.15749684432669872
468,2.790358562057127,0.6556785158936552,0.0010443676174013252,-2.9811466027643996,0.16621676546535102,-0.20221396834551864,-0.09892802153446306,-0.16972114552401513,1.0,-0.182699072827383,0.2635956388014837,-0.27338565269750714,-0.07723592463624296,-0.03898877643070872,0.032146796449721037,0.14015113265820872,0.06875021880025008,0.050353882970936376,-0.01556728446453442,-0.0143029522009977
469,0.8061877240501126,3.253060685464944,0.016979976951887063,-1.7700629035900084,-0.24944148714419023,-0.08437336885298574,-0.1349181047223805,0.2490436419395873,1.0,-0.2698199853693202,0.2904994243662537,0.196079936393647,-0.27434354803144245,-0.018181709124617355,0.07293094871774733,0.12132920178336501,0.05582295071059672,0.07387121576310705,0.04803103157086291,0.006215907666238068
470,2.072081606826722,1.829133983135064,0.002781979256698358,-2.555646112566483,0.24360674820476125,0.1105666901512085,-0.07690269450187427,-0.04391207730194169,1.0,0.16435983327918746,0.0011109183786546684,-0.04892593422398065,-0.08052836827895378,0.014131975219257936,0.07779378118335786,0.24797419180315108,0.17798682119992082,0.09893502257958692,0.0454700588292447,0.021694746035186587
471,0.7962334721506004,3.522128450409308,0.005545952175165659,-2.2560238798268926,0.1452619266751825,-0.16507377829517672,0.0010164316135973905,0.09932964557422545,1.0,-0.07697007875610888,0.2933418622161683,-0.045703429858189794,-0.024477110762155196,0.004034828887678889,0.1068462579714647,0.2029417008055245,0.1273567153740276,0.11859437831380162,0.066574698586084,0.048393664800820045
472,1.0709870578749923,2.0214749257157245,0.08065038893690579,-1.0933935338826488,0.2830659610965929,-0.14566292000847308,0.2891198001856627,0.06431626634539801,1.0,-0.18752104802984557,0.29479901788993035,-0.2810412830498333,-0.28567778544027245,0.043418116876593846,0.0773251591404895,0.14311577806070894,0.07462282006833137,0.06345985021406582,-0.003028918655809975,-0.024593094206040153
473,1.5021719875982107,2.683404150090476,0.007580668395275137,-2.1202925004916686,-0.005194938042724584,-0.125074839506373,-0.2869029785154241,0.2999289972295539,1.0,-0.05787279039469209,0.06517621669321928,-0.2822045399141095,-0.28381486048262006,-0.041580039117763416,0.07014380701993185,0.1692441396070848,0.09330580521149205,0.0455444281455111,-0.022702436128831084,-0.04417652044816693
474,2.3378277869165207,4.694722989012419,0.0008553010659752233,-3.06788098670247,0.1277371701490421,-0.08946769139568908,-0.06053374155460307,0.041314222515348886,1.0,0.21087852380935437,-0.2958109295841929,-0.003432953396173577,-0.1849851385733054,-0.0074214293624160575,0.09548776346220351,0.24234070001803482,0.15658758177256804,0.052150071522775635,0.024901950479905847,-0.0003391783750177319
475,1.6198369608252512,2.862669716379072,0.0023768366464995676,-2.624000665121487,-0.10085900184788649,0.12704105981672778,-0.16960923250867257,-0.07934476123537365,1.0,-0.034777237394695244,0.24583653250384063,-0.02682453618318362,0.04830316802799008,-0.028069471006312605,0.1155886570879181,0.17780247616980888,0.12401419025804239,0.09684041870539635,0.06396082169235244,0.05236798226016192
476,3.7569641364076305,2.0907264677123467,0.01552146355517142,-1.809067330502624,0.16064950144738036,0.24224887309866983,-0.19017658930026096,0.006447802806122116,1.0,0.06586847787284096,0.02391825342236484,0.014202354969954811,0.29172910647270606,0.01171622331151811,0.0583986553002224,0.24682334812081141,0.19054837982237086,0.11666990872753674,0.09150189869066269,0.1245778334831433
477,2.936810836415532,0.9733612715786026,0.022687986171132237,-1.644204051209774,0.27730677394279907,-0.03161920016526197,0.2021986797234289,-0.21763397434505286,1.0,0.18509818256486088,0.28737750045321026,-0.041829182970744234,0.22467542403474444,0.03727523456047282,0.04886566149107772,0.1851687122507705,0.1540768802856778,0.1271262063520372,0.08029727004515051,0.08413563912905916
478,1.6021579205399903,4.948288621439053,0.011181936041486604,-1.9514829961507565,0.035607415397217144,0.18360070542176357,0.08192510938982553,0.09372440702862436,1.0,0.2037099158584095,-0.14906040518832975,-0.06309566955565213,-0.1019248788737956,0.05565746778638632,0.12406807400657655,0.2685374151273071,0.20108356538905886,0.10425591909318135,0.06000066953582503,0.03852517636517106
479,1.1203933768983236,4.695604995587167,0.03824546240276577,-1.4174200839179054,-0.06554732454794837,-0.22500504778177582,0.28221773105328285,0.06961338533477869,1.0,0.2042052505544735,0.17544556366340958,0.17904374056602831,-0.17504376397939256,0.028119918361059995,0.0958686526506386,0.1933339635107866,0.1522404925337216,0.13178093918875308,0.09759687597090531,0.05223329357826956
480,1.8514093836976342,4.533552459725525,0.0028359982713915296,-2.5472940382017173,-0.03253105560226135,0.06623738193496886,-0.16891381947003062,0.09346121090415517,1.0,0.00905556739544453,0.001881095401921695,-0.16422258023028818,0.14892158919842477,-0.021920346641143274,0.11058531969135636,0.25260379900561597,0.15327953938973482,0.08121990776115198,0.04574486522762371,0.07131515069713366
481,1.9186485703702783,4.07611903802672,0.009498343416882743,-2.0223521323576064,-0.06795525157331805,0.05229571001996242,-0.15945231265305995,0.1482178167005497,1.0,0.08747159154552546,0.0716952251090881,0.029929087939377274,-0.241650182057432,-0.01714878514128216,0.11113301097072477,0.24171341908013194,0.16457701283418927,0.11621791842401341,0.061182303576841596,0.010815622220117817
482,4.473032959270732,0.6252275674861253,0.010155574762316336,-1.9932954923439945,-0.12591436562948102,0.04041760555721476,-0.03529947110371244,0.12608879031806422,1.0,0.26507661577421376,-0.16572065072974387,0.2696463225643031,-0.06882419621287662,-0.00122409376112541,0.10058875500488224,0.2800893142494713,0.21123443593167407,0.10283275048387402,0.10371047487024192,0.05576202191604814
483,4.01719257306842,2.157109979130431,0.005158815903197926,-2.287449970023928,0.12942191604260464,0.16161018889699377,0.11619531308440202,0.2754779561373912,1.0,-0.07449966383363421,-0.09774796435844686,-0.06092210874964149,-0.14670322611528,0.08768693815384122,0.1831259430120019,0.3059980149676219,0.17132979293239708,0.07683442686619711,0.02941537329519798,0.002019217154138109
484,2.284658488993051,3.5080614388683182,0.007958801498127341,-2.099152326978245,-0.1907636787098843,-0.2770274945106664,0.1226175204924089,-0.25032872253479604,1.0,0.2704815477321898,0.06830956149960361,-0.1542413698747236,0.21130322536140786,-0.03386576801915902,0.00024103570541031302,0.1482617251131258,0.13076529258670103,0.07873193205096544,0.03803460569130985,0.058296993026870844
485,1.5199418488996954,0.39930322454860917,0.0005491933160472486,-3.260274756980551,0.1328394935960158,-0.004719411392139994,-0.1706416758317086,0.16316240219706768,1.0,-0.2259260237304864,-0.2150848718311961,-0.07243891404202576,0.16031092935150806,-0.00835254306932396,0.09673594778962823,0.1649967907067609,0.03589514219199535,-0.014397418682686704,-0.0005401782136539193,0.02673630781966295
486,4.063893681031066,3.828411664392381,0.044727744165946416,-1.3494230048227942,-0.21015161929636783,-0.1400658654940168,0.10011856817473068,0.1233674426040424,1.0,0.21940133612152238,0.24686541876965828,-0.0009880125518376137,-0.06907135921093159,-0.009132981584201276,0.09462732687903935,0.27413680299911874,0.24265762801411475,0.2006612291720246,0.12683095173643322,0.0782852793506408
487,2.5840312486611534,1.424091330450675,0.005275857101699798,-2.2777069759732274,0.2512699740733474,-0.08317336097272553,0.056191236369531494,-0.2701753413284134,1.0,-0.017255794172224715,0.23203367412076617,0.09293342980611187,0.16089587068167233,-0.0033320690302634875,0.043217051754230774,0.17493182860826495,0.11342491608357065,0.1067232414489084,0.08838241315896576,0.08063914610974036
488,1.5165154131095373,3.685000712872343,0.0010443676174013252,-2.9811466027643996,0.028155079737519916,0.06762094879963487,-0.19938079932316394,0.2320979098069,1.0,-0.029957955017059643,-0.04345363736961461,-0.23133271629194474,-0.08090851151634298,-0.013074533615227937,0.10118035854946748,0.22810218996402054,0.13122988846595549,0.0570726976247335,-0.002376452046862176,-0.003515195715405439
489,1.4877780305840878,0.7555190108828749,0.006257202535292423,-2.203619787401204,-0.1611675070889054,-0.06548415726162436,0.15076736811163327,-0.17108061454460421,1.0,-0.14570759800991598,0.18435572756634555,-0.09906626365045486,-0.15315191222084598,0.001695101980080334,0.056484623697436245,0.15151448735853765,0.07136691210441573,0.05447174086938351,0.003909844100826967,-0.011975955752604682
490,0.5507937767849949,4.474458219218967,0.046168251224431,-1.335656575480557,-0.29114964867732807,-0.14978654778094255,-0.04775396593941078,-0.04496351486315607,1.0,-0.1187130500821496,-0.19637164899094425,0.2697361696062138,0.01976349291378776,-0.045421168702094436,0.02325911100972364,0.14084447504416783,0.05311432929379037,0.020301483510428202,0.05287017022288906,0.04075954183892268
491,4.1676989988176,4.786480188514047,0.0034932296168251223,-2.456772866397111,-0.2274361732323048,-0.17173968255300207,0.022383782121070728,-0.029082352082797556,1.0,-0.11439719386402553,-0.016144470677715617,-0.0962246481001405,0.1713996228389824,-0.05910212090410482,0.04035958033408668,0.2451595518188775,0.1404211172892624,0.07169951415307961,0.04042989429721629,0.07598620229422612
492,2.4082083365738387,4.861783269936357,0.03683196485162777,-1.4337751124929443,0.20508309864420515,-0.008448284227074465,0.2942172713773515,-0.023663932936818278,1.0,0.033157685360126574,0.24079759400334275,-0.29796483361652465,-0.21764548807507306,0.07339370832689912,0.12429161204922047,0.22832438015291115,0.16951783548306817,0.1254971397718238,0.02989152923270433,0.005378277833698082
493,1.6534208290360501,2.907030348186656,0.006320224719101123,-2.1992674798615126,0.05737268504375621,-0.27228893633241746,0.01776373123123809,0.08392472711133751,1.0,0.26411069155658007,-0.27604612058384664,-0.17680913909464938,0.21848269197154718,0.0003008831082624,0.11811231471397017,0.1816142612209682,0.0891173751856773,0.009741416988196527,0.021624491342837972,0.04190193359035504
494,3.9583610146616115,0.6007721699636561,0.008111855373091328,-2.090879801012255,-0.13345750280162774,-0.19201600529470356,-0.21107856470655498,0.08040485384993053,1.0,-0.20115945141955283,0.07835979845401213,0.2683214457080432,-0.02303492649447689,-0.07533482397070225,0.04133982370993039,0.1937779320607017,0.08528039046432212,0.07170904246610042,0.08747120205557593,0.0514894452921976
495,1.0415977430162717,3.1282133995970525,0.0038713627196773266,-2.4121361364117315,0.04433165665467409,0.04237745372592814,0.07522862703400068,-0.06269419208254279,1.0,0.023931663842711635,0.02872899479892066,0.06664239806385482,0.2168271042414112,0.025997763512933647,0.0653144281353073,0.24449529406423665,0.16571394488308844,0.10977738594358992,0.09803484499119904,0.11629780746798832
496,1.3524221104729333,2.385946917054466,0.0005221838087006626,-3.282176598428381,0.024252375425941608,-0.01924772152644828,0.18585409247301998,-0.22237310902626978,1.0,-0.2346706973866707,-0.20700277167642556,0.21288886512264063,-0.07629547516638553,0.020260904586897558,0.040088063812986616,0.15133943280186288,0.04243791653196066,0.008713413922067868,0.033210541388710796,0.015864299472530007
497,0.027970296248230178,3.567714988236373,0.018807620282339385,-1.7256661520110093,-0.271987996554601,0.09207875985846785,-0.06339511246887286,0.06753815834040133,1.0,-0.19157465012047337,-0.18462359241720358,0.13486046942146077,0.1265375160016693,-0.009231550439413498,0.07547842705973472,0.14300622359657936,0.03978058357382328,0.015120977015896087,0.04017352156261365,0.04427163880342151
498,4.24770150768908,0.8397422513247867,0.003808340535868626,-2.4192642246162754,-0.257673199212675,-0.12606718031750766,-0.060693222080332954,-0.10114818683244285,1.0,-0.061892160340089694,0.11210015838836326,-0.0442899317211194,0.1505431060855356,-0.06299477201447039,0.05117717676896024,0.22282463169949177,0.12339408327587627,0.08074968127912788,0.050898830471731625,0.06476696914115224
499,0.33911703042569763,3.040961924873662,0.0037093056755978103,-2.430707375958183,-0.15420206340331027,-0.23125648353858913,0.19478886905767015,0.058693392038893163,1.0,-0.22007864991177306,-0.11466706323025178,-0.2952505168945936,0.10935865525945836,0.00943386445655138,0.07634563574626502,0.13371119430621423,0.037327889147605424,-0.007037116846022255,-0.024040512584135806,0.006356864384054812
500,4.833245295698964,2.5714929016500165,0.0009363295880149813,-3.0285712526925375,-0.10686544475536831,0.07990112168983181,0.18006994154390912,0.0446500091570915,1.0,-0.2667131574850254,-0.20233187621259038,0.19806779277420222,-0.051795233950672225,0.054849778251887325,0.12183181812490838,0.26328121687574446,0.10238763233968912,0.028100662520697647,0.057249008190698135,0.03950231686978818
501,2.5609978765589823,4.57140638849875,0.006239196197061365,-2.204871357379511,0.242929516336424,0.06854046634701458,0.23033869029187526,-0.08421786860909554,1.0,-0.11615908993678783,0.1622126210199857,-0.12075196343349691,-0.15254601298024303,0.0751389237053536,0.10231394420589397,0.2275405923853863,0.14493843763888006,0.11647616180655711,0.05392741103718274,0.023344095586745967
502,1.7510199927813777,4.129936170407154,0.0008012820512820513,-3.0962145853464054,0.14672415800744698,-0.025151980228259128,0.11913626596462902,-0.216788854971421,1.0,-0.04309050237475824,-0.03768275960511477,0.12376953475367355,-0.25059663180032016,0.02062122841083838,0.046701180821252825,0.19619825555933088,0.1150979805318071,0.0758224556781747,0.05563202109981525,0.004137234189384166
503,2.7327887125315837,4.5230925243266675,0.011064894842984731,-1.9560527091048638,0.15239776307057284,0.2283445074521109,-0.0882139272134333,0.2128425614549,1.0,-0.21078449632888488,0.15804054863111325,0.0393312807485205,0.24024297126847544,0.040359259125208866,0.12216221435348013,0.22747336594780185,0.1297888056914611,0.1131786744595816,0.1042956668055817,0.11837147247327152
504,4.674602205632274,0.8025493884368101,0.057602276001152405,-1.2395603562432298,0.018527777113942732,-0.21634522324988284,-0.29649486981305584,-0.20081938516988107,1.0,0.1952262645970503,-0.20579966746462633,-0.017468895700871866,-0.24744919044809482,-0.1066491136437803,-0.005135324343428808,0.1842758121113149,0.1193921093453377,0.023848272521311897,-0.015162507733462569,-0.045958097254920796
505,3.165993398369186,2.314861285033689,0.003502232785940651,-2.4556549906656104,0.1472323429625151,-0.1924265065664351,-0.23956756922003034,-0.10443608571454682,1.0,-0.19524504602024373,-0.16298240565980426,-0.29896478097048046,0.23023510985679205,-0.05977387265725695,0.02604960343933874,0.13647052303970997,0.03738646029929897,-0.02440850752074478,-0.036385740029290715,0.015316334176918167
506,1.4518093846474154,4.426242057074419,0.00917422932872371,-2.0374304079848917,0.24744941437145052,0.21505164232712298,-0.04929061537782476,0.0821565257529425,1.0,0.12602342360376773,0.12374611366484667,-0.16368707254431084,-0.14800724645261945,0.04173227492444937,0.10265920028133063,0.2259123448587824,0.17230497685560775,0.12137231063385949,0.05247719783770743,0.02563516415341387
507,4.43162500191823,0.780706723203234,0.012298329011812157,-1.9101538926458042,-0.06878829689245043,0.21589690622228105,0.044864174737718775,0.2719482798938447,1.0,0.11550470579646543,-0.08496699677644859,-0.025346392849464803,0.21355514647815324,0.06238859755047425,0.1692506010183791,0.31498871869401235,0.20843744211368462,0.09563330071938604,0.06687132781507152,0.09209682355174574
508,1.2526565991960532,3.536773824163928,0.0077877412849322964,-2.108588484526504,-0.11585233864312817,-0.282474405392265,0.12317498969292959,0.01978452613667867,1.0,0.22022007742755642,-0.20892408094208786,0.1455648220392747,0.2593751059533805,-0.008750087853975347,0.06776669908922434,0.1731311105594311,0.10747650991735815,0.04995798095272584,0.07086030856898537,0.08148725709956434
509,0.9679301896321085,1.6728454372513957,0.00756266205704408,-2.121325305929436,0.2308763308050937,-0.16882765927207777,-0.27190310019458425,0.14089069287859943,1.0,0.0810015530479757,-0.010366684357707101,0.2952931858638989,-0.16459303867024608,-0.03687683221921666,0.052153968066616534,0.15992264483700777,0.09742755032114406,0.06799606318729572,0.06854113735760427,0.023225441358419748
510,2.866225027676221,3.0529082969525554,0.004150460962258715,-2.3819036666016697,0.2941310231602589,-0.22208836682248992,-0.1881068400742725,-0.0712843209753193,1.0,0.0687523593500203,-0.0643351619416535,-0.021649411842147293,-0.23828642462188068,-0.04851297741884999,0.04900999160146946,0.1937358513787243,0.11728110211134128,0.05666581260380653,0.013102195067946137,-0.020654624393701006
511,2.957365563226078,0.24123462961089848,0.0022778017862287525,-2.6424840708155,0.21384847405617952,0.1417163550372871,-0.07852601058418518,-0.011680814256100425,1.0,0.09056498889249633,0.16862208250975066,-0.19668044026055234,-0.03413001047622969,0.017669823522532477,0.15360089503413935,0.22439374210907856,0.14677345688529944,0.06946277641367248,0.010346945936080987,0.010037750479789151
512,2.4802082623047865,3.5000585500246917,0.027981849611063096,-1.5531235818624414,0.24101321109777576,0.25250794984803815,-0.030129495062430386,0.1357337105594161,1.0,-0.1450657643819319,0.06478744154237796,0.19846815547002636,-0.07866414544643764,0.05647582275091586,0.12391344816713039,0.2357572774644272,0.1330906553416864,0.10860847088865826,0.10400039699713132,0.06514512393192604
513,3.436931522635943,1.8728930718059764,0.0012334341688274273,-2.908884024834911,0.16431010593109438,-0.09875255561917533,-0.2673658512452845,0.03375667432339411,1.0,-0.26366235167973395,0.2503499891355187,-0.2577166176185146,-0.2439119656808139,-0.04451381993440382,0.054746571811175516,0.15192718946669828,0.06767247054498368,0.05149619848044709,-0.022355564426080686,-0.04125553772681544
514,2.137764276826298,2.2793079917815224,0.006329227888216652,-2.198649266971494,-0.25788644416726053,-0.059568887356135886,-0.06699569087777481,-0.04857882762151385,1.0,-0.060099353473488645,-0.20065048332379587,-0.22946877105539276,0.11535499949603512,-0.04256266488866466,0.015066236109880568,0.17474665793354635,0.09495672507015412,0.003451611593554069,-0.03525415216894811,0.0020913628514802373
515,0.6488619241308722,4.079245576753701,0.0009273264188994526,-3.0327673672861457,-0.06829753002785499,-0.16412638912455732,-0.01244218026422772,0.1148348004593525,1.0,-0.12931882898337918,0.07829888234757669,-0.1776974256349322,-0.04637685917836102,-0.018592709534294954,0.07796567019496348,0.20129579787266347,0.10200910148679836,0.06382056069105507,0.011490916955484369,0.010296692732448503
516,0.1296896249677233,2.556670468436856,0.005626980697205416,-2.2497245746472427,-0.056997360009232854,-0.1694818575119939,-0.10773769599205126,0.04487546777199942,1.0,0.2845053459198019,-0.16702004723925895,0.05119008835352718,0.13267611545617944,-0.029436734700934452,0.06835865101361623,0.18123444400204203,0.11420577718335227,0.046527690269538936,0.0484717353427584,0.05151433354451948
517,2.118739474245803,0.26117921401107935,0.0016025641025641025,-2.795184589682424,0.15908507004727326,0.1549122951629219,0.12004883693554148,-0.2916140571068001,1.0,0.2003476824846531,-0.041414548374681594,-0.08045763426727474,-0.23460128484318987,0.021886743710018905,0.05043952437427594,0.176725531259244,0.11593510536735208,0.048919357143437606,-0.0016716768692927667,-0.02518026032735265
518,0.007762705294036198,3.118568776060528,0.004213483146067416,-2.375358738917194,-0.00229736753442179,-0.03821547373416032,-0.26760096230720554,0.06369783265367776,1.0,0.2168837126736756,0.11584014887075468,-0.29250679619631237,-0.009759142536977005,-0.044489361859440794,0.04513065342800045,0.17483098608865563,0.13216944027079267,0.07350669118718267,0.005953157198914025,0.012021784676032087
519,4.343116725961009,4.366142814279762,0.005717012388360703,-2.242830866699342,-0.17718252502396317,0.13359551674549877,-0.11883672265431912,0.2691975218697568,1.0,-0.18386410646460383,-0.2570922662498506,0.2713670844001924,-0.25330335145550326,-0.0033234616990358025,0.10048827941758258,0.21907654797918705,0.1047569639511205,0.03721457488122538,0.05667886555994476,0.008760580136883382
520,3.179817596647099,4.494817048273547,0.0035472486315182945,-2.450108370165744,0.05782280860366346,-0.1872516473654909,-0.0744510690901778,-0.24583775311098185,1.0,0.14604896267831527,-0.07980591568320346,-0.2400156266324909,0.19142103463681412,-0.05354322129762173,-0.009648937432256574,0.1758645129364928,0.1371893572013978,0.055509016763626226,0.0062855591394447305,0.044323524648905537
521,3.816767882901863,3.7846933163259697,0.006428262748487468,-2.1919063802151437,-0.19693535653366004,-0.0651735300847005,0.09871119184434819,0.23852670424815067,1.0,-0.18492142297460137,-0.17263461945582487,0.10908746590407734,0.2198886401650071,0.01215984106517803,0.11837646406476922,0.24052168124220213,0.11299162324558432,0.044034531103590666,0.06628201376034908,0.09372365793442829
522,0.4520175638955804,4.659410269364544,0.008174877556900028,-2.0875187434702327,0.2537692889009954,0.033731741528119065,0.1883703705426859,-0.18633087939713858,1.0,-0.2908441541144458,-0.060732684709536786,-0.15364129043553967,0.06659866529255735,0.03848069408408544,0.07513409965915296,0.14799177132454358,0.048149616123818295,0.02006737815688688,0.0066346876500828844,0.023228546384571884
523,1.2614059702733624,2.026087929092093,0.049103284356093346,-1.308889458385707,0.26855992546691737,-0.26187463150515816,0.05417821668075362,0.02177849198204975,1.0,-0.09081374438512795,-0.0739880766047114,-0.07775524205600803,0.015867693263311253,0.004372339127314407,0.09665445578764055,0.19692055029617742,0.08333943252158178,0.03181710413201012,0.012755474913418099,0.019094024689737157
524,0.2472426523823815,4.140445323842753,0.0022237827715355803,-2.6529076387316524,0.15205838771905236,0.03801201795197746,-0.24189178289892915,0.24262161053969272,1.0,0.08656177162011247,-0.17509591907529592,-0.1564528169650848,-0.0024604369686742067,-0.012008943540373244,0.08717647770201173,0.19388820669241158,0.116261467883475,0.040276801331243034,0.011852213151495457,0.018272318383148602
525,0.5164334125061139,0.9945149998887676,0.004258498991645059,-2.3707434512535066,0.2722562085951846,0.06238135824475985,-0.22837743644989486,-0.03354121013351523,1.0,-0.26962551789743205,0.12783725501013077,0.015719373652199508,-0.21612687178030743,-0.019131755045877576,0.059495947000274024,0.12865656144094065,0.04153623952938137,0.03962930637098724,0.009606860150254052,-0.01447527240759202
526,3.760207608535346,4.093774003956851,0.024056467876692595,-1.6187681381878098,-0.2641952396884554,0.15222447937317213,-0.23104645932342865,-0.1691656988760136,1.0,-0.0004105404609931806,0.07888507837034361,-0.08439836427623393,-0.24716095701441346,-0.06528173680347034,-0.0064058258592667155,0.17621389499101742,0.12493906132838879,0.08126941602291668,0.01955349547486558,-0.02648424656859645
527,0.3070555347310481,4.925671515220563,0.031898228176318065,-1.4962334396581407,0.10681309801797798,0.20103742745723643,0.10175243078487024,0.07894208698059531,1.0,0.2404854373763494,-0.04492694068222667,0.24672679829907715,0.0621840947994779,0.05384509544946236,0.1067948708690828,0.22310550365825907,0.17196569780945317,0.12319614431353802,0.12707434053110309,0.10384455700611796
528,2.9717321717658454,0.4109788740755156,0.004906727167963123,-2.3092080897146756,0.19651272226974176,0.09740920100328554,0.2865041516028133,-0.2641135128044416,1.0,0.17334008295089365,-0.07473368586894005,0.27096451142601347,-0.23536644762011297,0.04922850852088103,0.06477946282584049,0.17702891220345157,0.11391657897543025,0.07152748181203455,0.0578787294402961,0.007757045155821705
529,3.2168442720982027,2.704768602653154,0.01923977239988476,-1.7158000698272486,0.16100036964364767,-0.23983450732719852,-0.10885879923772591,-0.03500044994305775,1.0,0.10357127944808853,0.09822495193455917,0.1425025805853343,0.2990275769801127,-0.043810324889309755,0.03577151089663832,0.20281660697445403,0.1515104615818798,0.11549728048796559,0.11586766002883345,0.13012677910601297
530,3.5570401638688276,3.5667955826054336,0.0006212186689714779,-3.2067555012540625,0.1870337941493788,-0.08598400777092248,-0.2894177884718696,0.2569993662222152,1.0,-0.2403036770405595,-0.06678966886112649,-0.1325996086477561,-0.04478836480613698,-0.011313323579620367,0.15478468281997107,0.18079794935149143,0.06353581555076741,0.016278160493424433,-0.0028217552693826065,0.002809709772241804
531,4.363982785100212,3.064179641209913,0.01638576779026217,-1.7855332040062433,-0.018727624642433126,-0.18997527387868576,-0.27160408800761027,0.060708537978426166,1.0,0.11299649160394726,0.2788811823165649,0.2837879906211603,0.030024617249513084,-0.08492203000940528,0.05296354841383566,0.22236070282889286,0.17997041139642345,0.18083694755470536,0.16538281186331724,0.11418046998218637
532,3.148905579082336,4.329140483879516,0.021049409392106023,-1.6767600851654967,-0.2562259452588736,0.10930974503538139,-0.03925914748507912,0.20518765403998426,1.0,0.10135641825979014,0.025456083051334177,-0.12768068245660433,0.2679236308491845,-0.005226533612432815,0.08416494108363563,0.24720971167911382,0.19787622189696494,0.12336102998271453,0.07394469238908938,0.10665154678580004
533,1.4829264285995918,0.4143071742191465,0.03343777009507347,-1.4757626925875562,-0.03742975220567901,0.15877722928147328,0.17542597315821684,0.2108517520913076,1.0,0.2584926569902754,0.24846731898233199,0.09249148098302548,-0.18919975611190684,0.05333965087549072,0.11157304032879618,0.20470156210243895,0.1588506389687376,0.12272609705547131,0.0702649374959528,0.019734971900655207
534,0.9658345533697124,2.8594905475726327,0.004933736675309709,-2.306824033506949,-0.15940190511764088,-0.13921270183518272,0.04263937626725898,0.1804252710795233,1.0,-0.11078943668756512,0.24807917504056515,0.23168297714905128,-0.09592462125586473,0.002191904549046539,0.09757045306616702,0.16916414124530416,0.09621237434989427,0.10554400411612114,0.08577356080863863,0.04512687473049699
535,0.46659066505110147,3.1779523028972982,0.03635479688850475,-1.4394382773836976,-0.29607396481755255,-0.1118259474057063,-0.1117973268970752,-0.24319528317702652,1.0,-0.025471307310027492,0.29672150786007084,0.058921308774596934,-0.25302500082328877,-0.054439101820035786,0.008672679554161069,0.11018552805286684,0.07191285540612441,0.07506814682459322,0.031168837073592005,-0.00436773675296196
536,4.250429437431714,4.296710757735404,0.0014675165658311726,-2.83341698758736,0.03820661839804973,-0.0633231798090761,-0.2355426558039045,-0.19947005576853147,1.0,-0.12536534944443134,-0.2651855497346092,0.21317164470980152,-0.15053521827229221,-0.07432424470690262,-0.01777036343534759,0.16675377724495766,0.07508899037841668,0.00571904850874252,0.03042538876737955,0.0008769843253061717
537,3.3669590010917965,0.5129274043606209,0.001053370786516854,-2.9774187302451565,0.08035639868663189,0.22710089209150822,-0.2793090657611254,-0.24917920077561342,1.0,-0.2671950636822545,0.18879546319740906,-0.2742766883231907,-0.09171647377328963,-0.033676849487828175,-0.001214470358775078,0.12629018578309012,0.05048036453230345,0.03425282135762304,-0.023765845281579035,-0.024298624689389228
538,1.7163611727345252,1.175174545178138,0.005068784212042639,-2.295096197139972,0.034734264997774586,0.2616909881912772,0.2343649759542498,-0.05795668372513865,1.0,0.04912860405371022,-0.06203373112162033,-0.05252579969149047,-0.22775722828573997,0.07553872956740237,0.10009576577852466,0.22010745963723177,0.1299088969518856,0.059870202095939656,0.013461091022995966,-0.01926584768880888
539,4.718280407350176,0.9898979110066454,0.0063022183808700664,-2.2005065519770612,-0.1456685633504679,-0.26771630335446245,-0.020693511066666725,0.049660886608133635,1.0,-0.0007301204921062454,0.23387650670493365,-0.02739365402178203,-0.040597708442921265,-0.06415532774337034,0.06773116419292224,0.2838061436325263,0.19614707399492473,0.1576739288955037,0.08081423289420359,0.04124719231216822
540,0.7794337360451721,4.182954717703685,0.01829443964275425,-1.7376808883794364,0.0969954549823061,0.22223963865056226,0.03708473759903865,-0.01174396169176808,1.0,0.22093417468677826,0.03068119486651435,0.2068936033271831,-0.2748490249732621,0.03750589640019268,0.10240770733806955,0.21219662821747184,0.15748024155399382,0.12005110920505882,0.08812256868496945,0.03148480236548221
541,0.4771306163873197,3.4166164825588674,0.007256554307116105,-2.1392695501862273,0.25941970537948206,-0.20633241077790335,0.027500640177958145,-0.09845661976630289,1.0,0.2415818074321118,0.030159436491157418,0.2381906168246176,-0.03358798272580334,-0.004590355475715829,0.06290435033737732,0.17926534877866898,0.13016959363317993,0.09979805965088386,0.09053162494923297,0.058137863822844166
542,2.4601804044547917,2.348497498622661,0.0036192739844425237,-2.441378538906848,0.1774845616095013,0.12135317103022249,0.19236436679329974,0.14939817291609742,1.0,-0.1985797416154008,0.05200620316193911,0.09151480533625529,-0.21534521686122493,0.07559599328554914,0.13288976475310205,0.2261709923720659,0.11064136056661364,0.080869959552643,0.055729240699536595,0.010486981541516503
543,1.090140130976188,1.4321111355001568,0.01782627484874676,-1.7489394017297868,0.24199280730513686,-0.053832874218934054,-0.15229740969311523,0.12437192044207013,1.0,0.24428049816495967,-0.191727554404824,-0.19104899599469546,0.10133874340810735,-0.009196299079030908,0.06795630390904346,0.18272197866846182,0.12175674380223296,0.031933467862925495,0.0016990945938204897,0.021449472059675075
544,0.9286565034360766,0.6438859999257467,0.002394842984730625,-2.620722955360251,0.13316125074116927,0.18095643716682377,0.021954389451689104,0.2040783721740356,1.0,-0.1310881591391714,0.011318838111394424,-0.10284799462169711,0.2905943878409869,0.04410817816903736,0.12832120988441773,0.18561857278004482,0.07813638508054417,0.03811764041549505,0.03510690486486105,0.06389764205248659
545,0.6920201932287117,2.8198411666292618,0.022354868913857677,-1.6506278724367536,0.1856982449931979,-0.005272338658061759,0.2841757482336708,0.1430476342849274,1.0,-0.026979496758567933,0.23144088013817443,0.23424652619905467,0.17350621572872493,0.06464750477002441,0.11165011761787234,0.1930465158853935,0.12223790418178704,0.11901852652103505,0.11569663741225476,0.1005382152319702
546,1.7437040483818076,4.067258436272577,0.0005311869778161913,-3.274752580349174,0.05049440542727428,0.20996679153500836,0.0008681347654870608,-0.23602198306895453,1.0,-0.2256165606699624,-0.15144293075371437,0.03726115537240564,-0.13054241802842334,0.011034511072856723,0.058670387675151446,0.16760438862455396,0.05374652369700635,0.017479192322539056,0.01162922980562248,-0.002431628218833185
547,1.6735672596466464,1.680002841899021,0.0007022471910112359,-3.1535099893008374,-0.052389771365935776,-0.09781887900389118,0.08911665574310317,-0.20736231922061085,1.0,-0.018504868396784602,-0.15603848742731313,-0.14226287893449804,-0.256335284894665,-0.00921302429317002,0.028118492132800266,0.17132686902943534,0.0840145350333833,0.011628064772829811,-0.03253510380128358,-0.05203886461250693
548,2.0414697379120477,4.848135287094262,0.0019086718524920772,-2.7192687310625665,-0.07140777786842728,-0.1293000943258932,-0.027105110128414465,-0.2776098469103407,1.0,-0.27926515117082956,0.22952622523569077,0.10623584250709221,-0.06934295362514582,-0.04773020774694826,0.010992799648571123,0.12861234008132705,0.05351025757198864,0.07557782100613299,0.05772776665253362,0.03291482045953605
549,4.509941179725442,3.094362747740494,0.01673689138576779,-1.7763252022194194,0.24800621667966471,0.10780102859144687,0.18142885714104265,0.04940297422261175,1.0,0.17464187110519538,-0.28417515271082666,0.10801070277393454,0.00980812213171891,0.09541261821962574,0.21556647783965244,0.30033379021424905,0.16246272959158542,0.07879229152670407,0.07948827679129424,0.06652282518765529
550,3.0580350829463736,3.851021280814801,0.0026649380581964853,-2.5743128809323794,0.04524863851732701,0.12674795191013472,-0.25023381481989837,0.17081218533682632,1.0,-0.09386246972116692,0.07039124433545892,-0.12605054781579159,0.10427999250126467,-0.021730417011689998,0.06875068587037281,0.24015752449927238,0.15853706089023398,0.10098848188014116,0.05118855919228848,0.06116941525018372
551,3.9246360432697447,2.101074517403253,0.015404422356669547,-1.8123545824502176,-0.10293034296399829,-0.1729611561462981,-0.18374042561443668,-0.23139813367680634,1.0,-0.262833048178816,0.0906056664193139,-0.09425281299596797,-0.19535782286723719,-0.08473937298320776,-0.025799669844682578,0.13883717278500096,0.04942973250775603,0.029399669936358817,-0.013343036556641898,-0.03916658501225048
552,0.39511358038281796,3.8929735984747045,0.013468740996830885,-1.8706729984628754,-0.03553310087234481,0.05602513284539201,0.12407117298509357,0.2391979434446815,1.0,0.05871548984055042,0.07052542626719087,0.1661080961288467,0.15504054629075315,0.05069259701070575,0.14738358982040645,0.2280924706172902,0.1451208472945509,0.11732130105876779,0.11667449142236189,0.1046514165037354
553,0.4140765244412006,0.772497370068599,0.017907303370786515,-1.7469698088668824,-0.09550294128745303,-0.23155242955534314,-0.23685564427474615,0.2509959742505216,1.0,0.16744811652313826,-0.03262564952005934,-0.19628936245279294,-0.021782003554577378,-0.035730727324997005,0.08198004279740959,0.16448610278464137,0.09459062503130237,0.029970719151708465,-0.005361468261684608,0.0009027438357232856
554,0.8108226965986152,3.486363018106707,0.018609550561797753,-1.7302641153640297,-0.1484885447224201,-0.21106488872282184,-0.04187952978049971,-0.11447996742770318,1.0,-0.10936519243824581,-0.18998701435343207,-0.2552914728374724,0.009113499476245445,-0.04551116083413419,0.016986703797616666,0.14409263326284283,0.053317473439992887,-0.012923411801611641,-0.04263968129220304,-0.01795140535728341
555,0.7133240887404274,1.437126821414397,0.014675165658311725,-1.8334169875873603,0.0968136415798528,0.24088069530534748,0.2365949309410296,0.1526471707712195,1.0,-0.038898626480477094,0.09513629883455918,0.008609173542526327,-0.2961998647876242,0.07583074441150563,0.12004742254277119,0.19806251776190895,0.11041261971633826,0.07710786800682871,0.032341926678107154,-0.011849245770748322
556,0.7945147457691281,2.42280190445275,0.02862107461826563,-1.543314064076545,0.2601211687719967,-0.017809154034307637,-0.20133035983377803,-0.007252405201476186,1.0,-0.2831798238228022,-0.07867413578651072,0.12340131935885063,0.2552531504329385,-0.019932712064407755,0.04568701629560851,0.1436494612158172,0.039501260495978546,0.02075411270485107,0.04638268357808766,0.06643323096203926
557,3.1453732734201303,3.4356196543191775,0.005212834917891098,-2.2829260282638817,-0.07654440996603078,-0.2106056251760209,0.1234496300431421,0.009341181956021094,1.0,0.056002202686375326,0.015561551318806231,0.052805330751130294,0.16779697841115318,-0.008886478021573663,0.08423862580717419,0.27651583522196804,0.18939241896123016,0.1227913361357843,0.10520477644268822,0.11521007000482739
558,0.35627617800167377,3.443465715458185,0.016646859694612503,-1.7786676808321449,-0.29930947268219676,-0.21251536922013928,0.1826026980020389,0.2265849124212316,1.0,-0.13491501390245314,-0.14758517651521472,0.23862940205464545,0.1793116136682637,0.011809959158410314,0.08750636819973041,0.13641706258717204,0.050815350499254515,0.033175649846036666,0.05907261403137606,0.05777397754139704
559,4.303563830851822,2.753812506373214,0.04204479976951887,-1.3762877114252057,-0.26952801893987305,0.08376266006299217,0.20652461603633526,0.17429716928171168,1.0,-0.17267095196646962,-0.02809008113578256,0.23822542162453678,-0.017824116502099262,0.05857496818595673,0.16066054968554935,0.2593945852572462,0.12320645208960376,0.09117320094264034,0.10325695397067446,0.07172974145207649
560,3.116427120525302,2.275727390924414,0.018870642466148085,-1.724213313679629,-0.18135949692854064,0.11037980877879928,-0.13316918510025993,0.19322687629805047,1.0,-0.10396441788295281,0.11053303334528371,0.22378273318921682,-0.18557938515393593,-0.012301769880796997,0.08878451477137347,0.21244243147753952,0.12071689827775739,0.10000509865739386,0.08818875678662282,0.030510621447134314
561,0.3434860208910131,4.4573281542450545,0.0031691155286660906,-2.499061928513187,0.24268586252502133,-0.11391326630481882,-0.04328606814714969,0.02800448840086409,1.0,-0.2815881377925936,0.046131947554610364,0.1684678642964351,-0.121750689977716,0.0017289035724468898,0.0851662814868628,0.15847875600404082,0.057968683974338436,0.06145857400213145,0.05582685836408369,0.027049687888066845
562,2.5473525605740255,3.9417408539572256,0.0121542783059637,-1.9152708234963118,-0.20443287264939625,0.1568064685623666,0.11590750629632653,0.0880156308176114,1.0,-0.017703119430453062,-0.2671823086528255,0.2409795451038045,0.09666938099027952,0.03507340765620024,0.10126151360741753,0.22473291075295782,0.12490286478933445,0.05072811572536838,0.08298442942144153,0.0810878676755157
563,3.2398797286799583,0.003593242367391243,0.0005942091616248919,-3.2260606564494494,0.03167361793183456,0.1598460684876615,-0.16452622016134952,-0.29762133886074765,1.0,-0.11763396518490211,-0.234500608428853,-0.04327877173834804,0.038486578245756076,-0.03313669376075517,-0.0029868923679592955,0.16580001009312467,0.06244832098244775,-0.01581986267855422,-0.016665778176713015,0.0031726322810900834
564,0.016413489289703476,1.5870431807961547,0.01174013252664938,-1.9303270005954165,0.264782565400924,0.07956090858242533,-0.09263518547406166,-0.07841266789273725,1.0,-0.007986814204226299,-0.24546826466064586,0.10782587794914586,-0.23732437940818427,0.0009294914725781045,0.049040342727421166,0.15550383386889993,0.06764241918204345,0.013343135336731341,0.01187377061785245,-0.017092922200962153
565,4.182166847138922,0.8781331878092704,0.017331100547392682,-1.7611738581467984,-0.19766501435462747,-0.22393347024539004,0.14682276787540874,0.03499188544190095,1.0,0.226713377689428,-0.10866087593491848,-0.1595735614748001,-0.2939398397347281,-0.0025722992428083864,0.09060909962901187,0.2288468523982045,0.15372163985512635,0.05077374470019024,-0.02309951366133495,-0.053312290178659134
566,1.6933570756039396,0.547919291287723,0.051417098818784215,-1.2888924318265462,-0.168425559233111,0.1424953810035118,0.24884148980388715,-0.24783901393202545,1.0,-0.26766298029392804,0.2586911877115728,0.05212285738885764,0.18033243353944747,0.026547667850261174,0.05149151431759275,0.12292128451880165,0.05047522186429093,0.06092682900883772,0.05086953524750451,0.052542320273018715
567,2.2481139220144324,0.5115748755986659,0.0007742725439354652,-3.1111061407477503,0.20291544313850088,0.0030393451226934155,-0.18730850540250665,0.04423525782693436,1.0,-0.2683547671201333,-0.23877113721242338,0.15385052537741742,-0.117173418228956,-0.00830956113831056,0.11891208292718108,0.13023135065736424,0.008591185579649325,-0.0006691145010766785,0.006545031354249093,-0.004359792384995195
568,1.6555766751012047,0.43276990120991565,0.0015845577643330453,-2.8000919241771682,-0.062360274457384776,-0.018411904430123305,0.1592480073720312,-0.05147521450662149,1.0,0.2956738295969888,-0.09330455703140461,0.149379048422252,-0.10595858315406198,0.023576329223586136,0.05692954819067769,0.21403219209973862,0.1749016654666518,0.08780963671134848,0.06542984595978707,0.025939353490521105
569,0.9953647781334195,0.427365711587137,0.0005221838087006626,-3.282176598428381,0.04573630773779571,-0.09213166963875426,0.02353967431432744,-0.21955668163817907,1.0,-0.18622484328873676,-0.1995873294491092,0.017662832817213526,-0.09957020450992868,-0.018521690892197847,0.045866412592842014,0.15032492289997892,0.028865922046988207,-0.011257693322104127,-0.010174744734812596,-0.01400215598440347
570,3.1548559413211326,3.9384597818951472,0.031204984154422355,-1.5057760336134198,-0.18684710234694737,-0.12842916379133548,-0.2112189850900206,0.29437241973085615,1.0,0.1630391068134225,0.18857563559277293,0.12242884134120718,-0.011051791071620298,-0.05626515368706349,0.07638066285740194,0.22426182319396354,0.18242788963351847,0.15029921507697108,0.11835981351195715,0.08264734794420003
571,3.854754151832819,1.9022491767053873,0.004159464131374244,-2.3809626164351925,-0.00023168022096223815,0.0745348528260675,-0.11999490164972285,0.1344941857486057,1.0,-0.0846312429038091,0.18354051059640006,0.03005212631364018,0.17610097299805672,-0.002169685838473547,0.13768804787581565,0.2795229685347647,0.1650514835710282,0.13546656642309596,0.10990088537997215,0.11124060397782301
572,4.357734217024168,0.5467531911875639,0.021823681936041485,-1.6610719764970694,-0.029929016116243,-0.0006193062845149755,-0.09392056803481946,0.27093335505509714,1.0,0.1647598650563045,0.1689355310400407,-0.07909515402063982,-0.29919676092658165,-0.002910757701632727,0.12629940344656287,0.28603831163405113,0.21647388309026852,0.14448138587724035,0.04493050600148581,-0.029122402167368274
573,2.2202148485491837,0.9290481175632634,0.024110486891385768,-1.6177940193153277,-0.09908265325183645,0.2871340798742421,0.14259575322225201,-0.06116870162541274,1.0,-0.17284677038677618,0.0315143109606703,0.17111617735298992,0.07209958948677198,0.05322751304050655,0.08638938755462566,0.19999769708999612,0.09002613348632334,0.0654618162939846,0.07239810148422889,0.060711053013941495
574,0.11007837381655694,2.150081466715754,0.007994814174589455,-2.097191626212717,0.27338412750159125,-0.17629210218633734,-0.2609363258156598,-0.17636908283754996,1.0,0.13389598174337095,0.27567970813364906,-0.20825494210375495,-0.0656861934546801,-0.04353554484202086,0.005981475929029584,0.11769518121577971,0.0891197454487811,0.0683813974527192,0.01345252050865606,0.006275546823463221
575,0.3294007857478972,0.9773670970706633,0.10579624027657736,-0.9755297657237897,0.13558896017987998,0.27048526554961516,0.10447209818880365,-0.22192586574109735,1.0,-0.20612577267148496,0.2080171533338731,0.2540571391144377,0.04035203720013967,0.02493865505763625,0.0550596497577302,0.12101940874404685,0.053550456822720326,0.06939477063590155,0.06722360410503614,0.0445190933663702
576,0.6191211015325717,3.1006343169150448,0.04016313742437338,-1.3961723687497014,-0.105624005827658,-0.22887326788491896,-0.14692339378926045,0.015020452805468064,1.0,-0.042740996979700054,-0.03822398774968585,-0.22960752218775063,-0.2809848921288156,-0.052947769124246216,0.03111555994176232,0.15261886555764723,0.07540320775403281,0.022753443260727556,-0.03410256895390476,-0.05256303017177431
577,1.9831901818011173,2.2447809427214835,0.004735666954768078,-2.324618847837579,-0.10404039519786476,-0.13106275337802883,-0.15517284027907355,-0.1168581066147877,1.0,-0.10176703338501894,-0.21631126674702608,0.030387652408749053,-0.026264694382180553,-0.06461799283360034,0.03803676529063854,0.17182025531602793,0.05441405777209574,-0.003561629982515216,0.0023286122359957476,0.0032055313597015357
578,0.2054705648043971,1.358842433419778,0.00054019014693172,-3.2674533416076743,-0.16439865785371857,0.1932016954299159,-0.03853949994765105,-0.20485981761455513,1.0,-0.04537307056674167,0.13147873015163306,-0.12986376775704409,-0.023944399879824208,-0.008933920682623494,0.029145672338124283,0.15475224697300496,0.08313128969286719,0.05513714524661053,0.011332400507828562,0.009753035626693852
579,0.8033510241078221,0.30650963313727925,0.0033851915874387782,-2.470416747063657,-0.01284599698433364,-0.1583072114439064,0.21086026458055676,-0.29823425532121933,1.0,-0.048531576640780415,0.23951236077336813,0.15794418716484257,0.21032782146274534,0.0040118354957024574,0.019077622917323973,0.13087487416847268,0.07490860129709978,0.07742503480549949,0.07087822364123668,0.06762591453371315
580,2.017343620534307,1.3531126196697951,0.001377484874675886,-2.8609131611737193,0.09197582045754712,-0.028981573308245256,-0.2327280825854059,-0.12136930599208472,1.0,-0.02955262826466578,0.03278192978920375,0.11258842063502791,-0.28494910405218404,-0.05340350632393892,0.01924073814340648,0.17975973886984484,0.10080775943771822,0.06638863274939087,0.03692403642773,-0.021546261972005102
581,2.0591231651206416,1.0889748737167602,0.00648228176318064,-2.1882720955600496,0.08054587186471451,-0.0009224079360099502,0.2640962969915491,-0.09021496205820058,1.0,0.1507429118491366,0.12456186030670507,0.24440992556741115,0.17513942783444056,0.04928502417650677,0.09685058730699266,0.2089788365652005,0.14452199913890124,0.11888617324710578,0.11732687142958768,0.09747947275033624
582,0.7561865326678703,2.325520425392013,0.002646931719965428,-2.5772572615791605,-0.0005087800807206499,0.19894634401863656,0.2058837245429764,-0.09155219626772086,1.0,0.005290134874559938,0.05545247588596567,0.05679398274013256,0.021525548436534914,0.06226723467705027,0.11942322664436741,0.23229781257936427,0.13282565353338968,0.09480941404177201,0.07240635529267084,0.05753845130375219
583,1.3263165974670064,0.3720039016584193,0.014927254393546528,-1.8260200657770633,-0.17930128178247648,0.2678104878028004,0.07700013997481504,0.2122039907140191,1.0,-0.12556484032480195,-0.216928918046241,0.020737802523217906,0.07064621602558394,0.043609645592530666,0.11214314056201116,0.1915110032610814,0.07312788529322407,0.009157226488415358,0.015059716681138839,0.024906132430810926
584,3.604749736428082,4.72553665612128,0.015224358974358974,-1.8174609843935763,0.10368690185430884,-0.27339984745869456,-0.20588122070484885,-0.27377022197239403,1.0,-0.08143868260808407,-0.2396667593055944,0.10681759680688585,0.06593415797123152,-0.09477383523189788,-0.018877705297291606,0.14079058064100164,0.0524778532643598,-3.673412287531937e-05,0.02224941323212807,0.030384445041786664
585,3.1511138752950085,3.6243688718532585,0.01605265053298761,-1.7944532488159635,0.05850154157890841,0.2670409199790438,0.27149289077936434,0.08002462093478806,1.0,0.050086997316887594,-0.24474623381311233,-0.1936744220928877,0.24734588443764988,0.10006495186560024,0.18926852850185905,0.22933336409612926,0.1126617853262436,0.028297807281671517,0.04051809025339647,0.0679668817522242
586,4.817179256692689,4.642012139448654,0.0024848746758859117,-2.6046955099261004,-0.03288049151074165,-0.01530920009353921,-0.21979380351719124,-0.22402033014905368,1.0,-0.21740190787911354,0.1853003647445063,0.15125212112546174,-0.23421466319913525,-0.07140063856017399,-0.046742323342007286,0.1578352883905555,0.10048012939581942,0.09664110349573089,0.08692030106884838,0.01882413451093897
587,2.620718758474092,2.164297468481246,0.030664794007490635,-1.5133599483647358,0.24310886747604651,0.19371317515993322,0.20126417011756606,0.22765350930205505,1.0,-0.0822496851541621,-0.06974333727204553,0.22751778436397113,-0.07925292068245635,0.09387728574679283,0.1657670688472186,0.23154880796166308,0.11798467515047953,0.08147093039668214,0.0820882223959975,0.048270515256885964
588,4.19039309428787,1.442287865031417,0.004933736675309709,-2.306824033506949,0.08450653255848177,-0.13386704958632223,-0.02363556184078296,-0.12088794414988106,1.0,0.14925225004539655,0.017387390807570433,0.14332182920507233,0.19705258491266434,-0.029561538933135352,0.0406612606310374,0.2574628445251347,0.1962354484925985,0.12637565191866607,0.12023516930641709,0.12328918105961646
589,4.028677059451906,3.0348471764941,0.0010983866320944972,-2.9592447613165698,0.09961005712779351,-0.10697655413298737,0.040944678063877755,-0.18985420518672577,1.0,-0.16920826428638744,0.2847668541751779,-0.06273498121367052,0.022847766570317816,-0.01354099023514408,0.05841640653047411,0.2154977877227119,0.12689290307669648,0.12508403488122433,0.06910581834391516,0.0563617098026622
590,4.58176941223467,2.822165798691121,0.00243085566119274,-2.614240827832331,0.008750026488359607,0.011091805764878603,-0.21994151120786806,-0.178739347357148,1.0,-0.03223946133715735,0.034835583388693546,-0.12559062878183733,-0.2398870586263111,-0.07511566687594032,-0.0038726575827381852,0.2308052473688721,0.15132004413513006,0.08132974470804025,-0.0013347604872318188,-0.05122610791466636
591,3.1553279957770157,0.3517677431552191,0.009363295880149813,-2.0285712526925375,-0.238488351717269,-0.09603143930674303,-0.07605870318002207,-0.17978177057725042,1.0,0.11182075780092555,0.16032162413420917,0.08886061976484638,-0.1865331538448494,-0.053699923093558394,0.007545444703717936,0.18179882252056892,0.1363658835276864,0.1035575700979462,0.05751944095360502,0.0036552806672100146
592,0.4978063677131176,2.144885157507233,0.012055243445692884,-1.918824014979309,0.25216027458548546,0.08909719962803399,-0.06952405728694092,0.21740929706635728,1.0,-0.16066844805998107,-0.16835079008460585,0.26525418014785973,0.12395481833421648,0.02188763809813975,0.0927656938151243,0.16616656463682372,0.06503859447255599,0.03364450582430689,0.06391023022392774,0.05856123711246403
593,3.733360983543892,1.4729099344910557,0.009417314894842984,-2.0260729074600627,-0.12329773761293251,0.2342256661756681,-0.18129283010581418,0.20752519928124286,1.0,-0.07208025980950995,0.2569342015931689,-0.21127194316329112,-0.019918131393420135,0.002717300561121242,0.11987789218457229,0.22225842714393632,0.1369584361075847,0.09827247175395433,0.024923072873062446,0.01896445829055678
594,0.08407907229351622,2.870869878791988,0.0005762028233938346,-3.2394246180074306,-0.023907822450080052,-0.016978296853436214,0.09325568143123765,-0.07494483468046238,1.0,0.11878881753360204,-0.0822792574989706,-0.2574171176750796,-0.07220022869267534,0.011113926205273789,0.08593389996569582,0.2021435392086526,0.1149249286640769,0.03256306861878817,-0.017465889534438405,-0.006566291220159244
595,4.138329860035784,3.621727843112712,0.002754969749351772,-2.559883165509738,-0.07000410928779106,-0.034636722219239836,-0.09193738830304986,-0.14761367419610025,1.0,0.12017093204209625,-0.026592319308934576,0.08053618432617735,-0.2217225851298835,-0.05334562489726175,0.018960477614680275,0.25582038722364264,0.19826504300930217,0.1201119150219508,0.07463851090451572,0.006626728389264268
596,3.740947840731039,3.9455019590493716,0.03955992509363296,-1.4027445394068265,-0.12870433044083374,0.24415332133287468,0.02475073210280505,-0.08319312049770902,1.0,-0.16850831490412604,0.28282780395733026,0.16146816114945742,-0.27338594315441817,0.024844608809975376,0.06588455003328886,0.2021054949012921,0.1275205069584974,0.13720978806542622,0.10393993838687915,0.030295863864078353
597,3.7995993187995425,3.2758352132484934,0.012388360702967444,-1.9069861580918255,0.2878843331614069,0.041985958517455346,-0.0706606336563177,0.11700137728153664,1.0,0.06720930244008695,-0.2910663066581832,0.2457732910471727,0.04639651445045396,0.026454394120167195,0.11000825455643296,0.2642726628746245,0.16644237652794427,0.06677958834589748,0.09479973782046389,0.08348492160848199
598,2.05262491384199,0.07129184379477896,0.00054019014693172,-3.2674533416076743,0.07424973938114199,-0.10126176916729669,0.28565178220132936,-0.23350096310276622,1.0,0.04119987157213325,0.03259014255991122,0.042887182831025904,-0.11771340453220087,0.037060723691339115,0.05166581219005158,0.19900958415550213,0.11929298313963105,0.07138636365603092,0.0365678342184518,0.006146372324443684
599,3.3978469066449533,2.287952890287644,0.0023408239700374533,-2.6306312440205,-0.0012324691310510504,0.2238936519511871,0.05581098619508444,0.11942761642603676,1.0,-0.10877158825134242,0.052387115776695435,-0.21797420330055275,-0.08574477931865977,0.06307142185646412,0.16368241352855675,0.2769755093446838,0.14731252319245797,0.0750990169427178,0.0016735188474310562,-0.0013970902608414645
600,0.07054291111511424,4.130356898718109,0.0024128493229616825,-2.617469797962529,-0.054436642913532514,0.13076434260312894,-0.03977075202802164,-0.11074692864841,1.0,0.019781712499830628,0.010950399649971309,0.01600338796498599,0.11974375580807807,-0.00521252422449428,0.0854172199013816,0.22201801319207307,0.12759474998989206,0.08443743438004915,0.0746097745254694,0.07870768866183406
601,2.04564037651725,2.185128068986987,0.012838519158743877,-1.8914850664754712,0.13807197936875373,0.13418902818092812,0.2789969587292578,0.03881216930645719,1.0,-0.10653614454124173,0.12688239986030023,0.27685307635436823,-0.20874698764843252,0.07630571533840609,0.109915499192821,0.20321969921395225,0.1148486027754117,0.10387386047715544,0.09407882201715033,0.03558871095754455
602,4.24519047780104,2.3720654333771636,0.0008282915586286373,-3.0818167646457626,0.10980630712240491,-0.1727679851959122,0.01946012218470694,-0.2345635148222775,1.0,-0.2927515911404366,0.04533867424204212,0.03715449431486504,0.213264962451668,-0.031351839490157046,0.03534047023309098,0.17837530801896131,0.05611958565757577,0.043088630567746124,0.05452625488985785,0.07937105506322424
603,1.4569497460681364,3.1239353336045617,0.017745246326707,-1.7509179677118747,-0.14231058651931275,-0.2197367954548482,0.2894626672416511,-0.23730619028640976,1.0,0.12090177285906989,0.22653700282654954,0.2250262986211948,0.2648146310792184,-0.00011067300693638104,0.07357422590130643,0.1300143747723708,0.10075179049824329,0.09874991574460314,0.1013734685127999,0.08543154249655531
604,1.29183459545409,3.4712446680284135,0.004933736675309709,-2.306824033506949,0.20836400418930656,-0.031201679831659265,-0.02483377593376792,-0.1565990001114426,1.0,0.2959413927389694,-0.10481647760850372,0.22998217443203361,-0.037228823139651625,-0.0023059910605434555,0.03978518915232999,0.1943749990517639,0.15565682843233655,0.09398110977922974,0.09324358924794267,0.06147557470954377
605,0.4729795379749052,4.020282985151798,0.0005221838087006626,-3.282176598428381,-0.1420295544003404,-0.01816351042372294,-0.012854719694591232,-0.06396757269080987,1.0,-0.0594082992542719,-0.19591146763358483,-0.13084025064159205,0.053528855104558716,-0.020376067705775255,0.03075466623216393,0.19523977077645815,0.10391094619892026,0.01868958637442395,-0.007539069429356178,0.013850126258178516
606,0.5267779973329605,1.2371588245886433,0.013387712474791126,-1.8732936234693638,-0.2839905339605925,0.13037905702426472,-0.06844635441244686,0.08777957449816695,1.0,0.23660027545982765,0.17463899223574283,-0.033146015813223184,0.19043214123001365,-0.003585610705671649,0.08125409260282225,0.17494063771906201,0.12786925056592094,0.08528989974737287,0.05825672591091527,0.060799043266797095
607,2.079828305036127,3.0728596045937695,0.043944468452895416,-1.3570957843347968,0.29042442436527927,0.26938489624612905,-0.17160385387456675,0.062045103319941994,1.0,-0.23094326220537317,0.25004295996401066,0.08141224701378692,0.027192680497375266,0.02189576098136891,0.09814357032844005,0.17521758404690502,0.09262072472563788,0.09809660956314338,0.07776440283890587,0.05959310713341594
608,3.996628433941601,1.158176897552892,0.0006482281763180639,-3.1882720955600496,0.16554243171836236,-0.21150991776016353,-0.06137181124077996,0.09297501323388464,1.0,-0.08192872855555794,-0.07044011310944474,0.013352517123204599,-0.16747245253567414,-0.026614677675199244,0.08813965161608238,0.26368187521096376,0.13722795027629145,0.057876010215732854,0.022268054869606847,-0.015010452005701122
609,1.9609041329705954,1.5796509930355347,0.0010353644482857965,-2.9849067516377064,0.174580093756573,-0.07743494418477999,0.2860151213895028,-0.29868209152034014,1.0,0.2091082613446394,-0.05951236484437663,-0.29821952328815327,0.05203873876954512,0.033679011875544645,0.035576198082432904,0.1654440235582103,0.1207583690089052,0.0452342499621864,-0.010372146129991745,0.0081797398205378
610,3.4965807154879194,2.5834991963248837,0.006959449726303659,-2.157425098072993,0.1444341414079394,-0.10025933013649745,-0.09055341901736431,0.14314945155126485,1.0,0.09557111127120045,0.02820997704284618,0.261306067837665,-0.09393877532668428,-0.011844545658897438,0.09859024065986927,0.26856700969591946,0.19042990733564494,0.13805761971012095,0.1317773699140452,0.07362619633946191
611,2.585342121174598,2.132498957707742,0.03513936905790838,-1.4542060407100692,0.22077454865712562,-0.027114796651144222,0.10822164837479499,-0.02398561506629002,1.0,0.22307652425315053,0.1512711987424357,-0.12941601160905367,0.2816604563788743,0.03365484024472545,0.10204639612977565,0.23024290247472334,0.1770828186701246,0.11609185422258654,0.076251394540149,0.09786899266211342
612,3.846162995217049,2.8747083852131396,0.0013684817055603573,-2.8637610040465455,0.011083217737807715,-0.2956093153217691,-0.019706069476655628,0.005297488711412735,1.0,-0.2169198938452863,0.15050464798987973,-0.20737349425769705,-0.04650162593994545,-0.05105673848283858,0.049575492344616626,0.2205686020295341,0.10741783987917715,0.07262092627279533,-3.6147989188760815e-05,-0.004069845667452019
613,3.214542048490916,0.3438874117604212,0.001107389801210026,-2.95569948055192,0.08421375111336098,0.06460764305093329,0.29018246529335306,-0.29377903668805677,1.0,-0.2784987581013196,0.15352592722856176,-0.14788706658009484,0.2972428440819038,0.04043871524191338,0.055220344767782065,0.1418070357561138,0.051681863884806375,0.03821644713223724,0.023927228309040503,0.057929966123168496
614,0.6827039406659702,1.343166988472328,0.01275749063670412,-1.8942347417438576,-0.19625679190776016,0.01225298746311434,-0.06182876386131031,0.13780794862556747,1.0,-0.13518362467647058,0.029204951132436617,0.15396800999759722,0.2522020925961622,-0.010051493717533173,0.07741516915399016,0.17735780742438495,0.07708709258739253,0.05574462809612257,0.07152683762309658,0.08205098344401295
615,2.187490135099932,3.015171252651313,0.017042999135695763,-1.7684539780275212,-0.011941412576574361,0.25298371135085196,0.09139246330637027,-0.059184909746418796,1.0,0.1525732448791263,-0.28922910910816,0.28066461584953023,-0.04831294229492857,0.044848926954884086,0.08154477293709173,0.2151350118305511,0.14015721401461853,0.058755628583285216,0.08095959889411657,0.053748573977284046
616,1.486635757423373,4.983253632215196,0.02234586574474215,-1.650802814828607,-0.25400680105817636,0.2179314459158802,0.2608976693881731,0.08442883859559444,1.0,0.01203252726709847,-0.08989571404018316,-0.19488074459938606,0.041261938649108494,0.06341588100502972,0.11521803283724588,0.22497154893692994,0.14285164855672852,0.07027722776395728,0.027369194667599427,0.038381663014039384
617,1.7565712440654333,0.9114230076881398,0.0031150965139729184,-2.5065284931985414,-0.21539429428230475,0.0049725726919438,0.03588233843879578,0.15377156595829047,1.0,0.06377233680958513,0.11850281256798945,-0.1934120334772528,0.16339224466523686,0.01252556045338023,0.11804978486986771,0.21764526685005026,0.13239820554384146,0.07165208311468509,0.027024412631036797,0.047879704561304394
618,0.30344281335785767,0.4059726274171952,0.0023858398156150966,-2.6223587180545103,0.055788986343725866,-0.014858344920606358,0.05645658571454315,-0.022098170337962252,1.0,0.10254047374597154,-0.2738184102724135,0.2724841624181004,0.2786212382353053,0.0104684108391354,0.061585561047734154,0.17022324793187152,0.08472622607048766,0.02468181716854081,0.06760790111648281,0.07759875200125915
619,3.6513501281576586,1.1425255769165439,0.0023318208009219243,-2.6323048279100663,0.20524806371284315,0.14455917830644993,-0.0012584515513534567,-0.04964579085113034,1.0,-0.0858132435446677,0.26807532174071946,-0.2849364657125999,-0.15814461431819518,0.029193423958368943,0.0977066285692563,0.21533078219286736,0.13182788511363314,0.09221858351002525,-0.005710944435766413,-0.02097817524166965
620,0.05242152095020026,3.3778848737570537,0.0027999855949294153,-2.5528442029644802,0.1540482239959725,0.044550502852763386,-0.10696763807511726,0.12714419868890015,1.0,-0.03184414916480579,0.20349679361126544,-0.2269187300429717,0.20541302801153533,0.00717863603566277,0.0964798990019941,0.17268577180994957,0.10502587765349905,0.07302077455409685,0.03735611637477327,0.0584647529775991
621,4.657011266762637,3.1439091026314188,0.0122803226735811,-1.9107902216708579,0.14099030134024654,0.264075005062775,-0.09341459656769957,0.08712039365684865,1.0,-0.12997430340020705,-0.15094661989986963,0.22183998359974952,-0.16910868530848625,0.044552314687947334,0.09413901655938607,0.25777283764377634,0.15912363358800363,0.07350170813719238,0.08288455475719242,0.03758387576706851
622,3.7088693842697964,1.2889156266013921,0.010479688850475368,-1.9796516116774483,0.010666603508912575,0.15533520625527616,0.21613048516612438,0.08305621929396546,1.0,0.20714707524800444,-0.2436340294534098,0.03285433727734346,0.2792065202835373,0.07531238624592831,0.12746841702444148,0.2636928469882444,0.1806872496954306,0.0637051090952117,0.06204019237395924,0.09619932648697596
623,1.2054045824147266,2.2910852127205024,0.0016565831172572745,-2.7807867689817813,0.16352762006315444,0.015153019320013072,0.25205445032883694,-0.2061676957178735,1.0,0.11389437516160972,-0.03692252681418998,-0.23802622433844645,-0.21470060996612247,0.03891186961151612,0.07140369055468399,0.1760404016776259,0.10722232704773615,0.040842991043932,-0.01756282826969307,-0.025420266286129527
624,2.530959356770994,1.0090534068182817,0.010515701526937482,-1.9781617492149373,0.276707978199122,0.08874681987671491,-0.23161116181147,-0.0680375064435532,1.0,0.15114988853776762,0.2519726491393402,-0.07528126869627197,0.16231094359078221,-0.018510962205283303,0.10433777529270903,0.17957539614637552,0.13615011990129103,0.09069513342758923,0.06338920185458224,0.05800891755642964
625,1.7687945180258544,0.8618866790844398,0.00864304235090752,-2.0633333589517497,-0.1994499718622892,0.056938584012199374,0.12227118230177107,0.03169289481029984,1.0,-0.1592738099972225,0.07112406677539133,-0.09739526577789709,-0.10743322204208179,0.026331009624010443,0.11141635278385224,0.2024537764861291,0.08609068865449986,0.048740681472569304,0.0036706293610095056,-0.006636444328690149
626,3.8099066631178897,3.722429824970215,0.04190074906367041,-1.3777782130406069,-0.28076547469895535,-0.15754152083970488,0.2798837069172418,0.29198867128993494,1.0,-0.12883598582249042,-0.1898515094662809,-0.1698223888893508,-0.005340322839782352,0.03179719749992104,0.13098390074375818,0.23591269876043242,0.11987480597938874,0.031207279628875904,-0.004674646084731528,0.006442388092272242
627,0.9481251945962481,0.11735167208568757,0.002187770095073466,-2.6599983183930056,-0.0745383947255193,-0.25776638738690416,0.05472188438789809,0.2558922549017365,1.0,-0.1926106168627089,0.23078185545114835,-0.049263049548747696,0.18370307486290177,-4.843009458470286e-05,0.08751452182994401,0.1618149396678919,0.07115398074759245,0.06294866899739122,0.038046910862014095,0.04764790276071848
628,0.8216637356001483,3.405273051783808,0.0055999711898588305,-2.2518142073004994,0.2121690738136607,-0.1881805263653884,-0.1366168637874599,0.027274008242311455,1.0,-0.03955158899500944,0.04873178136410226,0.20414860041664587,-0.04619056644327083,-0.030320622919396446,0.054764244128343825,0.1876923882879362,0.10623166789601689,0.08561010628430528,0.0842692623608183,0.05193928514597737
629,2.6093028476044045,2.190087129320929,0.01680891673869202,-1.7744602740422397,-0.15231590636431938,-0.06687855844075569,-0.20217234061582873,0.2763026910584922,1.0,-0.13533950302561112,-0.024538804917627464,0.19115865169351573,0.20470668794154648,-0.03005161061753132,0.10423276034881193,0.19147985967866127,0.08457401037440176,0.05963694554504054,0.08286002585679901,0.08416618783413972
630,0.309126508937294,0.46072644797850204,0.007265557476231634,-2.1387310572692475,-0.021061326641367072,-0.2794498726135075,-0.12645644613384574,-0.1566485488034508,1.0,0.19898324135330003,0.1553733398507459,0.05559207066634599,0.27064541535111275,-0.048424192842108894,0.010214465808837246,0.13727525457749012,0.10082616198620722,0.07286990569090318,0.05849543841108657,0.06717676046606286
631,0.04377814875165891,0.8084991840199557,0.0005221838087006626,-3.282176598428381,-0.014747032202444365,-0.15805378470043585,0.23791439049043406,0.015854191891950076,1.0,-0.1307075578421917,-0.21765174932896694,0.11504055020045025,0.032188053084419764,0.030737305323293673,0.09666710125668772,0.16414845519200744,0.04439650130574081,0.008545891240468662,0.02612996105428119,0.02366550617801482
632,1.5814923780433243,0.9568754383158705,0.004150460962258715,-2.3819036666016697,-0.17196927030582343,0.1585864480210534,0.2799404278949786,-0.26703297075349447,1.0,0.1900207274217199,-0.17825528611867048,0.057946038120622975,-0.05117371318615608,0.03817684424291397,0.04157297139187749,0.1651509725114146,0.10812698726741732,0.0388148623620289,0.02667677955912825,0.014886166197896324
633,3.7546227006116766,1.5607154769644933,0.02604616825122443,-1.584256158343335,0.29776894659024317,0.2622127163022235,0.09194723721307689,0.056559153140490044,1.0,-0.2798238821440501,0.06048628587875044,-0.13782822718496424,-0.2092010843194715,0.07719903792681262,0.11751620127141092,0.21853763383890532,0.09499675162554777,0.0543653026279955,0.0018618857734951728,-0.024600701772680575
634,2.5537628785960247,4.940777978563717,0.012865528666090463,-1.8905723632003477,-0.20096190927416507,-0.2549716777947728,0.07533575911858865,-0.1351355351407314,1.0,0.224614780142339,-0.17599137712488025,0.22231358852642816,0.2670818848055494,-0.03927032599971155,0.011256358061727858,0.15877593860411893,0.12524521549191955,0.06667094412514778,0.08990871689358966,0.10517782785725735
635,4.006230085391375,0.36881985916009,0.0059510947853644485,-2.2254031325056776,0.16596823862626364,0.1605242192216016,0.08257103527380831,-0.012429957166690764,1.0,0.19971791804446035,0.09375003550058114,-0.13479845338338162,0.14731717062219365,0.055520895237529365,0.12907028229481232,0.2806024327154899,0.2032291895381434,0.11473937302464761,0.05449103990729809,0.06634253340668796
636,2.4786165044809554,4.9932448623439285,0.03279854508787093,-1.484145420749402,0.2776955411345535,-0.28909182209708745,0.1777439846164137,0.17546128532313052,1.0,0.25653923765675085,-0.28240770384964314,0.25667022647101256,-0.06066170011699909,0.032708330804047954,0.1108408169749127,0.20942396265461224,0.14485148877342477,0.08062979418952883,0.08796924335283444,0.06173418723157846
637,0.5242715245670101,3.931342947163607,0.0005581964851627773,-3.2532129024930643,-0.0026643495961877982,-0.07951548229949168,-0.2174919995729098,0.09788885467739385,1.0,-0.2895852896053235,-0.1665613424265042,0.10311117362440363,-0.007162717725499923,-0.03757600130438515,0.07455917155092753,0.1521752972618269,0.029341987205373333,0.007115806241354768,0.023547506858485875,0.019110440782822875
638,4.860059389274149,1.0719959001863646,0.0068874243733794294,-2.1619431568377006,-0.21621172141627268,-0.14216159695911718,0.013002428651296171,-0.0029259327589603143,1.0,0.26934800196111125,-0.2927632223483073,-0.11888271575508544,0.04436148655078304,-0.03726252948406788,0.057471382159263944,0.2636247445099435,0.1979194984372613,0.03863243303442504,-0.007536258120725098,0.011410811663567296
639,0.6461078323301501,4.430465804073297,0.006095145491212907,-2.2150159233061735,0.05815900440897663,-0.23178780627003054,-0.10509565894484883,0.10225999523844584,1.0,0.2080196636648352,-0.16822769556816666,-0.24533795951226214,-0.24514665378030367,-0.03217260778972078,0.03312108534622914,0.16109689580160833,0.12532516859346707,0.04616707445267634,-0.011266331568176684,-0.03245300669508067
640,4.6883772574705915,2.1094704138463536,0.011488043791414578,-1.9397539176061744,0.11155167389657279,0.2084376953244688,0.26789927658077045,0.005542609753081428,1.0,0.15654159549094138,0.0030827272272819337,-0.031488664156685296,-0.027362626646699695,0.13482375589758197,0.17529766779533942,0.36240496389910354,0.273755658629359,0.16396579620125065,0.09390130551301662,0.06568669041666132
641,1.4753049268182836,2.830772742047781,0.008823105733218093,-2.054378516298823,0.272094597942306,-0.13552756625826437,-0.0721302014029953,-0.07708403605845439,1.0,-0.166360285764643,-0.006347244860692702,-0.29743493233253915,-0.1713608675384418,-0.010299268471048537,0.10313556588761785,0.13454112330620355,0.05192908431631489,-0.0029515756457558708,-0.04333949198931472,-0.031591035568192254
642,3.1913332334747944,2.617158845924465,0.009426318063958513,-2.0256579103124754,-0.12070237164139642,-0.10785834609684211,0.20619915594353608,-0.004434857314993634,1.0,-0.14822404416296114,0.27719324434740145,-0.24093433580915094,-0.08951849889305179,0.02406653274985462,0.1000506883118486,0.20477472738725333,0.11848633708778505,0.09324556713711299,0.012317691218875415,0.0030922925374394653
643,1.0303641724208883,3.0285624623960783,0.031331028522039756,-1.504025348044737,0.2710766540586301,0.14596751316409143,0.05456727301089679,0.21002500201194121,1.0,0.2026202562217237,-0.04841656065913689,-0.1996520721550417,-0.04899425924594064,0.05774308540904473,0.1390011033152168,0.22493901810127273,0.15033977695011883,0.07141277946289677,0.023536290211282968,0.022523104018171404
644,1.7832907182176077,1.9255984319197221,0.010641745894554883,-1.9729871154460814,-0.03494846874431806,0.012626734379071336,0.2250486060905298,-0.26004384056742774,1.0,0.22193231723873044,0.20755406306655946,0.20919297104408616,-0.2761405926769024,0.02305693796967898,0.03427528103105778,0.16349821937145506,0.13636544315227778,0.11700864566371484,0.08090765992642483,0.01751283052612043
645,1.5962239060773231,3.158217820695082,0.07162021031403054,-1.1449644080087176,-0.18158859405220343,-0.01628539512993684,0.2782527505301225,0.01941793520594206,1.0,-0.14240018858280484,0.11077598086623579,-0.271941611683816,-0.2372171399296796,0.038681251391930405,0.08457667960867823,0.18314377478631205,0.09602943199724528,0.058127902803284184,-0.013442914238181659,-0.032302752347963856
646,1.317615083207133,3.3028343952006063,0.0006122154998559493,-3.2130956792850816,0.051232509525661295,-0.029621652913779915,-0.11571453720703712,0.25222001828788526,1.0,-0.07876679129731207,-0.2411565935003623,-0.05947485679409171,0.13177920606479557,-0.004298860751822889,0.10528319841780305,0.21743358904907764,0.10075897161721312,0.01913912638847306,0.017671338958871956,0.042235642624559123
647,3.6293829677734273,1.0291308199233478,0.00614016133679055,-2.211820217334839,0.29597954397519594,-0.09168216231989647,-0.11279753104027579,-0.09707053122341272,1.0,0.26606549171927085,0.03538637077356632,0.07386290564707673,-0.08832708849762054,-0.023460698700458228,0.06683694284843553,0.24116909896474292,0.18541350233686726,0.11481897484507467,0.06987108022025851,0.031592441658335586
648,4.022448642413679,0.010022233188926005,0.0033851915874387782,-2.470416747063657,-0.10762721185996392,-0.10243957420069016,-0.19286054984775777,0.2829795223233667,1.0,-0.23369220424513362,-0.19556655113003696,-0.2376763641635358,0.16720228223015923,-0.03676041184025331,0.08459625988898235,0.1946794157112021,0.06442181029518988,-0.018502119896388117,-0.039429047469300524,0.008140473391482623
649,2.711564773216853,1.7085340381342486,0.0016925957937193891,-2.771446742727638,0.09142169816735925,0.20860056147191297,-0.17305474608635985,0.2501518606011816,1.0,-0.10765436380284314,-0.22320367369973723,0.17146740685857437,-0.20954161128675935,0.01668195186424712,0.11956271762857143,0.19476940925930603,0.0784992800668988,0.02758940206302542,0.029189786868431922,-0.003543354528363599
650,1.0810281038140641,4.748561615949212,0.0031511091904350332,-2.5015365476410425,0.14822554729538917,-0.22629809673429008,-0.008273777966149943,0.12483676124227702,1.0,-0.2255318986185304,0.16318778002055834,-0.23038283722923827,-0.23581399407127757,-0.006769934383808243,0.06815243072991142,0.1628809802271379,0.08006809907999667,0.061254359917331136,0.0002935861304564889,-0.021638527119885093
651,3.426973489534717,1.609240099353285,0.014306035724575051,-1.8444806947839385,-0.23963591706921067,0.10765546708444529,0.11454618888238115,0.03517436792017847,1.0,-0.061544851425723496,0.2833591664618803,0.038780505572936705,0.03970462742136525,0.03129609401607194,0.12439350893265815,0.24879597868022468,0.15833377195312162,0.14523498235871338,0.09757303085794106,0.07283989941922162
652,1.0537176960561117,3.6547909865375647,0.0037093056755978103,-2.430707375958183,-0.057590692470972316,0.12256539881395351,0.23068666275706903,-0.03756587546983988,1.0,-0.24850273052689856,-0.025799846821288375,0.2846091925357569,-0.24210791875463475,0.047683426960165365,0.08107557124924997,0.17108605834613785,0.06934564584175762,0.05838655673027536,0.06609657325297653,0.01690543684552935
653,4.8137358602759,3.6281428335392105,0.009777441659464132,-2.0097747667384898,-0.2412822202796087,0.09510228504717186,-0.11871139155567906,0.2657848000112151,1.0,-0.22663460601557753,-0.12785149125378867,-0.0672368833969206,-0.00947611962400463,-0.01791836755104189,0.11894296181222809,0.2705049916286092,0.12441323713624892,0.037296521271631716,0.012339289534086027,0.016895650841562682
654,1.9406959461624251,3.9893000557821097,0.00451959089599539,-2.3449008748462985,0.05403230813153041,0.18412599544277047,0.26552310240400334,0.1099446024682338,1.0,-0.20677765047545554,0.10354626424856925,-0.2370106589754087,-0.0949678528132419,0.08527885967447262,0.145918336377303,0.21234951707413596,0.10964308180349226,0.07057668833327926,0.013550531027110593,0.010641525700221538
655,3.4853114044005147,4.586925671183469,0.020824330164217805,-1.6814289592206986,0.026440952424731035,-0.02377208536900739,-0.2171519622848195,0.19767643651085023,1.0,0.050652021722439475,0.1249857046248294,0.21574378334616057,0.11665662439046191,-0.03886259583405914,0.09096048189090089,0.26806073447502726,0.2008388507708032,0.16974792730263275,0.16982851603171378,0.14845183213951216
656,2.3734585559411077,3.9502541442344934,0.0005852059925093633,-3.2326912353484625,-0.11203575251957837,0.11179417967872186,0.01976456213201565,-0.18718329292185576,1.0,-0.014531453487225676,-0.12350709937840683,-0.19517258030299922,0.14324948522494435,-0.0050345745640408765,0.06092282425434852,0.20624800196416349,0.1084489183151421,0.027986242507696133,0.003407408272016949,0.03876709044744195
657,4.377577718791194,1.5476003366062567,0.006779386343993086,-2.168809615790617,-0.21710979371270822,-0.24405974402383657,0.1909064442118002,0.043618081715847336,1.0,-0.024729936362245908,-0.026287429203039125,0.04996692905995077,0.10717271568663841,-0.01372814392638816,0.07095135888645959,0.26641183564000115,0.1771163916009687,0.09126352053747455,0.06852778501402804,0.0739387091208453
658,3.29784037859537,2.4812157534538253,0.0317541774704696,-1.4981991323238284,-0.1601462207359275,-0.14148052766911787,-0.24922479959642121,0.25374658551142265,1.0,0.1420562944628058,0.14452280857050256,-0.040801048494332824,-0.21899002127240164,-0.029223960199893678,0.13646219190621459,0.2050041900593799,0.14245925405555873,0.08908849736945318,0.02418227429119747,-0.0016481316881679744
659,3.037266634385798,2.4540148845087497,0.025740060501296458,-1.5893904366333291,-0.26917624568643567,-0.17810789256305973,-0.12013044032536496,-0.1685410048600268,1.0,0.2394001445669457,-0.09250472478224699,-0.23857332091304342,0.23751978525336154,-0.06760145413088264,-0.007939300319363221,0.1516362686795402,0.12149651385016669,0.04074892416784743,7.693624894713672e-05,0.038327737405857765
660,2.1847285234575713,4.279974733388921,0.00938130221838087,-2.0277368730278122,0.20039477248418494,-0.2529343186672204,-0.1902815087241818,0.03295204116722714,1.0,-0.0479196477298502,-0.04203168143726036,-0.023359798231507346,0.20213366564888674,-0.05194960868857188,0.066120950909833,0.19729448732828245,0.10427596172698188,0.056946467105967985,0.05534895403114753,0.07673521182004314
661,1.016887782628799,1.3343325705366347,0.012001224430999711,-1.9207744425774589,-0.16371456150129662,0.15652301497621843,0.26624715041845864,-0.12813348481400164,1.0,0.042004411223029156,0.05636238457827902,0.1678764222220074,0.04894450514929962,0.04561898964395115,0.08752926666013337,0.18441088255738666,0.10670100034829072,0.08107556624086551,0.07392511453751903,0.05483216506081336
662,3.5244960262228444,4.643250134536428,0.03739016133679055,-1.4272426608814397,0.29915745014523276,0.10611799810284239,-0.16500086139332845,0.15017162588385305,1.0,0.27479623943709647,-0.011372937685148821,-0.18199254396725376,-0.10307490427986635,0.02023566533850314,0.10693922727450988,0.26862701335588385,0.2318957826443725,0.1399331919164773,0.06044103306318138,0.03540371764270828
663,0.34551529328436215,4.529034916165952,0.004375540190146932,-2.358968322729025,-0.02540317639310351,-0.15091813907217758,0.27303574604075675,0.24102617599112108,1.0,-0.24773774006431157,-0.26467887422163866,0.2858633856600739,0.2418892651280439,0.035619708807875385,0.092440610190782,0.1502798145928136,0.05292266974835792,0.02321210530342777,0.0628610307096698,0.07250278332192282
664,2.8002084003494017,3.474221543139328,0.001566551426101988,-2.8050553437087182,-0.013507107682594898,0.2412545237926038,-0.10146182817189915,-0.12400170958256923,1.0,-0.11988846930233313,0.1928700135842366,-0.14402159872984152,0.12209228886852738,0.0032530294614527945,0.049397650964196314,0.20056907230132692,0.12279198464725777,0.0984455985876723,0.04907310053154516,0.06135626886001496
665,3.6430298899157543,1.038939433457417,0.005798040910400461,-2.2367187246315057,0.15790180235546486,0.20160322942529463,0.07599916476193137,-0.018757528438756832,1.0,0.1084437240199448,-0.26681307514453667,0.028920066103213515,0.17401236258313627,0.05877373721334143,0.10405977575368727,0.2594776751774837,0.15962168585254183,0.041204559040722864,0.04196215009357926,0.06828160112349024
666,1.7070192900596446,1.8228880806413439,0.0006752376836646499,-3.170543328599618,-0.06519973344870973,-0.03896505945888695,-0.08494073574768797,-0.2390548755770893,1.0,-0.1410765230284027,0.06488531122926723,0.03125813382576754,-0.271343098955179,-0.044349390878851896,0.028208002510776407,0.15512409770755886,0.0655743410795567,0.04748101756847823,0.007637119802465326,-0.03071927667818778
667,2.1574098432264006,1.331356654167117,0.005194828579660041,-2.2844287788355864,-0.274610252503516,0.028403795921855244,0.08984699514529397,0.06796947412766882,1.0,0.036095084334888394,0.016458840657488195,-0.009730706896214358,0.22233248945663245,0.016044064269642888,0.12163209220465507,0.24434919368901598,0.13851062009170362,0.07803878447808309,0.067632185324887,0.08632754754504726
668,0.6311051175432782,0.3488112791555129,0.005437914145779314,-2.264567653370186,0.19870184041008443,-0.0821663133261126,0.07332186413192007,0.11405265471862822,1.0,-0.21936680730568775,-0.04450584283086836,0.2628173603178216,0.1518342074660722,0.021754281187692865,0.08446641002757531,0.16431979480065548,0.05395406190672214,0.03888712577991289,0.06646043888027017,0.06047431879877273
669,2.4581955256467354,3.8011083253586126,0.016763900893114376,-1.7756249153459942,0.03706467978256365,0.21058236310152992,0.22683228686881304,-0.24024544485252458,1.0,0.0448631246565816,0.17211616800818416,0.15559712381807203,0.16856305182423814,0.060232567681879796,0.06363151566426538,0.20039635422962207,0.1494227600728797,0.13286675666611308,0.12385526644543253,0.11632178857573486
670,3.2634850568536296,3.859606638652954,0.016088663209449728,-1.7934800394856736,-0.11227023102684748,-0.04338690167162329,0.16740623093572346,-0.006936718540642861,1.0,0.27556245449681244,0.10635175235372334,0.11754996083585284,-0.13605947406329919,0.02662532726724725,0.11457322441830778,0.27997873088605785,0.23284608191942538,0.17605921197136346,0.12382352032544394,0.06761816738063535
671,0.8009369630258734,1.6888763570987146,0.0065363007778738115,-2.1846679712912245,-0.12334641716970265,-0.2615569046146901,-0.08229341623100102,-0.1867891000161236,1.0,-0.15648803192270255,0.04264824873732522,0.27967803161063054,0.10534782706996855,-0.05213960289888616,0.0028418021016032,0.12174038023757697,0.04629135183036137,0.04493719454842848,0.0664722417015529,0.0542157596497971
672,2.130620232563149,0.2860551360714759,0.057224142898300204,-1.242420703455976,-0.10481806995639394,-0.24791370892999842,0.18737448207062726,0.27026120722435387,1.0,0.102172812488699,0.11808316652783918,-0.22741037149899546,-0.2595825392265979,0.026585758023797743,0.11669991245619947,0.18822970579502118,0.1160824969466653,0.05856346720381039,-0.013015227747846353,-0.03195490520532254
673,4.4005187212267085,4.639170264650373,0.11057692307692307,-0.9563354989451687,-0.2246418502490268,0.24013719358668573,0.22474377487035738,0.13536117987011947,1.0,0.12207051462895732,0.09930689808959518,0.20489557576592957,0.25752094858862107,0.07455803458108817,0.13863572407444688,0.27427185212803823,0.2194836448210767,0.1767948802418631,0.17742367945902274,0.17907799912974226
674,1.568861341749567,1.780770196310994,0.039658959953903776,-1.4016586792432513,0.2491204290623108,-0.055608636759254246,-0.29311818449250227,0.2210974615442732,1.0,0.18597154139096664,-0.231629522878236,-0.010383266933218104,0.12374224043071125,-0.021605318820921867,0.08983999989756247,0.18544281934237006,0.10504305302918715,0.029720390076659175,0.029997133270114607,0.03933917169254187
675,4.141465849323266,1.8043916118651993,0.0008282915586286373,-3.0818167646457626,0.0005949521588962892,-0.2844812950444247,0.1500667821806137,-0.13497299313195513,1.0,-0.26173150097887127,-0.12032444519404156,0.018960381378231504,0.2568344488700181,-0.010874194898577834,0.11146356416494194,0.15627207994982653,0.0300130519512826,0.006813932812639906,0.045605562761283545,0.06620001111705325
676,0.9454506287750054,4.906520225808334,0.01248739556323826,-1.9035281309180332,-0.15451319150046686,-0.07937732484656844,-0.09957296084716877,-0.2165033664076561,1.0,0.023004825420631536,-0.10669286649728697,-0.13764962052223437,-0.17684274901780483,-0.05283066495050195,-0.02212387005277229,0.14485296854382326,0.097319788422707,0.03420833966017133,-0.009900232154292853,-0.02937932939321972
677,4.976612719904979,3.7331927334950876,0.0009363295880149813,-3.0285712526925375,0.038595448296421295,-0.29957489658776354,-0.04903940592530832,-0.07919313357613834,1.0,-0.009754916827058457,-0.2509155516086748,0.03978151993706149,-0.09256438198518394,-0.07909158595358382,0.021178796304618108,0.25979466020703856,0.15316679268792313,0.029719285746131047,0.015372162002301303,-0.0015138075331616878
678,3.403104360544988,4.047884347841469,0.003349178910976664,-2.4750616521094204,-0.2605141988783105,0.1945847566840424,-0.25608509197481305,0.03148174593819122,1.0,-0.16549660647543454,0.04784850833485239,-0.027735907834285988,-0.01731577589721237,-0.05206929335312852,0.07026928373220014,0.20826715298821047,0.10193354375292527,0.06634525931236511,0.0393327327416904,0.031140794137259068
679,4.791110719668147,2.5821047455276407,0.042801065975223276,-1.3685454145991565,0.0217875590637548,0.273501888692324,0.02618569736955165,0.18192545854225786,1.0,0.2428104595360944,0.05803334312786827,0.06996819209303888,0.007742987733452322,0.08393570385368726,0.20624225906467974,0.37755455490503087,0.29388150923713313,0.19928047091525533,0.14618765758359684,0.10800402967432408
680,3.546439086776413,2.17802981768103,0.0025569000288101413,-2.59228625194428,-0.2929221755817873,-0.051499198147024805,0.2323520785175057,-0.14561387746100163,1.0,-0.08426549100042466,-0.19853184771434923,0.13154211276449992,0.14581498405329732,0.011787529775562744,0.049281388814740604,0.1900882068975156,0.0912695105742523,0.02484263531290906,0.045643225964721035,0.061065784303736104
681,4.789691234356652,1.970077283181003,0.004888720829732066,-2.310804762402471,0.03954961912805952,-0.12068573774313318,-0.2698014256744002,-0.09303174622581135,1.0,-0.10005054144452281,-0.20165767804023796,-0.2740902557668349,0.1463429722921281,-0.08619066804251792,0.00034461627828879376,0.19116018773407578,0.09084475551804315,-0.014736923445011455,-0.056472339453917435,-0.0015699481130958903
682,1.420950073298459,3.2181382720765592,0.0015305387496398733,-2.815155670613044,-0.14779747209174332,0.11761906472558745,-0.145946966337598,0.06268997926108097,1.0,0.020227688648870545,0.2593325013339493,-0.266704492681781,0.06394162738667943,-0.01899464234685506,0.06132729736215578,0.18902827016814208,0.13197641889197798,0.10036645171535644,0.0278536585505941,0.035513601294111616
683,1.1450415503720588,2.2827605137578844,0.0006662345145491213,-3.176372872260342,-0.2794481763318472,0.0067144792686275375,0.14392275903203144,-0.10439212733033061,1.0,0.005879783997735677,-0.2421486979864013,-0.00811677462551238,0.01810914842007443,0.005710653998920236,0.07777031678206436,0.19488830224208117,0.08138268819016736,0.008670877166939,0.010360897660231773,0.017804534481828477
684,3.2369954537660925,1.2401162474629297,0.0017106021319504465,-2.766850991038489,0.022889368629754058,0.25200282062130214,0.012083151521387324,-0.2497017753370204,1.0,0.008219634560081901,-0.17762392999274565,0.06983349525293325,0.2443747379292214,0.021877254874980875,0.038019451687391285,0.20438595938911747,0.11511580773905947,0.03614006644991902,0.05080261134985355,0.08304193208978368
685,4.686962445779006,3.0797191372023542,0.011199942379717661,-1.9507842116365182,0.19920132074197663,0.12468871922396349,-0.06321276869582314,0.24077766878080104,1.0,-0.09184185276131585,-0.23770107805431062,0.2960299884903853,-0.16029842346612222,0.04480106847538063,0.15862832207218716,0.26470875431712915,0.1293114156531072,0.06528064187276893,0.08575554051167865,0.03906311583968885
686,2.8508785759165893,1.07359130299611,0.0716382166522616,-1.1448552339302385,-0.16686522852880872,-0.21897172710954896,0.12777443349726708,0.036802573006873375,1.0,0.0241414650316492,0.2644936462031465,-0.24195528212850564,-0.2613130260180703,-0.0065319279781795615,0.0640728358263152,0.18951723760047118,0.1290402496987615,0.09479262253933331,0.0013710866153234455,-0.03518919353527108
687,0.7058053192660887,0.1547282074007841,0.0014675165658311726,-2.83341698758736,0.20769571012024354,0.09492982265525185,0.2401686289252723,0.2134949575373118,1.0,-0.2934679305570299,0.015149979681958014,-0.16140781573571322,-0.005798472248429776,0.0674710331838242,0.11802855499097256,0.17363219920652767,0.053915034227762094,0.02303877468971592,-0.005205784485431,0.0032837231958719915
688,2.4434784656531434,0.6959295176851793,0.002043719389225007,-2.689578734798195,-0.17431886737269586,-0.047595653581587405,0.09858066758365736,0.28745945248903515,1.0,-0.1121811933911914,-0.16438711213611978,-0.19002767785616823,-0.03877929816728252,0.02427729782853425,0.12599449306279845,0.22362494415448697,0.09653837692624263,0.01089601404578425,-0.025646473199478614,-0.013678800029685816
689,4.25349535565191,3.7076313155106497,0.0007022471910112359,-3.1535099893008374,0.04541329651917723,-0.05079653358411566,-0.09661912552092519,0.16043699854835228,1.0,-0.10504632582840669,-0.08523717010373501,-0.2714778849963215,0.07259584570620782,-0.009787033159470153,0.1389194095238846,0.28787508695721814,0.14658519858970806,0.042375195805969414,-0.015468706022786707,0.01967568046905397
690,4.032531649590931,0.9515741813126595,0.0052488475943532125,-2.2799360372323036,-0.023508015938248215,-0.2962581294267517,0.23499126490095745,0.2861048490916025,1.0,-0.29444329559631216,-0.1721451308550998,-0.03862360669958407,0.002457465176552187,0.04055639996640348,0.15508005945016867,0.22151546267489114,0.05970452167741495,0.0005518000595756444,-0.0024103540069088845,0.007345016681798071
691,0.3642992739210078,2.3060135782372075,0.004060429271103429,-2.3914280501133574,0.2652758726211193,-0.03498083537013058,-0.16609998143016635,-0.16192196217144986,1.0,-0.1973249193950839,0.09723427645521156,0.10999520349742915,-0.09979604440683358,-0.02488772665923319,0.02397854495271386,0.13607796465658367,0.05425975652509084,0.05101457918043393,0.03977136196174941,0.015342425642050433
692,3.9342275761439764,2.935063101666136,0.006959449726303659,-2.157425098072993,0.05137464745794842,-0.18653730032584848,0.2494739626491032,0.19424738393303959,1.0,-0.09490015495535105,0.07764928909603815,0.20362184477844222,-0.038073641101469935,0.052064302201636915,0.14714174840572236,0.2799735465484128,0.16685437641549739,0.13075416409434226,0.12370372324856498,0.08296989474265812
693,2.6148303780427398,2.691822936413883,0.016286732929991356,-1.7881660251315041,0.25672755657443536,-0.24261692132624432,0.2872278290119284,-0.27290906101485746,1.0,0.1786068126160172,0.12068797542492071,0.1950283358854694,-0.22756904084881874,0.02489734874242499,0.021261822827840855,0.14918247092960163,0.1316085449790845,0.10395584248672005,0.08191712893942461,0.028363924604705562
694,0.13571172456491262,2.7052741049958646,0.03313166234514549,-1.4797567733178003,0.004887534305877383,0.2884517776116073,0.18973543440521404,-0.1789789741366141,1.0,-0.28931478878189537,0.2301678313424736,-0.028117060465168986,0.261385710176342,0.03748118932060651,0.06629115770687022,0.12270354379629972,0.05163032957436262,0.056915312457098376,0.049778768121618314,0.06287789580028798
695,3.964088130799273,0.20522718982233043,0.00917422932872371,-2.0374304079848917,-0.197278617833833,-0.23879012165984906,0.11576424219468284,-0.022389587692978174,1.0,0.21608492203621923,0.1270568338767137,-0.11828646251593708,0.16603498876418665,-0.0052593051576953105,0.13221519527006292,0.22680879507333357,0.1571089809608582,0.0811406806285563,0.05083826584910042,0.055245563395726935
696,0.1035059045776004,4.126081602565356,0.0029260299625468167,-2.5337212310124437,0.07219296227624002,0.10194728790218936,-0.2638729167420496,-0.1120187977774141,1.0,0.1451712305565597,-0.2875694527052994,0.24823864607665025,-0.22235195912598996,-0.031150117941991223,0.037811960075691625,0.13540600718669854,0.07093409743184201,0.02906931035504942,0.03520546307654951,0.0038668257295979423
697,3.0855349092058852,0.015737093932110088,0.00958837510803803,-2.0182549842165614,0.08706791621308752,-0.14410847097895277,0.14812537214290086,-0.2945853659660912,1.0,0.06973163474316514,-0.27750814198766527,-0.2912462135052335,-0.24035902741827567,-0.0033343597333311513,0.03327566175066267,0.15478673027948014,0.07004454935101279,-0.02279498645709517,-0.06917347978811517,-0.06310049593020547
698,4.454987045625412,2.8673555899635126,0.015017286084701814,-1.823408545689598,0.10260935588272103,0.2466103262095216,-0.1875823231873967,-0.276529934874367,1.0,0.20360494347426603,0.26891124061835114,0.2620206761745136,-0.12541636305468637,-0.012419362306382218,0.005830192331273821,0.17780201161706474,0.17118144627103693,0.1631535433170398,0.1380749376330707,0.07394021577084668
699,4.730340351515397,4.368144875616697,0.05075086430423509,-1.29455655717113,-0.2433383826142595,0.1448227042525957,-0.07377208656697277,0.22634441019739598,1.0,0.2679609324783478,0.19774850647436784,0.0009795170704228306,0.1873825844626738,-0.0013128261762635886,0.112276971725361,0.2875461147952179,0.2640102682351713,0.2094965008769331,0.15683335014748925,0.15175387708561638
700,3.429996775138859,2.9661792687759894,0.002998055315471046,-2.523160358484998,-0.06592294543302152,0.024929527701850328,-0.23357959904173728,0.2233414276710113,1.0,-0.2579670487672791,0.21346366148155074,-0.03384347120880866,-0.2502161539081334,-0.034563144636473274,0.07985393179777317,0.20238171203409241,0.09889232839503477,0.08804088302090958,0.03693618000015721,-0.012404943199012192
701,0.8399326605864781,1.0986165665706884,0.0018636560069144339,-2.7296342465344003,0.15687791643185509,0.005707037095964118,0.17339834964778805,-0.2966154448909496,1.0,-0.16867301540873583,0.01740973439841842,0.23208553750481165,-0.029708185027879162,0.016189599692861944,0.048754509935544955,0.1427948285579623,0.052460110025154376,0.05135087974491253,0.05679046527765505,0.032245253848326605
702,4.910969713910212,1.490250768120759,0.02329119850187266,-1.6328081632747746,-0.22949601359370936,0.15090606793948624,0.14029881810831327,0.16485518890524337,1.0,0.1061698632582607,0.1285433469432025,-0.27887991047971444,0.2333246815003166,0.047873148519766116,0.12732638408830455,0.26610135816360175,0.19537242878695457,0.11619617767965248,0.03554437263725657,0.06900463343495516
703,4.122782443523604,2.675183530689554,0.000837294727744166,-3.077121643437383,0.06869971339997298,0.055131319867707584,0.24863702413100283,-0.29013716586091015,1.0,0.06355016963617884,0.0493122262363904,-0.11343080831704519,-0.07612155948270621,0.05269437179893555,0.07928577748541141,0.2534331117210127,0.17243360366040536,0.10223872953238688,0.03491947780144405,0.019189661074892825
704,3.0312249735443517,1.3617707797713314,0.004015413425525785,-2.3962697332791763,-0.1795980527442959,-0.07475921892319005,0.10917441102733802,0.1823303925138579,1.0,-0.13408858715573554,-0.2945887035605252,0.20898542433482448,0.24260226253767073,0.01339488041916322,0.09535630035221242,0.1964925317253663,0.07813627260110237,0.009361708765058983,0.05187299339965871,0.07494912875027408
705,2.2385399451229344,1.88148340715485,0.0011163929703255546,-2.952182906829083,-0.06029389873549666,0.22883363358299266,-0.28751074280465483,0.13007118873728993,1.0,-0.17433751920692434,0.253685152551969,-0.2666570192160306,0.11755789169956293,-0.020262871305672427,0.0594831293562735,0.16019930186538928,0.08533301980478872,0.06603409846781608,0.012217680301994724,0.028042532160091636
706,4.8214324614566575,2.940730496503521,0.02571305099394987,-1.5898463888871812,-0.2649511610178352,0.18719629915066524,0.10701799700895305,-0.2823185486882094,1.0,-0.176213030541389,0.2859569370432901,-0.04071590557826329,-0.06118421511351052,0.005914289083948936,0.042423075194522486,0.1842152004452948,0.10990067857606196,0.11027278733112832,0.056929270088133796,0.03223662235333597
707,0.8272110529841159,0.5351102777312717,0.00762568424085278,-2.117721181660611,-0.042199602516630595,0.037434886109052566,0.015808925248430184,0.29024105113998067,1.0,0.19056100280429825,0.05956145617966115,0.02543167753914739,-0.1385980397070841,0.026959641242304096,0.13122800901343748,0.24343628285034266,0.16321144271647434,0.09753233841100883,0.04988103174047809,0.012313927023086566
708,4.494547201530591,2.6516796925402137,0.003502232785940651,-2.4556549906656104,0.15995728611347085,-0.04675166805579234,0.16836152472507251,-0.2784624512823914,1.0,0.09011022528678143,0.024072975056264757,-0.05482370573763051,0.22941853038883675,0.025594369384898348,0.06454487272245388,0.24750667587691072,0.17220826790395302,0.10351578280166973,0.07799633770691711,0.10460398792109737
709,1.1344126795511236,1.7149743865990414,0.0009363295880149813,-3.0285712526925375,-0.19154395334411323,0.2551278657758809,-0.20005108510869574,-0.29993071026831136,1.0,-0.17150284515769992,0.17002095321211716,-0.19304366414968047,-0.1546006307622384,-0.03822352898055111,0.049964409172472454,0.08643342871007985,0.04355464237091602,0.016825851030954127,-0.01809597725410903,-0.016123822017287605
710,2.244156299942314,0.4021316634989111,0.004375540190146932,-2.358968322729025,-0.049901838591171206,-0.025876834880314403,-0.12167157069809004,-0.07651869053108513,1.0,0.05181884412098692,0.14188656915300352,0.128207574628646,0.20922954313242942,-0.03781442923011715,0.018617909061213953,0.2048187069508071,0.14808667712805612,0.11117679744615783,0.09785366119142612,0.10058327032653237
711,1.621925281288634,0.0383703623820949,0.0005491933160472486,-3.260274756980551,0.0807126240501694,-0.11567531773421658,0.29889626599002844,-0.18555940462598086,1.0,0.2634580400257061,-0.20756891401486444,-0.0964148131630793,-0.0719070075936692,0.03336914949737408,0.050461731528633084,0.17575823234994678,0.11825966576783736,0.029243810050330245,-0.002442143155438453,-0.005276161404291165
712,2.257871852434564,1.20923850912168,0.037543215211754535,-1.4254685370175604,-0.12821974668899297,-0.032402034479820374,-0.24178665836052676,0.0015394675363384013,1.0,-0.035487250965103835,-0.26339932719426984,0.012804861697633063,-0.2527376532559377,-0.06189373752681496,0.03458039841707607,0.18733983267508197,0.08270169604742364,-0.003185962687686636,-0.01822580669610931,-0.047503991844461094
713,4.930721559490619,3.7246094390756896,0.008210890233362144,-2.0856097536629017,0.2680648379146838,-0.292699676150137,-0.11793914026643172,-0.2410267051106075,1.0,0.21890717701879153,0.13029696770824054,0.2537592091829819,-0.12636981944373027,-0.06085967917048911,0.007359253841873771,0.1882362929481441,0.1661195834956053,0.14371455989987914,0.12172668560860975,0.06447010329565143
714,4.315679252836649,1.7334977719337292,0.010092552578507635,-1.9959989793963449,-0.13662660577867197,0.09158613578337223,0.119470359484671,0.0992715356463985,1.0,0.08014440131717415,0.26108280830966096,-0.138701788376608,0.23977085914430094,0.04335947348744993,0.13870415112917656,0.2697529765911072,0.1967218361029213,0.14740895634079912,0.08745840557573584,0.10465095807175864
715,0.842017291981348,1.4970863509090124,0.003880365888792855,-2.411127321830586,0.13903245564797823,0.0651795889533301,0.25170022202948833,0.13242643432520523,1.0,-0.025742615361528675,-0.09232328211519465,0.18334325747938987,0.1536136425415847,0.07017412197664098,0.13477780278743015,0.20177760677271928,0.0960583791354152,0.06030876122531862,0.07630736914361029,0.07072645642150242
716,3.4161636201266132,0.9799454880555487,0.0005852059925093633,-3.2326912353484625,0.10212409445147548,0.15256521148113408,-0.02927121680787573,0.11646058717965432,1.0,-0.2024795143440148,-0.13092522474755955,0.14438462020633686,-0.08135903975635243,0.033148745451864275,0.11600560467386198,0.246124190104686,0.09938047611976383,0.03714044002249594,0.045562312179781427,0.020676728943650635
717,0.29519416710421176,1.471687267092297,0.004807692307692308,-2.3180633349627615,-0.25365112517013993,-0.022963600937737628,-0.13732063360073346,-0.1339948454370621,1.0,-0.05200751902029172,0.17369828072978605,0.2213653542379131,0.03360808180394476,-0.04477047422344387,0.017515569174673833,0.14131913965896942,0.0765605069429373,0.07678507828771819,0.07390373660458377,0.04928920376420056
718,1.5045926068855318,3.663352899826386,0.0037183088447133392,-2.429654540334917,-0.0717776558819772,0.231169075111893,0.28809301799111636,-0.1831070483017974,1.0,-0.0030201881543193585,-0.14502083852773331,-0.15487817669834444,-0.19839747900336335,0.06173406949838984,0.07059816363760167,0.1841518679973237,0.10626036760381366,0.03846391563863999,-0.004136251417697745,-0.01897301584419487
719,2.400738007654288,0.02826861613675524,0.005230841256122155,-2.281428459600987,-0.07065798927997356,0.22491874106481138,0.08383384125560815,-0.2566478123541502,1.0,0.2937612075430302,-0.16978679528080207,0.2870607988473064,-0.2972651740436724,0.012356213309758148,0.04368370521049799,0.15899824885323038,0.10690611860871622,0.05375086377941699,0.04238036775438106,-0.0073437985548870585
720,2.772065872611771,4.6784416001875915,0.016754897723998848,-1.775858218860551,0.08388770973085721,-0.04720317245863948,-0.11190169184544674,-0.1304946614623912,1.0,0.27071804825028806,0.22547930141282282,0.005236869353432372,0.28228784188977113,-0.030525077148457744,0.02595126562919267,0.2078283526721369,0.20036661413587226,0.16839886282742775,0.1328027639481886,0.1455659877087496
721,2.7318120911258,3.6770108759087816,0.040775352924229326,-1.389602271308361,-0.2512542785189051,0.24696387755312169,-0.07309762280713362,0.1528195692972061,1.0,-0.20814457971129158,0.01587952106833439,0.14859273396107062,-0.012814677213986702,0.012815619948584824,0.11995005896425032,0.21280288359692248,0.09678625846798926,0.07626397985287214,0.07680439604664864,0.055844055383186424
722,0.11452035069066739,2.855028344861475,0.023201166810717374,-1.6344901734404131,-0.28116415574263676,0.2171405577409704,-0.0382571346572711,0.2624593121065903,1.0,-0.12409778575842578,-0.10143152347768462,-0.17790806689209307,0.10460421292726618,0.013805403337487886,0.09175350704751478,0.16329516839100228,0.07099667619080391,0.02138121886972078,0.0026999361381304233,0.022770943604843195
723,2.6837948502543014,1.7103837616343665,0.016160688562373956,-1.79154013907698,-0.11469089889018518,-0.14586661922580765,-0.28955903094704977,-0.21011215587144103,1.0,0.08711824533140052,0.01926541641748607,-0.07960937287432293,0.030412208705987154,-0.1061726270706478,-0.0007189961257711065,0.1725536432393869,0.10820703779067323,0.05132271187564028,0.017143843029134558,0.019968881418110526
724,3.6930331103196097,4.245997621889125,0.017448141745894555,-1.7582508192765713,-0.1753707125331475,-0.09398696750156374,0.12878892382284654,-0.1778460193464069,1.0,-0.10483963219702916,-0.24749615917166468,-0.14696372906375738,-0.21665908640089965,-0.012915031728131018,0.027852918118831987,0.1839569078916513,0.08864742913999946,-0.0016384459713365144,-0.0425196279508452,-0.05771581035351017
725,1.5382206581766387,2.0023726150548598,0.008868121578795737,-2.052168361493706,0.15343955661065764,0.021445818424026153,-0.019156023342834727,0.07571673816332895,1.0,0.2674386882044839,0.09508534202797256,-0.009134490860927557,0.11432758753138632,0.017268960970313454,0.10001103395167246,0.2588568876816169,0.20488243311528107,0.13479005230485497,0.08922363919867393,0.08318304352253655
726,1.8952177172902944,0.4316055109068513,0.020905358686257564,-1.679742376588763,-0.22136519768464533,-0.2456480001664131,-0.12796400526347085,0.2462932783604453,1.0,0.06703127111458985,-0.11551637671497791,0.12890388631210872,0.1738113271143292,-0.031341263642689306,0.08983807077221441,0.17734903764927262,0.08908832621086048,0.03999618957859225,0.052094249691139766,0.05420990824743619
727,4.2684696034565945,2.2806505625959974,0.011154926534140018,-1.9525332856152544,0.131741992865135,0.24482449169687984,0.1505936868358628,-0.044171828351325736,1.0,0.08348704131023174,-0.20542705291292385,0.04338227494493485,-0.29059702638383184,0.08262450161358208,0.11423491481474336,0.26719646972449834,0.1754953087262955,0.06926653844585509,0.03169663916669387,-0.02284432509859006
728,3.4085643213252013,2.897031923434776,0.06576815038893691,-1.1819843717210023,-0.29631559752832354,-0.2448257612393971,-0.20554747505428203,0.21056018185582218,1.0,-0.19107974402095285,0.15872593720549408,-0.1661392236808791,-0.2088350155682028,-0.07172529186363887,0.04117582805356477,0.1576213792564084,0.07796017775305174,0.053368587800347665,-0.0023193511720296187,-0.02825206114493999
729,4.202730376245094,0.698392300805776,0.03232137712474791,-1.4905101434129988,-0.1327105151812676,0.2723198726170088,0.22535132070555375,0.03265666458014422,1.0,-0.251293853750583,-0.15989516839913284,-0.06020611637497609,-0.08642377004670206,0.08234464021906149,0.14200940029364892,0.2278421205047825,0.07103033519720206,0.0043937688980676326,-0.012029950837903989,-0.01197129352721376
730,3.197183970640895,1.2165135749742793,0.0022417891097666377,-2.649405244895582,-0.16633689329388157,0.0103020922564377,0.056736286700858174,-0.22844313816837458,1.0,0.28214060355515636,0.007064265780234602,-0.1470217774278971,0.18546387896192182,-0.010242226501257156,0.004968693169632092,0.19580189215907856,0.18571152341714198,0.10058042460595451,0.03662060730241779,0.05756890001299482
731,2.433853540440309,4.624182450719139,0.0020077067127628927,-2.697299728943157,0.2626839531463177,-0.21578401223762603,0.1435792478622317,-0.10638540273311473,1.0,0.03050658380633768,-0.19085175358130949,-0.11936081025315218,-0.21599124979495712,0.016639785369404764,0.12158817029000882,0.1854682086520199,0.08915941147310365,0.02431527533054676,-0.01357102095020475,-0.018675479773349116
732,2.5768080181400634,2.071434116888189,0.05989808412561221,-1.2225870685452687,0.29818575537666653,0.059988944537817,0.13758213540130634,0.2781209273945097,1.0,0.05408078743697953,-0.2692047808256612,0.20940958607244534,-0.018728627370976723,0.07463997338762136,0.1616889876444952,0.23800479657795273,0.123190231872641,0.053921536949870556,0.0679293699219627,0.048067111216687275
733,0.002169642577046654,1.2452452083428693,0.02651433304523192,-1.5765192928681975,0.14273653703190484,0.23373430836893977,0.14539164800687474,-0.1252973906893483,1.0,0.02538328584035181,0.1998294805746108,0.2947072857744853,-0.10034647556708438,0.03626136321826772,0.07454646495324306,0.15060483222289933,0.09290975654894514,0.09365719786954708,0.07743378767149343,0.0366963489783489
734,3.1618392093691727,3.8046747922726674,0.010542711034284068,-1.9770476969189548,-0.03136404506048155,0.010714484108111577,-0.07286337806754502,-0.16801633212821832,1.0,0.06320577692480109,0.16423895147963935,0.164298055699187,0.26535697972338634,-0.030511941265022775,0.02398015305480107,0.2158488356506887,0.16717078804465557,0.14725242023286703,0.14802979633593516,0.1562586819816187
735,2.8293096753308684,3.550860244700841,0.002511884183232498,-2.6000003887177203,-0.04081105624158506,-0.11734729396947363,0.05491411604579255,0.29892737905999894,1.0,-0.12434668803758336,0.21468470284820826,-0.235112526043795,0.0941576221572282,0.0140879494760723,0.1258396594517291,0.2389564963837079,0.14392866327157341,0.10871779563907048,0.0412866929079816,0.05158844892098994
736,2.4677154222762683,3.2201863778307405,0.003979400749063671,-2.400182322642226,0.07455628069062444,0.2457689722383123,-0.018569132953186972,-0.2111470117774112,1.0,0.05514473768572179,-0.2583274410706581,0.21384916781983646,0.041764940792519974,0.021044453745426166,0.04466600901373585,0.19785683410925453,0.1190321903825853,0.04444970335361665,0.06881495029030957,0.06053923279774268
737,2.4964354936089213,0.1966236983877567,0.04586214347450303,-1.3385456513637217,-0.2667894647368111,-0.14515210241340407,0.13393912933949334,0.1032531624454955,1.0,0.202035490547286,0.1727562320340663,0.22887623413467806,-0.11278716574476279,0.008222426432614921,0.09477900406524382,0.19797878256140222,0.14284165963038936,0.11396463732439545,0.08271395073320117,0.033932030204241896
738,0.8574138496580541,4.166939414129302,0.007805747623163353,-2.107585494515108,0.01909310907456949,0.05928631967655733,0.12031650095163168,-0.03541881137622096,1.0,0.12926428161378534,0.041163104545355454,0.27403517715259795,-0.17403856102738827,0.03301815087416805,0.08469570122560678,0.2253349192995066,0.1627209732169004,0.1294829643077624,0.12005022919614958,0.05925320354183023
739,1.6750003478794804,1.5955766488726961,0.00499675885911841,-2.301311608868642,0.11662175677868693,0.2051957360911276,-0.26256482716150115,0.2679785043189143,1.0,-0.1793566301068911,0.06663052925106909,0.018483025790206952,0.26420417588222894,-0.00152285223642656,0.09066769478913665,0.1766959719324269,0.08143919513581516,0.05546300956314351,0.053264041740866644,0.07240555643599203
740,2.988527104388977,1.8869713221656157,0.02631626332469029,-1.5797757766338816,-0.08596120562427227,-0.18037643142980683,-0.2523963916358655,-0.039454609304648815,1.0,-0.2182626248759372,0.1556958964067179,-0.10078782002558144,-0.2209726818742055,-0.07972554351416057,0.010204033287692362,0.15410887661091252,0.06699200275598081,0.05057941588303617,-0.0011367344507015366,-0.033209178482353024
741,3.073846297320731,0.3322586909517358,0.044961826562950155,-1.347156053975989,-0.2792294961536404,-0.20662117935602756,-0.23702854739202142,0.04212150168832205,1.0,0.03370254187640098,0.2595493295476278,-0.2772618273536753,-0.16076329043904192,-0.0695608056884031,0.04391260826122195,0.16088715807940115,0.10726166592502656,0.06694811785467826,-0.014836784692505474,-0.02650739817008338
742,0.4860015550806946,4.477677648910322,0.032825554595217514,-1.4837879276723605,0.29846831363354676,-0.03275934133610193,0.22821517478820438,0.09495107825866209,1.0,0.10297537464067663,0.12264398222939418,-0.02159779553834986,0.020051543420468887,0.07254958183428205,0.14380104867229818,0.23851255819283568,0.1672289506708214,0.12701540708667036,0.08873637465607814,0.07519637294521042
743,3.2894406430160754,1.2927091331940481,0.014954263900893114,-1.8252349595399235,0.23345024777313694,0.08020563323950103,-0.08571464789903727,0.07645973831198838,1.0,0.2657971010838719,0.2461697553646919,-0.20912685567790149,0.11479267423142618,0.014312128846947384,0.08423875359684828,0.23066417465154118,0.1979406977464617,0.13981347098229382,0.056642137369105665,0.05717872689438221
744,3.866318283333911,4.6712771265294055,0.058358542206856816,-1.233895565295127,0.20853598320029756,0.26675431714544073,-0.029014183289524185,0.09085377842126878,1.0,-0.2544145102278597,0.21520383364264362,0.08920732255884745,0.2779891727145736,0.060233602859310155,0.13876955803934835,0.23292847184659649,0.1325444656387922,0.1334167151227203,0.13518120239212278,0.14643455547125567
745,3.1897162296967285,4.720867188331114,0.014855229040622298,-1.8281206477774117,-0.006671978439823967,-0.29199424998357226,0.173874483133601,0.09611904629102648,1.0,-0.16438674576180523,0.23863845461714434,-0.07581934917286295,0.24845789966928133,0.0021983817435719216,0.0841622146625287,0.21240644479490206,0.1290519081289348,0.11785278493778219,0.08605974587592902,0.10809212476425735
746,0.07554673870680037,4.39850479985222,0.010443676174013252,-1.9811466027643996,-0.21224463321607634,0.2779282707173256,-0.2535115250807307,-0.06147186472096423,1.0,0.0750141647551273,-0.26580104457710535,0.29963616252238756,-0.025254058252112677,-0.024606009400790593,0.013119711996249258,0.12952108900531964,0.08297945736125785,0.029594069617788186,0.055222571380697597,0.03907303731399303
747,2.6664386099062654,4.172729157125365,0.0005221838087006626,-3.282176598428381,0.07104679990101104,-0.11874419128659564,0.055393957538458306,-0.17263825706288793,1.0,-0.060716191981596196,-0.19395641406193237,0.08535595725935141,-0.22808237520079871,-0.009513208831259683,0.03565191556369933,0.20084238781282954,0.10591227070879204,0.03600191347723905,0.024013544196244997,-0.015766761073949677
748,3.664598177642056,4.28494586781242,0.04389044943820225,-1.3576299719567624,0.18884913175905624,0.2781250840768733,-0.07876503811434536,6.935481202074989e-05,1.0,0.2885119226071021,-0.18923712404701332,0.11842070351610451,-0.011105864991492876,0.045032796110005255,0.17514292723686187,0.2845215566307815,0.18794100779132678,0.11371432722271513,0.10050211645467125,0.0789294246558808
749,1.5883456016468454,1.644939873810817,0.00762568424085278,-2.117721181660611,0.14791588120743254,0.2589000068938747,-0.06412866907908585,0.23966756155087449,1.0,-0.10556968363809982,-0.2519231328549798,-0.1926996733546206,-0.22875068337354265,0.037318127446267196,0.11819466983625591,0.17470367075823434,0.06537799029772562,-0.0038032977884483064,-0.03286586913171061,-0.035762724482378924
750,3.7509462039494252,0.5085408983129129,0.005644987035436474,-2.2483370511606013,-0.05115046227362997,-0.17451971862997648,-0.1632564676115689,-0.2368331371720438,1.0,-0.14085975903875547,-0.06322066961158775,0.09691066388676207,-0.06775448266440127,-0.08618040033988238,0.008314689908916255,0.17363310993290668,0.06278040733021166,0.02676230044717011,0.02379797050909102,0.005501055403240108
751,4.3865933383553575,1.8924507641160035,0.007328579660040334,-2.1349801871021166,0.15431904399207816,-0.06016355359279792,0.26758219113592235,0.2682905110816235,1.0,0.10388509895996113,-0.27135374410868013,-0.13226111628162077,-0.27560173104082697,0.07697065600926606,0.15660161107648268,0.26951313402810584,0.1687996706113317,0.04583741554182141,-0.01054567038162557,-0.04163275755471022
752,1.9515426525364654,1.254569089046039,0.0016655862863728032,-2.778432863588304,-0.038417748493949334,-0.15280553947849254,-0.2167386315975596,0.17904993866414745,1.0,-0.08615679849192678,-0.1158690634076338,-0.07433415400187289,0.12906861364771446,-0.042814722871341665,0.0920412320855058,0.1917811503776987,0.07611574111461285,0.016435894785729228,0.012319937891601847,0.032788222184181086
753,4.282176835135261,2.6618298030439758,0.0028179919331604727,-2.5500602544448694,0.16226672748448093,-0.09002613879361415,0.14328261622473018,0.12988633727000365,1.0,0.02689990948886205,-0.23398845997276232,-0.085052251384683,0.17945320660294944,0.04920547494237477,0.1368058087826349,0.2943383553575336,0.17763539157373107,0.05234522954241763,0.03079548021652943,0.06917267783038376
754,2.6772190753147678,0.8374820722373693,0.007679703255545952,-2.114655560823795,-0.11398396393336319,0.010084934430919823,0.03670547816146547,0.2895071619662512,1.0,0.14473476367310076,-0.2634916037847686,0.18374041546321437,0.19108360884020067,0.02874292910047231,0.1401779024716281,0.23190204714168655,0.12418851278819952,0.04413598495915161,0.07077074037999792,0.07451343783397052
755,4.432864398187016,0.8277665604602906,0.0012964563526361278,-2.8872420998960684,0.09573473698753047,0.1887986158713301,0.16041050107046018,-0.015966348425762188,1.0,-0.18710492298034734,0.1524241403805644,-0.13418974172731563,0.017003532267184006,0.0819109789339458,0.12520780752710076,0.27283917684319375,0.14177119249280246,0.09733300376545932,0.032807063075929746,0.03003688299323833
756,4.410234546585629,3.1375583240829847,0.01553046672428695,-1.808815492582025,0.29162578902995107,-0.14528794626240202,-0.1863360937702789,0.14206800072840045,1.0,0.23931127054045764,-0.20276516000004355,0.23968900951745892,-0.14179016414089088,-0.024090011112467394,0.07075450218221561,0.22991673881888822,0.17929321724478486,0.09125038230420845,0.08853685343118786,0.043767714012266354
757,3.8799546683738506,1.944082576264734,0.0013684817055603573,-2.8637610040465455,0.1024049608202106,0.20611502311289323,-0.10562269783878749,-0.18040778350379885,1.0,-0.06570261440919802,-0.015894355131657222,0.06692918205637,0.02939158423312551,0.0028955950190325858,0.04557797003046798,0.24875944519130877,0.14487170144477846,0.08337293286138397,0.06910146363930397,0.0586535483824051
758,0.4109550346976962,0.20140154441858002,0.028026865456640737,-1.5524254713088026,-0.08287756139003727,-0.23965407968317273,-0.24514814532098153,-0.22913719483881026,1.0,-0.044866337909997174,-0.03551321753142148,-0.11404371592852001,-0.2870993073917879,-0.06927255631134063,0.009860393514848735,0.11172315070638443,0.042298413572246854,0.007249545515435777,-0.029356005697119297,-0.04299956171682447
759,1.4464888806440204,2.198500002978601,0.0024668683376548547,-2.60785402917093,-0.07631133826696583,-0.12147171846918925,0.10205364245754274,-0.10794335573651047,1.0,0.2329151404581113,0.11283361302519125,-0.13898978351163663,-0.18681111184054897,-0.00419634681795932,0.044971856285970176,0.1903315155960418,0.15073324191287724,0.09383538844489059,0.022769321697175087,-0.0067635290578016635
760,4.70919340066414,1.6927585941501992,0.04142358110054739,-1.3827523587265218,-0.2822994459001838,0.22290464256579737,0.015146214295059801,0.2776278409643505,1.0,0.09873080346925878,0.24000430928624583,-0.2768335823407878,0.2351804446626124,0.0361925982250721,0.14398925647841027,0.24671257440097236,0.17885030942595256,0.11711060627284159,0.04840982457481179,0.07324992303202356
761,2.36568447869144,4.070388610026596,0.0059691011235955055,-2.224091063586545,0.2964694942482448,-0.008022669921307323,0.010599623030859527,-0.1930245791548897,1.0,-0.012720972396103402,-0.12144267974627726,0.018811865912470527,0.1137945504381897,0.017350301793926902,0.054157729185563774,0.23470111809030872,0.1415139001079305,0.06850398847513169,0.061454005210352554,0.0749097756012649
762,1.7723776657611854,2.562904220695269,0.001323465859982714,-2.8782872572431417,-0.06909596567721212,0.21817743321994856,0.03536805303072636,0.0014585814813143916,1.0,-0.10302520081205199,0.1970834322670934,-0.2417843094964396,-0.0287705687431528,0.03153768398380616,0.11034924704671317,0.21258421964868465,0.12131226427663956,0.0816402208938107,0.012433604511925244,0.015465043479118588
763,0.316068445320967,1.7540676521547793,0.0024848746758859117,-2.6046955099261004,0.21284733774777292,0.19628941113348794,0.16083392064921057,-0.2191730923461233,1.0,0.0284651018699146,0.010499226416854034,-0.24674907645967542,-0.03508476963963731,0.04263428380188606,0.05359189532477558,0.1658089332241581,0.09559790937345099,0.0429175553258904,-0.006582798415601383,0.0013554019392737167
764,2.9192071724654065,0.4357493590028192,0.0018546528377989052,-2.7317373716221645,0.05099072339487571,0.18002550617481658,0.23540185300174254,-0.2183114332203945,1.0,0.06249172883936657,-0.0033761649484106314,-0.1887191332519382,0.24828449988639845,0.05820604242128115,0.062486603454580535,0.2010282689236715,0.12793711406792904,0.05705404796673652,0.017066020559486205,0.05633077562546677
765,1.1746440301875294,0.996122413181329,0.0018096369922212619,-2.742408534570829,-0.04524593474869796,-0.1227667336252175,0.255741530679067,-0.10201218250421644,1.0,0.25013572325312,-0.08722852848159665,-0.16763801949614673,-0.24593292133903552,0.02336103726071834,0.04322156610066567,0.17101428114010356,0.1334931076337447,0.05522213427106612,-0.003941146276740162,-0.03153167905662057
766,1.1534187287596158,4.916220744569066,0.018870642466148085,-1.724213313679629,-0.28812681252433303,0.05070255411096147,0.1846037790392825,0.05281943937258129,1.0,0.11275639490849751,0.027464738018069923,-0.26123148228003173,-0.10631035731840914,0.03328395836100954,0.14477400727791695,0.19828715053609755,0.12882381310614235,0.054470339373214445,0.0060714585594417855,0.009480656208797487
767,2.310221281986913,0.09006773724947159,0.0005221838087006626,-3.282176598428381,0.09870242117723456,-0.03575216176201965,-0.06298060460859904,-0.09402047128614101,1.0,-0.24314039788991318,-0.058358580565106975,-0.22117960996483005,0.02311090276721677,-0.018373461239889713,0.07125934591096247,0.18322075657454123,0.046741564871443896,-0.007661525389570251,-0.03760484318618302,-0.009299168010271334
768,1.354064884846644,4.511578442115333,0.0032591472198213772,-2.4868960214581524,0.08490092412833716,-0.2987009400285543,0.09076449435125829,-0.1529552201704489,1.0,0.14309285853664913,-0.25225032121341406,0.11085081419273668,0.19329803399187492,-0.0183780649121449,0.04353956666531834,0.1626074414935684,0.09311739893417949,0.03565666344336044,0.05557309349213862,0.06717840054277939
769,3.792221537232857,3.2835558876335624,0.01855553154710458,-1.731526600212105,0.037790484854156724,0.02657286317087133,-0.1708225062586258,-0.1284674373305604,1.0,-0.06307419698206193,-0.25427524187413275,-0.25569533143276185,-0.20244907557270517,-0.042650610182027704,0.04569057989688634,0.19883945904003494,0.08481606448447022,-0.0204049325715607,-0.07365242731219815,-0.07142572271596036
770,1.5515674240272643,1.568334672238364,0.022913065399020455,-1.6399168053185404,0.24895198658185824,0.1159415278119238,0.04063423623391491,-0.0367926893059577,1.0,-0.13422822748418187,-0.23295284240553876,0.29994571421517563,-0.2308389046049209,0.029890082394477543,0.06875432020061206,0.16702975461350245,0.06552473055772336,0.023428902570498348,0.044089182836909796,0.00184278878520429
771,0.850577220732956,2.098905526334154,0.0013504753673292999,-2.869513332935637,0.11086955348295104,-0.22583380249529406,-0.0007277976295721244,-0.19237073135189217,1.0,-0.03728210661568758,0.05428641443247253,0.06283802435681969,0.05795073573482987,-0.031844904489086355,0.02292343828433972,0.179763213734811,0.0962792515200897,0.06782354832134695,0.05426041351240818,0.047955740714319676
772,0.21099992639564263,1.6671199102307637,0.014098962834917891,-1.8508128342693935,-0.15335883610654336,-0.2714590453329892,0.29728296568978646,0.10428023318243926,1.0,-0.13165698454271518,0.16278204699377874,0.15056463735877293,0.025120215149896263,0.026921302476399598,0.09157190422579144,0.14652154150504185,0.06959261624940617,0.06869200686036668,0.05740182695515077,0.04000445363934431
773,0.9797703320327832,2.9288987350620816,0.027963843272832037,-1.5534031405987783,-0.08449648059805272,0.12046855142064025,-0.10390031685024616,0.07492772235584307,1.0,0.276053001004243,0.11658099781576096,0.10597845622031817,0.2908678934422088,-0.004990998948620967,0.06716843923914526,0.19413332560405244,0.1583347109187415,0.11574919638032394,0.10461067276430089,0.11152898650383858
774,4.279280424258902,4.807970382884628,0.0610234802650533,-1.2145030274899586,-0.2773523063339207,-0.158537352658048,-0.10284487251352449,0.28172674459528707,1.0,0.22146396639743668,-0.10097483457066327,0.18823756501183356,0.1777066151909629,-0.05395095050993444,0.07646667251370462,0.2378254930082165,0.19349053961863813,0.11828959141621394,0.12344097069307172,0.12472036014456052
775,3.929130332936015,1.2310864107529316,0.004051426101987899,-2.392392078215974,0.09094294554671885,0.20961983485104543,0.2004291545375579,-0.0773546198171975,1.0,0.10877265396975523,-0.005072700060627822,-0.11493613169814346,-0.24750839596776267,0.07851431469008552,0.12816379661579375,0.2667172931218788,0.17316952351162718,0.0858032422340268,0.007644266258008552,-0.029369727081543565
776,3.4400556303308916,1.6257714560174255,0.007166522615960819,-2.144691524253649,-0.022005432784359857,-0.22828262032010138,-0.051676413068716544,0.1973156359819222,1.0,0.18940955171623655,-0.17100115916470252,-0.2057182671157064,0.11628675915507203,-0.027812870556421527,0.08756809596393039,0.24040288882611527,0.16518395037366143,0.0485439948744767,-0.0008280640187607141,0.026565204885148668
777,3.234496110180822,3.6182333019588104,0.03037669259579372,-1.5174595137382116,0.18538433551347533,0.01977221165737739,-0.10352645043207727,0.2823142133220324,1.0,0.14319478453763476,0.1171717181978133,0.10523985519303598,0.16563790807606926,0.018084255798190136,0.13305890622909108,0.2783375454583522,0.2149960240943912,0.16417938804036503,0.1416775655374887,0.13294677926407716
778,0.7086485010713333,3.146902400644622,0.0023048112935753384,-2.6373646266794686,-0.03712899730846357,-0.13478839682665664,-0.12135147442115118,0.24473310321530448,1.0,0.056586321102763376,-0.236989540319484,-0.2846079414103963,0.06904601573814288,-0.0201260972590449,0.07926916225089031,0.18252791902006427,0.09742822523508719,0.009208782933807428,-0.02356365610521077,0.004294665205995334
779,1.7090511222323133,1.321822158205268,0.0005762028233938346,-3.2394246180074306,0.011786136042999872,-0.14325017038823715,-0.1245530546604321,-0.032523728966885455,1.0,-0.29539045206570486,-0.13792059955700467,0.1385270337612329,-0.2873627992018048,-0.03525988336442896,0.05565340710406961,0.14089321260673532,0.02161894259273021,0.0035028834035248763,-0.0002135560308653083,-0.03431689090554441
780,3.7376373015365716,4.8924234734761,0.0030520743301642177,-2.5154048937882356,0.07374146398336387,-0.2135412514003209,0.10879375062751018,0.058954980291633596,1.0,-0.008466845947069169,0.04959417267864934,0.06756568997773427,-0.148301827574686,0.01146487500713513,0.13899126314714855,0.3117739407933525,0.20432998899545207,0.15330456654211375,0.10610803821611568,0.05351851757111453
781,3.7050679798660773,2.6738607578499476,0.012604436761740133,-1.89947655631308,0.009560117069017758,-0.26447663610946814,-0.2726104220586145,-0.2130752048968527,1.0,0.015733778670932553,0.14660448412588717,0.07213377322631351,-0.05449779830332928,-0.11783978663334571,-0.0649806893056472,0.1576156533645411,0.1299884782791026,0.10284339615525563,0.07277758013930931,0.0380587907951772
782,1.8829891218265968,4.187035678892526,0.001782627484874676,-2.748939401729787,0.015405535187918583,-0.05477341177437598,0.24590473353183373,0.28162408076049067,1.0,-0.2495963612165234,-0.18546205570851043,-0.26903708258012227,-0.1290439762173062,0.07488804158449072,0.1769341957130004,0.16882466412261,0.05454749741473128,-0.004758051349423153,-0.029194920539751326,-0.016563386851329562
783,4.150646596567626,3.8341819853776182,0.010713771247479112,-1.9700576305987871,0.14640985300679518,-0.044605796296972346,0.13167296452689725,0.2538920468641623,1.0,-0.21048108622883446,0.2794987361259918,0.10402177920067299,-0.27021562823452444,0.05337868341805305,0.1447740470959119,0.25591388318231034,0.15361988599031498,0.1514857047803779,0.10753205925659153,0.03486042995896766
784,1.30446250914395,4.620742036462736,0.002583909536156727,-2.587722695257326,-0.18236286813325187,-0.03308064816566656,0.2243790406722075,-0.23507996035344828,1.0,-0.062432121171849486,-0.039082999219279956,0.011847844082085501,-0.2649859078867072,0.011457811983043341,0.03442750389893474,0.17093843762239763,0.094503303708538,0.054804111353537154,0.022494552620015432,-0.016974163691711723
785,1.4803960285081172,4.335647018685677,0.005077787381158168,-2.2943254880079755,-0.05086409980242068,0.08794807162552494,0.10362562812160334,0.2638549658364678,1.0,-0.16897837690548326,-0.013737619762527397,0.19164093869743065,-0.21277266852329194,0.05162358574044342,0.15140711245751468,0.21947929837960964,0.10803128780954294,0.08723517332521805,0.0741319340976443,0.02859622755209537
786,2.5485280832509494,3.4307644573507803,0.005987107461826563,-2.222782946688213,0.15071613795330613,-0.03841167615923597,0.09116182271451453,0.11835001276194365,1.0,0.12307609832295512,-0.04513923025925754,-0.10650518790732443,0.12834471900039995,0.04216283058516331,0.12984615092301297,0.2893037500500498,0.2036713063885483,0.1104675650842995,0.0645809406535117,0.08006523389348631
787,1.3550737083406197,4.170128982595906,0.0017106021319504465,-2.766850991038489,0.08278997150618643,0.07438700047396185,0.14152160696536312,-0.29582505050861596,1.0,-0.235662583869658,0.27356288940541296,-0.21829446580047043,0.21756683240420774,0.015623211435056914,0.0433101883748177,0.12834830439732234,0.06664857285497515,0.06192115607584524,0.03079434547569522,0.053555085266919815
788,2.205734673113174,1.628352257487439,0.002998055315471046,-2.523160358484998,-0.1716820095450706,0.236691177119213,-0.10059882366483354,0.0921874559643862,1.0,-0.19291794036278176,0.08209208620269855,-0.18158941036426407,0.12143419630925428,0.005815520725766321,0.09775323836153929,0.1804803211034796,0.07758950640103877,0.04058275085331212,0.011048666934124289,0.0317304270193911
789,0.8601039379906338,1.4442373379588467,0.0005762028233938346,-3.2394246180074306,0.024739351771789698,0.038126767608095524,0.2000690583441809,-0.18184490676734347,1.0,-0.08711503490376583,-0.05809676461555887,0.017224776212326407,0.19407778719375962,0.03473400822238486,0.05982346486134311,0.18982910952579318,0.08623336854730308,0.04119002027690333,0.04207234474982996,0.06349731320852128
790,4.588727438829363,2.4340945658104265,0.016187698069720542,-1.790814904594108,-0.2416076917841349,0.17111291106028703,-0.2984835496552379,-0.131898806471731,1.0,-0.11068643199886431,0.03954372266435382,0.2173143570213081,-0.04464866366756287,-0.07670804820473077,0.02254565569428875,0.18364536525836062,0.09464768674393673,0.07715466587922468,0.0818333742846976,0.047372090573545494
791,2.210175583750931,0.3914295820214831,0.025064822817631807,-1.6009353610527934,0.08940457244099038,0.15715770379788102,0.2716767211417414,-0.28196201212576816,1.0,-0.10257014422395178,0.10320588536953208,0.2940345457223207,0.039584712892383786,0.05202639822529164,0.04702251204033802,0.1612686553236232,0.0841705958844815,0.07726906526149975,0.08733765425180902,0.06013167537155345
792,4.959988121137593,0.9582678676127594,0.0023498271391529818,-2.628964084653037,0.14620451424376302,0.04938171723924989,0.28505589957701594,0.09882722421710317,1.0,-0.21865366339276618,0.1568418685585438,0.07914450507157353,-0.040032113040475416,0.10841472908971235,0.18607013531570216,0.2869598262998308,0.13888557600958246,0.11776529987265365,0.08474221719429369,0.051275748225423204
793,4.441962951588186,4.568442872626424,0.074591256122155,-1.1273120792359623,0.10731118388165761,0.23443281019613568,0.2525789989318617,0.26304880669218517,1.0,0.17651314224899342,0.14990830121186663,0.06083558341722432,-0.08286865395024234,0.13047762837811286,0.2084582509441657,0.34381581692166485,0.28426234653417143,0.22542869824149983,0.16766495101019452,0.11497660331334496
794,4.264282590158469,2.055239184539854,0.005924085278017862,-2.2273786983773625,0.23994969263565916,-0.23500881190775397,-0.24800636605967802,0.009145898682795672,1.0,-0.06857918426123268,0.20662472790616085,0.2634201855380504,-0.29142416377449487,-0.06073788990754307,0.02601325669661798,0.17824103089304016,0.11578529465353939,0.113089674514777,0.09447822863259085,0.015625579839094836
795,0.799737985250296,2.455147314574383,0.005257850763468741,-2.2791917448789185,0.13480341311542068,-0.2629841837589415,0.1680339796043502,0.1001824379141186,1.0,0.13324869614639775,-0.05150335930929153,0.13279200216156598,0.017623094597242848,0.019709310071454485,0.08994292722643442,0.20704624626232462,0.13277779707966858,0.07915466920072266,0.07084728348167761,0.05317762548725574
796,2.194781786525381,4.334892925002266,0.022642970325554596,-1.6450666025993717,0.2744574263690011,-0.15157783156071927,0.1311926678461292,-0.11631304573136579,1.0,0.25135176938861925,0.2178557606517703,0.1342469138192471,0.018945462996565497,0.022116759218267733,0.05953937935151222,0.20674662136763294,0.18573668726345935,0.1617568755727333,0.12964867561489454,0.09775594169336889
797,4.955242260613353,0.2138899549542741,0.002151757418611351,-2.66720669104318,0.023808902885551684,0.2198549928608671,0.10754251528628,-0.09900423262778535,1.0,-0.28763397877816443,0.07383014094894644,0.23284833517141074,-0.19588750584394513,0.05076297095758374,0.10411826824623283,0.21633108986189423,0.07836505466784884,0.07483385079669237,0.06852075463182015,0.00945254358264549
798,4.875834671590217,0.16785679933412626,0.01005653990204552,-1.9975514188757089,-0.16931950446253308,-0.09116885510039147,-0.22227808163860716,0.24660814921550456,1.0,-0.015230495170452829,-0.2604605966489824,0.14401651375916677,0.12061585755995512,-0.04944695293008755,0.11193455647608637,0.24285839835631554,0.10736929119791239,0.018240309207348482,0.04689911021287603,0.054657847805568184
799,1.574419384605019,1.0301198190516652,0.0034932296168251223,-2.456772866397111,0.04663164707365079,0.24991676191637646,0.13617181908102233,-0.007759189108945441,1.0,-0.09601665108871113,-0.2716017321156654,0.042559402307215444,0.2299562594722611,0.05663390816864914,0.07802866321909145,0.1962394712738392,0.09462614220952131,0.010182675334600927,0.022959220880339717,0.05815870412780686
800,4.352899789068379,2.3910302417299545,0.002187770095073466,-2.6599983183930056,-0.198167796400096,0.05943068077910893,0.03231658245928468,0.13139220673201604,1.0,0.05196730349889487,-0.23481071329799158,-0.22036364749370224,-0.020644602818918768,0.011760587118796167,0.11743422754086583,0.2928567646177808,0.1791051522200625,0.0337685290916848,-0.029743794903501895,-0.012624495015252856
801,0.40917244463792474,1.9584360425636538,0.01851051570152694,-1.7325814816680798,0.20551022166244381,0.039084086415714835,0.25749693738715124,0.09259157346223236,1.0,-0.19530067757357997,0.26602771719783175,0.12847082384795563,0.24098703862366888,0.05884600957302955,0.1334896018027683,0.1287162006295194,0.0795951969094658,0.0829188818168599,0.08334355668360208,0.0704115220209128
802,1.6100947097337728,4.491020656438856,0.01349575050417747,-1.8698029591430385,0.010441413756158058,0.02452091168421928,0.08941577757182924,0.05687604582811934,1.0,0.2171265037217103,0.22155386752594833,0.15078389523606375,-0.05211885871120475,0.031019586210767707,0.10484946495837898,0.2631854924105237,0.22370654634316506,0.1955687931582312,0.1555731988337349,0.10536486185565458
803,3.2247912477114355,3.5954072237164865,0.010011524056467876,-1.9994998047452792,0.19152265584391895,0.09979054984238296,-0.1435693892795926,-0.29739579865991617,1.0,-0.2370003276222937,0.22384017114813645,0.0022711667743434915,0.24765237345448377,-0.023758904458528126,0.02241126072873662,0.1441472478308735,0.07176035264403999,0.07767716119686821,0.07055826443032893,0.08708612059432085
804,2.4861259659069495,4.855769540253389,0.017304091040046096,-1.7618512086587914,0.18474889887888668,0.1633768136523647,0.029747920335880872,-0.22153733488206404,1.0,0.16352065429936,0.2876372057089737,0.15428543015101356,0.10980660044293145,0.03058746336257698,0.0486889828108363,0.20043513452908926,0.18023539146274137,0.17441114946321304,0.15090647843402397,0.12838660061079205
805,2.2957259312720906,2.03279511869561,0.0005581964851627773,-3.2532129024930643,-0.0685179679978803,0.11437459879808233,0.1749273377830429,-0.14391091667011519,1.0,0.19531922138658572,-0.24887659579559768,-0.0967731412321353,0.03740861178356727,0.03376146460377869,0.08401655219972651,0.21568494886020856,0.128679198617383,0.028150844553860015,0.009705614326582073,0.02226005054033227
806,0.16468597207634345,3.3950489277187366,0.01451310861423221,-1.838239554522246,-0.23869389486783865,-0.24126991176617954,-0.2248632327344165,-0.1400267812250854,1.0,0.04831819100553818,0.2792530211851438,-0.01173824912728999,0.2449761169409301,-0.06891822179555603,0.010761061317044083,0.110515470157742,0.07668583081703242,0.07029837708714597,0.05429253345470653,0.06199004523241088
807,4.132553862923803,2.172527331216473,0.013558772687986172,-1.8677796201266361,0.19517270868981526,0.21223991684427962,-0.2412681263343878,0.09556526216293892,1.0,-0.14189540818045834,-0.11054660614541008,0.22409735282225862,-0.2874727582590752,0.0003677937997608961,0.07594652415828805,0.20542996640202124,0.10300113469749948,0.05290070479690225,0.053847218336281824,-0.00460620544098554
808,2.418843219578513,4.472244892503813,0.010821809276865456,-1.9657001243245973,-0.14646314792693152,-0.013084579226353131,-0.2364230724991516,0.1861267675072666,1.0,-0.20703777621044595,-0.025445598457092777,-0.00448187249628067,-0.0006518960424148346,-0.05183681536935946,0.10218327581803027,0.22050011188170976,0.09161036647641238,0.05204614404270301,0.03846447980193651,0.03451417302260823
809,1.1963697005189315,3.8476711133499486,0.03461718524920772,-1.4607082478538682,0.2944982579978781,0.11098047067357188,0.13012063604159477,-0.13889706710012678,1.0,0.15358661901980358,0.07504230950111442,-0.04232323577332625,0.2704413009206648,0.04788423267272017,0.07091492670709611,0.19684838521660628,0.14914623953860529,0.10433967524207613,0.08123500460872239,0.10069247758777176
810,4.640997854696359,3.9959945126981693,0.0005311869778161913,-3.274752580349174,0.16584028504131446,-0.0717539046046139,-0.16852461422657036,-0.1244177158419301,1.0,-0.28520975453114783,-0.16590783813485172,0.06262201209398252,-0.10105196855335628,-0.04615640150037571,0.019489317263986644,0.20033704890074466,0.06922173738988653,0.005843552701527363,0.0095917190426645,-0.004717170689001128
811,3.469007151384001,1.7431864887241182,0.030205632382598675,-1.5199120674863071,-0.25688877498162144,0.21532194807343288,0.2046160335335945,-0.08721832658365596,1.0,-0.025838059835340554,0.17851868791735692,0.04572528895445455,0.2818999912899129,0.04707860618979814,0.07833812634784508,0.20915549087280333,0.13706451799228128,0.11075059847056419,0.09374842304611315,0.11044906557033558
812,3.910978037276531,2.006399700407652,0.003736315182944396,-2.4275564952792252,-0.03011288179550584,0.017226376560264444,0.23618685015100546,-0.2547586124991918,1.0,0.1494167275541272,0.23179314816856933,-0.22272581242712305,0.19869044568963962,0.03471841327168872,0.04450193299017363,0.20635834755645532,0.17245352882166154,0.12692140252233625,0.05174447618270521,0.07104225407770373
813,0.8455755195490566,1.3916913414389622,0.020014044943820225,-1.6986651292923274,-0.2890949226120902,0.07292915150772838,-0.05754008508499361,0.08135272229701351,1.0,-0.25057752252257015,-0.014225821004789318,-0.07096614574249618,0.25018674275425157,-0.008235071556190986,0.08313151018723096,0.15001456038903885,0.041989910465437257,0.01693298780889715,0.022834750168457384,0.05050074272300603
814,1.8154341045248215,1.6972681916558092,0.0122803226735811,-1.9107902216708579,0.10821522117658768,0.2630222123971931,-0.0033850137796260335,0.25609859555035264,1.0,0.013318552632577151,0.01602493040342996,-0.12517671352608056,0.24053807271702798,0.05496443174833954,0.13860406529742816,0.24130433694463976,0.1439014554955795,0.07779512000934825,0.04701088042361114,0.07583172023678154
815,0.9268970417244367,3.761638064660212,0.012046240276577354,-1.9191484785595136,0.21524615314763976,0.01574383173774323,0.14442775895795654,0.1251343049652279,1.0,-0.09768717418202845,0.14940790987012562,0.06453859407499533,0.06713557792215383,0.06057905447287938,0.1441779822170315,0.226702283937585,0.13136351168092011,0.11515306927161353,0.09449089102549546,0.08118772075177348
816,2.1544939614151954,4.521517852120358,0.004825698645923365,-2.316439802298548,0.15528254567547597,0.21373410146390767,-0.2967697537898689,-0.11946670355433413,1.0,-0.2965144169872104,-0.2852016069339638,0.022293562316071134,-0.1271928350220121,-0.02483659952034892,0.04341260688485197,0.13485140658855882,0.024349153559133856,-0.017593590915007576,-0.011519662749262439,-0.016595700834151246
817,3.0711512491416952,0.12402021448169721,0.005915082108902334,-2.228039222431537,0.07711059675061828,0.23049299737720036,-0.04877768355744661,0.040938106184579603,1.0,-0.09122265311404087,0.08553198785735516,0.22301234843537546,0.1732284997776216,0.03310210906814236,0.1643647091584257,0.20156928616684297,0.10376405894635192,0.09897729858069111,0.10924077047252463,0.08492806434282989
818,1.2484400971923624,2.13299581299046,0.003079083837510804,-2.511578485935183,0.20632360059259172,-0.2879265965956003,-0.2683528702553285,0.07798981814031322,1.0,-0.21971972834993164,0.1221214189085332,-0.14861216836846228,0.14357603009762235,-0.051044002697521546,0.033613360976127084,0.13229832029259153,0.05253802772200796,0.03590915039609455,0.011093576337084871,0.02869803264203804
819,4.053880131405046,2.9969932415977008,0.007769734946701239,-2.1095937962761084,0.10389946166468855,-0.2537550164193369,-0.08613419117611221,0.1566226222340044,1.0,-0.03927117657972342,0.03644425542402434,-0.29868742267133613,0.10763615608493955,-0.04468615083277276,0.05882729281798664,0.2443168868773499,0.16880610972267804,0.08714147762824574,0.0007941475854559333,0.023385723910925388
820,2.61090650060165,2.2175976593237787,0.027774776721405936,-1.5563494236220574,-0.1923065930036823,-0.06989427092043814,-0.19327774395471303,0.11352206750733063,1.0,-0.27429007511506137,-0.11651118648606312,0.04188067153242531,-0.04510051401939741,-0.05522439714600784,0.05496242915097959,0.18468023544313178,0.054607419238344654,0.008538280328482509,0.010128270641059355,0.004646526778399423
821,3.5914639653439377,3.1629700816947786,0.017187049841544223,-1.7647986635976511,0.034371409604998134,-0.23249199801721626,-0.13520033917120342,-0.1354821408585063,1.0,-0.27277113115553964,-0.2415188762117698,0.2577444195689124,-0.2554721943191833,-0.05918326792514487,0.0013764742659944777,0.1380264850341088,0.03319937484123656,-0.008416610430294959,0.0177493608938487,-0.021555576403340822
822,3.2801265923742773,0.9208611122190279,0.024173509075194468,-1.6166603019557435,-0.05709317411477319,0.21096491482321061,0.2462016108493782,0.29132373564407876,1.0,-0.15998039006233705,0.17785873376472763,0.2781905709874952,0.15295114582408062,0.08567779530684762,0.16034165001526587,0.21188990260878768,0.1100273159132126,0.10708013384821546,0.1135977670107605,0.09195293222733227
823,3.2308289452091716,2.1940678113211467,0.0005762028233938346,-3.2394246180074306,0.04043074180161461,0.004437354319714392,-0.15297716251173613,-0.173582357373855,1.0,-0.2675681208020017,-0.17433306756145375,-0.26367761765867376,0.08714398520640174,-0.04238316673765133,0.03587093994642207,0.1591879325460647,0.03135528294176376,-0.035260136936272835,-0.05336028674384851,-0.009929683267620257
824,0.09902182648103963,2.9598692443745462,0.005644987035436474,-2.2483370511606013,-0.07471774209660174,0.19381260826759747,0.01830162050126749,-0.047809364054628135,1.0,0.16531683962107435,0.24264968211271148,-0.15454640533489758,0.2117780664479972,0.014571268250552924,0.07829239580145611,0.17613115328487425,0.13202399835029957,0.09488242720569287,0.056838658042921736,0.06970747420478712
825,2.9156012785075784,0.338581506062759,0.005437914145779314,-2.264567653370186,0.11118160284311611,0.2627584828714051,0.14108084166132814,-0.19645000879480093,1.0,-0.04940634462833889,-0.09306014824573083,0.11316994554212764,0.014925149940890024,0.0592620661730106,0.06899581271632887,0.21412665301394326,0.11079997508281443,0.05040445189024023,0.049832256347006575,0.038850420152550656
826,1.8531719691285045,3.0116267379514055,0.005771031403053875,-2.2387465624725005,-0.13091001375488734,-0.2922250477134048,0.12965174714705788,0.07501810412376053,1.0,-0.17029977533400018,0.21691063752999196,0.20281976657428716,0.1037416174797589,-0.005783173105301005,0.08056442042138294,0.1625525168587011,0.08394345609698274,0.09434858546287457,0.09216008651649846,0.0747968369121797
827,4.7001857568330765,1.0616963996675386,0.03178118697781619,-1.4978298866034954,0.28035374479183034,-0.18424708962934463,0.14400756617158272,0.04988215878507713,1.0,-0.2754800724928893,-0.08471144150705041,-0.18972674487804864,-0.26212426011724316,0.031144143360445086,0.09445896836274424,0.21471696399835585,0.07995020165144041,0.012120501096417338,-0.042367600995766634,-0.06463475765474122
828,2.7866266048856385,4.631875517978488,0.04078435609334486,-1.389506389978486,-0.21404175002648412,-0.1600779622718504,0.19698199680227987,0.22484874560299029,1.0,0.017368287711293996,0.23994969768368396,-0.02382033037716603,0.08822551829646885,0.016743567585731443,0.1168419224542125,0.24617345336566623,0.17981720002930915,0.15539000597273206,0.10932572925178399,0.09845003670463433
829,2.0624939796404576,4.219138759453136,0.003934384903486027,-2.4051231550208962,0.004277141333745215,0.07201526095017703,0.1660622629148809,0.0026974185133298743,1.0,0.009393555200557313,-0.29472451824048485,0.21849790633901514,0.01401668504525122,0.05375434624497354,0.11295670592406269,0.264093216383813,0.1496117271970534,0.05790542137055972,0.08738167296381621,0.07385909143656676
830,2.599073155300787,0.5525741595215513,0.002043719389225007,-2.689578734798195,-0.06741143770278386,0.2659820660150973,-0.09726575224189594,0.13696079794075977,1.0,-0.19822570455698954,0.2879641700739623,-0.099807525610094,-0.05150020320714117,0.01898599324365379,0.11218783260338813,0.19038553985542625,0.09677042038351052,0.08495913860065615,0.030318121135186782,0.015566054661511824
831,4.756735427110837,4.801428506166111,0.03422104580812446,-1.465706722388214,-0.2990684115898441,0.029005151555759376,-0.08430932732801812,0.2525075085579765,1.0,-0.2085614165827623,-0.06946417557421426,0.1335243766736454,-0.28346110125301127,-0.0290862293192899,0.0980900663170281,0.2446482427782927,0.12526245887358908,0.06994326982288422,0.05619760213611331,-0.005260641289328965
832,3.6229966057187095,2.8063108697331214,0.005068784212042639,-2.295096197139972,-0.11341096265972386,0.024136750947705263,-0.1968190103940152,0.1623184181501312,1.0,-0.07676008015045567,-0.13806425628793126,0.08259018939604135,0.17712959388526997,-0.03543077839950405,0.10943566600240434,0.24333040966103422,0.1151058560030586,0.04889787175966421,0.06765744993921052,0.08386098087679289
833,1.5714993286196282,1.20566619603056,0.09272363872082973,-1.0328095338459053,-0.017457531591199716,-0.19819195302003684,0.21837591590190122,0.21402462360264943,1.0,0.07703618855836067,0.27249451906886296,-0.22554841294851843,0.23666714258121532,0.029056396170875343,0.09763270360278235,0.18582587233317618,0.1270014973104148,0.09346324456060508,0.03849900010366241,0.05817340449167179
834,1.7224420995636682,1.7973731285729375,0.009165226159608183,-2.037856813990578,0.22165088908154434,0.08293004289898928,0.2055984483054373,0.0004935619178281669,1.0,0.2694504053177392,0.148346802544486,-0.12588809845198215,-0.09904226183901144,0.06070157706239031,0.11543775187368542,0.2254360275735431,0.17291214424149937,0.10961774800471184,0.04207513878180743,0.022337335653765156
835,4.172761147000469,3.149598294018055,0.008697061365600691,-2.0606274655758248,-0.11187117604445948,-0.010464792715274462,0.21125772256825145,0.24414011637262947,1.0,0.08954236240441515,-0.11273883513016451,0.0954975992456233,-0.030934656358102785,0.06622589169153256,0.18037887500409228,0.3408703281899008,0.23181175439027935,0.12583933441604359,0.10202649070399035,0.0738825588877133
836,2.7291641853443895,4.829707376822881,0.09206640737539613,-1.0358988036007999,-0.258651538708024,0.18422969741124876,0.29835461491827164,0.05028813245221304,1.0,0.19333390297731057,0.12870558080015035,0.01646411086342765,0.07417291534536241,0.07052966984988,0.1206713027497786,0.2576415370212585,0.2143251834937958,0.16541686433502206,0.12381067469628226,0.10894044691063402
837,2.6189771491705764,2.6989425818113446,0.007589671564390665,-2.1197770173665758,0.29687341999339417,0.13333537413668242,-0.22716178849131843,-0.24402158083772899,1.0,-0.20059070280764166,0.11382706559408393,-0.26331694817821644,-0.2429509213598812,-0.02742450656752535,0.0657405910028429,0.1103610573803456,0.051830852928620615,0.01362476190892191,-0.03608566513675494,-0.03491677032256127
838,4.111426546200199,4.951085157761941,0.07995714491501009,-1.0971427219300345,0.22845099235966346,0.16303009398648563,-0.05373249680227138,0.16640620939374157,1.0,0.037148432461386924,0.07458424417129679,0.2679079937782278,0.2731251807129957,0.052616051864974756,0.11777222318451601,0.28253237206129617,0.22851540899168732,0.18116696382874545,0.1971536704882815,0.20701932570726375
839,4.675043388119159,4.840510613033032,0.05905178622875252,-1.2287669610892828,0.14919927703337185,-0.2608304860389871,-0.17623431294127587,-0.2570104203388145,1.0,-0.24571825877496167,0.05053797582951347,-0.2584641983436653,-0.28672702567833847,-0.0769432367277711,-0.03364442693529789,0.13073695561472778,0.05646712531035449,0.020975214592095465,-0.048330963523298576,-0.07860771022480663
840,1.8902996126312854,3.998297457583433,0.02253493229616825,-1.6471437423830948,-0.016951136583795146,0.19884916404611783,0.06912352170851006,0.20854971033398617,1.0,-0.23697972421909358,0.25535240688615174,0.2753433094180912,0.07478622724069525,0.05126674308034517,0.13488396828302274,0.19732687231509335,0.10874593381042809,0.12769446654243555,0.12893914298557474,0.10052664078223424
841,1.4316652161155479,4.13726617462173,0.025668035148372226,-1.590607374681858,-0.10730572561227847,0.2554499513141247,-0.24109109286663763,0.11151168578423311,1.0,-0.15752664302603572,0.20885168552857641,0.2922170567077825,-0.1490570467006131,-0.010769869080759904,0.07590407422243813,0.15158453337280148,0.0858446783863847,0.09869658009890009,0.08938987595948407,0.04506473540125998
842,1.7750897750633507,2.6310190058187706,0.0006752376836646499,-3.170543328599618,-0.12038404151628943,-0.14845285061274296,0.08230325564771002,-0.23549000827323086,1.0,0.12469719569446885,-0.2890654416360875,-0.10433701146649146,0.08122980241718047,-0.023949017148603306,0.033393178398576834,0.16437642406532074,0.08265041306121494,-0.0011227277055875623,-0.005766421240991085,0.0156062895394281
843,2.1251561688879685,1.909569572230576,0.024254537597234227,-1.615207000604351,0.1823976307310041,-0.1884075459826884,-0.18356466480492048,0.1774064155416717,1.0,0.18727107824428083,-0.09713520480028705,-0.09012613793287526,0.10506041662615725,-0.031286394850901476,0.07150388373723597,0.2057140969804372,0.1416203391181518,0.05985301693693513,0.029498278262842098,0.040363174212990315
844,1.6722239613542935,1.9305193660074567,0.015890593488908096,-1.7988598822674766,-0.2924292409198626,-0.10329233760228469,0.23900355209908386,0.21857617354468908,1.0,-0.1880591158559724,-0.292206616820193,0.007969822137956961,0.25539598570512917,0.03115708846361707,0.10660135486945045,0.15648054489402458,0.04289165060297416,-0.006084147193757449,0.01936716656529044,0.04660485132195327
845,1.2108606863181672,0.8461214226817813,0.008949150100835494,-2.0482182075940045,0.048917429220630824,0.2981727195536769,-0.11434588444134924,-0.28409222916748383,1.0,0.18414064330776428,0.09867631809728906,-0.0008856577609188009,0.27873221318705715,-0.0047913981303503855,0.016326934120475353,0.1508436978571804,0.11340940943159852,0.07395151682622016,0.05660526800495613,0.07290325980173767
846,0.993693803377282,2.1390979202972042,0.0008282915586286373,-3.0818167646457626,0.2286242301911092,-0.15559665602253345,0.09490248100220548,-0.2495531056692606,1.0,-0.017595973703187707,0.07004889693388869,0.04608308355063049,-0.09735094016783735,0.00033435124010775116,0.0283979990938098,0.1692686132541493,0.09726742302758849,0.07000277464952998,0.042424892297395274,0.01732850279431751
847,1.1592992236424122,1.865473237790396,0.00459161624891962,-2.3380344158933815,0.025965564477305934,-0.12774056157985902,-0.026824954010602753,0.10109233207000935,1.0,0.2738150942034679,-0.022569522559227496,0.03366192539645043,-0.29833478791754153,-0.009319812150978234,0.07912518258065658,0.221592619734389,0.1654714032049385,0.0911181036255923,0.03975431464527155,-0.01577189118121756
848,0.5780019131417538,1.4782280846294504,0.0014945260731777585,-2.8254965039512627,0.12689423495863297,-0.22895227525281936,-0.008648086445818737,-0.06376519551829808,1.0,-0.27383209493237387,0.1593485471955714,0.16981741095342343,0.137080972620209,-0.017728663169254113,0.039511911376853136,0.13770802473864613,0.04614937564960413,0.05666288260711644,0.062390174573913805,0.057255013541298756
849,3.0986083452315945,0.7074847689862579,0.008940146931719965,-2.0486553434959367,-0.17256210768020294,-0.11487951067990203,0.049978739435908116,0.07743371684176356,1.0,0.12161846588860048,0.2665419756160377,-0.035147857180168815,0.2604257017127138,-0.003082123395142401,0.10113978950546894,0.22757403489286157,0.16564343272828702,0.12866944586714213,0.08893063658481941,0.09760919644990444
850,2.93263421143158,4.3303495746091265,0.009804451166810717,-2.008576712235543,0.1565945146376789,-0.1679332897815054,0.11275141909398649,0.023220378469311596,1.0,0.08409567541141975,-0.16268380967788457,-0.2704707941425234,0.2060279223762033,0.020231302443877667,0.10513160761619297,0.23359128702225732,0.14318744663614366,0.04398841446266166,0.010530914536735271,0.053698688251084176
851,0.9186237859918043,1.4822358176990955,0.010479688850475368,-1.9796516116774483,0.19641358716255075,0.2587413556527149,0.061949810142853834,-0.269388006977385,1.0,-0.1648182086340552,-0.1879686682663865,-0.24627861197846623,0.025751156684647024,0.02666063998752896,0.034881844138318144,0.13454191880206634,0.04564131605501351,-0.00897335402288472,-0.030684868976282198,-0.006869680785048271
852,4.68062797049529,3.6143382119557765,0.011488043791414578,-1.9397539176061744,0.11711475032045442,-0.19960970496101607,-0.2939902908219539,-0.10392462275434457,1.0,0.17035914370873745,-0.012850199988278521,-0.12744626000742687,0.11709154211413714,-0.10508672055595286,0.015726151507280586,0.22410035021827898,0.17037935961537412,0.08554596617871808,0.04037326390446656,0.05679696012431498
853,2.1822195308348498,1.806857324879882,0.0005221838087006626,-3.282176598428381,-0.007392616050126843,-0.2811114059613616,0.284640932956833,-0.2387796838342659,1.0,-0.06532177058912482,-0.21936920176229674,0.04556658507314421,-0.06538467583346054,0.0018426787162633459,0.09444993800544119,0.14398640388611927,0.04011083579228991,0.0062194675745987985,0.004506325702310649,0.002373721254288369
854,1.1631410212314692,1.5833459103295238,0.046861495246326705,-1.329183858144763,0.23784520980210017,-0.21000223914612354,0.06800575956777062,0.08880774633852037,1.0,-0.2707025709917428,0.14054870853615964,0.14167621926482346,0.2596346759693763,0.009906290282655153,0.07045141611695989,0.1510756219185892,0.05751021623020779,0.05854652702359524,0.0672321205971555,0.07623328033710235
855,4.261750083918757,0.3528135566803918,0.0073195764909248055,-2.1355140463972497,-0.06618256890689968,0.1099051053278365,-0.2954397493086235,-0.07521305741844032,1.0,0.28716246752378843,-0.08194367929148508,-0.029303302119813156,0.19207889342630227,-0.06265784622488282,0.02031742830700991,0.22631839383843105,0.18832407254008796,0.08340318202924873,0.050507343807742806,0.06997109303956621
856,0.9532642276667596,1.7305149027383904,0.006896427542494958,-2.161375822358714,0.013708586519009235,-0.16717314963581292,-0.07166012904464417,0.053625894048565104,1.0,0.12527534926127046,0.22848962315098895,0.09663058145323251,0.1930634292785136,-0.028221863256471247,0.04094142568789855,0.18928659380633908,0.1456142233490884,0.12192082477105075,0.096620969761477,0.09263940942668182
857,4.450945676032408,2.6396079627441886,0.003502232785940651,-2.4556549906656104,0.14231162892577584,0.09031689165050251,-0.035940752258776805,-0.23922006198830245,1.0,0.10621475644702268,-0.0178573724499814,0.20339322680311647,-0.024678003983895847,0.0031853229379100586,0.032571163579841675,0.26029798986108627,0.19850737925066456,0.13210924000533725,0.12652356357707495,0.08559892954094833
858,1.6387845567662778,3.1034064932237593,0.006158167675021608,-2.2105484902712016,0.11202477958653201,0.09859152059330774,0.07033968435598252,0.060599437545638034,1.0,-0.11575452640640063,0.23359142235366728,0.1313579524697166,-0.2890313747571015,0.039029753038029996,0.11426356753571883,0.19985890880670418,0.11866689287042347,0.11761316161982942,0.0706159601284203,0.012541582823336409
859,3.6389327149956605,4.653973757343447,0.025235883030826852,-1.5979814942310318,-0.08745736873210569,-0.17641305707462013,-0.2048614536966233,-0.15703695267953607,1.0,0.07047690366824011,-0.20483184847095876,0.19780195367436507,-0.15409483133183074,-0.09200500916694754,0.003792522369966142,0.1743033657638074,0.10080301778837683,0.04221068197938092,0.046945033400044606,0.011448305277377498
860,1.1368492742257346,2.9695940747403844,0.006824402189570729,-2.1659353863592643,0.006139098409083798,-0.19501517832386975,-0.15728968732926535,-0.08519636825206872,1.0,0.2557013422532615,0.07637431975037479,-0.07386670893088212,-0.2771235628085701,-0.05098332813019826,0.039704007213786925,0.17376765842833455,0.13205253075799878,0.07784188882072333,0.015895971626326808,-0.018418956677835975
861,1.114554902729092,2.950683530234457,0.010983866320944972,-1.9592447613165698,0.2564536455299297,-0.16311877898374944,-0.04609284307628662,0.006879058170188634,1.0,0.19886548715539135,-0.09499015406020606,-0.12797133483056164,0.12939420028188844,-0.007907042136412103,0.06204685362385079,0.20176189626900715,0.14146339187625076,0.06215915311604138,0.03032795278610049,0.047697329074782004
862,4.296472151699559,0.045338336654922276,0.00121542783059637,-2.915270823496312,-0.027580828940199174,0.13091968490563935,0.27864116099410713,-0.020303863156585222,1.0,-0.12850292450506381,-0.24391478632391572,-0.043890701608605774,-0.09207167553058503,0.0884952230523491,0.14786771757494874,0.26211200493641784,0.09436049630840125,-0.004122958263117811,-0.018937839024730424,-0.018532265573080936
863,3.5486573066108336,4.147463839713495,0.003979400749063671,-2.400182322642226,-0.09345259780305683,-0.0076550933966879064,-0.0780015648963195,-0.2635911312219867,1.0,-0.22353234415350912,-0.10184362452440461,0.12742190494330252,0.29268228511025124,-0.04508107114158348,-0.008292281025312008,0.15884148823817942,0.06033764704592668,0.02279894303048332,0.05783248159437714,0.09849236196598776
864,2.9388493266396596,3.6808878410828694,0.010200590607893979,-1.9913746821279208,-0.2190853750749815,-0.29309688358028757,0.07648278026225379,-0.014495818046447216,1.0,0.18230357355751062,-0.06701381577627982,-0.04670543427553272,0.06262567686039512,-0.04681323877581599,0.0428349557718836,0.22600184205097462,0.17101414652892727,0.08637455894565388,0.04930952022343787,0.0519044629382847
865,3.826090432229663,3.1564358698985058,0.00999351771823682,-2.0002816132046606,-0.2946966966174986,0.12361536822584908,-0.12089390179048277,0.13316409792969378,1.0,-0.052303145965320215,-0.07266239162094194,-0.14105603687866713,-0.27164729395150145,-0.024474234173646796,0.07703253541874695,0.22651576109266772,0.13162948010862366,0.051810596820358566,-0.010865445320501333,-0.04844536339495559
866,2.4710075982361484,1.050276868999794,0.0006122154998559493,-3.2130956792850816,-0.005781766461929194,0.06381641352772387,0.1053023615530978,-0.12357710321219707,1.0,-0.05162276965229682,0.10750303480440113,-0.09493706328224545,-0.16190664422915974,0.023849738822093024,0.09549890307112831,0.2331056503809612,0.12753665208989318,0.07949414743036688,0.011707398721958912,-0.0137200757560493
867,2.4505595104281004,0.2707656960697671,0.002151757418611351,-2.66720669104318,0.12237990350571334,0.16279512062638263,0.0936043517622673,0.14814531439530276,1.0,-0.008738200031851972,-0.16731869160180016,-0.24803323054800522,0.061298317935697594,0.05775166947757243,0.1254300595342563,0.23806304907160455,0.12111026000527911,0.01898291878989064,-0.025606865578305976,0.0036684683669335172
868,3.7749201763041973,2.9829369660908767,0.023057116104868915,-1.6371950135228883,0.29755926879531325,0.23861753343075642,0.10716693699523216,0.08554034501810266,1.0,0.04972612942719485,0.13976177077171845,-0.05123432713307478,-0.2283769645035107,0.09240505831550028,0.1633711798304451,0.2790528944780924,0.19432906126989025,0.14128634935658382,0.06634038133254319,0.017066422814917118
869,1.797086737131156,0.569717796117049,0.007391601843849035,-2.131261434871877,-0.18885179734014326,-0.13269798993972853,0.2615965712684305,0.11338940176658763,1.0,0.24756221301883188,-0.17624691176548946,-0.24694491661478893,0.10969244831182524,0.028559301894407342,0.08479873427504427,0.18696719943612403,0.12420404877383731,0.03074104292503864,-0.008926631677636196,0.01513324187923413
870,1.7924113531826278,2.9741245524549305,0.059024776721405936,-1.2289656470928565,-0.25238289234620226,0.2989351474357613,0.27083699801765637,-0.16750310132438542,1.0,-0.21164337926518695,-0.13932600892175495,-0.21723858833973636,-0.08881165969066078,0.04501756141935234,0.0717969196699397,0.1414074105747737,0.047919581462941105,0.0009433523499477733,-0.024809306677004747,-0.015450033511328627
871,4.531171642236824,1.7674009318463537,0.0033041630653990206,-2.4809385277392284,0.0999843593764388,0.06716062341038125,0.07806390596509062,-0.03201470229279415,1.0,0.11969881695273432,0.13679197563810544,-0.05195850996466143,-0.21691683627331518,0.04576709880294879,0.19874233368053693,0.308386799688534,0.21413635117174531,0.13439778476009595,0.03664202685388706,-0.001405239447461125
872,1.902185339649377,4.11409190455338,0.17156439066551427,-0.7655728478526157,0.27245920624860137,-0.28304788862068375,0.06518161368999824,0.04867478923471924,1.0,0.20834797081809892,0.26612239113712394,-0.22499707223215656,0.2275922355941956,0.00032651553077784717,0.04787966161276266,0.17502252511078567,0.15867955313334714,0.12894287641718322,0.06591177044664592,0.07882495248895496
873,0.8280375978396983,3.108401158418981,0.07814750792278882,-1.107084866814826,-0.29946700616910427,-0.031059301700118523,-0.2959135162803757,0.19665586517571396,1.0,-0.04102895627282279,0.03111779370763743,0.2944387575826081,-0.2395005483747986,-0.05260278487320977,0.04501903337064099,0.14362638410880088,0.07748707725954648,0.062119708730840405,0.06214874609332464,0.012447857379490664
874,0.7205531407153448,2.6686365518085697,0.00378133102852204,-2.4223553015934174,-0.2076025514191532,-0.13969801540233157,-0.03785104860241995,-0.06711734213706093,1.0,0.09492979839994635,0.09617955519668309,-0.01820821992876218,-0.06415697798576064,-0.042872913159099545,0.03650804344759036,0.19486751547393166,0.1304288689833624,0.0878324694212027,0.044284425184556706,0.023110786406657473
875,1.2665186624827565,1.9145174169713761,0.005924085278017862,-2.2273786983773625,-0.08151680829607785,-0.2776241743663178,-0.17993670783646895,-0.02844871556748685,1.0,-0.016841188151062947,0.29272859059212186,0.04641900337879525,-0.018949824515694623,-0.07163689206325145,0.02189056525707345,0.1679613391607371,0.10875581387630913,0.10720887381863832,0.06649348610549796,0.039881860044407635
876,4.011087330541865,0.247302332071341,0.0010623739556323826,-2.9737225846851927,0.157621338206722,0.031169515367130727,0.16701902425409199,-0.1882996561937839,1.0,-0.23831956353694,0.16757356117744393,0.09606062242411252,-0.2576953534659873,0.03452268488143345,0.07485991598272282,0.1840230439723532,0.07854571282774285,0.07634825663643276,0.036351422329552754,-0.01580506259457487
877,4.550334092592645,2.9569066612131345,0.0030070584845865744,-2.5218581251797536,-0.13923087089226707,-0.09089055021660881,0.2238962295261755,-0.18952574073550013,1.0,0.07239727087269433,0.0935461147194915,-0.14983450864824743,0.16206057586871417,0.014696566671430733,0.049284308484366025,0.23779536095473688,0.17997504807980436,0.11576556595275961,0.054033625335867044,0.07489024951758376
878,4.9866789297413625,1.8179529153364349,0.01996902909824258,-1.6996430501781767,-0.14687878853725014,0.2543528694291784,0.18481251693806347,-0.10987566128669775,1.0,0.03248200946141881,-0.023769333883268073,0.010315183817136407,-0.2935977792921068,0.06911962522506204,0.12301379168750903,0.28109253696971065,0.17428784200264597,0.09577667112332637,0.03098314365962592,-0.030037040203661408
879,2.71466086460491,0.8664778819172064,0.0010623739556323826,-2.9737225846851927,-0.09686561126947422,0.10024347902092376,0.1820007605341606,-0.1337233020777038,1.0,0.2701321527735392,-0.1312777884973476,-0.26444322752557753,0.09881992165560934,0.030776283249838138,0.07866718657066511,0.2073895955587169,0.1400523340272241,0.03594934929222871,-0.008252246274064646,0.018334598107771116
880,3.4052263290101763,3.3552989268105433,0.006059132814750792,-2.217589527767341,0.04224669847140363,-0.2364840316592914,0.24776165563922334,0.03653625131843334,1.0,-0.08513457877673632,0.19903504906134675,-0.12360709293555366,-0.12023655734514062,0.03447896077810874,0.1210578408982939,0.23887715585995667,0.14682475883089174,0.11403890569861329,0.042416152397101725,0.017710684802412113
881,0.4705605030564973,0.7777592980717702,0.0005221838087006626,-3.282176598428381,-0.018246905064861985,-0.15449766493284026,0.26682407941333863,-0.11368877628855449,1.0,-0.22468465326975043,-0.09189397161915105,0.14794096987318325,-0.14213774179966762,0.023764589142443077,0.05442197417055583,0.14524864243638075,0.04091696803600023,0.019398156492370474,0.02274520829123812,-0.0007056693191816525
882,1.972053428452634,2.6951241503820498,0.0017466148084125611,-2.757802862061092,0.06048474299702393,-0.2647200164897662,-0.004092015692761086,0.2562786586386557,1.0,-0.2999639211307973,0.27483724640380225,-0.11091640188731587,-0.25798706783334646,-0.007984357520331397,0.0830119026544073,0.1647151010022801,0.07238822179474579,0.07162903095420528,0.01789282833920402,-0.01675617064870427
883,4.3695645364659494,2.4132639082017278,0.039694972630365886,-1.4012644931649954,0.13408074255538985,0.28903331343564237,-0.2889270590871024,-0.11897040029255945,1.0,0.21558296708626326,-0.2835244828294507,0.14140556495849269,-0.08511935939988687,-0.016672356366691,0.029349720043504543,0.19945519927635377,0.1512044985068072,0.05110622890543704,0.04776273916514953,0.025074322079737157
884,4.913006696881629,3.257558693747167,0.017565182944396428,-1.7553473225968,-0.2451537142647443,-0.10984121893479455,-0.2730442089799574,-0.2248797235406863,1.0,-0.09533363724243796,0.21402093188955787,-0.08364280543590549,0.29982255679767883,-0.11250837742222791,-0.04867548733610807,0.13912232584140402,0.09284924351718425,0.08048502957549591,0.053424880681211026,0.08889821720843201
885,1.8943669608922418,4.774482792672748,0.006563310285220398,-2.1828770636733434,0.005282712057609507,0.24475501734692187,0.14935938095648849,-0.010379243278996997,1.0,-0.003464130919756614,0.1337447293864374,-0.12716463148880028,-0.19078702451053628,0.07124229420604765,0.13987168648045867,0.2583554947361905,0.17500271580544668,0.12777058960710586,0.0529803298260626,0.02061759524823897
886,2.3414911996442416,3.2133791183357263,0.004159464131374244,-2.3809626164351925,-0.017764176555692266,-0.0031162264589073897,0.14494403184741028,0.07182121181701769,1.0,-0.1152202660295198,0.19425810627444842,-0.1713270995049084,-0.2854218642342025,0.036220854849310286,0.10478495133479103,0.22927006893515497,0.13606851760000208,0.10448915593460258,0.02021831549088764,-0.026172433957148824
887,1.7345700083040847,3.4237730386397205,0.007571665226159608,-2.1208085961934056,-0.030764836190088938,-0.28976242643470174,0.06899511744520039,0.029767800353371607,1.0,0.09839320249771323,0.18680871305145708,-0.03506389894145386,-0.11930712425150314,-0.017622970299238476,0.08803132053414423,0.22157059316427857,0.15746157953433682,0.12081595429016197,0.058986407375765645,0.027807345289073363
888,2.7830576952437243,0.9324098486112589,0.00923725151253241,-2.0344572312155207,-0.2366165712542934,0.18751879700359816,0.07930970364023453,-0.1635074026234299,1.0,0.17205008944209116,0.07255411150824873,0.04738566613485755,-0.11447955319040448,0.011384023032477857,0.06921635946793085,0.2110732601164551,0.14897013382343752,0.09523538005445638,0.050845928332704904,0.017657316558127897
889,1.669201408401158,1.654562400279758,0.000567199654278306,-3.246264042537736,-0.0011350767812896678,-0.15951191636394343,-0.12562559606645052,0.21142658148818533,1.0,-0.12791807863664803,-0.17343592524816218,0.04702833271492968,-0.19449083690144323,0.0005536619704084429,0.14633958366109404,0.16164372974448904,0.04590769667086362,0.013362997247019791,-0.005597777258923873,-0.01647317037838678
890,2.008892784074491,2.2519134366927296,0.004105445116681072,-2.386639749326883,-0.16235661353942135,0.24842955888006235,-0.15983516808444467,0.18319665668895252,1.0,-0.2213842930618443,-0.01747167681383772,0.07637795386396497,-0.13044405759343036,0.00016599355609873962,0.08865720391736344,0.1886787786373341,0.07787208385341439,0.04535655460350456,0.03440155126014537,0.00851998287842608
891,0.33533118445472976,4.383131582324334,0.0018006338231057331,-2.744574596327337,0.06558943935971351,-0.0004502163217123933,0.044513806684901853,-0.019321681949874447,1.0,-0.288129391299336,0.1799208169161596,0.17383939581047475,0.013434163129869158,0.014269811052701973,0.05829466431039451,0.1917296859779753,0.08689980602731141,0.09360375328724535,0.09560997851350732,0.07356946894061524
892,0.599050007173893,1.5241235003761804,0.0008733074042062806,-3.058832857725073,0.013976916303475794,0.07147583164589011,-0.23220209878254283,-0.2197033467667927,1.0,-0.28243209034444405,0.06705906044773628,0.2820753805566869,-0.07138884222826851,-0.04116219485645848,0.005384165823541719,0.11517770441782095,0.029654994260241218,0.03955050090439281,0.05425715298062377,0.024521557984739286
893,4.8414068460606545,1.6501659775925213,0.0006392250072025353,-3.1943462432722427,0.22391684543202586,-0.12638437608425745,-0.07324240510014457,-0.09298846226114767,1.0,-0.15084285898704267,-0.21208754986590725,-0.060365349863605165,0.13769465723550905,-0.026092870361681994,0.070148647633476,0.22802406510633144,0.08248817779782472,-0.004238487676039791,0.00123924293215074,0.03772884946051197
894,0.7438784279788457,2.7946052639451584,0.0036822961682512244,-2.4338812839839763,0.10795850239833849,-0.07563515565685038,0.14307931416472625,0.25177049460032036,1.0,0.052864222039849904,-0.18830861281669906,-0.1461159875535367,-0.18831698650074458,0.039734487743036145,0.11664650266959342,0.20720376115511344,0.1152834799292563,0.03602357124757817,-0.002657514879719356,-0.015965032899948585
895,0.5574939017989868,4.6284538157542485,0.04976951887064247,-1.303036557625176,-0.2847885378031454,-0.26055034405197985,-0.1590988954416809,-0.15869092476802246,1.0,0.17085757747748784,0.2785883548469244,-0.1814019496286904,-0.19939516351705674,-0.06542483766349955,0.004036361426179055,0.10920144756206601,0.09044212591741463,0.06813334091640767,0.010720595056425593,-0.006386197807043737
896,4.3327176804789795,2.5511641333992774,0.02928730913281475,-1.5333205287094644,-0.2949731306924307,-0.12311257009247636,-0.16131190466722042,0.02503278413369676,1.0,-0.1537105965432465,-0.09635022310555115,-0.008851644656174306,-0.05289580980705215,-0.09270813139478848,0.030182586981718818,0.22519027546057396,0.10235372998132446,0.02781635607898475,0.007938369418542661,-3.9893359611662116e-05
897,1.8782078281390007,2.3834372248388287,0.00054019014693172,-3.2674533416076743,-0.012559789198251126,-0.07871705430854506,0.2814517688508636,-0.21511696107065162,1.0,-0.0909894357076704,-0.26882345277991343,-0.17100949505421442,0.006324341326403071,0.028980112861431363,0.06752813503811934,0.172855694412299,0.05986810092728575,-0.015430774123179615,-0.028110895482889652,-0.0055839175326081
898,2.8774202569789074,1.8990335585118066,0.008417963123019304,-2.0747929811188,0.07124025215717641,-0.06197086621086503,-0.2908916071144159,0.10835202606157797,1.0,0.11472093343326137,-0.06892457422893326,0.007715706584451065,0.22110697147865505,-0.05546157025087076,0.08478214592367316,0.23221860346912968,0.14230230470340982,0.0679263497320873,0.06497370338843479,0.08382332285357008
899,1.462567562247796,4.875894303989602,0.011965211754537597,-1.922079611048586,0.18183538513454883,-0.15875415688880587,-0.1029424014278801,0.13759037076993005,1.0,0.06467154158984498,0.26911998178180147,0.06904916413958737,-0.0022392268913071557,-0.015581237526690854,0.0815631908873372,0.22171238083385306,0.17011203878272632,0.159333021708917,0.12028754465468534,0.08966371821504684
900,3.893259981294475,1.4474194135344258,0.0008733074042062806,-3.058832857725073,-0.07826209761959456,-0.19057381709414603,0.29985331077771,-0.12930891516400694,1.0,-0.06270266405797993,-0.09891163596628184,-0.21933548808673967,0.21073565752886675,0.026022194316311694,0.06262286282634504,0.20447132937631154,0.10801283323498753,0.027147609435106915,-0.009601834547324654,0.03744651278104905
901,2.320722224059501,4.087959516827324,0.0005852059925093633,-3.2326912353484625,-0.06073462241974371,-0.008905245581095744,0.09663308070364353,-0.1557897690301805,1.0,-0.2606922649589053,-0.06505336244989791,-0.23329519052162456,-0.18251757765217383,0.004833265263347927,0.04458129969410994,0.17896626187186998,0.06608737291549466,0.01299345407596426,-0.04069578276344974,-0.047983928047713134
902,1.2399419436121075,2.877302169925748,0.0027639729184673004,-2.5584662165141316,0.23840901003753404,-0.1133978490194721,0.007527414189073589,-0.18134565043210288,1.0,-0.11691684897473259,0.21224279733161436,0.21607172083434087,-0.04104809466116337,-0.005492917823249049,0.03284391205519455,0.1594701031920022,0.0900443347826735,0.09815765395363185,0.08946883247415918,0.05468059063857654
903,3.0640987892624247,0.8173889824909304,0.004123451454912129,-2.384739113987449,-0.055600940224763015,0.23882471591021026,0.15648051792505693,0.1845337463354394,1.0,-0.2548387301737895,0.042513344123906505,-0.19077019355491873,0.0019317987693244108,0.07312667771827684,0.14061397913931273,0.23387586883169664,0.0965996892503168,0.04521724331744692,-0.0028027332603689685,0.006422688319238114
904,0.8225193251783192,0.44651753273812267,0.0007472630365888792,-3.126526499615244,0.19586672006026554,-0.21184179309829243,-0.1642094508871232,-0.09798219988672331,1.0,0.22850772296567345,-0.25351965829012946,-0.004579442621195217,-0.13392260449526988,-0.03782179624136896,0.04177310018276998,0.1529513217872683,0.08203519866657238,0.011494310111771355,-0.0018590278708325455,-0.011487797769900956
905,2.9299167960753008,1.927912900809641,0.0038713627196773266,-2.4121361364117315,-0.20312675862562424,-0.039474334444342195,0.23972410797821217,-0.18293600870965854,1.0,-0.21325086549275615,0.07982153046116926,-0.24739096305101566,-0.15989847681919606,0.016509714754272667,0.061330657853628026,0.15945949529032155,0.06450046304557705,0.02796714108207097,-0.030413245619027265,-0.032558068167159664
906,1.5558110987321045,4.039132328333134,0.0023768366464995676,-2.624000665121487,0.21154289679914332,-0.02337501011722861,-0.13094345083729075,-0.12923632677708619,1.0,-0.021358524119736343,0.13001906093244656,0.10969240645429101,-0.1408788520951986,-0.023184623901749583,0.05999109366074975,0.1942457830480217,0.12218759095509296,0.10710169717608564,0.07499605992485801,0.03467752218037338
907,0.9624237373082734,4.0691610053764125,0.01558448573898012,-1.8073075241159242,-0.26646487148979087,0.04730349362734221,-0.05599918717353223,0.15639693772989813,1.0,-0.16972239508080725,-0.0801379609825718,-0.20274555521707632,0.2094935556595377,0.006668578927348524,0.12816375629632698,0.14159943216280055,0.05151144695418845,0.006331566123780982,0.017488081947491577,0.038568943211137
908,1.038683406225157,4.796438755273273,0.01841148084125612,-1.7349112796479573,-0.03824001337677194,0.2242918147528839,0.034164774933537465,-0.041462203885351476,1.0,0.15629263158152698,0.21087207685159426,0.10162010996468263,0.2880540089203093,0.029015157674117366,0.07548439988066583,0.2074081887955319,0.16915218234872267,0.14853298064271173,0.13507493199202084,0.14228828434752275
909,0.6986084020677956,4.820074710535543,0.00830092192451743,-2.0808736709376885,-0.06439864888318754,-0.24196245316809747,0.10346054582197335,0.17873321299085274,1.0,0.24083324329170286,-0.13217998575378373,-0.1753384873098568,-0.06671627551876828,-0.0005508380747915866,0.0817396835807436,0.19954224702051088,0.14661343868840263,0.06569015737064048,0.020404511611181817,0.015942084083864414
910,0.4529720632724271,2.2715461745736483,0.0035742581388648804,-2.446814085228203,-0.11859425803681677,0.17654394136990997,-0.16274411100469321,0.12068500709047619,1.0,-0.024519087080394884,0.20918127878357604,-0.2088604558739816,-0.00043472794090836374,-0.010431400694873087,0.05611705555952334,0.17916415890407233,0.11469239001971829,0.08538453616484343,0.022727992288686886,0.019207245804360954
911,1.9334534960566114,4.225371946729827,0.026568352059925093,-1.5756353824913585,0.027304723464813007,-0.023509436022537644,-0.1891493000482026,-0.11474235767844077,1.0,0.10666990085925922,-0.2183536894104959,-0.2958465825712644,-0.29537029941192416,-0.04270516626297355,0.0380157140682786,0.1682633577855559,0.09516728475590039,0.004006554448840452,-0.05649736564898623,-0.0655858069250883
912,4.416795490219145,3.955876081802294,0.02422752808988764,-1.6156908942275634,-0.07098276004797784,-0.2591880061043363,-0.20666165031367825,0.24349537801549423,1.0,0.09514202806641278,-0.17968754334422804,0.03412284084572263,-0.00018306264199932087,-0.08678739700023258,0.07139797269370748,0.2638919277856262,0.18101867872165753,0.07381966741914135,0.053611462122327445,0.04518450131442898
913,3.9417108300690593,3.2321354495664463,0.003178118697781619,-2.4978298866034954,-0.1572280928413641,-0.2255202564065607,0.08687405405142139,0.15132380784639712,1.0,-0.26850775872075705,0.25479136756343684,0.019651202593759475,-0.29868757530230633,-0.007234945600506592,0.10084289050673051,0.19351470950188873,0.09422546957981844,0.09640178897325287,0.04089573912735606,-0.013416493005684156
914,0.6565806172485131,0.0022178991417066115,0.01632274560645347,-1.7872067878958093,-0.20593062868259882,-0.2789831937363859,-0.21516833820799613,0.2052972482963894,1.0,-0.022814953063210363,0.22628457006441988,-0.24457153115604047,0.11956454488193115,-0.0455525390847511,0.04908049861897269,0.13585603877620495,0.07609684422323389,0.050449916822401616,0.004387880427034305,0.018755041489129855
915,4.61692461776181,3.9114812058098565,0.0043485306828003455,-2.361657461239806,-0.028003674585753525,0.199994962512512,-0.07965663169170893,-0.131391705459882,1.0,0.035258994743246806,0.1617256721533102,0.01096153270243123,-0.23223226299026248,-0.0008536426683491147,0.08441312525590375,0.2819776312324583,0.20855555038479165,0.16680528224428842,0.08762743804356221,0.01829983634100785
916,3.4020936670294577,1.6617422091165082,0.0176822241428983,-1.752463108540387,-0.08529761063189102,0.12394025121374021,0.26949640631934096,0.2062265074644244,1.0,0.18375263113462897,-0.07451918118548673,-0.0070836577319496104,-0.11163738214963331,0.09381513533348387,0.18311327095022756,0.2929698603688872,0.19220079268458715,0.09749700453679994,0.05073000490544681,0.023126098800190387
917,3.3080665030944063,1.7949095260559487,0.01594461250360127,-1.7973860308012433,-0.2163513553849383,0.25569687038429256,-0.29010743049642185,-0.20524805324750003,1.0,0.2571292175671504,0.054900737055533354,0.1144537228566516,-0.2326486110219065,-0.04730084445206506,-0.0029787597520350914,0.1555822445924036,0.13729348643250755,0.09062128188179873,0.05518995137965899,0.004086650748234912
918,3.8606144479176816,3.388352270817572,0.009642394122731202,-2.0158151211594624,0.0751718935554297,-0.2247299483645445,-0.014820277914796941,0.17040485344766132,1.0,0.184273910015759,-0.11459551376270558,0.2886761854122988,-0.04278243302154195,-0.017524711355932636,0.09657322229126065,0.2686181556273597,0.20142476964157327,0.12271157827458577,0.1313666134581955,0.08810744940173514
919,2.839265979740146,2.701252429645544,0.015485450878709306,-1.810076145083769,-0.21823921980897057,0.12801223609979842,0.01694394658219971,0.15952245195782958,1.0,-0.09824600290393264,-0.1611438406217763,-0.268369618529691,-0.04567358510724364,0.0162669651808612,0.10540121629264575,0.22893286677871325,0.11310179382741813,0.01872347792253266,-0.03468623164701741,-0.0195517464126918
920,2.261886168001654,3.725637156453312,0.008048833189282628,-2.0942670731954003,-0.15754875787590644,0.1719112860349092,-0.10423408329461788,-0.144705683768888,1.0,0.20159124101847217,-0.27565297630893365,0.280012249825408,-0.10392492154645239,-0.017293380769672587,0.025611868530162108,0.16837456291899577,0.11983694895574087,0.049476792986467184,0.06617661391932957,0.035426016038721544
921,0.2705395068641427,2.05459454055426,0.0121542783059637,-1.9152708234963118,-0.2363836423727225,-0.2500142429116956,0.06595953717948622,0.13166724157581813,1.0,0.17189809140829984,0.022276813367768454,0.10320558138422954,0.06810215467417391,-0.014636989260138778,0.06874515868764174,0.18106135319036562,0.12031920070127242,0.07548351832540935,0.06260694965886081,0.051378210424861
922,2.5430458087719816,1.3040242158235835,0.0013414721982137712,-2.872418323579044,0.034806687163226054,0.16880165596709937,0.19909991411715222,-0.17000620108586773,1.0,0.010485285243877662,-0.17724773091897225,0.05070081081705371,-0.25883252093342696,0.04933383136171092,0.08881893345318462,0.20597398816644635,0.1002862267933571,0.03340416151684728,0.0077973420583236685,-0.026147010280471616
923,0.935530637092242,1.6325974489785389,0.004213483146067416,-2.375358738917194,0.14878022358329535,-0.2393378002302703,-0.24077914742607143,0.012927198393263372,1.0,-0.11223478887005003,-0.10509153691892824,0.063491803153883,0.2664950160874366,-0.049378311434135874,0.05120003244594303,0.1418840616458143,0.04898142041859529,0.0193431917398907,0.04100144288686601,0.059786523842877026
924,0.6759398050836767,3.7929284608072074,0.007346585998271392,-2.133914433237457,-0.007888622147497236,0.0850519090774307,0.10319131172097566,-0.033975896363432664,1.0,0.1504877989475641,-0.2695781418619576,0.21045874635192025,0.17539065748206686,0.02675649464999126,0.09260548326189853,0.1992660405729003,0.11217663221993227,0.052675632421600276,0.0832974035321666,0.08345709900550696
925,2.404020123862271,1.363925292274446,0.00256590319792567,-2.590759731982808,0.12502749566010454,-0.10390286276377811,0.1116885229050939,0.03936661782037243,1.0,-0.2813476190615204,0.043737200634330904,0.11173821991162665,0.28412999667044236,0.03127365351919856,0.14680965370672683,0.154025321819184,0.054121488150854075,0.05505914948967543,0.0840370359575511,0.08358892316619483
926,3.6902313692079103,3.9003187877421137,0.005464923653125901,-2.2624159009160603,0.0018045531168298322,-0.21033391579380975,0.03158831940316149,0.07654494476188778,1.0,0.11845476194500978,-0.014914335970802162,0.22785907853339685,-0.16405586726540236,-0.02112948581106215,0.08801308560885648,0.28459305988974853,0.21206061037969512,0.14733107346969915,0.13293938697867794,0.06360813734908631
927,3.9717162259840384,2.077685342336782,0.0012604436761740132,-2.89947655631308,-0.09211931554127371,0.2430729434169555,0.023723541727504193,-0.12678640453220127,1.0,-0.15708026281814352,0.2438864983837806,-0.15745680990666178,0.14968607893175126,0.029569505372622585,0.04431571946375573,0.20550145924357696,0.13195569516994698,0.10880987977675076,0.05027549393400836,0.06179641397037916
928,3.0939887352520836,2.729801173243798,0.011389008931143762,-1.9435140664794812,-0.22318492354281885,0.03240242983785722,-0.23834292068568386,-0.05165322886391431,1.0,-0.07034638334604872,0.10016930612247511,0.231038239167309,-0.09346816116997994,-0.07039259133148225,0.0178874928586136,0.18730974317159496,0.11155180878689942,0.09520425854391365,0.09352947651907226,0.04678277648540337
929,0.6883692698884227,1.1272629424967402,0.0054019014693171994,-2.2674533416076743,-0.09072157220304498,0.00784014251748295,0.05198897822025685,-0.058524736655253304,1.0,0.12715202784008217,0.09678230745278771,0.20006958747519424,0.19831978764240202,0.00340995324679634,0.06113423925679855,0.19808090604636452,0.13254088499193406,0.1005739305594699,0.10138439775922492,0.0934743870320806
930,2.849143613238959,0.3233939085295873,0.11251260443676174,-0.948798822168601,-0.2738364172387141,0.16578947822142837,-0.266173461193366,-0.05207099548258189,1.0,0.07769598836006379,-0.24013961929803126,-0.23185314149792857,-0.22677841727879566,-0.044744474439033226,0.042220129314096,0.1570312211016127,0.07520262609375843,-0.012200251654576753,-0.05293024672308994,-0.05306091187949715
931,4.6630583427776875,3.8797612396731695,0.006014116969173149,-2.2208281295157724,0.021531952968489355,-0.1411680639212954,-0.14047620831784594,0.03762859304741175,1.0,0.037748483364812,-0.030882369767028205,0.1449339247570778,0.059598924525165305,-0.06766026407963269,0.10139715340413413,0.32977209850918965,0.21310611192035397,0.14112380059757537,0.13965149827262135,0.11888629771226433
932,1.7498715493772685,3.31849708124013,0.03820044655718813,-1.417931560224702,-0.05302210827261161,-0.12428473773888381,-0.24274069253060276,-0.2000034573653711,1.0,0.00615905795465419,-0.2593590418805191,0.07154384106475857,-0.1683178343946318,-0.0768196186996473,-0.013917878064343253,0.14438447322217673,0.07005625590021036,0.0024222189610166246,0.0009395560184427454,-0.01990147035275863
933,0.281053599060978,4.29921988679175,0.05319072313454336,-1.2741641053514061,-0.2932871593927066,0.16558584763304546,-0.011213531799566334,0.22841614461613186,1.0,-0.21439700419672592,0.07175151727221703,0.22637378031492095,0.15403552266565593,0.01465287189788989,0.10066434601964427,0.15226213349952103,0.06839102778579152,0.06987287279189541,0.08422985352688793,0.07576184865956792
934,3.7357539960107666,2.727443146341402,0.008679055027369634,-2.0615275580884873,-0.07891614762073247,-0.03180126777786152,0.13864916237516448,-0.2751600695467567,1.0,0.13541092360075227,0.12402688575640686,0.29388011007697784,0.10324995200738986,-0.0018189581314563728,0.04370614613031827,0.20920928664517952,0.15989548348970736,0.14253651939957554,0.14641678609616318,0.11492236150056931
935,3.8909855507188658,1.3273252990912956,0.011343993085566119,-1.945234046873755,-0.193133008222007,0.04964790035459945,-0.2899041057867248,-0.042818065396953486,1.0,0.1623941803111061,-0.08079317647136067,-0.29399491166144937,0.11500538745398652,-0.07299721035080986,0.016439217340172833,0.2001105237809578,0.14692920428698802,0.04423388666184195,-0.02244700221356784,0.010577260993321264
936,0.12558737506104262,4.19557288353853,0.026361279170267933,-1.5790335196049636,-0.2304837956341034,0.023265907799302064,-0.2632891877112929,0.2956461709107808,1.0,-0.1535289098800414,0.2951212296862596,-0.2624106470985847,0.0315550208859326,-0.031196826003641476,0.06174754140679029,0.13703285952270627,0.07585423395103083,0.06622739201319586,0.01647944112967455,0.02146230879701928
937,0.3266611057565628,0.22206984452895706,0.000567199654278306,-3.246264042537736,-0.039866552117178655,0.0029747464372558373,0.25029084252858774,-0.19709060346033494,1.0,-0.027772095194962366,-0.04686519489359533,0.1134003738582677,0.08664759681215352,0.03410311895408379,0.055699379416863766,0.1825081038621929,0.08537094774018812,0.04581752749018197,0.0484780212768772,0.04528364909008102
938,1.1619006949219364,3.334967685111928,0.11127917026793431,-0.9535861212385209,0.280060646139375,0.0040743371971167395,0.2818526277310468,0.25262160497998337,1.0,0.2608565026842497,-0.12375438789786408,-0.1718660046317755,0.25895467260179555,0.0706488501403395,0.12272720365837667,0.2055813612580927,0.14930798244554988,0.07213142726200383,0.04468073258051932,0.06991635351576422
939,1.5305393941176524,0.7233301197714431,0.02124747911264765,-1.6726925890212114,-0.013088849877660591,0.27844654505284877,0.09553414496621686,0.26543664692399616,1.0,-0.06412240652720258,0.0978991382152166,0.04033049023877746,0.015940999147793677,0.070705550526624,0.15253773099310505,0.24552456411234994,0.13252311412201018,0.09159082727133887,0.0630747768095566,0.04628027428072184
940,2.2507451780283674,4.715885003573555,0.0022417891097666377,-2.649405244895582,0.09550057239929303,-0.1270986607902895,0.285442450576525,-0.05563917649339316,1.0,0.16208711986215038,-0.1699831483444411,-0.010046994168690137,-0.2931379984061733,0.047500978304642734,0.10537342353810025,0.2285310328700394,0.1520176840094226,0.07444103787834892,0.03030293210864685,-0.009135786799951244
941,0.9086806795596849,0.6700603724152122,0.0005221838087006626,-3.282176598428381,0.11809732547220794,-0.0973068969498645,0.03652598328475942,-0.2846885745769095,1.0,-0.1835580604088606,-0.21466831470882367,0.13907950405603245,0.04597895242089107,-0.01657596911402754,0.03252558111198782,0.1295179782952063,0.023675597576873965,-0.0024094031039348053,0.021546542859895577,0.02147365545686694
942,2.8782783322913765,4.095415341073317,0.1040226159608182,-0.9828722287859241,-0.18361653678417664,-0.29401028572021604,0.00012941669460799776,0.1979390162331933,1.0,0.1918187087509349,0.16236557309143584,-0.24034143292835544,0.26236781753274313,-0.028492596227896877,0.08370998407875581,0.19934765933253848,0.1559775240776154,0.10007043941821037,0.05301839194691525,0.07917579909892364
943,4.4962056324675945,1.1020561336193042,0.0014044943820224719,-2.8524799936368566,-0.04004890322701092,0.23003815392392815,-0.040675739776675664,0.004663644879382534,1.0,-0.01073157762810134,-0.2029666728192609,-0.2352838268534911,-0.060526317875916356,0.030625519204339032,0.19054626447564432,0.269065866236136,0.10429059791129375,-0.018161221161839446,-0.05147784617210359,-0.02536157757243221
944,3.9018815228027206,1.1416302970003005,0.007238547968885047,-2.1403485432428666,0.011231078303057406,0.06271550398204621,0.2835883451217187,0.03981035899156262,1.0,0.05018673804741216,0.20871521810669932,0.02683719334873764,0.22394202127086374,0.08884452298473709,0.14252184976718865,0.2955610537708905,0.20763000990804614,0.1637998549356596,0.12220870374993924,0.12744854555336063
945,0.16853301435256562,0.49756654200820377,0.04687049841544223,-1.3291004282181011,0.2643173455635641,-0.21787517956092461,0.027659691886910708,0.05439978882599632,1.0,0.10274021126024231,0.1376587455391605,-0.0951613712258119,-0.1494536932870771,0.0025853198575270793,0.06833441064286454,0.17503398905696255,0.11000885061765228,0.07055556741372104,0.01717605480170158,-0.004380160431509418
946,2.516109533541063,3.9244353712905466,0.03318568135983866,-1.479049261108263,0.18153682822116748,0.2861924244351211,-0.2658821179873387,-0.1521471772376811,1.0,0.2811072966474306,-0.003970683070379355,-0.04536039395551165,-0.03198626258807467,-0.003232882248922619,0.01559181633190952,0.18866787267539825,0.18404955807028747,0.1157664774356742,0.0667262120119367,0.046384609882490484
947,1.799196260619421,1.1057016523362917,0.04570908959953904,-1.339997428586713,0.2583988905406388,-0.1371291021633884,0.20039418928019073,-0.08282472443721191,1.0,0.28699053953220727,0.18120749510163756,-0.2782641740996428,-0.09142641783090463,0.028587987130581374,0.059657066171369934,0.1771535838465832,0.14597394553129614,0.09020907914688744,0.011360915704753425,0.0010296545661450673
948,1.1051089933863063,1.5402383123805263,0.0006482281763180639,-3.1882720955600496,0.11611014564056334,-0.006407328267084622,-0.11039971783042053,-0.2113915229853095,1.0,0.11047542257626057,-0.27877565017165445,0.10570707276924682,0.0655466981245613,-0.029747328902368416,0.039381310407118876,0.168322277699992,0.07881103521133585,0.01356199556272145,0.03112659138464382,0.0323841725294018
949,4.762557619064017,2.97696958175196,0.007868769806972055,-2.104093159356915,0.08808099822032249,-0.23698406092546143,0.17613455623417498,0.12462288484488923,1.0,-0.16682463537263686,0.18055176292780217,-0.020723062273402138,-0.23493239793439472,0.023960676936748918,0.11705952647361403,0.26277015749652455,0.1527916553316454,0.12386291090655727,0.06161003800663718,0.0012611619983718511
950,4.330692348507314,1.5573168920952087,0.112278522039758,-0.9497033127654407,-0.2855072563747022,-0.26809095847730485,-0.057189343459455894,0.09023798880012114,1.0,-0.046673803978315366,-0.26088766150487547,-0.08237112159499353,-0.2946558487401827,-0.055359510363721144,0.0697467420280317,0.19804329295395037,0.08046755474787143,-0.010722015685240808,-0.04616246933006975,-0.06908085663231085
951,4.154237117672853,2.7571562832914527,0.009291270527225583,-2.0319248947001256,0.2926226399964541,0.1024691222002796,0.06232491402206006,-0.04374221669670784,1.0,-0.15965276777000165,-0.24207989452796935,0.0408346304915036,0.07519182373585138,0.05731840457483894,0.1290168158274812,0.25845827880216976,0.1039854302028565,0.0227049928760515,0.037402969361038506,0.05139305839948396
952,1.050460348517208,1.329344207057084,0.0005221838087006626,-3.282176598428381,0.06182510165521979,-0.12378825955764698,0.154190464925357,-0.05715329982436848,1.0,-0.19742573968434884,-0.11357212520548587,0.0025473114845037557,-0.041424853813650804,0.020044334498533947,0.09530318522537982,0.1879867910029968,0.054303124599819015,0.015233058618147676,0.009010286234311365,0.006783363495136381
953,4.1082313005939115,1.2247784700156124,0.000567199654278306,-3.246264042537736,-0.15826244530925002,-0.02839171166298915,0.12901130863992746,-0.27194814350786395,1.0,0.17132480526831356,-0.18310645720240432,-0.05335723116049501,-0.01237074786808543,-0.0051596440147573756,0.02071349804365511,0.22446462693453248,0.16118147735484323,0.04781644255834412,0.010671214733573856,0.011022183665093927
954,2.128687308769187,4.3496306482687865,0.03365384615384615,-1.4729652949485048,-0.033595815107005086,0.2418138190800413,0.26446733590844473,0.2704428194346029,1.0,0.07092066754130462,0.05001748873209306,-0.27080234143056153,-0.18890956858398134,0.09137198777568266,0.15593635927567837,0.2487622131595472,0.1757085149743391,0.1080686491442428,0.029369603585338796,0.006709136263184371
955,2.513696139450668,3.1258136521218787,0.01707901181215788,-1.7675372611026554,-0.0611757557831675,0.1529654864752963,-0.07488875165061315,0.13526907342101707,1.0,0.007456169787260136,0.27029383850579136,0.2476909907748429,-0.022691874769326614,0.011081228017757965,0.10233877967289694,0.2429456758768499,0.17310212700915514,0.17056839092719306,0.15324777726629304,0.10132786113658135
956,3.294810784961259,4.325919220526696,0.10585926246038606,-0.975271136138255,-0.2741025056582613,0.21355794787680174,0.24808279877897343,0.14381239255786962,1.0,-0.25699596729149254,0.24823298887945744,-0.02707372873989723,0.15065677043490536,0.06235253967949266,0.12048300769879512,0.2134848408325548,0.11884133724254876,0.11234683346552576,0.08554487077258874,0.08943018246751822
957,4.922200110921721,2.3248160416926202,0.014558124459809854,-1.8368945720849168,-0.1437361234607638,0.17380366568507005,-0.13782531773634707,-0.013115430916631332,1.0,0.2279843423392569,-0.1444665248965441,0.22225653663033598,-0.035904714489483146,-0.01982880123273624,0.06155891343528418,0.2702438967701176,0.21620304806905233,0.113480139452301,0.11155773304556311,0.07331479999357299
958,3.0680666316184846,0.17215753621247232,0.0005581964851627773,-3.2532129024930643,0.06818606316054492,0.041380940419629475,-0.26466735924537943,-0.08244742055913767,1.0,-0.24444290649234246,-0.10135623772733425,-0.1281978299668766,-0.03465841440862505,-0.05516102789353796,0.05143790972479243,0.17684682517374778,0.042086296542018425,-0.010740552509230877,-0.03004693771095426,-0.01653280702692446
959,4.080682190836708,1.2611476409478641,0.015215355805243446,-1.8177178873776445,-0.1991173172637647,-0.2016292459048184,0.07982602481741197,0.28720880694524653,1.0,0.05085200840619308,0.23415458122359986,0.07134559138564656,0.18109622478826362,0.0075514561314517295,0.14040505548098636,0.24868639198252887,0.16803282362591343,0.13765422080791842,0.10829272000074026,0.09909018035463357
960,1.435046570224463,4.244083984657074,0.0012244309997118986,-2.9120656836211003,0.01694120813876989,0.23994142623163628,-0.1637071086935861,-0.2623176101703184,1.0,-0.12455482600153153,-0.033283135425478914,0.1927479603759403,-0.22515841099425368,-0.020957615954439117,0.031247406736362036,0.14205173510526672,0.06513681691490592,0.05168289023910252,0.04404030839916523,0.005158469217426171
961,2.908511683110764,3.6431888204173175,0.01734010371650821,-1.7609483092028022,-0.23158290620536873,0.08649152239165933,0.12431007131017659,-0.11587032549058274,1.0,0.0011844732982836613,0.15706866484851445,0.1721969487114013,-0.08462130075323113,0.012401740168307133,0.13436510370785507,0.20967988998383866,0.1437164677339427,0.13264071407881178,0.09635376454089525,0.058951346889873586
962,1.7176268325930755,1.3083469735525746,0.0018816623451454913,-2.725458305880264,-0.09575038449957729,-0.17001975012380213,0.17401508225202159,-0.057822952824217864,1.0,0.13566458543412752,-0.04881021377408052,-0.2196674212321364,-0.17530826698264676,0.006846602606252606,0.05961758877668966,0.19425218076016096,0.12598331308734687,0.04736661697605228,-0.017944473078027497,-0.0299683754884734
963,2.6934738915654393,1.5767615167902596,0.0029260299625468167,-2.5337212310124437,0.06996329257981974,-0.1508906083856534,0.11303056892384623,0.026603493999802018,1.0,-0.08359344049585037,0.2624926927578648,0.05352863427679983,0.05735739348614566,0.01506700036084652,0.09304841590498335,0.24233584481564804,0.14755071303074593,0.1377374481135842,0.09764621410065728,0.07605606649917247
964,2.1119994842422676,1.571355786051103,0.04420556035724575,-1.3545230998683495,0.23438276877499917,0.21415619051259607,0.16773156795921643,-0.03273027450931214,1.0,-0.2597590473401287,0.2551506571716791,-0.07662859410104633,0.22694980147182733,0.0608194534406829,0.08585861566375658,0.17137149310602282,0.08102671542116975,0.07776689600897325,0.05162280621511155,0.06790358799844774
965,1.8851720764425655,0.7265102872103799,0.003736315182944396,-2.4275564952792252,0.28354508405523043,-0.24024028657266563,-0.030348914560347395,-0.07280202629343875,1.0,0.027042948820510393,-0.008345930276585645,0.2632723102670108,0.07168557214789618,-0.018545375216106146,0.06754362669875924,0.18877438250292009,0.1010064289963586,0.07609546047407018,0.08792339924686478,0.06355353125008545
966,2.6001904890998393,1.3453230939864844,0.033365744742149234,-1.4766991770084392,0.1735917070088231,-0.29782785448334365,0.007420808335352368,0.2970495756230498,1.0,-0.021022815468245793,0.2775777866397851,-0.1337897368471325,0.1560012693609377,-0.008666608455422635,0.08579397348753917,0.20716560683259963,0.14016283434952617,0.11293107888426505,0.05650079755126374,0.05982974535260092
967,4.1714900085420465,0.7689849260984237,0.0021427542494958226,-2.669027634934806,0.06441633593266269,-0.062389994508788904,-0.1283783689781443,-0.021760311752107565,1.0,0.008879376703681928,0.0026672198239325426,0.13212280977665244,0.10808983621544337,-0.04586093211996573,0.10266805850820622,0.31121997421469344,0.17768227924716334,0.11224636225339929,0.11112479312064324,0.09876118528634585
968,2.739761733488706,3.137119396742778,0.007724719101123595,-2.1121173041426125,-0.2659719934172143,-0.06120833522877214,-0.20908735976891601,0.15861302828787097,1.0,-0.08314226725853065,0.14789835348115962,-0.10015706746241572,0.2304410377872601,-0.05145436337953893,0.07479252240408124,0.1832393659971558,0.10374416721615587,0.07331095040157012,0.050843896488743975,0.07232117133244777
969,2.7421171020436637,2.6269492962867287,0.0016025641025641025,-2.795184589682424,-0.12133437066937734,-0.19265571125191988,0.02557925365894902,0.12148258807628828,1.0,-0.25216491279971576,-0.22121483746953416,-0.25063948394510766,0.0985725728646913,-0.011926696425600661,0.09123198153180058,0.17595013616953004,0.04311964168173723,-0.02759741405886009,-0.040809774341654,-0.001592346972912977
970,2.0855256236573334,4.908468460426414,0.02914325842696629,-1.5354618925887449,-0.2802194423096731,0.29846541432741025,0.14970663155327435,-0.07808393604350318,1.0,0.025707892338198146,-0.0003381318991296345,-0.187126549261349,-0.1655772428430562,0.04171491045045737,0.07771717022502674,0.20901834929307359,0.14292943702338162,0.0817944000584424,0.0192028963256459,-0.001225875808104323
971,2.082884509893131,3.082480125789247,0.0015575482569864592,-2.8075584888625227,-0.08394396987468317,0.2125787309301201,-0.10495784920652418,-0.09443955565489144,1.0,-0.2283005173932769,0.10245366175952476,0.1406206150271762,-0.006325869874910339,-0.006291769441189881,0.04905718072391327,0.18480966420986808,0.0829613204904955,0.07558916420980084,0.07328540362192341,0.05216311961968848
972,2.4259820549647833,0.6926503004478644,0.03915478248343417,-1.407215184325982,-0.1034190490506166,-0.11549645763629912,-0.14324460593001187,0.2767886278410176,1.0,0.2857182501136576,0.27995859065170564,0.1271279244018674,-0.21787521042874605,-0.02298138100819087,0.07899543449463915,0.19405740254603324,0.16237727530991475,0.13127614987213682,0.07879960512796556,0.019080691711260225
973,2.953444477048274,4.228351218998272,0.008354940939210602,-2.078056615772456,0.20121046800727235,-0.15611302639896868,0.13950200000956192,-0.26615286664956195,1.0,-0.026423090450512585,0.07332307342833581,-0.07110728009652652,0.2978458700306175,0.009102048798945224,0.028705346773782912,0.18521679041064526,0.12388668933669454,0.0869940919436681,0.06630004937574781,0.10221009328399216
974,3.7754049368660114,1.082166884979455,0.0005221838087006626,-3.282176598428381,0.033746872425105746,-0.022615124413868815,-0.10547285927532654,0.05590698427409004,1.0,0.009658955386112477,-0.14723782524846293,0.0886005597703455,-0.18476826977496852,-0.024502876432476183,0.09070006346001856,0.29388313571776864,0.16751639029826645,0.06193353435965256,0.0384452055724292,-0.011617209297604595
975,3.3748087739118726,4.684388281449363,0.03484226447709594,-1.4578936269724065,0.10051299616760294,0.22503247730930462,0.2768037218461476,0.1637939446744179,1.0,0.0025188072159725073,0.22126847472694008,0.01987513000122416,-0.14505737992935255,0.12255371270503396,0.18258377662947178,0.30621545369980796,0.2271962048000575,0.19585561060253406,0.1353012379456988,0.08072930241137258
976,0.36576639445475523,3.394787351300823,0.0026559348890809564,-2.575782576013155,0.03783524287316204,-0.21391130690871454,-0.1262210009008195,0.13851241694761457,1.0,0.11356420805908726,-0.23655930162957345,-0.20977502440719217,-0.1099955881328993,-0.024199672129663594,0.07673689999211557,0.16799322453607585,0.0847459811641847,0.006757563670038338,-0.02198134461047414,-0.016277468293676024
977,1.9532666653302622,0.07546368286169733,0.003205128205128205,-2.494154594018443,0.09318782187724457,0.12997668680963814,0.24908350873204765,-0.23716338100317155,1.0,-0.0683333024339604,0.23786770653208805,0.048864536619646626,-0.21019724679008892,0.042275776344690784,0.06699658202996761,0.16221853457905897,0.09313716126769186,0.08404696860202732,0.0351398272212049,-0.003029838269654993
978,1.4194591529746607,0.39274264273892856,0.012091256122154998,-1.9175285793226027,0.27414568893666796,-0.04275503149782933,-0.23809824938914068,0.14483289012785128,1.0,0.10934492164032183,-0.0283915335073172,0.14753566514655672,-0.046912669023075046,-0.01916734709376426,0.0949317048993066,0.19804666744785906,0.11291504518161129,0.0669025634469396,0.054936059305693445,0.028039527281033354
979,0.5323545827716918,2.4614908530742516,0.009813454335926246,-2.0081780940506944,0.26842896033542096,-0.03423625038779573,0.06868945340654187,-0.004513486041723391,1.0,-0.12365747587049006,-0.11628246255339209,0.1880947050376467,-0.07988602317742714,0.03081059514025454,0.14280491126741562,0.159622734700379,0.05876484955293272,0.051093884702454656,0.045408635779990526,0.02579887514031337
980,1.5238980832282465,3.9730806087665687,0.003745318352059925,-2.4265112613645754,0.1274854269786511,0.07931773746701376,-0.0542065272796557,-0.09591940126489314,1.0,0.1301326969804061,-0.1844605500485885,0.2910929135498007,-0.23611699506578993,0.003667854258390335,0.05021196476733899,0.1871324946376718,0.12536636397205952,0.06937402393391372,0.07635373556353864,0.02330454527631685
981,3.0765011140625016,4.015289366586312,0.003691299337366753,-2.4328207352715827,0.17390673182198393,-0.2842144676321722,-0.12258888114818899,-0.10291664426403475,1.0,-0.19259008051215237,-0.049552344303182914,-0.24330800159989388,-0.11040159689461211,-0.05415464097856285,0.035635531731412366,0.16068957958533145,0.0608095477155045,0.008132366704134213,-0.03958160948846609,-0.034100026666137935
982,4.228862331422371,1.1562120812824648,0.06807296168251224,-1.1670253539290987,-0.28614592862376537,0.10712638626052513,0.2482398653042014,0.03856537612983746,1.0,-0.22061575829283203,-0.08161392542273739,0.08402714362310845,0.01935114717231461,0.057649261228401985,0.11787443055279566,0.24728276540061267,0.10262219277963061,0.042225845648309474,0.043655824465344675,0.039390078109318084
983,3.0128736490313464,4.87258720784593,0.0005581964851627773,-3.2532129024930643,0.0156617536445657,-0.17706734132579474,0.13418702979630154,-0.24081323092225618,1.0,0.04534513416532255,-0.10350260507953918,-0.09845111866297053,-0.18584131405561344,-0.011461051938261765,0.021894158697864954,0.20611722447482794,0.1400696618453118,0.06259852064925323,0.00964397490275989,-0.018593667489489887
984,4.236553819525645,1.8724096491577722,0.024479616825122442,-1.6111953844038178,-0.2626784605844038,0.0644363598073731,0.2672446245912526,-0.07309183318619589,1.0,0.2930369792558822,-0.06256592622717629,-0.08215044357874318,0.0277830541054614,0.045810638559577135,0.07369230824872776,0.25501841689213217,0.23356431680401232,0.1240164587787833,0.05492911804343787,0.04502269617681812
985,2.028703697485995,1.5137491838796022,0.12234406511091904,-0.9124170933501515,-0.26377622537352735,-0.026309457437885764,-0.23440811737353967,-0.27484748967518696,1.0,0.2060682696798719,-0.2574285160134452,0.05860225997006463,-0.25188378644363807,-0.06834782233389504,-0.001321620940627896,0.12971514289101785,0.07417048874002026,0.010026998082360634,-0.005065438086280574,-0.028562798835441335
986,4.092084574528661,1.1201877099554458,0.00229580812445981,-2.6390644115573627,-0.21364594105580637,-0.209850181267428,0.12958201866701985,0.051022242462419196,1.0,-0.18721740826620079,-0.21732705905846816,0.15689982868307897,0.25266415486836497,-0.0044434099463757405,0.08936616820572457,0.19010031948108647,0.05824210694965906,0.008744372475283426,0.051679490678249666,0.07614034809230248
987,0.9170617865511892,1.2566163799007892,0.03585061941803515,-1.4455033362999272,-0.18931319332435814,0.10655376379963068,0.020503008656155286,0.03202507928433427,1.0,0.2996392741172308,0.07909269661998686,0.24875147913504736,-0.19495858696450064,0.008673901460200773,0.0845175651907637,0.19036402466724917,0.14122646490445886,0.10321005381252282,0.07479754230185022,0.02328456695549842
988,4.224902010272042,0.6102121738769224,0.0010623739556323826,-2.9737225846851927,-0.16177124741517065,0.2129632071457086,0.08020606518374133,-0.057403761306970655,1.0,-0.05016761521343288,0.18454020066794943,-0.21442449537927105,0.04566787165539108,0.036760347365960386,0.08658958762380016,0.2487478205478395,0.15667386526984195,0.10394792637476934,0.02032999124703769,0.025249404023626482
989,0.5532676706286055,3.0126975902441604,0.003610270815326995,-2.4424602193711356,-0.17687242151339228,-0.11055114084140535,-0.04410317560380835,-0.09206929866313024,1.0,-0.14536316714114578,0.07085245396129781,-0.055096653288221484,-0.04403900808405326,-0.040103376460998666,0.03257568801993245,0.17222228987343935,0.07587420137937298,0.05085269732030914,0.018854703250568042,0.01132198060814299
990,0.5442028316101604,1.5203525238910007,0.004906727167963123,-2.3092080897146756,0.061732354744098106,0.20393936996858014,0.20828623753141648,0.27974958155982493,1.0,-0.18167974835110046,-0.09921256274075736,0.07723577154089996,0.20706369196570013,0.06772072114569172,0.12492192160960026,0.18160420408327946,0.07273016156929468,0.03599975942865849,0.04683395573396518,0.05981404905501675
991,3.4397301017875126,1.6127717819456089,0.0033851915874387782,-2.470416747063657,0.09026769709412232,-0.18079020119308836,-0.021267039752258052,-0.10477580823837052,1.0,0.21830194959752283,-0.2511916325335478,0.07813072088646744,0.27617613845533046,-0.027090990011811148,0.034267750175755764,0.2067165963440936,0.14704894780830055,0.045265009716757065,0.05557591370740103,0.08810352621558767
992,2.390514501948368,4.4287286429768065,0.005500936329588015,-2.2595633817487637,0.17813859701125237,0.29593977599670346,0.03612155853121883,0.04048777444690572,1.0,-0.22712871369829626,-0.14009150691312885,-0.2260993537020448,-0.2907100695531139,0.0593204565801631,0.10277681965075071,0.2012338081718352,0.09366046557111493,0.029201871850191925,-0.02276115187551989,-0.04491261146135668
993,4.678081360557277,3.600734703324049,0.003772327859406511,-2.4233905690250226,0.24417744012837647,0.012995774370585656,-0.2554498055417605,-0.2787614759403333,1.0,-0.2768633106816267,0.07791258604250995,0.269314633009364,-0.0774818320745377,-0.04941649389283761,-0.017751530739386,0.15072352653459153,0.0640768342259965,0.06478364020064459,0.08621411657135236,0.04987544300079184
994,3.000920642409463,0.00612783015985047,0.012127268798617113,-1.9162369962683323,0.12152905629435884,0.22613119823412473,0.08406409062133713,0.2206280863270416,1.0,-0.07179260388289582,0.06358936376027768,0.21695431573504467,0.12262767858854601,0.07098261617228908,0.15973237701716686,0.23668497429723018,0.12108974755464467,0.0934713415234363,0.09858939266772627,0.07915816657212742
995,0.08638412251191493,4.554161157057318,0.019005690002881014,-1.7211163586836615,-0.23550133486159402,0.27900169691101806,-0.24594429880674,-0.090445941381191,1.0,-0.030204102411072686,0.1882570217290228,0.11287662411861638,-0.23674029856374565,-0.029415842106036285,0.040016101860754924,0.1268193660615435,0.07978000757043363,0.0761098263675769,0.04588583708928982,0.010527204287826561
996,4.952050866932963,0.9661670149902396,0.0006122154998559493,-3.2130956792850816,-0.05023789657304821,-0.09463514179585812,0.06835707181506627,0.24480705342878725,1.0,-0.19020464764283643,-0.08400302188344522,-0.09401203239556008,-0.17028611290480403,0.02970894222373467,0.17676180229692845,0.29028919349721943,0.1160463980513753,0.032455589691614134,-0.016385908001639617,-0.0353950152194411
997,0.19473678714417342,4.974685342114075,0.007202535292422933,-2.1425146049993744,0.14738316840961088,-0.06902821818271204,0.25620467327759516,-0.17800101019432177,1.0,0.11020727537586388,0.29366678404254404,-0.19731284591661638,-0.06265213690411875,0.027303237191469345,0.10616396845116245,0.15793717794179726,0.12994011026783278,0.08739211030787539,0.03998941065300822,0.03456629608840162
998,0.9841512440752459,0.7416628415163383,0.0005221838087006626,-3.282176598428381,-0.01028431422431616,0.09569641925538737,-0.06569581538830117,0.1075204847775142,1.0,-0.23508227683498906,0.13891231134910453,-0.1853496087762958,-0.1208442728792905,0.005293076403971283,0.08363278587286879,0.18027477017692936,0.07023158020678451,0.04588489144167156,-0.008175476241449516,-0.016071511484724157
999,4.156566474004554,0.3162977305669589,0.00081028522039758,-3.091362082551993,0.11451247861205617,0.009195991271467063,-0.24491085262840795,-0.21334200110669416,1.0,-0.27610678435881064,-0.005534024110573421,0.027207195798376025,0.2138503959095527,-0.06665425949756075,0.02018674344448155,0.1676079947528562,0.043503000001820974,0.020983548156515895,0.037049082608250516,0.06429763560060907
1000,2.1370473215727372,3.841702815141443,0.010047536732929992,-1.997940397389758,0.2784837814839998,0.12188662867155761,-0.19356080850932503,0.08638900338144952,1.0,-0.04629113985654212,0.06745285910854228,-0.013018736543764698,-0.0473938038357458,0.006573851482064994,0.09623238737956556,0.2457090044079397,0.15420680280558396,0.1090276484632345,0.0703181811314036,0.048352141441279355
1001,4.806836402343188,1.748187304992153,0.006743373667530971,-2.1711227742918515,0.1926824657051041,0.24434724516514142,0.05098682155692797,0.05065149299455161,1.0,-0.23278057486643194,-0.009030949497821706,-0.11449052783616293,0.16806230230534772,0.0788103347053296,0.13616658606916066,0.2800042839335579,0.13146025858695665,0.06175808497302636,0.031298932422094014,0.06564505911151403
1002,1.8578018002009264,3.023373858430883,0.005014765197349467,-2.2997493968175893,-0.29705096855370905,0.030214574917549863,0.25160645339073473,-0.15569893049716926,1.0,-0.12276437168856538,-0.021338762239390074,-0.02007770743124442,0.1868514207918539,0.023325373622999374,0.038783529669033756,0.1772058783470969,0.0977217824260471,0.050704133057145176,0.03765255260109901,0.061457320456340565
1003,3.3636930216716694,4.436159303540296,0.0037093056755978103,-2.430707375958183,0.16122694155057885,0.189374598386536,-0.2558177996871444,0.2771668421431745,1.0,-0.220499839833122,0.14311743308206534,-0.07316897758885856,-0.05418668674018272,0.011379625194471126,0.1343271871367109,0.2241505742017416,0.12109444708681462,0.0958393372434131,0.055220902727578035,0.03952569757368942
1004,4.740094662002542,3.9357363947253705,0.0023048112935753384,-2.6373646266794686,0.22019551891673148,0.16695015914941638,-0.28068713087029795,0.23890238813736753,1.0,-0.22809964183951537,0.20295861529491196,-0.19579089318199877,-0.16662849165308255,0.0041446534908189964,0.12080098542221111,0.21995205390343034,0.12239277310397936,0.09342236183497529,0.02372596199522529,-0.0003629622156085167
1005,0.6956598397392313,4.257570680666556,0.00722054163065399,-2.1414302237071543,-0.1335003821238753,-0.20670698384444466,0.11019290993895951,0.04817620647073637,1.0,0.2124481587152363,-0.29855190462284587,0.047695851925784294,0.2719835752949658,-0.0031938182874426753,0.07333401161304766,0.17249924118753054,0.10052755171486065,0.03147217244157389,0.05142395656072255,0.07210321438869369
1006,1.8719482872581772,1.2922359154761665,0.006554307116104869,-2.1834732126782805,-0.11726509616380532,-0.22664522238358112,-0.1820438451849589,-0.1449210991373603,1.0,0.022028318295724537,0.13292271047609563,0.23508108445575274,-0.007788030188898942,-0.07531065941958014,0.00012046245693328597,0.15715025088603804,0.0999235848740583,0.08747728647197417,0.08376497229875018,0.05012494656992831
1007,4.513204781876406,1.778215609716359,0.0005762028233938346,-3.2394246180074306,0.24674257129917543,-0.10677217406159435,0.07220661623437653,-0.23124004809581966,1.0,-0.2931507591797641,0.04477632888119971,-0.16516710808241625,0.11334749490738169,0.006299620883298415,0.03168373728797187,0.1866798155955142,0.07027442649933299,0.03222370729439255,-0.002328330531128141,0.025879959191472967
1008,3.9270937729506277,2.9812576244386326,0.0018186401613367906,-2.7402532225446943,0.140245369431257,-0.2469676402912928,-0.1680396881676735,-0.23308717651453792,1.0,-0.12499674376147774,0.10955722755492793,-0.08330909115871506,-0.05904884209955769,-0.0797425940092555,-0.02174225190277864,0.1663981176823775,0.09382220174459538,0.0651568173663928,0.01946329866577671,0.005450994732326492
1009,3.7246512327477346,0.2344185944161188,0.03343777009507347,-1.4757626925875562,0.29949986256884925,0.1604689830300314,-0.18934498708479852,-0.06769019477827527,1.0,0.016539388258723874,0.17740187514631753,0.2744891385559632,0.20490887012487288,-0.003362255869395965,0.04792392511246154,0.19293517519752032,0.1308177283285929,0.11558888866860784,0.12325556300731297,0.10846590836346594
1010,4.435348435959611,4.901601273878894,0.09021175453759724,-1.044736870460091,0.043207509815428556,-0.299931309898996,0.15121902699588644,0.2196580140921576,1.0,0.07720447965749903,0.17301463410034104,-0.16089806443250984,0.12001581867808665,0.007685726806039909,0.12434127029509758,0.28768392692931044,0.22644407847772385,0.1717013594384956,0.09845349251259614,0.10128809571607018
1011,1.4013738855246403,2.509219075488251,0.029791486603284355,-1.525907824831465,0.23868801977471374,-0.05168930831708276,0.029602160957212506,0.2667417997601133,1.0,0.113396847943023,-0.25273081578633283,-0.14968285190355837,-0.10876279090655484,0.037172963186330434,0.13424434225095686,0.21482985583751837,0.11436523918759112,0.024857484313370915,-0.004120825766137689,-0.004556410984291775
1012,4.314690452268308,1.006542127819101,0.000756266205704408,-3.121325305929436,-0.16742217378895857,0.04853265405659175,0.023372862477018908,0.20576199017108537,1.0,-0.27934905496323786,-0.10899060882962526,-0.18840330500399863,0.06601495683432206,0.016729137442037665,0.12597835086094425,0.25238789860990707,0.08989463101967109,0.0063511503013473575,-0.027801979658303763,0.004026041779946891
1013,4.541594535233632,4.317384262096047,0.010911840968020742,-1.9621019721610506,0.10413614173208556,-0.18363197039105725,-0.05984508127552624,0.06904656492073755,1.0,0.29233291121278976,-0.2856631030786268,-0.22102065285942377,0.14799559768113976,-0.022798311422115126,0.09005637646300774,0.2609778218976411,0.19180931213033875,0.05163344900599685,0.012049275403167357,0.04719663672055804
1014,2.7439573876685373,0.45581008523311234,0.00573501872659176,-2.2414651596559674,0.02579764059303122,-0.17484761786493816,-0.2235964672084677,0.10405866903041824,1.0,0.08684443463215112,0.036923750011282494,0.2702974557406433,-0.15781684306220292,-0.05119354045536887,0.07823825369922041,0.20678312093892395,0.12574764207116934,0.09363887170716922,0.07958104607994701,0.023096046511002537
1015,2.236705293458993,1.1956387919834195,0.007940795159896284,-2.1001360068594983,-0.13394283013763011,-0.26246926453153957,0.08608677463333876,-0.1486020422608931,1.0,0.2056945956331834,0.2509979618322041,-0.07634630577363703,0.06036282688644161,-0.024005443916901018,0.09177191549151094,0.1755966612261918,0.1369958161551732,0.08826345714288467,0.04771972951554158,0.0390498058473004
1016,3.4627680429415304,2.304633280324546,0.046699438202247194,-1.3306883439977328,0.24445606035861625,0.1846317825433098,0.0037874735923003385,0.20263823675931128,1.0,0.2615676750748883,0.14401396114597176,0.29162813576495944,-0.03624791889128718,0.056438709442890075,0.1305408875785282,0.26168082845265855,0.21681698309559502,0.17334177581541682,0.1553393949390703,0.10013398127809126
1017,4.4693296817792145,2.720847661586832,0.0071035004321521175,-2.1485275887818975,-0.2041511165319059,-0.23889537274762696,-0.053666215782391245,0.19254316869525015,1.0,-0.054065983606542585,0.0531939856630935,-0.1569266698977263,-0.00891971015307499,-0.04976824637192969,0.11675611997393734,0.26835784343806895,0.15179716518890615,0.07971231861091226,0.017188340611098973,0.018027994654464363
1018,4.57189223255651,0.13695173360550703,0.0010713771247479113,-2.970057630598787,-0.1622619113359082,-0.004082883411970506,0.17873619488001413,-0.25501474965766174,1.0,-0.1785133841915085,0.22047335643539578,-0.1654739453737409,0.25069553464378774,0.011242050140848139,0.02932322961827505,0.17710065126576113,0.09320500144506157,0.07332550095822295,0.028767066246525932,0.06257934344599293
1019,2.358427836307094,3.237977340362238,0.00891313742437338,-2.049969397393768,0.2826154255404291,-0.2421356449727676,-0.1965914443232318,0.04155855682139426,1.0,-0.18420013485782227,0.2637237140437573,0.18447027042277198,-0.035604741180205846,-0.03940422659585816,0.04032127438147708,0.15939073351758137,0.08740481416973443,0.09964208276091002,0.08835043940634488,0.0556934328073517
1020,0.4343547293479841,3.9591037568973513,0.0027729760875828294,-2.557053875490874,-0.12409541631916865,0.09636918377483518,0.19667362541736344,-0.10694661134836549,1.0,0.1698895013693507,-0.19277052801631653,0.08204653843491998,-0.02826166752181638,0.03371601597679277,0.05191080634815652,0.19045070219950125,0.14046255208873337,0.06290600160917617,0.053448547667956765,0.04036917538241489
1021,3.132351395066789,4.450753843897811,0.00587006626332469,-2.231356996259398,0.1616972146843729,-0.13422520903487403,0.11129916945727081,0.14353049536922355,1.0,-0.2078112086306917,-0.2104686445894845,0.24069194400803848,0.11939999604943309,0.03413210454805702,0.12747012974165634,0.2171728983290323,0.08771779276811721,0.04814688828447782,0.086364910452731,0.08509270406176427
1022,2.8223418211212636,1.2965972001419264,0.03544547680783636,-1.4504391772010885,0.234659129955613,0.1452846895287332,-0.10669890367276608,0.07958778520085653,1.0,0.2949781230222612,0.13328268675048974,-0.09262140254330652,0.2726777940877754,0.017156840781713745,0.10106565596435621,0.22247758101051468,0.1757415040570199,0.11018186697358559,0.07411229644604354,0.08870402219618813
1023,4.949101316192818,4.991497310976434,0.0024218524920772114,-2.61585231198891,0.05654172098563537,0.0543712142838235,-0.2161004123456373,-0.1611825351229901,1.0,-0.05843443449243558,-0.016574801055436215,0.13235374758695564,-0.16985314006491603,-0.06011669601547173,0.006581491195711054,0.2508296145642711,0.16924288700600382,0.11268938035621837,0.09497716415636374,0.03474342153843234
1024,1.6524062113610516,1.1376733810846775,0.006194180351483722,-2.2080161537558065,0.17991014686580767,-0.1320010070741661,-0.048370652777346375,0.043998703932336354,1.0,-0.268894087468358,-0.13883566664894315,-0.22321421032876096,-0.18761668460989658,-0.007971241065237483,0.06164410031371262,0.1613000863798813,0.04319762354371185,-0.010605429056923988,-0.04687648768594814,-0.04685616158476439
1025,2.6740602811452394,1.6552148281394166,0.04170267934312878,-1.3798360412719382,0.18366293716889065,-0.17609464847977138,-0.2819730481595088,0.23090525616836516,1.0,0.2895925249763008,-0.1557919662262435,-0.15626646335637887,-0.1609232258609902,-0.034243641009392214,0.08114038010426629,0.19028752673968047,0.12884172266859564,0.04025558905968512,-0.004714224242191926,-0.015500267883988507
1026,0.14052387394213742,4.121941889638787,0.0462942955920484,-1.3344725196844762,-0.2648510220862859,-0.22288992406600927,0.010480053574327618,0.27532699833658836,1.0,0.24020974267563988,0.05927269438171354,-0.11174193901378456,-0.03428744172842004,-0.018112462446049426,0.07818768532516049,0.1829131671528581,0.1380681604208822,0.08468663723542424,0.04042882500178625,0.03066908892473544
1027,1.5673842011220815,4.235040401232643,0.010416666666666666,-1.9822712330395684,0.27519104480601025,0.12304446950532234,-0.13338110947174786,0.15709375232223213,1.0,0.105243632627341,-0.11164030385832113,-0.2513232524217447,-0.07484073959927508,0.020756438403940557,0.09800284872289844,0.21662537116728436,0.14661032453987052,0.06366425009870225,0.00740866299904594,0.006667345636213249
1028,1.3062524512862526,4.934685534111615,0.0037903341976375684,-2.42132249615565,0.03969860904510329,-0.2183532547654281,0.2701685433986049,-0.20188663158624243,1.0,0.2009401424937228,-0.10565554083688167,-0.0029671004204311234,0.17673248488079832,0.016165769192857702,0.04162033142830207,0.18279659639968504,0.1384001401171435,0.07538971936748251,0.0627897027035574,0.07719142524213618
1029,2.0760422559709553,2.0475315712561897,0.013045592048401037,-1.8845362065201434,-0.19029156493746097,0.1707737542985897,0.048046202427599626,0.08959570357567655,1.0,0.10828162989545494,-0.08599971800447183,0.04897815088756856,-0.2500272044027591,0.02545622437975998,0.09806897161229898,0.23051129864552614,0.14839880726432986,0.07364335857646419,0.03733895840549434,-0.010034785081950045
1030,1.8032419770017665,2.069669731596263,0.03915478248343417,-1.407215184325982,-0.026773499579807892,0.2803281066918602,0.1534167118759312,0.15523526784119268,1.0,0.018039261132616866,-0.28488150225957665,0.1810476329932826,-0.06633690450799835,0.07019774434757654,0.14137567077510835,0.21854944101993676,0.10273426139617106,0.03733701789733206,0.04979145376583088,0.029922739223613534
1031,2.4525643275233455,3.3164565286196437,0.0023768366464995676,-2.624000665121487,0.07709202903199072,-0.22454655934891904,-0.12947173358164432,-0.28529971621841216,1.0,0.1593863019616634,-0.14995457709606827,0.21169608358829078,-0.18615267440477398,-0.06179286454666148,0.00152793696416029,0.14708842983286496,0.09346466281929575,0.04890926493259026,0.0443676688810629,0.007506194622832705
1032,2.881572697057001,2.2652785077404767,0.010218596946125036,-1.9906087304621765,-0.22974218712744068,-0.26985779673532334,0.100732811444541,-0.23417412559116324,1.0,0.2990345813914889,-0.2577009080969627,0.27292923119535795,0.12564205685029342,-0.034739543750035795,0.06029196495795171,0.1495315004555114,0.07996736481041813,0.04762950707715253,0.0664878576112876,0.053817911392915044
1033,3.7317246999492415,4.385708594054293,0.014639152981849611,-1.8344840507332687,0.01728364407792038,-0.0881535562882473,-0.2581666839060394,0.2813977155887332,1.0,-0.13115662101387093,0.27212061658643755,0.18641874796614066,0.15962113594242833,-0.04626164234280414,0.0812461675409572,0.21769810870333708,0.1412252192382494,0.14516401020529918,0.14276970035529524,0.1300322548707126
1034,0.42660155527953386,1.4279288185240546,0.0006482281763180639,-3.1882720955600496,0.23796839245203083,-0.07229270988082087,-0.0942054529449507,0.05401432883546307,1.0,-0.25421747706528125,-0.18655139772172347,0.13723658612453363,-0.28816939486291,-0.0033317686385851445,0.07347317384668209,0.1313856890261726,0.025068876376386575,0.005196741077492682,0.0025331593255980135,-0.025279495379729625
1035,1.7608146413094794,1.8757263960986768,0.027756770383174877,-1.5566310672648098,0.18622079592874866,-0.27374767241585357,0.19813194765036973,0.10027724367197173,1.0,0.25035850939888754,-0.20000408486965185,0.009454411771095605,0.29440220380891235,0.02633133708208852,0.09626770596405068,0.1887572002670434,0.11765789899427759,0.04530802900956173,0.051858974185523855,0.07247131479324986
1036,4.573754889580872,4.150031507703791,0.03992905502736963,-1.3987109678235727,0.10325301006184193,-0.18286221676828798,-0.13205798344916095,0.17829610774751428,1.0,0.18687686457495234,0.26183431349326164,0.25146235274140055,0.20806947895670103,-0.0338169483238488,0.07533791642677934,0.24221926318770703,0.21546907496731368,0.2002788442417097,0.19337101619406916,0.1745555698732636
1037,1.191195645263683,4.462462606110165,0.013630798040910401,-1.865478716827264,-0.25657055174575466,-0.04050586582486077,-0.028533411782855355,0.07252664944210174,1.0,0.1824822239926811,-0.09593274660959542,0.06163035331379576,0.09562348608039055,-0.026846415305973308,0.06636085091070694,0.2223202868561267,0.16012452365367966,0.08725968143220861,0.07723182740651123,0.07654320119333191
1038,4.982142049301933,1.547016851747214,0.00735558916738692,-2.1333825354589027,0.014495459717177427,0.19931571073337728,-0.25680653896181443,0.20465489650991017,1.0,0.11617097203945138,-0.2991924671236705,-0.23119061299518967,-0.1834804478890395,-0.00898875647333106,0.11543209576031666,0.2477080277861319,0.1396314250366583,0.00610549845388707,-0.04883897530458949,-0.05035680840761547
1039,1.1502493694747054,1.807987632999021,0.00863403918179199,-2.0637859848206546,-0.07730496184086842,-0.010180065493880995,0.18702711470379035,0.2881296560563322,1.0,0.26320599549158885,-0.15913217349005343,-0.1857162516130504,0.0997810488459826,0.0382148446455775,0.10575542101329033,0.2124341813772419,0.15872481537663136,0.062195642153048986,0.015887857549472473,0.03058818983046887
1040,4.205882031157962,2.4068325313550427,0.020149092480553153,-1.6957445097989867,0.17642177292942687,0.28645415052446027,-0.22125178732711165,0.2863245815535561,1.0,-0.25596297765299786,0.18263970892821926,0.2508653901202072,-0.0032015555751156665,0.02721312285478521,0.13547704902390204,0.21127248766038792,0.10522044170649064,0.10915180368629566,0.10946930212143827,0.07437614031301452
1041,1.3899553941318619,0.8206868553153808,0.03934384903486027,-1.4051231550208962,-0.12675203082727413,-0.0390069209860468,0.2939610161842199,0.20804452474117174,1.0,0.2753070983173104,0.06061029907293107,0.22935855458301993,-0.19202506924690704,0.04945480923983791,0.10743370980588722,0.19910546183411543,0.14687227014943188,0.10015152104033152,0.07571717593597904,0.02425148663278797
1042,1.9364353528639644,2.0184729142010265,0.040046096225871505,-1.397439813417317,0.09414854797858492,0.09474365628929848,-0.2062271421667922,0.22942078182325398,1.0,0.19841502687607618,0.009754292247832886,0.26576656481955685,0.16656457774562713,-0.0014129088693543262,0.10933583244628972,0.21088099976635397,0.14427853611032807,0.10426649735253407,0.1133827472511544,0.09489472472255399
1043,2.1127050834204253,4.728947498367663,0.012784500144050706,-1.8933162476082614,-0.05520118269975981,0.07181207998996901,-0.18458485495710927,0.17325168877703698,1.0,0.22071068381885361,-0.2573988782233927,0.007130747305586493,0.07592614211955319,-0.020840078466473944,0.08417964800678114,0.23841341159932658,0.1745885521325626,0.06898978530025023,0.05690769537612403,0.062456926989779685
1044,4.504882569082414,1.919312854784705,0.010830812445980985,-1.9653389646514732,0.194908799065343,-0.06611431066406964,-0.24719680172621752,-0.24258563886820128,1.0,0.17563656592865382,-0.13591077536440183,0.18484564709088094,0.28797485836325787,-0.059770525408668305,-0.015044769555579051,0.17219349864393693,0.13481916492412574,0.0655390803209452,0.08510014244971936,0.10728227589568717
1045,0.6740098619933043,2.1609351604887257,0.05447817631806396,-1.26377743905889,-0.24314273658151725,-0.18236858668800132,0.04926297636027514,-0.08015928964335176,1.0,-0.25391162385852817,0.18216592792061428,-0.21255812773424074,-0.1695523475826072,-0.022825311784664508,0.02925684375245741,0.12302449710108011,0.044262096863692625,0.03473835652153558,-0.015087947003942932,-0.024126118230773805
1046,0.8188301320337245,3.4193620050642126,0.003880365888792855,-2.411127321830586,0.033908032297557344,-0.16339854361645692,-0.1668048585486694,0.19178849751701024,1.0,-0.24097525944223716,0.13834135232573588,0.2332848330275321,0.1178401154886737,-0.028918972397295864,0.06387064454044626,0.15417327982298448,0.06534565729047867,0.07066590053866534,0.08287465680021741,0.07146756969066399
1047,3.5670075526293674,4.487759637747139,0.0011884183232497838,-2.925030660785468,0.20092925355345068,0.09912802145976796,-0.03683020388125528,-0.19045048631224795,1.0,-0.06701930096114112,-0.1836200411290791,0.13455480750046037,-0.2029301344431085,0.01557114253420954,0.04690620212328593,0.21717983138165795,0.12565634803358333,0.05539324071626324,0.050515845922921056,0.00772708689710422
1048,4.4625162773123686,4.893409075353853,0.0037183088447133392,-2.429654540334917,-0.1949922444759062,-0.04021552415640994,-0.19223872391395724,-0.053893714967382475,1.0,-0.2502784308774498,-0.03409054683548483,-0.05403859295750506,0.14997917804751074,-0.0890697159748643,0.03686050388178939,0.20576434154710563,0.07463479491767444,0.029230947692100592,0.026020031798688257,0.057398306893057215
1049,1.2833487537405435,1.3405719703234502,0.011560069144338807,-1.9370395682584836,-0.09247596678735998,0.23836498981322884,0.06421497354531065,0.058068382479484,1.0,0.22952986664039926,0.0954393572406065,0.02419675310517273,0.10209119729877687,0.039761499183067754,0.1187517059410518,0.2313988560853908,0.16483716627165676,0.10691709622106353,0.07615597558565942,0.06699969760545044
1050,2.3199567784320356,1.953044645606695,0.0016385767790262173,-2.785533204006243,-0.12100977874928025,0.2687843290504505,-0.29105131177233373,0.1729150338936979,1.0,-0.2015325300560692,-0.11212681459036068,-0.11117510447553454,-0.21152542744371447,-0.0019109354859378007,0.12232465604277146,0.13643997514686854,0.0396758468644153,-0.00016982084366176973,-0.026651980179211422,-0.027388892265517044
1051,2.3685136591484457,0.7426199237353557,0.010839815615096515,-1.964978105069512,-0.20836481293025697,0.16626518636918053,-0.011448836538443807,-0.07632222695123134,1.0,-0.14157575078612336,-0.13445147939737415,-0.06241845807114379,-0.25219604021513453,0.00035669871444414427,0.054159921959167745,0.1841725293427037,0.07340388495622485,0.009978555830130003,-0.021525782325621606,-0.047280800032150835
1052,3.107226357181143,1.8362268198120333,0.016205704407951597,-1.790332086888012,0.2841280594736836,0.2661751708829338,-0.16200574717136348,0.006155883909478033,1.0,0.01173116941903891,-0.11683009532643436,0.0054113562841160865,0.032804253605806764,0.023018803702631832,0.11656724956960914,0.2541753192893417,0.13778018022118613,0.0595806151009992,0.045725852827787926,0.04417927576675085
1053,1.3637037205154365,1.63510785618075,0.010947853644482858,-1.9606710170546018,0.04929131485930647,0.14908038930832807,0.2620966051403788,0.006984875681083768,1.0,0.22375287859130785,-0.029504501969481154,0.0909930269032598,0.2748673377294408,0.06833096876358097,0.10261860699053267,0.22025252108630877,0.15728372223968404,0.09253962853480853,0.08748478892904903,0.10044531941620032
1054,2.2861090416035434,4.676167978078855,0.004267502160760587,-2.369826250317233,-0.15117759925763968,-0.24074203111617232,0.020951917676966646,-0.1907318794691652,1.0,0.13222705812738203,-0.1331528463929997,-0.10337614330234653,0.037981772098080686,-0.05642006406427007,0.023690650380316074,0.18558568235100206,0.11769698589153652,0.04060100251568259,0.014603760283960616,0.025072279468356665
1055,0.5704883311712657,1.762892837860771,0.015107317775857101,-1.8208126354986365,0.17762258014623003,-0.13326430891492846,0.0774215524642345,0.195590597687562,1.0,0.10716923901554007,0.05462409956078649,-0.036118215657295956,-0.12992192015609857,0.02550761445281207,0.1093197977620121,0.217543020564768,0.1382409892278961,0.08458898965450312,0.0383595079977675,0.011930618808585185
1056,1.6641882979195002,1.4551639347108625,0.020347162201094785,-1.691496152843917,-0.27160087721639653,0.13694442201429424,-0.21804284072040306,-0.12635761289317501,1.0,0.03731130727308261,-0.22722918919785473,0.014947675274323724,-0.0017494320621752712,-0.051106204720147236,0.038732780085710086,0.16569217128262767,0.0722728231323908,0.00547522641707403,0.007240350833705951,0.009613389325326157
1057,3.186846406938243,4.657282836953679,0.012253313166234514,-1.9117464667879833,-0.25487068016094594,-0.13755435299441543,0.16247300821673413,0.04547979873304315,1.0,0.20675461011754884,-0.2453032502548458,-0.11963210703933702,0.25247367475211663,-0.008967309653197567,0.04968622062586608,0.20388734787212104,0.1712306551476183,0.0653792551393899,0.03116635358944943,0.07025556222574302
1058,4.832152740230877,2.5060662017169184,0.09914289830020168,-1.0037383892700253,-0.2030329967969952,0.2536754170708447,0.21914723292237095,0.05925919702944089,1.0,0.24407065864308922,0.20949483012687964,0.045117379765272435,-0.1649916161395933,0.0780434820992242,0.14737534355856163,0.2855332292562925,0.237086455190554,0.18324465705023285,0.1090738405536531,0.049863369347879966
1059,2.167322920508407,0.5277553472259016,0.02793683376548545,-1.5538228164071521,-0.23491897204902068,-0.10104237552561247,0.2827151066000247,0.29117148635520224,1.0,-0.07524067069639319,-0.03463650078254745,-0.15246833582859404,0.1261582497716669,0.04664392536288258,0.12773074382055258,0.2085616154824713,0.10191692713636953,0.03985589712669157,0.009125801990235312,0.029577722687051094
1060,3.0451272737719215,2.0355803228361906,0.010704768078363585,-1.9704227373726264,0.0867807124875797,0.20737190526413554,-0.027862347991205526,0.21426252822335545,1.0,-0.05502955577707606,-0.12663559092045765,0.2914879905660057,-0.09568022541431394,0.04458765826815477,0.1324554043839773,0.2516350667444999,0.13680650448725118,0.07722896078701422,0.09520416541676337,0.05210253993139844
1061,3.2751010773083706,1.0455559156543992,0.015278377989052147,-1.815922749673642,-0.1605613291749214,-0.17975833495753923,0.2736360685467358,0.14515742522309663,1.0,-0.16367524124319974,0.10488652449531626,-0.14589060330238832,-0.16640321460770308,0.03937418712498401,0.12472019055015986,0.20293622531570918,0.09439895774057316,0.055010913096379094,-0.0021983557875602895,-0.018342430216215115
1062,1.2253622213987867,3.4784818457482514,0.012982569864592336,-1.8866393316079078,-0.07304584877793045,0.2827677865475393,-0.14127229925649673,0.06312656787045787,1.0,-0.20954899170691987,-0.08570485076085944,0.09322885385486113,0.29128087935372754,0.005384426333686476,0.07052511951051743,0.16932992264864047,0.06910747559105253,0.03674572423262418,0.05799414130000479,0.08420977564863188
1063,1.5286305438943417,2.089226527708873,0.0011794151541342553,-2.9283332963355537,-0.1161494631303675,0.01671058562204981,0.07050301994622318,0.08020967291026086,1.0,0.2893091663577099,-0.2595216490989626,0.036609302479726824,-0.1331678348668676,0.015129751034972095,0.08763339669093889,0.22568939474591443,0.15817383508240895,0.05195837598299787,0.03022710338408125,0.006485278199727996
1064,0.6868366435319615,3.33192147936264,0.019527873811581678,-1.7093450399771246,-0.23450941656851582,-0.20365001231834157,-0.028435836422947003,-0.24749311421161435,1.0,0.09970894338039993,0.02450363237053239,0.23595062171607947,-0.2879448951503852,-0.048279280757623076,-0.006574584325611961,0.12342251341973397,0.08195767349977613,0.06119970578573486,0.04957154894624457,-0.0015987703286927117
1065,1.9238599932602836,2.7738049265590026,0.00243085566119274,-2.614240827832331,-0.12951745037409795,0.08776667177204535,0.030955028881443056,0.15205689492415234,1.0,-0.0310007089389448,-0.21368042997197703,-0.20510936044441988,0.15337220123600195,0.01981026703072532,0.104482434288202,0.2241781359803069,0.11477664602311875,0.018900797626487255,-0.007161138927996007,0.031558493687669296
1066,1.8495504428608602,0.08224351606934038,0.004843704984154423,-2.314822316324929,0.2282603904351633,-0.1520105484281439,-0.09179769529007976,-0.07013337655224954,1.0,0.2024330663030437,0.22511306317812174,-0.09128848704319929,-0.062109052965874864,-0.022960382489611887,0.06119296475608333,0.18887208317276963,0.1413576100661014,0.09601286567794484,0.032583413736451634,0.014014808715408658
1067,1.9047572746502672,4.413929469781288,0.007922788821665225,-2.1011219198411495,0.14964122023392953,0.0366613186735653,0.18291215035979086,0.12727288801471648,1.0,0.00841534123354719,-0.04817228193452033,0.18255437731739696,0.02857496184732293,0.07993560022499661,0.1744151286215807,0.2877155214493244,0.17515847308540675,0.12823798795596597,0.1290497996272607,0.10360825052359189
1068,3.266298788518353,1.617535845230278,0.0024668683376548547,-2.60785402917093,0.24525035262152034,-0.002349315393119522,-0.11424426529806937,0.03544552039204498,1.0,0.03489063812163975,-0.15015916674215546,-0.21924836379640303,-0.20066198472457655,0.00591295173974765,0.15408582505241028,0.22079098201031555,0.0980536581971275,0.0030432666094159953,-0.047578433596901566,-0.04117338768794204
1069,1.1103041329290737,0.2653822153427663,0.0007742725439354652,-3.1111061407477503,-0.2678624454374937,0.05894685910037358,0.14487921372139587,-0.23466734761526153,1.0,-0.11393291957381288,-0.12963334627709963,0.09075905998010421,0.15131854434236855,0.0017248094329015186,0.0459736576994593,0.13806377307698633,0.04385793377017543,0.013787516650153358,0.030847594651610074,0.03955289972536423
1070,2.625886107831849,0.008306061320209565,0.10702067127628925,-0.9705323292851994,0.29227071662368204,-0.28572230827278333,0.24295732522369728,0.25959910520713264,1.0,-0.07235438658674656,-0.22246839434502255,-0.06959420345473898,-0.0037650929327421867,0.04500099768372978,0.11999337395842131,0.20382209980514035,0.08947673691712785,0.011230941899501627,-0.0035697414110065833,0.0036850504671708004
1071,1.3299560752382948,4.441090211183539,0.060843416882742724,-1.2157864045524405,0.22265088349269732,0.25066950579656794,-0.28784925297031577,0.24324720839582262,1.0,-0.08178440396632124,0.23541127259810268,0.25184771257533334,0.24307003284194703,0.006872777915482816,0.08045481951830555,0.16249725065017215,0.10623768099089621,0.10817229484510058,0.1153239888450475,0.10966605738434042
1072,1.7005574826172518,1.8952586143195371,0.0028450014405070586,-2.5459175093729143,0.013447966494806752,-0.16688381500193517,0.11008958601597386,0.07164916117194421,1.0,0.1812040111820139,0.03540044317164015,-0.2594159543759669,-0.03048355705643134,0.014981254891395535,0.11246304218128035,0.23625641826896712,0.15788202865497475,0.07059623732503952,0.0006408355895815837,0.007544781634632702
1073,3.3581965000153113,4.69905398902561,0.008138864880437914,-2.0894361615159545,-0.15645579151786962,0.20608941480017468,-0.240212818746174,-0.29729538075062173,1.0,0.06412258411320841,-0.22423903966963832,0.1897916176796846,0.013082859751731046,-0.05262836386604099,-0.02222008204790356,0.1522460761666205,0.10214454461493602,0.03698152994321027,0.05494952994380314,0.04663061032843555
1074,2.1339380367770926,1.9496013441417668,0.028423004897723998,-1.5463300100991006,-0.1874823252376376,-0.28703689753612904,-0.2763082941075263,0.12635443533538984,1.0,-0.14213185722673158,0.22094505188148564,0.2554509547809761,-0.2258506580710401,-0.06383288937452594,0.043572110726001805,0.12657606572144395,0.06445251759012978,0.07489834241724248,0.05645723515355521,0.009337698643560044
1075,1.2226754901635766,2.757748827180286,0.0048166954768078364,-2.3172508099700897,0.2081061303501453,0.04492043927899276,-0.13400431770889545,0.18114633799498772,1.0,-0.2050934317309298,0.2869602099158209,0.030948101721176458,0.21225450037703478,0.009253503221840374,0.10223791190940257,0.16739587825016874,0.08905136407720286,0.09325397714696013,0.0784901458284524,0.08019314674186946
1076,4.405498192571348,3.4330095959774014,0.11541162489196197,-0.937750444454459,-0.2460555862737312,-0.006205849905705563,0.12113561257526378,0.2124530087081308,1.0,0.21520928305363898,0.22341176469171553,0.2624252629114849,-0.21552887329651363,0.012278925754199331,0.09534856994913742,0.25027857693198197,0.2284666509756297,0.1955660327227844,0.16666121396954822,0.08257667729810435
1077,4.120639641934892,0.5887880537337592,0.002367833477384039,-2.62564884350156,0.02458998713233349,0.12740931383535872,0.013673144710959062,-0.22517567460403326,1.0,0.11905514189735564,0.24649941509384132,-0.17306567910617038,-0.23144296425402408,0.007961697243023789,0.03341586156172477,0.21452516351474513,0.1729913496192003,0.1281348549781969,0.02360886191215651,-0.027104346918794556
1078,3.5099244382220385,3.757061468739507,0.11017178046672428,-0.9579296319545609,-0.20953949477292014,0.2638134223424749,0.25912219064634306,0.2117250593702081,1.0,-0.19919680615646745,0.0858393023972042,-0.045221326468934904,-0.16144114336171664,0.0852970374080469,0.15079371388896531,0.24497574497369726,0.13519263273158538,0.0963618364133931,0.052415409386166976,0.01992213243985023
1079,4.757649662452592,4.147829303708629,0.002286804955344281,-2.64077087537138,0.2790186807106477,-0.04614488693107469,0.12374307719625337,-0.15269063417741052,1.0,-0.2763439746308707,0.2563322548679982,-0.06695496663791962,-0.059491928581441283,0.04346043311117975,0.0732804958404811,0.22969137027163497,0.12696356844279574,0.12525558260853578,0.0723786444049654,0.045689814471324676
1080,2.891927301828075,1.9601608090745097,0.0005942091616248919,-3.2260606564494494,0.12206946036431081,-0.04177486314166829,0.20172164775912538,0.05728159416379772,1.0,-0.2359650253942054,-0.2221753474307382,-0.002187290154399113,-0.21998793689403753,0.05196098931433025,0.1098316337000022,0.22098990785848632,0.07856759417930513,0.005980104104846174,-0.008415466494341661,-0.03234490730475196
1081,2.229337496659648,4.2116123832181875,0.03788533563814463,-1.4215288608456353,-0.23201666134220972,0.24912441928106582,-0.23739047237227606,-0.22551079920132444,1.0,0.2864695676186824,0.2009785075370716,0.2802767148718254,0.21008199961250534,-0.03860290897913915,0.014382431379304776,0.13662303151838082,0.12608330275794052,0.11569562227851798,0.11775647609971472,0.10321032131402598
1082,0.30097200674649305,2.586416447919949,0.002511884183232498,-2.6000003887177203,0.11731282184960018,0.17366870091150136,-0.21755494411996398,-0.27582901150949196,1.0,-0.12188462967181668,-0.29059470256458964,-0.190407180516884,0.16934208357483294,-0.023930520423079388,0.005599665908564521,0.10827014530990228,0.03242867213254279,-0.021969358183131674,-0.022569156203120836,0.011003680639151803
1083,4.4571950378368665,2.8331884215894703,0.004600619418035148,-2.3371836918566053,0.17827188382388243,0.005687370450646112,0.19520613259900324,0.10689467098758147,1.0,-0.24969889353236263,0.2918764394158671,-0.20440350402854002,-0.1196134484315366,0.07262526868682673,0.15244793912115864,0.2449839124917415,0.13366821887442762,0.11493395400423263,0.031995467129581144,0.01099916532984918
1084,3.8880017822033457,1.9787339161491002,0.002538893690579084,-2.595355483671957,0.2250673632850927,-0.1978905902233268,-0.05437327021456745,-0.15024158860715853,1.0,0.03443566724946645,0.13862825371434856,0.0897880062902574,-0.0963164159779941,-0.03473924676231627,0.02726957383367486,0.22283857070423704,0.15922867021999104,0.12525285562574856,0.0858685783080257,0.039533133091553554
1085,0.6233130071505327,1.4112674983805427,0.001512532411408816,-2.8202953102654553,-0.08023579466889391,-0.27852615335780956,0.22361801098006773,-0.20871737355023487,1.0,0.22383120701528264,-0.27428188344388416,-0.07698923288187312,-0.2930059027834404,-0.0029823411436143686,0.037788975697821615,0.13062946089243146,0.06947041333116608,0.005041805601296246,-0.020280822743581686,-0.03362870840237292
1086,1.4132624736840327,2.7700671353850197,0.005122803226735811,-2.290492325596247,0.2455826932355389,-0.13852871364512012,-0.2709900029412122,-0.28896241594871946,1.0,0.235936251241872,-0.017180283257298656,-0.06510996994882937,-0.22261547272301468,-0.06109917791848671,0.04770496369016102,0.1346430348092653,0.08626913320052028,0.03761979601464159,-0.0033143219506676486,-0.013435720759427871
1087,2.329161546820426,4.000551320038433,0.010020527225583406,-1.9991094276566097,-0.0208364065150878,0.02755588166232461,-0.2762454249631588,0.27922156923090785,1.0,-0.16739868793848117,0.16453102075025186,0.16673021023543194,-0.08114880143085731,-0.03404289765683085,0.08721068311548857,0.2054551429427907,0.11416774867056725,0.10637608598190372,0.09437730082817314,0.05595940189495698
1088,2.33155653006971,4.484848981058011,0.02226483722270239,-1.6523804756300207,0.15176825523425758,0.011142899184890198,-0.28223020106827923,0.06574159085882955,1.0,0.24483150187618755,0.0665310666531171,0.2881436982578314,-0.0383549766660499,-0.035867108438634,0.07614985367324902,0.22197685768551942,0.1792665330007487,0.14743966240913053,0.1402133199392691,0.09405634966369607
1089,3.2449430896962026,0.5172397095617212,0.0011253961394410833,-2.9486945789832615,-0.18818749030696152,0.16252742390655758,0.09153898121439323,-0.07573915390482273,1.0,-0.1487050632712339,-0.2867886357449075,0.2843102436442845,0.0981716401327418,0.021646601645896272,0.062436490339938,0.18236349332890653,0.0668079152620427,0.005045400635853293,0.05293583246726712,0.0538134149025447
1090,0.3329763234128532,1.922677112937122,0.006932440218957073,-2.1591138668188363,0.143351440472999,0.16220627449893826,0.06077910383546119,0.2845568952327803,1.0,0.048226400596115,0.23818013540411692,-0.053003256927552075,0.11189290159393972,0.05463187866300784,0.1405713049106897,0.2012064221010667,0.1303401745389918,0.10114599881282137,0.06467033835074788,0.060504266051742674
1091,0.9379929823656646,2.4799974046070696,0.0007922788821665227,-3.1011219198411495,0.16898688932590214,0.18822121184481755,0.009702894441201449,0.11440433338601468,1.0,-0.2732795115408199,-0.08308929176135817,0.02837198650742756,-0.09078512375284453,0.04203560974346253,0.10769631952756445,0.19852157113824387,0.06872143882168157,0.032532386339526646,0.0245321995056555,0.010706871647930757
1092,0.15526005462318987,4.759100085182106,0.02557800345721694,-1.592133358268382,-0.2863581047750483,-0.08239586290194531,0.12278483836507871,-0.04901063682281887,1.0,-0.24998869332618345,-0.09365464276997039,0.15763265533528414,0.26492420897032437,-0.006124200728344647,0.057188291408532474,0.12595233622304225,0.034811135827267484,0.02620498704303919,0.056451328185083714,0.06997321234471533
1093,1.3790577958006547,0.162703030059833,0.0013954912129069432,-2.8552728938210263,-0.12967735654198145,-0.10643663814680121,-0.13611749400547327,0.19904839805065874,1.0,-0.20561670907786167,0.10886286062887644,-0.08003554157672764,0.18161476066692553,-0.03162065293547028,0.056182622396006736,0.17158306854710528,0.07529776606496685,0.046642262385662527,0.02258585364937295,0.04215352540927112
1094,0.3113439846379391,3.6069742517643273,0.011244958225295304,-1.9490421536171825,-0.14509790181192356,0.08912122833994693,0.24375767626189812,-0.12223638534721916,1.0,-0.2615811717870942,0.06271206257152692,0.10411176980433634,-0.11574566921817225,0.03318744026320612,0.07725862734178955,0.14615709023053552,0.05401340294005586,0.05281833197319878,0.03980518774478327,0.018305233672970708
1095,1.9287702998133727,3.6725308987280805,0.0020977384039181793,-2.678248670965299,0.10608496773561664,-0.19888148924745533,-0.1510090662885241,-0.27922701522804705,1.0,-0.08097690130532732,-0.09959111764886444,-0.20878430224406258,0.2284334827206833,-0.0570981785985633,-0.016320347350136072,0.12730086243638788,0.060119843853492935,0.007905414426294506,-0.011933528187061409,0.030217475461581038
1096,2.555992771691628,4.691488428443901,0.0006302218380870066,-3.2005065519770612,0.06533454623862589,0.013743740921494595,0.18211104531067626,-0.15770675844654725,1.0,0.19663910879706054,-0.2928396149378524,-0.1345539720747049,-0.09688326634605644,0.037561294114849396,0.06612796946346078,0.22541716107867305,0.16426982629913026,0.049809580971459294,0.007410899570423674,0.0017923160931182626
1097,2.4161713193453362,2.8235543996625885,0.006203183520599251,-2.207385370083692,-0.05056533090043954,-0.18626584352610534,0.1647261454016594,0.2098799735503041,1.0,-0.07548241830073028,0.16731623921619512,-0.23473532558884752,-0.055865964791034936,0.029230887649314363,0.1329393000543235,0.2203296071299061,0.12778649494962613,0.08236795875618548,0.014209670270572301,0.011792167747111759
1098,1.8993502087452774,2.53275987921143,0.0006122154998559493,-3.2130956792850816,-0.10810135102083922,-0.10058163549019158,0.2813546923180105,-0.21034186309986186,1.0,-0.08031343833471423,-0.008766491401071807,-0.13623539310633195,0.11010033849307077,0.024349596313530623,0.04712745515105319,0.1822650468021746,0.09445595128797933,0.04485748268671535,0.013479182711992941,0.034290186387122626
1099,4.201142399354138,3.3377273771486,0.033041630653990205,-1.4809385277392286,-0.10938275578612557,-0.157114521050042,-0.2971682756734499,0.04074575664148201,1.0,0.1344458845285642,-0.25914839182994603,-0.14200490563960508,0.1629708447910765,-0.09721277641655941,0.013371757663799914,0.20116310089700135,0.13826979387447516,0.02203179524813365,-0.005023760780059019,0.032858242007957866
1100,2.381652934206195,0.6677899236220184,0.006707360991068856,-2.173448319243025,-0.08214084731139117,0.1535877012690594,0.17133621720834266,-0.17189056992539353,1.0,0.27817735313921244,-0.26283597405925413,0.2955577872330488,-0.004694246712787076,0.031718127409666175,0.05109496925317817,0.18300527273814166,0.12953330569512822,0.050946693401960945,0.06852189215291153,0.044946089097918085
1101,4.377159139492306,3.825784467799909,0.013684817055603572,-1.8637610040465453,0.23503032999346404,-0.14365587837930582,-0.08330103412457529,0.16161344516888848,1.0,-0.17609250560875833,0.2167286983356181,0.19874497342745204,0.010078947111524017,-0.0063828784647557936,0.10033903140262769,0.251149724275202,0.15170839679411702,0.14917059980569478,0.1427975342535053,0.10611333169402645
1102,1.5912659535822737,0.38515815087528704,0.00634723422644771,-2.1974154749999193,-0.20862923975940173,-0.07648038375310669,0.05551047084941434,-0.194630292256605,1.0,0.25252725157088923,0.15908520609575882,0.06959387347471051,-0.1520479201508425,-0.01959952403788757,0.04277272250364189,0.17397751346130177,0.13324904820931183,0.09378114882614672,0.04592489272694461,0.009492234925849436
1103,0.053617785113069125,2.5103806512427966,0.014243013540766349,-1.8463981128296603,0.2671866719876022,0.1340210479186548,0.09690148309837317,0.07004079663854634,1.0,-0.2864589547627231,0.028826682850793706,0.15164445938616555,-0.15943671417765573,0.04534587641846012,0.10526777867002954,0.1528224753720498,0.052083285109161555,0.050706150190449016,0.04098531079242342,0.013393390683603944
1104,3.424075610793585,2.204366370969973,0.011163929703255545,-1.952182906829083,0.06721060193051975,0.031401503367189075,-0.17692158911463593,0.136714387656813,1.0,-0.19488328591239945,-0.06654143687646548,0.2688340541026016,0.29566538514471624,0.00020933028913963265,0.1470060002684886,0.17683028707118803,0.06539751496043081,0.069227584678281,0.11744871714943908,0.10895071809111882
1105,1.6051602283791542,0.629796025768457,0.05653990204552002,-1.2476449482541219,-0.23224002515112543,0.22189052472940687,0.018038406658575677,0.15407435714513684,1.0,0.2732048120502566,0.298278260326624,-0.23436467534148778,-0.2433768860407463,0.01932749476522363,0.07772910658023528,0.1723772173597055,0.14134567796627057,0.09874610597723313,0.01600387331559965,-0.014769425037770411
1106,3.8714554274586916,0.7190335477995641,0.004546600403341977,-2.342313213872657,0.044575610645926945,-0.17387302535771845,-0.2700690782146844,-0.0633843037452704,1.0,0.0452334463905754,-0.21670355567161817,-0.15356955172652353,0.2035705237960285,-0.08187970989934533,0.0362379994224683,0.19557039281301253,0.09487242155230523,-0.003184870442201004,-0.010380930383539995,0.03455665671042089
1107,3.051930336051725,0.8681175254613166,0.02652333621434745,-1.5763718494847059,-0.11428923471808129,0.07256481016913408,-0.1376615626262818,0.1958018516796816,1.0,0.2280130465224884,0.19850543182612687,0.11127513769102315,0.2584439874346942,-0.011409206400693943,0.08631921795747405,0.22156827037982732,0.17768005984376017,0.13540382131498668,0.11133554713192526,0.10948952065049328
1108,4.777832205551961,4.358526720750701,0.017313094209161627,-1.761625307752838,-0.11149719168549839,-0.12200594074737671,0.2321419531534168,0.21908741092053444,1.0,0.1739066006919059,-0.23159960220841802,-0.27621953029892216,0.0796228765477774,0.04777788323112206,0.15910945806390303,0.2913438663685804,0.19690761787182498,0.06282130695642944,0.006537411151622753,0.033931145252537015
1109,3.729608197771288,1.4639185762085727,0.002403846153846154,-2.6190933306267428,0.25453417503996734,-0.1704711946808416,0.1707965664014023,-0.2932123933284748,1.0,-0.2970129247883436,-0.16374481853891099,-0.16651556194999462,0.23199830996314783,0.011539625226972014,0.02133757539437192,0.13847362723237294,0.03566045178100866,-0.015256962534798942,-0.02031207266543775,0.02683933343689786
1110,4.908928390218767,3.2690955391229,0.01174913569576491,-1.9299940803170181,0.22684227250243594,0.037171674135265786,-0.28850014520356576,0.20141621437725418,1.0,0.044439741076093116,0.11634817953860274,0.002760063748609287,-0.21073503635902238,-0.023423391667907762,0.12974229876156446,0.29128869002327673,0.20377130330892082,0.14737388836894225,0.07764203188945928,0.01850707626195395
1111,4.443892595813935,4.573327812963417,0.0016655862863728032,-2.778432863588304,0.19728432775614124,-0.2029559878879276,0.06686796005312294,-0.05652751976096188,1.0,-0.28339559436451783,-0.040949457706031485,-0.04714974884065491,0.24649108448946253,-0.0008696678680880063,0.04660924403378374,0.2259708660217848,0.11626527275154896,0.05239460011488305,0.041254900432717866,0.08904867680138957
1112,4.522288324820586,2.8280248830246455,0.0017916306539902047,-2.7467515155816113,0.2637297701032388,-0.024765112653776344,0.11349708956156476,-0.040223156887631804,1.0,-0.17218634010880426,0.07970543739289335,-0.21310628752490637,-0.2643668528341925,0.04722711385356717,0.11952916373280806,0.24678276552395914,0.12757082474291562,0.07217801858788409,-0.01535139087128771,-0.04669189123492914
1113,0.951302414870377,1.0170736464066072,0.007373595505617977,-2.1323206902308995,0.18652785297548813,0.2999151936793964,-0.15545453888298186,0.13920753441591036,1.0,0.007865689560816213,0.016521030105005805,0.027941482989883946,0.1257281109601364,0.021928419855303243,0.09825358305810557,0.20604414731678838,0.11583997957225396,0.0682913042386276,0.0544986151247771,0.05683900853391763
1114,0.7122269620884719,0.3782733146173923,0.0005221838087006626,-3.282176598428381,0.12470193589969274,-0.1626877354550945,0.2583848598487196,-0.2595077018058922,1.0,-0.030342612664475386,-0.20870486553607645,0.0797629672938599,-0.1095144875552311,0.01927614437006117,0.03295348706192784,0.1438383382866374,0.05920497396347103,0.009486906209688593,0.009509033081317968,-0.0034921535391055905
1115,4.312037952497759,4.836836643525567,0.020617257274560645,-1.68576910965143,-0.2328417975778214,-0.06934389130834094,-0.05496909005902773,-0.04672527321125893,1.0,0.026639894126321773,-0.20641061261901725,0.2859282409933272,0.18063710447271267,-0.056477697103043116,0.028512034043550922,0.22521042559923468,0.14688123324831587,0.0695548016431948,0.11772508506285168,0.12916723229786978
1116,2.6056805958836686,0.8430302315086474,0.013351699798329012,-1.874463440962936,-0.25955656727143306,-0.04881586036168851,-0.15787500266525678,0.09092056507278647,1.0,0.19745170769268489,-0.1228765203382709,-0.2919026814674141,0.187534899178075,-0.03677631706584136,0.07023850778775656,0.18820560153626628,0.11606833761801434,0.020738590614291095,-0.013016197068772063,0.024747033785766273
1117,0.8151979467382136,2.3110006123782103,0.020059060789397867,-1.6976894054896268,-0.1587215475613716,0.11858743194893445,0.29315862315791275,-0.15898699060684712,1.0,-0.20207414114183472,-0.17415241255559977,0.08027238096300544,-0.20841038630428937,0.0399479176280034,0.055417624590312464,0.14304768024680695,0.047337500136749186,0.011682245566883935,0.008821278431331608,-0.013180307109226616
1118,1.2194483544255286,4.024115858970577,0.046195260731777585,-1.3354025773359333,0.2069318149075475,0.2504947278149072,0.028614266064519753,0.2250406206335943,1.0,0.11998020741672796,0.06978072863731159,-0.25678201407782425,0.28574949690124296,0.05598012860375349,0.11875230021306787,0.21075823031960073,0.15200711828376748,0.09444931128161613,0.05074827956813932,0.0817400968366635
1119,2.9795860699951353,2.447255121284255,0.02120246326707001,-1.673613680526403,-0.20982244186985846,-0.20823518685432502,-0.11359823767315452,0.1192223507012723,1.0,0.13090568313664033,-0.02868323747060404,0.15719499837951348,-0.2037523388548699,-0.05017864024721393,0.0764476904865449,0.21016861803762674,0.13574228330631657,0.08419958137968041,0.05803552699281373,0.009439774682851766
1120,3.360470187849856,0.9921785944863384,0.00432152117545376,-2.3643633546157306,0.2319793572680405,-0.16083604116434358,-0.18590045822203508,-0.1272535170928961,1.0,0.16796450694652568,-0.1752487590145848,-0.0040525210369614095,0.20410635524704265,-0.04951466576564135,0.015867520710072545,0.18850967691200773,0.13013412474052422,0.041379263631193174,0.033497558204508324,0.058992483697468116
1121,0.9236916284871606,3.855578279620489,0.001161408815903198,-2.935014881692069,-0.09798485602421576,0.16926784812017662,-0.015393721551452343,-0.05492391467381023,1.0,-0.03964678378891997,0.12537253240573182,-0.07736616357930677,0.024186989499491916,0.00844959275302229,0.10008804234934306,0.22855837770598786,0.13654955834798435,0.0994725618704559,0.05653939134348168,0.053016412400437606
1122,3.1008147395342767,3.198132299777672,0.152792783059637,-0.8158971585312462,0.17088855047336377,-0.20119473079638825,0.2969769960440345,0.15885572830572944,1.0,0.25467104431014886,0.15082551475779593,-0.2871880022482786,0.08318472485883388,0.06649657561565987,0.1668104388948548,0.22721061227620334,0.17064552898828328,0.08936300065088437,0.04272915404540902,0.0491351215664698
1123,3.2606503554918276,2.7171570541612757,0.0006482281763180639,-3.1882720955600496,0.04198147348582879,-0.08399817426365193,-0.08851632600861292,0.2379522756625682,1.0,-0.26422208068004416,-0.0037775285371475452,0.14536834285045652,-0.07342713970598107,-0.010487941914623546,0.11634016217504188,0.24835638809430596,0.10329637400852631,0.0678461310003562,0.06919598385766033,0.03864721458879834
1124,4.849374479723907,3.06617818654636,0.0012784500144050707,-2.8933162476082614,0.15816221025811175,0.054276432900769486,-0.08295016384263855,0.14560647545202987,1.0,-0.19704650665721257,0.12436106693457205,-0.13717105742326952,0.057752802115362975,0.022764531742606727,0.15677621692970106,0.29517484458786225,0.15506385818045376,0.10630975521575407,0.050888142440250424,0.057496096184390805
1125,0.2762809257185977,2.6018264082219367,0.017466148084125614,-1.757802862061092,-0.15493875245493194,0.1902658486548749,0.25492797296596725,0.037440004444742915,1.0,0.23445774439812994,-0.23731515130955724,0.036531197811469386,-0.08920611147425629,0.05205829211106833,0.08903129580644573,0.18825991455063698,0.12273453201944308,0.045116871283401784,0.032220843856878324,0.01774951514299613
1126,0.2698758301411148,1.8595361254257161,0.0031240996830884473,-2.505275117200444,-0.1507681909484125,0.2964364756000664,-0.24946311823840728,-0.06548605185652093,1.0,-0.06781859429160067,-0.2964409998914245,-0.18646836521056415,0.18609488734856866,-0.021442508524344855,0.0464250525511353,0.1204071474398594,0.034729818619320674,-0.02174425603583921,-0.01391787154802117,0.017012243978893917
1127,4.283981373347207,0.9842340221518752,0.0075536588879285506,-2.1218426311626177,0.270504275618797,0.0011040680673358061,0.2907124778957466,0.1601388688206173,1.0,-0.27781875610484374,-0.12010590444879368,-0.06064033259130891,-0.18963797458954074,0.09708238104828926,0.16785588867960918,0.23606342036867173,0.0786776898657468,0.019671937215396097,-0.009701023357086638,-0.026254276593997997
1128,1.8664147584344533,3.4819285826489037,0.007481633535004322,-2.126003568207207,0.24057248196715342,-0.028081291028828215,-0.13815050992980613,-0.26972312990068537,1.0,-0.17545882334220425,-0.2970854139174637,-0.17038841423548415,-0.10137946158976689,-0.02543770714267147,0.004525832444972896,0.13134763483762316,0.040711312753441344,-0.02643168917936441,-0.04362812454213618,-0.03423817898438362
1129,0.05816324271903157,3.9183945625983805,0.005239844425237684,-2.2806816073414296,-0.0986504558137591,-0.049008385752486734,0.21445093479159863,-0.14326548231474567,1.0,-0.10454682073281037,0.2577449946363558,-0.2603187844139518,0.19503715815394895,0.01682758269164131,0.031862659776801125,0.14029031508322395,0.08548869309475185,0.07479945342840146,0.02431666460624393,0.04642219529378162
1130,0.43997295966280264,4.341931400083015,0.0005311869778161913,-3.274752580349174,0.046349946854316905,-0.17939626598684894,0.1935122505527999,-0.2834546558944607,1.0,-0.031732595764135674,-0.07517326786503555,-0.17227792600815786,-0.016762631708126374,-0.001142249662870497,0.04206654208208086,0.15626716653637918,0.0755923106140256,0.025294835480266422,-0.0039835733549337645,0.00623571125756426
1131,2.5732688604486254,4.064380681410657,0.0019176750216076059,-2.71722498855258,0.22997888026647467,-0.1702758471465702,-0.1453682637961081,-0.24485274474791555,1.0,0.07496856054005596,-0.007266698678275573,-0.049904612636668955,-0.09450421610637601,-0.05244350612602325,-0.004806737432646686,0.18190993624681048,0.13052766911123426,0.0749966624744646,0.03268005038323392,0.012282350877535896
1132,1.4079250534120946,1.6025954371487563,0.02072529530394699,-1.6834992726975448,-0.10450542133096449,-0.20140047050717516,-0.09555354894026356,-0.26305793991662835,1.0,-0.24124481698605163,0.09199778186603062,-0.15920760864231953,-0.21421326942398414,-0.05274448190200762,-0.009099111030448845,0.11119855368488034,0.03425885698549177,0.01909586137564209,-0.02317637083308087,-0.03766993681695952
1133,1.9262307940228427,0.8069560615456464,0.009084197637568424,-2.0417134257544074,-0.21768229116077456,0.11551304748869079,0.017576081451170445,0.010375490480803462,1.0,-0.181231874672824,-0.09961063408049993,0.24742664870455963,-0.08684343859713033,0.005747828885201298,0.07236584421983573,0.1901955001835772,0.07063527474239753,0.03620593813563319,0.05595709982516494,0.023830596931197046
1134,3.4514365947994126,3.570082603552547,0.010920844137136272,-1.961743791124745,0.21491615829760158,0.10524563823754844,0.04610213665791924,0.24894128714544317,1.0,-0.04910899907999704,-0.2062549717524667,-0.08752083032972176,0.04558282554912245,0.07487520715998383,0.1912679596551566,0.29765560826913606,0.15570318228838512,0.05530482950191684,0.0354573717496638,0.047479301818992695
1135,0.9019989811045065,4.83973203372572,0.009561365600691443,-2.019480075245868,0.19978391414558808,-0.13032551360690878,-0.11581211946565671,-0.050143995996291234,1.0,0.24316124206452808,-0.1410472540193052,-0.07065562662748914,0.20132318049516898,-0.022663501408287278,0.0406299751165196,0.18408335749925034,0.14029237733852531,0.06572602072913493,0.04938060309852424,0.07096486500344736
1136,2.5359212081253872,4.197967633138433,0.004222486315182944,-2.374431749276235,-0.16164758296859488,0.07726191904577591,-0.12926478332965322,-0.20589183698839963,1.0,0.2086117403984439,0.10712300593370953,-0.13985150873983435,-0.09894021856779163,-0.04332816716272546,0.004165703071131416,0.18366247967195512,0.16107140541805723,0.1074358205214626,0.0390794967632763,0.016491504140882424
1137,4.963507449917882,1.7242813111777315,0.003961394410832613,-2.4021519155051307,-0.010551208003485912,-0.07903022594110108,0.27746134883145696,-0.1859880246323956,1.0,-0.17671880751688807,0.1766803549806017,0.13653055314234547,0.20570977135555868,0.04072253173547359,0.08580415646716746,0.22089626603123236,0.11595953878512863,0.11280036873579827,0.11404936566995698,0.11488102344806461
1138,4.447079293210014,0.8317696840220296,0.0023768366464995676,-2.624000665121487,0.16780537248731173,-0.008157740810781,0.0268623391625846,-0.2920600476524341,1.0,-0.19120009286708614,0.007424489816619339,0.18295793799969864,0.13658815669910762,-0.0018549934572407948,0.016478752617759634,0.20249134960833756,0.09083551215185524,0.06120059074754785,0.08376953408488855,0.08591600456389932
1139,0.4896284205004073,2.90255518174534,0.0009543359262460386,-3.0202987267265478,-0.18280107262938497,0.1717636899609061,0.16898922939013497,-0.19902838354039612,1.0,0.039338671913569365,-0.027503935693986046,-0.265751546014839,-0.030814906188399282,0.021103539625673552,0.06353097580771735,0.1645363234024735,0.0908090296911574,0.030285851938035867,-0.012897986753727449,0.0003143063777631148
1140,2.0362178870713588,1.1870301049050902,0.0006032123307404206,-3.2195297892904917,-0.1355359758797305,-0.009771816530590205,0.25105043071777855,-0.20885180419457372,1.0,-0.12228429935245803,-0.02412485913990059,-0.11600275785015451,-0.13241172831746992,0.01881839779547779,0.11464673032613709,0.15481503606835134,0.05987139798516418,0.01493063667910673,-0.01792996140624102,-0.01588838954789202
1141,4.420461365158685,2.635144841386716,0.0017466148084125611,-2.757802862061092,0.07975343965671186,-0.20012269342910954,-0.11784589179146958,-0.15496661587547392,1.0,-0.274184142311972,0.03817515411559218,0.03066937105192513,0.24224728246974092,-0.06426334046355925,0.0040556283405464525,0.18250520861460462,0.06902164398186748,0.042910841162653396,0.05071497990201423,0.08630752759073489
1142,1.627314628480085,2.84778369276452,0.048067919907807545,-1.318144671133409,-0.20031652207570064,-0.2703316766822661,-0.17539530595777605,0.12596387003632764,1.0,-0.1809231667267256,-0.22970787012153476,-0.1307504356295772,-0.0927476524472188,-0.053353174571991645,0.055570513724580245,0.13732337610790676,0.03294150854727252,-0.020144139348021946,-0.03194940676262381,-0.024838688355955905
1143,4.915611919824561,0.047876788979697396,0.010209593777009507,-1.9909915374344302,-0.05133966280109724,-0.09361052582812313,0.16868368368937,-0.024254314666228592,1.0,0.04724565799756073,0.23503802242677185,-0.2662010581538182,-0.18937153895965986,0.02685361459100576,0.11436557093924105,0.26761629691912797,0.18216224157364072,0.11455540131978571,-0.010355952365998948,-0.03850122196337085
1144,2.7457746120266218,3.718642029036148,0.01801534140017286,-1.7443575033551066,-0.25929637342744954,-0.0024821457554626723,0.08301966248413646,0.22468482137459325,1.0,0.026015677492547896,-0.12720769527509068,0.14346347771325949,0.18952322195129068,0.0129570731333926,0.11767636635261254,0.2506387195032475,0.1545779303268517,0.08265004103954943,0.09535153223348301,0.10604037530647278
1145,0.4602546290709505,4.294986757295746,0.006221189858830308,-2.2061265446171197,0.03574876091100685,-0.04438811361826709,0.1903898125157612,0.2804734977540331,1.0,0.012375106270684255,-0.25800639069785974,0.2819331109996541,-0.015915975200541933,0.04940703201513698,0.12828178564777673,0.21628980179187607,0.1183124692095677,0.060008414922359865,0.08519359958507361,0.0626166270142399
1146,2.195460279381256,3.5106073492536605,0.07228644482857965,-1.1409431340757934,-0.2965478226495046,0.13847280026185227,-0.29929582339936445,-0.29618692322657075,1.0,0.2367378913798592,0.02497969627752561,-0.23412968832779768,-0.20080740787485374,-0.06900551233178802,-0.009343713623079562,0.12479786189289391,0.09887606231402975,0.041858948874585224,-0.015253995239347104,-0.02638827484674742
1147,3.7630046017231105,0.6728860653804296,0.0009633390953615673,-3.0162208143061084,0.14148029998259276,0.0268975884412169,0.07408833360310123,0.16737548782636794,1.0,-0.13651617553666626,-0.04710732464590441,-0.23374586171464223,0.12334285745469586,0.0481085308729611,0.13889417005231222,0.2714326828451594,0.1305560941195169,0.04118646655639962,-0.011968304348324325,0.02514927325637096
1148,4.46691701623176,0.22315837346074924,0.021229472774416596,-1.6730607912322477,-0.24828714010842762,-0.2491872189303722,-0.2346371795239659,0.2604903103939073,1.0,-0.2679840079232611,0.1711442240010642,-0.10648641678114026,0.23673881538170444,-0.0768843384644844,0.035940551897667296,0.17173753899104682,0.08118341139147328,0.0530480459998813,0.025188855488071763,0.05072533862869783
1149,0.52866655399192,2.894015299462222,0.041756698357821954,-1.3792738476893494,0.2570687727750122,0.12089197725427678,0.21029154771756545,0.13734892605473462,1.0,-0.20300848452062817,0.16009100823196254,0.19589521726830997,0.24060359321058694,0.061561800538528395,0.1137065310276347,0.15772532742793996,0.07823169149780958,0.082046440483193,0.08991516480171532,0.08575330593780653
1150,4.460350464296704,2.286735240277717,0.0009003169115528666,-3.045604591991318,0.05474434503148538,-0.16845599127295757,-0.1906410709731279,0.043016115328660516,1.0,-0.28886568798596046,0.15650948589237687,-0.035846090586853806,0.044098906801140966,-0.06924975785094586,0.04684613132727084,0.22407944415465025,0.09505366316001226,0.07737570564418497,0.045523072303047696,0.04325873614319441
1151,2.951924665029268,4.303575672581468,0.02672140593488908,-1.5731406953843285,-0.24878138906949848,-0.09719926115076329,-0.24677531788162355,0.16526308702615775,1.0,-0.019579657490968072,0.2707940320235201,0.2511041819856388,0.03767081349662558,-0.07173593527374063,0.04169720618793489,0.18468488448001708,0.13275468050118427,0.13849305714421192,0.13413017492399257,0.09997062034108016
1152,4.625572645794652,4.308494232316428,0.0028089887640449437,-2.5514499979728753,-0.22512142789741707,-0.21481648811644255,0.06994172411626372,-0.06210470625818498,1.0,-0.22916954509072363,-0.09683755761108051,0.02757725303695726,0.12218291667665605,-0.04799694940939991,0.06016863890863951,0.21551963376192945,0.07744199185990501,0.02746946563462354,0.03774225712239566,0.0588909541106761
1153,0.6680254010986248,4.462981554940552,0.01835746182656295,-1.736187366213178,-0.22157330124004684,-0.1974149061078744,-0.14731784891154684,-0.2954181865949507,1.0,-0.05433166955367569,0.00862744676978806,-0.13814965097814702,0.2600507508979162,-0.07298536598243738,-0.029243984010469258,0.10417737099146332,0.05129869211514173,0.02169164358577722,0.00855015967025891,0.04282790717963835
1154,1.806808987927274,4.233368142269752,0.00607713915298185,-2.216300819160293,-0.10015264296337828,0.2510851295637676,0.12587163805162985,-0.053054075301814295,1.0,0.07219103418290795,0.22269125388650307,-0.211976773771257,0.06469583741498786,0.045488570646640296,0.10467340677450951,0.21814788172132749,0.16196153171588465,0.11902859916019966,0.05623075633991189,0.0600938320371961
1155,3.635700880537464,4.538517515941679,0.0016835926246038606,-2.773762985454819,0.13885991275889914,0.07354196324427364,-0.2941729330323242,-0.11703345105153773,1.0,-0.23121105829355798,-0.1780293337649647,0.2675387755753911,-0.19768832078787746,-0.04328568930741683,0.012884133091179247,0.15779463067006896,0.0618224322454652,0.022701792510735404,0.04752904219934699,0.008238062042316103
1156,4.438894787474908,3.816017101998587,0.008003817343704984,-2.0967028310211044,-0.28015466015431784,-0.011263160936964634,0.09736755881630008,-0.2934568340579582,1.0,-0.01564601712753547,0.16127040920508842,-0.28063679237370825,0.1812800062484308,-0.02922759168581697,0.019884589481587663,0.1846055963562185,0.12644261884047056,0.07854962632045394,0.01664862175332,0.0508532575928559
1157,4.060839039318942,2.986111752159456,0.01160508498991645,-1.935351674637915,0.042950244442777154,-0.26729800040865315,-0.10179675759454539,-0.1988705863391185,1.0,0.21755818473844393,0.2621795979929041,0.16969975232074386,0.15833428711204964,-0.06679108107299747,-0.009972532023214369,0.17871702009464144,0.1711948611161188,0.15765688814795487,0.1361593909871175,0.11783572661743492
1158,1.7372183709195905,1.5919769871305856,0.01992401325266494,-1.70062317806406,-0.17324845531577687,0.007270930870857728,0.2753000073912564,0.17118517431133398,1.0,-0.08845969018446762,-0.209391662552778,-0.29063290720223034,-0.17766512129243317,0.06061279633708495,0.1521906756292464,0.15767536374852772,0.049031947482544185,-0.02053586342169593,-0.0482063929126172,-0.0321474401364354
1159,3.7432154441195604,2.362276646104428,0.0028179919331604727,-2.5500602544448694,0.1741731715904931,0.043128990891675746,0.026429687655578425,-0.24290121687053023,1.0,-0.0514250187734349,0.005017856480141569,0.19038580169845767,0.06495718482138994,0.013133633958460539,0.03953323024437861,0.24090788750796568,0.14618166590596843,0.10220088840187869,0.11117130476985733,0.09372543105346268
1160,3.034770411414329,3.7524906439291272,0.0396049409392106,-1.402250630014455,0.21034535011806332,0.15596173199066096,0.001721264975408232,-0.1250980769687318,1.0,-0.08525706259021326,-0.05973034265633589,0.2788084784094244,0.18648206127604464,0.03068352670477989,0.09083364059003658,0.2179376071268935,0.1168062338201222,0.09181411813596074,0.12793826464685545,0.12227933018721851
1161,4.014283268241045,4.784401988953123,0.011316983578219534,-1.9462693143053602,0.19047625152708553,0.05024317932636844,0.2699307321164607,-0.22823326564029567,1.0,0.11194274741007844,0.2843565500946854,-0.22240110596122034,0.02365602776235951,0.06855296001385618,0.09534244039802313,0.24192817154363602,0.20391079372287585,0.16525946760282198,0.08036111826820624,0.07220553847981437
1162,0.29169963113838127,4.418322329752048,0.08426966292134831,-1.0743287432532127,-0.21683605947028117,0.053296356096595776,-0.04694866943962328,0.16869783146835807,1.0,-0.029346676994745666,0.2915096372729033,0.2867372337996888,-0.28619353601212677,-0.004707950525595365,0.06934320382622296,0.159577951082178,0.10687751894141159,0.11723089865581042,0.09633170498848213,0.03371977010785081
1163,2.1027198968029106,1.405072848595281,0.0027369634111207145,-2.5627310083825643,0.2172966476877967,-0.08925420883367986,-0.27816853423364535,-0.07234243722628628,1.0,0.2713538951565257,-0.2950532788610134,-0.09113201002703243,-0.07161295003318567,-0.04779067335881362,0.020476923471865572,0.16757117737409372,0.11735267870166477,0.01787181753078122,-0.007148571767078756,-0.008303368218438007
1164,4.209152682887892,0.8579149824867469,0.016619850187265917,-1.7793728953014247,-0.23181835539785983,0.14007704662535092,0.03977846450723481,0.2908173592890478,1.0,-0.285777058521435,0.1340455668642508,-0.22367488341883526,-0.07060490415236442,0.03782091785797225,0.15096740373351503,0.2193736599713988,0.08823596149849448,0.0484871075495694,-0.010362451235351138,-0.009898946534753397
1165,1.8196357560025855,1.3000147110134157,0.013720829732065688,-1.8626196249877363,0.08357342005239954,-0.06315821878621933,-0.20926886185831034,0.28663110096604455,1.0,0.003836063545864987,-0.2977798360089447,-0.27520038708268324,-0.23659650608837882,-0.018531632374374933,0.08185525274774086,0.177952795429332,0.0839920574234186,-0.009186568627346433,-0.05193379879042474,-0.05413861095419935
1166,3.343859261934224,0.07832619712888084,0.08610630942091617,-1.0649650245475808,0.28926838701256397,0.2857748245699547,0.29630959444474075,0.017283659389554607,1.0,-0.10581636248183215,0.10270337766012468,0.08108937224639982,0.16113330024136455,0.11202137213998446,0.11446591172442519,0.22302600373086462,0.13112814825450797,0.08888725957700001,0.0736374606530831,0.07557380450633934
1167,2.406232384467583,2.0115891203000045,0.004609622587150677,-2.3363346310154873,-0.22363245238648796,0.03220857057656403,0.04305755290891109,0.20196700091179862,1.0,0.0557984219630149,-0.16056471328673694,-0.27968893128754896,-0.05038361835187533,0.019052989964515397,0.1301979554699926,0.23168223226614604,0.12199402073981705,0.01930360488697217,-0.03126696727877747,-0.014653426472735622
1168,4.396009877048605,4.930859656466397,0.0020347162201094786,-2.691496152843917,0.14117870636531585,0.0397644533149702,0.2544396508829658,-0.26278870075970406,1.0,0.004846750608077932,-0.1319524970290257,0.11994029546671334,-0.10568060342152866,0.07392314589065185,0.07548341242340278,0.2636065596643569,0.1819038266994632,0.10331854741964096,0.09051460086210555,0.05516273303999093
1169,0.23795062675466275,3.26546767938166,0.006500288101411697,-2.1870673944216787,-0.13566081161203383,0.017776115438176032,-0.17345998906587587,0.12922109680602314,1.0,0.04310796133860555,-0.2201537974249471,-0.17091962516906126,0.07124079436928277,-0.028201061612117793,0.06520586164259815,0.18159623811177286,0.09375295698523876,0.012701500467376378,-0.006913849796435225,0.015145508802983036
1170,4.65884346809567,1.2108708236425998,0.007643690579083837,-2.1166969017473654,0.2794830500712154,0.08436556881375376,0.16193812716839953,-0.25935096865498664,1.0,-0.1437354725191166,-0.08682803834567739,0.1627438902690698,-0.2343239755073748,0.04540688573155799,0.06995103365108941,0.19764881388905406,0.08589959323715671,0.04767405725113331,0.036682295679797694,-0.009303221937775176
1171,4.198556523519121,4.812541444353101,0.01930279458369346,-1.7143798109705857,-0.23898422647042342,0.28168369383363273,-0.04352860190577248,0.2686945931262134,1.0,-0.2510528057168748,-0.2435609268159502,0.2873071161390876,0.020184332374427582,0.02738573288680649,0.12109183345543303,0.22958630949826592,0.10469776812568173,0.04304534317639701,0.08253663091883483,0.07281423068309863
1172,4.185749560535492,2.0670475753756956,0.04802290406222991,-1.3185515806374606,-0.21572839317368692,0.2068356357773279,0.2719222387053386,-0.027092300571285356,1.0,0.013785914025752532,0.1031843686392936,0.1846639145837398,0.2808922578631668,0.07212842245641493,0.1078482021178959,0.24356928108997764,0.16529996244725803,0.12810655344679409,0.13280830755409206,0.14189795663037055
1173,3.5690967249614873,3.2632166422331976,0.006338231057332181,-2.1980319328492057,-0.16585739164230176,0.19218685127220905,-0.17128931037059172,-0.2481354478903277,1.0,-0.03295093640959067,0.03392749855402637,0.14675319734215686,0.12845734765764008,-0.04762153254747683,0.0208292844285437,0.18311610908891068,0.10850358382769235,0.08247463677799964,0.08956264827089683,0.08516363678467692
1174,1.9217250006258264,0.04060172080724552,0.08252304811293576,-1.0834247390825502,-0.24377380396980336,-0.09522734373942937,0.20700206649118394,-0.10898713641544354,1.0,0.19397605679334368,0.20252914168879857,0.24951329751627105,-0.25474580434263855,0.008866178718083427,0.044277385029008735,0.1585103706695333,0.1213809394331335,0.10148227551283606,0.07149005067740732,0.01044793211929599
1175,0.6517505826956606,4.346046936785445,0.047815831172572744,-1.3204282905721807,-0.2750579562029107,-0.04803433349628672,0.2536134861956776,0.23232981392832158,1.0,0.16029936066434597,-0.12590131691133802,-0.24418784024107998,-0.08590395876252802,0.03760201347786915,0.11415353999211504,0.1878288408047552,0.11767637061607951,0.04453373174863275,0.0032617542092933036,0.005838695291144621
1176,0.17247034117889792,2.1694431296301664,0.02902621722846442,-1.5372095588582648,-0.04152882553777162,-0.27434212628169374,-0.17312078309805135,-0.28834447265308605,1.0,0.07411938751902215,-0.16472048743550102,0.023522956322195854,-0.26962637250870536,-0.06442199296608035,0.04442857602630061,0.10269669892910113,0.03554913636259072,0.005517961826815889,-0.020127468653940227,-0.02724210381380799
1177,4.696595843002014,2.5651284897065336,0.008048833189282628,-2.0942670731954003,-0.20111312160925482,-0.1102520452341206,0.019997521411573294,0.16810530022255524,1.0,0.1544320807448248,-0.1518076448809287,-0.012600471315245476,0.09019634639641505,-0.02045369547023778,0.1130027000587432,0.313801839753372,0.22437034379010803,0.09509656933631255,0.06133297595389141,0.07011703625375933
1178,2.8830678275966304,3.004529086534661,0.009777441659464132,-2.0097747667384898,0.018286565786243946,-0.019659019518040544,-0.18167334399427915,-0.1436097825035693,1.0,0.1783083796199578,-0.05100244184811715,0.29831044269797724,0.09230328361809012,-0.05363947398563908,0.039887126042416544,0.21253372480164734,0.14988551261096497,0.1067225783263309,0.12643457353542378,0.10024300406649676
1179,0.22958361287677953,0.7142750986872232,0.02120246326707001,-1.673613680526403,-0.24921486169559315,0.22691235139989324,0.0835043127344018,-0.08585278430612626,1.0,0.10899924779960021,0.03127890647740741,0.14295317692162868,-0.19870210970489627,0.016019261608714908,0.07159733199533201,0.16072664583311433,0.09375218874239419,0.0625025968036481,0.03711026078518199,0.0023308066284885064
1180,4.699505458282824,4.9653929915326955,0.002070728896571593,-2.683876755973725,0.021070851491264243,-0.23412282021736386,0.039389186027402,-0.04822202739749957,1.0,-0.05930225106723727,-0.0776020615271049,-0.1867832424612978,-0.2911555265936141,-0.03691690089003211,0.05066434735151581,0.26074165853486114,0.1643880100624512,0.06857246388228252,-0.021578061234234478,-0.07269011966544611
1181,3.434882276390614,0.711366611722064,0.006995462402765774,-2.1551835731904037,-0.021589279251746273,-0.27163994521968005,-0.1115799716267654,-0.290999398361317,1.0,0.07155414122622425,0.143782693387875,-0.02899313710147513,0.24682882055519975,-0.07787843588389018,-0.02602646104218189,0.16245199220565146,0.1197857080006859,0.08535932469373235,0.0566603458877801,0.07757751211977673
1182,3.7118835486798005,1.517275374892269,0.09183232497839239,-1.0370044202294004,0.11496383850078115,0.2651024596011931,0.12546466838364204,0.2689035594954111,1.0,0.28479133759445474,0.05871427773348676,-0.08414101421485293,0.2966454888599924,0.0847522949320828,0.16779319595942294,0.26677448068487836,0.20061983508624645,0.11885629050547472,0.08560916500548899,0.10412444229908964
1183,0.808412587594306,3.3274605310086782,0.0016565831172572745,-2.7807867689817813,-0.14613803202188888,-0.04116315404378874,0.0400259297365872,-0.040032363335864296,1.0,0.18351991814623034,0.022541666265930682,-0.07755754430740261,-0.11907693284209075,-0.009379201134689706,0.06338501050391908,0.2280213389051157,0.1662086263059411,0.09645795954981945,0.038928410039790654,0.014052338157485033
1184,2.362059938253244,4.454854556082068,0.03419403630077787,-1.4660496315903193,-0.2984740427073047,-0.14635723900070424,-0.08719058136683429,-0.26776043206671923,1.0,-0.03583587782199558,-0.07544465245373005,0.12486923380774725,-0.23325394248070758,-0.07745827439558756,-0.007786753980449112,0.13243079708125177,0.06381978992629303,0.03416108902444243,0.019703292490504277,-0.016315555485720726
1185,3.8309572832592638,4.633669681170257,0.0006752376836646499,-3.170543328599618,0.26126214411711407,-0.18877543233265123,-0.03131032023643192,-0.14546772480365258,1.0,-0.2979717261696599,0.010704120432599206,-0.10026690436185802,-0.014263722545611823,-0.01944965503732677,0.013616463143175467,0.19890303487226044,0.09625724411708288,0.0475655035487902,0.013086201887595563,0.012563688753057576
1186,0.19957042215227042,3.336958320714264,0.005473926822241429,-2.261701012718583,-0.14758555699536505,-0.23639861340529622,-0.0032512187969416795,0.28535841115653293,1.0,-0.14470981583302486,0.23322606494815146,0.23029455827431533,0.08046469324614791,-0.011755881324852885,0.07818497153911874,0.15396618712195956,0.08071226467548412,0.08848894658195136,0.08693989392926427,0.06755288355041385
1187,3.482378585777955,3.735949477253185,0.02105841256122155,-1.676574370182165,-0.2643116082212611,-0.0016826819020013927,-0.0362065614776367,0.2699989913141306,1.0,-0.27825323572919824,0.14118693763845308,-0.06653771423454564,-0.2811116672237996,-0.011246370144801444,0.10184290652605357,0.21405106475608596,0.10066059840018601,0.07704713576118553,0.024657001308856247,-0.023318987211093534
1188,0.39051023786700934,1.7774710782133487,0.010398660328435609,-1.9830226077631548,-0.1681774916563739,0.24275067299310055,0.2410223199332528,-0.21628481124857743,1.0,-0.02229431539267035,0.1696806235780786,-0.12359330239995087,0.2018677427269885,0.032794933941226345,0.06036291031883799,0.13917042909213065,0.0807514243762876,0.056704638006117754,0.034104332478750624,0.0486480286887619
1189,1.1890419502754843,2.4726203292504563,0.014693171996542784,-1.8328844375734756,-0.03434595397482102,-0.28984602070121057,-0.1480796585111184,0.02046054900908767,1.0,0.29789008730929484,0.23845086818202244,0.034997216885651425,0.008323260310243262,-0.05738602436288727,0.03300294205047616,0.18436277200566087,0.16192391830463937,0.12829048631326806,0.08073088195222129,0.05508438583696056
1190,3.828987316943805,1.7559832224325507,0.008967156439066551,-2.0473452535676193,-0.2700303618382321,0.017573015367400302,-0.10933712741148228,0.07131589738445125,1.0,0.08571644803269374,-0.052414425648524776,0.04061464684720475,-0.02334384960591993,-0.04795745943864204,0.07916612305475801,0.2922697395930022,0.19599632467776568,0.0984936715966008,0.06422776738306085,0.04179490273019026
1191,3.32754183006657,2.4663960919298837,0.004879717660616537,-2.311605305452931,0.1056319235577952,0.06064460145848509,-0.15357600701774998,-0.17378069250675848,1.0,0.03570437364464039,0.08765508302535856,-0.018838442341812388,0.2763997264197124,-0.030965569919784417,0.023724263521202153,0.21757922150397077,0.15282662949236053,0.10455129650305776,0.08218304959463943,0.11303899625063211
1192,1.1932093800607018,4.755416584486911,0.005653990204552002,-2.2476449482541216,0.22777753820857125,0.18609035661360346,0.027080373328065944,-0.2951254394442508,1.0,-0.04175722676733635,-0.2320047154409107,0.08478232380125221,-0.27232439994419394,0.018638679196951148,0.05027523729577297,0.15472804437751186,0.07282913955444262,0.02775608222479415,0.01578430728979356,-0.013444221770918509
1193,1.6666019944174413,1.9456917757641303,0.011821161048689138,-1.9273398659018386,-0.06293655574736713,0.06252118983618322,0.22195801545405383,0.17230936342223024,1.0,0.21033388221490876,0.056807047690983076,-0.1739686879285733,-0.22319971590544105,0.058956120202807605,0.1349443174203899,0.22580935092849175,0.15627474490832202,0.08340566316650132,0.012317627111569989,-0.010792926632154674
1194,3.326191666901819,0.7764044138070275,0.0020257130509939497,-2.6934220738799555,-0.03616198758978014,0.03196350845978757,-0.15877196012360772,0.21322622562120125,1.0,0.10974450831397198,-0.05868944505194968,-0.1509426159289929,-0.12942941594094512,0.01013581090526676,0.18884996162321838,0.2536991104326925,0.13395992335996165,0.03812305796119958,-0.01376344752076288,-0.015218909210851927
1195,4.943085213014743,0.5644806276457198,0.02699150100835494,-1.5687729634790573,0.11284352114595783,-0.27913295080793815,-0.2943248496278893,-0.1409976598623518,1.0,-0.2789534950773181,-0.1978980130456218,0.2496731029137574,-0.15123845720992643,-0.09367226809123236,-0.01791470059821596,0.1384627452386812,0.03182426716911772,-0.009659062136301577,0.022294525409593244,-0.005407222671904765
1196,3.976204299966995,1.4391693911065824,0.0011253961394410833,-2.9486945789832615,0.1378533071611278,0.2729466051632027,-0.09622613548929967,-0.009373780164153732,1.0,-0.2463759625255475,-0.10983276670480209,-0.15171618193708916,-0.20978875338923425,0.024885897746510205,0.10200492035389414,0.20703812763981552,0.06908256446022278,0.0056548548269898516,-0.0363889785492411,-0.047044397864556796
1197,4.996874371948191,2.425284884888888,0.030799841544223567,-1.5114515178062553,0.15036758962235333,0.24383205490305176,0.2610177496499861,-0.2685964019924669,1.0,0.2786688445136128,-0.2793720915698445,0.26877781772127984,-0.0034406216192977234,0.07547551692061534,0.08394735907292378,0.22886465957612068,0.16533164544985324,0.07917018713852124,0.09262134569538001,0.06823301534584846
1198,3.610154882817511,4.923332993413256,0.019581892826274847,-1.7081453307006618,-0.25215513858606603,-0.05257001053461878,-0.08983538109897148,0.11514120171835786,1.0,0.03564638118722256,-0.11829019694104,0.1997675095605693,-0.11585659426107328,-0.050927668781212396,0.06628548165062617,0.24943541658082588,0.16736059736918496,0.09585515421613972,0.09727425638696492,0.05366435681989758
1199,3.747951713328721,3.0834570376863835,0.004978752520887353,-2.30287946068662,0.01472366920096284,-0.23527705408244032,-0.14995710400074028,-0.05950868184205621,1.0,0.1658567415056633,-0.10944141213000126,-0.1656178950395588,0.08867854414831955,-0.07749324403048692,0.017309841130745147,0.2251181984217351,0.16934130252728474,0.06421700607978229,0.010722722463421827,0.03153022366561008
1200,1.0955907790181914,2.2338566755014018,0.013549769518870642,-1.8680680920614559,0.2581445802913801,-0.16120609017645104,-0.19592251674911637,0.2544027084041892,1.0,0.047647567881982496,-0.12757659254249282,-0.11317077472874837,-0.12507238242200572,-0.01139735012311321,0.09949070032407685,0.179562593718796,0.09176603374107695,0.029379304275932116,1.2304711467913822e-05,-0.006494223628093428
1201,0.2585380026118844,4.271955388565004,0.042575986747335065,-1.3708352779758917,-0.2777866269101855,-0.09931583501423594,0.2868318988856335,0.06478187179929355,1.0,-0.21551733920878036,0.24718379853648703,0.2757003093024727,0.0768256831492498,0.022021718815847652,0.06745161427317108,0.14052099181072714,0.0706667324903145,0.08751625013915959,0.09182670802021309,0.07257974015876355
1202,4.569138227595504,2.016221207042706,0.00094533275713051,-3.02441529292138,0.053016966682440755,0.1492651369901829,-0.1806968340547477,-0.29550639417163044,1.0,0.07660312319756486,-0.08868402837122798,-0.20967129321096567,0.06435694378796832,-0.028321066661660586,-0.029638548798013104,0.18918735546698592,0.15788445430084633,0.05964559909655826,-0.010125624989626762,0.008185819140920467
1203,4.258193979507367,0.2835552679619467,0.001107389801210026,-2.95569948055192,0.03264159150273127,0.10481233789445255,0.027968990135162897,-0.2277460385140127,1.0,0.0848044850347094,-0.2336603402938099,0.1852483404754099,0.18344044900599676,0.003332229794625879,0.05779264163858716,0.22519757259559872,0.12005145420655411,0.03801316936414859,0.07247193280951017,0.08209202375836314
1204,2.4461518783776492,1.6207416535799974,0.043431287813310286,-1.362197292859223,-0.19082087393042213,0.2613588114864411,0.18992314918882544,0.2642840168301027,1.0,-0.19563637492693722,-0.22461059256066224,0.03431865782024561,-0.08381475509969152,0.06565741648401825,0.13170522708583643,0.20479002299833593,0.08065163545838572,0.01569252608812934,0.01356125302726022,0.005409176271051097
1205,2.7790284196095523,2.226227133797664,0.006086142322097378,-2.215657896049682,0.03314865706143566,0.10435794350260931,-0.014426830808739986,0.039168342379443465,1.0,0.18962313457264535,0.1429326662475875,-0.28030746602070533,-0.2633726118508563,0.017417200393854932,0.08653573324016556,0.23912418459890603,0.18888607783019326,0.1158674515305976,0.005303125415277515,-0.033912973271206015
1206,0.5972848066314802,3.260877466740813,0.025902117545375972,-1.586664730100992,-0.10263494979918861,0.11707877971634423,-0.17901009088714312,0.2940617268021422,1.0,-0.2940975573940283,0.2290691840342801,0.16944949748654187,0.28651064853717106,0.00033118696630545966,0.09057013990212753,0.1316972347471977,0.05733418810275351,0.07053725063899839,0.07984091765279862,0.08115978185070008
1207,4.097184436440477,4.54151886414183,0.007409608182080092,-2.1302047567790483,-0.25041157721836954,-0.2058473209420953,0.06169040303825084,0.1856870620299712,1.0,-0.09286698247727597,-0.1814984814428471,-0.055928965487046664,0.017702997533888154,-0.03337678961002542,0.09430631058715401,0.2593860755476094,0.1408178077797209,0.043058172215009426,0.019269118144524394,0.027506042125996732
1208,0.7548174932685735,3.798463444550459,0.001539541918755402,-2.812608481599164,-0.01737058949101452,0.06993699135550276,0.16370292252663904,-0.14600358317513049,1.0,0.09063415194853265,-0.07073006323984596,-0.22848854285907988,0.19825422731563203,0.029643738770887995,0.060543665923690364,0.19313674496213645,0.12482395553209746,0.053356572333820115,0.01682375301599054,0.05215337898420521
1209,4.882836023954361,4.085977114795555,0.0046816479400749065,-2.3296012483565187,0.20234991730029328,-0.24667141099791945,-0.11618783093848768,-0.1630176261531604,1.0,-0.21224865625563674,0.19578292230927352,0.16458381249837425,0.08516528015660663,-0.05790086492678231,0.001305810866699167,0.1793533172359999,0.100172630018878,0.10609676981574002,0.10931244586639792,0.09578251529077877
1210,4.619237694498568,1.9749566304520683,0.004015413425525785,-2.3962697332791763,0.025156169344619395,-0.27072716232086336,0.20357498522639111,0.07451981373645326,1.0,-0.2110826608853548,0.005206433358906093,0.023790629082796833,0.27356899378616134,0.024134286516049937,0.13109724409168744,0.25071352882645365,0.105819567799633,0.06414230121180302,0.0737282360464459,0.10725584705689639
1211,2.414821129878566,1.7266430427776718,0.0011884183232497838,-2.925030660785468,-0.1387363924536241,0.1519711709766509,0.031879701920946114,-0.23555013508398237,1.0,0.03191055166286234,-0.14679200825937905,0.2125854250575571,-0.2708157860587114,-0.009093712178606925,0.0915830832088394,0.15829910456764137,0.06946422537604297,0.04655067584295037,0.019753447014015404,-0.010924905800927703
1212,3.242292129920755,4.575321801710734,0.0021427542494958226,-2.669027634934806,-0.2119173969690419,0.28418527520644454,-0.1422597673245212,-0.2462842238981071,1.0,-0.21359932858583824,-0.193145673042246,0.00441008624956094,0.22720084000377816,-0.02671921087775803,0.024264816151618684,0.14149930684697487,0.04362169854348564,-0.0004972507343274192,0.021240176283367624,0.05349409480661865
1213,3.0879345259437034,1.5580878829690104,0.05196629213483146,-1.2842782695698614,0.14504520213862188,0.26094706825010405,-0.2886982249678685,-0.022740222823346368,1.0,-0.10706106803022812,-0.10035591401608032,0.24195590654990684,0.261674779576034,-0.015500465027908692,0.04560135818485614,0.17377815686583914,0.08530150608710131,0.04557376241420636,0.0807147628575842,0.09442758564851518
1214,2.704507428891436,2.851145282122189,0.002106741573033708,-2.676388734581175,0.14778467158492972,0.06670742227151717,-0.053357207972481266,-0.0852455281902142,1.0,0.1768835589944655,-0.01051698566516257,-0.1432226631857062,0.07086831537482437,0.0034967202288367196,0.09404374561374419,0.2665060770593375,0.1881742145984088,0.09539874714000798,0.043516869147093594,0.05352653564215351
1215,2.994700081508187,2.815048276787203,0.04922032555459522,-1.3078555180997609,-0.04561097572002654,-0.2780692949972195,-0.24324600140847014,0.2590426772424639,1.0,0.08498826390120844,-0.005731174849460685,0.2289464371510808,0.2937854215406785,-0.05605216573243578,0.08171001312663285,0.193899217453043,0.1216199593262206,0.0869340965761901,0.10966889988589947,0.11337443029970984
1216,4.754308709400573,2.4184686795981087,0.021157447421492365,-1.6745367297195817,0.28409324086673804,0.05051144674122219,-0.15575152649902224,0.11618422270523414,1.0,0.06117887812380937,-0.2718243302648529,-0.10303988752216896,0.26610179716037946,0.007935269885246534,0.11976731093491087,0.2613009017796927,0.14492315646810902,0.027939143091677734,0.028271177782953218,0.07716452537162447
1217,2.591668752856914,4.616548315588415,0.07764333045231922,-1.1098958441486544,0.16874442027768774,0.24754736411710487,-0.007286576882311557,-0.12616648331421346,1.0,-0.25738518705453156,-0.012999775742500797,0.16006817832560696,0.27933335600564885,0.03958110013036482,0.06954121557630832,0.1921002901026643,0.08924790805215314,0.0677192229959684,0.09447733990023421,0.11813893914210903
1218,0.22463140411352442,3.599710294992967,0.0270725295303947,-1.5674711638908005,-0.27429123564266333,0.05705714058740247,0.1323208839088687,-0.03588932966420004,1.0,-0.0784870890393779,-0.26411700108591396,-0.16800374512487143,0.08604781872035294,0.010715574864090574,0.05902697084789657,0.1623639560455196,0.06626155434056641,-0.004205148683457292,-0.014766093692109452,0.01173626630491266
1219,2.01865787559156,2.228104760999772,0.005653990204552002,-2.2476449482541216,0.15490378580518394,-0.27484090468571215,-0.121825690185761,-0.20351477445196856,1.0,0.2144252932011096,0.09925624183630921,-0.11524383836266756,-0.10477686171203485,-0.05278165609683483,0.00021910703073533508,0.15847020158215586,0.12934611282672906,0.08035178310733185,0.023279521911957906,0.003887638382417627
1220,2.179170720551347,0.7546292067957193,0.007922788821665225,-2.1011219198411495,-0.16495583299297564,-0.29392542535492167,-0.13548846397791123,0.023427712626744146,1.0,-0.22515592104082027,0.1141099929477439,0.22547651383490042,-0.1575982152602642,-0.05377428894101488,0.04959744024092366,0.13935535627980725,0.0497951539547549,0.05610559328329316,0.047556332377871,0.008187676272301518
1221,1.1425361517017514,4.3907718369959525,0.005924085278017862,-2.2273786983773625,0.12846102070479784,0.07288338957469988,0.046597594426870635,0.24754066194214885,1.0,-0.19334922850409558,0.23127893976544756,-0.12462852523849105,0.2758970320191353,0.03649682979226611,0.10060735843697721,0.19972179073259957,0.11816099400260242,0.10292588926125854,0.0689147354464649,0.09282518628322155
1222,4.81781050036291,2.730976113663262,0.08292819072313454,-1.0812978096873815,-0.23391640794144866,-0.12045474807568868,0.21938717572366734,0.022283228706983314,1.0,0.2882800923357762,0.08303321804265686,0.024596109733371316,-0.29265294222177857,0.014948022807111525,0.08905963891261255,0.26928372300671716,0.23787200845254144,0.16206664409600977,0.08388044568498862,0.00420445085668393
1223,4.390075589938239,2.9780866341204906,0.008345937770095074,-2.078524857846821,0.07664993774165767,-0.0950777897542832,-0.08195166555330653,-0.025822381292447284,1.0,0.12422480827907713,0.21242916547352433,0.21669510825413613,-0.04327379374862884,-0.032728463728263914,0.05939517699755637,0.2780619137760809,0.23062801309376468,0.20561194681596473,0.17679411475809298,0.11214389275018695
1224,3.5611793778892187,3.291455797404836,0.04985955056179775,-1.3022516405817623,-0.24470216837507539,0.28703312660279534,0.12854607324851006,-0.0896467728723891,1.0,-0.11845807806741969,0.1408315709652596,0.1909431618468842,0.2934906948515077,0.037223792829997736,0.0876505351150509,0.1911592346471229,0.11173084377084551,0.10551716757369037,0.12114737612900915,0.1276084829841059
1225,1.9142198915641129,2.2605917038485113,0.01526037165082109,-1.8164348894522169,-0.29852562570342733,-0.1536378149027147,0.1482719173595398,-0.040807399219387294,1.0,0.03088430849226076,-0.1853713930734259,-0.1439111991340364,-0.22020126381657426,-0.0007800273272247126,0.11039768093294909,0.1584564387589683,0.06098629949547068,-0.0026433257478459472,-0.036347034334338536,-0.03366479441573849
1226,4.147383667976056,4.707141890288882,0.11553766925957937,-0.937276397725134,-0.23682528023999316,0.18315936065314256,0.2593623602816862,0.10493935967902225,1.0,0.2733835825686305,-0.1290309018991564,0.163347824668336,-0.03665098674823781,0.07189742955551585,0.13459438077195063,0.2851702837265921,0.23833871947245638,0.14716927490745488,0.12948409659087343,0.09655416231211586
1227,1.263671526948783,2.7183584226709296,0.09555063382310573,-1.0197664277616176,0.10923919951910645,-0.24755284429943414,0.09621648923729624,0.18655857156353392,1.0,0.2547793364695026,0.25846636524982297,-0.2396830905115935,-0.27589929737467433,0.008908223810040675,0.07646525042177665,0.17335680831173889,0.14219179787791714,0.10211367615954739,0.02227906989999467,-0.010340545307704558
1228,2.990150445687987,2.964151957691836,0.0006752376836646499,-3.170543328599618,0.07408787238503708,-0.1325851980780386,-0.05248692888312517,0.06291715803943339,1.0,-0.009188488644822945,-0.12216057457324195,-0.13336424153838014,-0.14543123677173733,-0.021635252833244616,0.08497009870403015,0.2656830362311928,0.1537771180096122,0.05274097406213508,-0.005869605379806,-0.023813168021365193
1229,3.931994237390806,4.264637303920201,0.008462978968596947,-2.0724767383916194,0.21309194842108717,0.043585071865695824,-0.2595663446403494,-0.17478870963944798,1.0,0.24550337361324362,0.14797077716809617,-0.17369998417723634,-0.06271206971082795,-0.045802277006282796,0.032169784941875126,0.21349760962944397,0.19014926555055095,0.12864571021134313,0.05095713796641536,0.033211777230138566
1230,0.835861131224704,2.9391227617797937,0.002998055315471046,-2.523160358484998,-0.1110463302157262,0.29626372540181345,0.06273643903301614,-0.2416346169807203,1.0,-0.12350054411935033,-0.17891294974275906,-0.2607958989945933,-0.2498502705554487,0.013201588588315001,0.04690996941482405,0.1270764821687007,0.0445344560517238,-0.008371022116976705,-0.04410014609413408,-0.043580979678817924
1231,1.0688305880501638,3.227853221441841,0.01214527513684817,-1.9155926423194136,-0.049474248078374146,0.07665044653046468,0.26184351757581015,0.16395503344125972,1.0,-0.05270240983138003,0.1282898662232232,0.25294686457911736,-0.2515599431941818,0.06379672016026987,0.13144465825651852,0.19718575993236878,0.11630392613994302,0.10851473780151172,0.0840813898001732,0.02930414359910738
1232,3.99444077552849,2.8360972700356872,0.0015935609334485738,-2.7976313256295113,0.1603611246580602,-0.14772432304255526,0.01616888508139991,0.04339125243634292,1.0,0.11688088550983111,-0.24695418669576735,-0.17057634696051396,0.1478568473788349,0.0004373352641351915,0.08647681836158193,0.2641941767138598,0.1750942911294282,0.04292339579717707,0.0036664545415196494,0.04255776630247758
1233,0.4831844553946776,4.285949175521323,0.04449366176894267,-1.3517018509252574,-0.06038069506941743,0.10900809950696151,-0.28460715393987623,-0.025590387123181988,1.0,-0.270026216304449,0.11685316444985128,0.28527213047397243,0.2824454292955429,-0.03616206632709599,0.04375391652180207,0.11639856553165567,0.042897863647315834,0.06066612686721624,0.0897970310270619,0.08961466599815374
1234,4.937695485598143,2.654415738339304,0.0011434024776721405,-2.941800871035361,-0.01993448029236361,0.019816242435630693,0.11066947583007533,0.19443599954792642,1.0,-0.23964003866179234,0.20387407842589067,-0.2715458601515702,-0.0582467600357333,0.047792497845032506,0.1507223831897419,0.2907709192610164,0.1553673477123649,0.11069945634630038,0.013869391446780252,0.003937953429068851
1235,4.667696041102801,4.877514475758477,0.024803730913281474,-1.605482988803514,-0.13526223471239635,0.11804901143402091,-0.028038520391018205,0.2587141466197248,1.0,-0.16026451172486797,0.20207148879778206,-0.08278154533164149,-0.2565714770786936,0.02659748497457341,0.1627885698819644,0.2821147305037335,0.17542966306177107,0.14509527823508114,0.06493291655443328,0.008733150537792616
1236,1.3386442010027766,0.7744129224590126,0.001431503889369058,-2.8442074676708664,-0.018315572156422655,-0.2242594137367774,-0.06905154578990809,-0.05088651427678702,1.0,-0.17189686279296446,-0.28706906426862544,0.09512254546151808,0.2693359950560063,-0.03562964448520423,0.03303606402479883,0.14669734523558664,0.037583318248991165,-0.016031113562230945,0.020511801691710952,0.05356056880964686
1237,3.7255500054782598,0.731863796256632,0.005680999711898589,-2.245575232747184,-0.12926982741227327,0.1481426538020777,-0.16744618767372274,0.2714963512104857,1.0,-0.03425458435802598,-0.27095692885405637,0.2972767529437423,-0.2693603223310239,-0.004780777085079625,0.09513623989205335,0.20458973718340334,0.10107975683228027,0.02794891184058159,0.04448591238625888,-0.006889326355772832
1238,4.270622923000055,3.9256172321885145,0.07872371074618266,-1.1038944430496715,-0.24983497731099336,0.16787335063596098,0.15456734390719554,0.24950309770444945,1.0,0.21373060373205366,0.1660855168374137,-0.24755630274510704,0.19272431013479935,0.05581366560617549,0.1521231229899639,0.26410093450899297,0.21266700470939204,0.14149697003003947,0.07496275191471241,0.09111831719451777
1239,3.5522656173003506,2.081019979923312,0.018447493517718235,-1.734062633590123,-0.27340688682549574,-0.26265561353052175,-0.17602913357957553,-0.11971634927835678,1.0,-0.012321566499990265,0.19818713317800835,0.13793295851969128,0.15738760619413492,-0.09818182612240545,-0.034180263901377066,0.14720620172182053,0.11233295461768249,0.0979367291269155,0.08895322988138556,0.08464442983149983
1240,3.6483775625331596,4.551020698687285,0.03923581100547393,-1.406317366081081,0.12879847784820167,0.22056244784763182,-0.1639951568814226,0.23688108558149817,1.0,0.2835195215325546,0.2511821003951916,-0.18915830437374803,0.12893794487749927,0.024124938065082924,0.11156992465382451,0.24986221052152943,0.23014442641361435,0.1802059311591125,0.1045684994066584,0.10049982694034536
1241,1.278405956334385,0.24455382647541485,0.05619778161912994,-1.250280827662004,-0.21080499899968128,-0.08663433742959248,0.28472548511430656,0.03421528302259256,1.0,-0.04968905565063768,0.19291021318927395,0.2145265732802999,-0.2703007843071046,0.0317994371092997,0.07644627698300499,0.16558081177327313,0.09212759179474724,0.08449361468628484,0.058445037552695346,0.0014848813658517252
1242,3.75750552835042,4.046378607770545,0.014414073753961395,-1.8412132600720181,-0.08858855779633754,0.29961074994007936,0.014855061108108835,0.23459674014660198,1.0,-0.2601707389224074,-0.035108736287087945,-0.14059516756971577,0.23403321372639213,0.060940269419882745,0.1638296345443298,0.24579131929410222,0.11063123732302793,0.055477572453188004,0.043260127235583194,0.0802242101355002
1243,4.871138669506295,0.5239653737314,0.0012604436761740132,-2.89947655631308,-0.047478042333088256,0.1689440689209808,0.13376605244473785,-0.04709227169431683,1.0,-0.02841445123641546,-0.16155118039961022,-0.058828995161197245,-0.1827054587807129,0.06309404244104716,0.11464725742434391,0.30180914256540964,0.1669009629089294,0.04331168446262582,-0.008680084537255682,-0.03952536125366447
1244,1.6829748215796847,0.2938761768193943,0.0008012820512820513,-3.0962145853464054,0.027647200651691396,-0.06109269164390802,0.15857043109605132,0.031132197881969657,1.0,0.14175587333735637,0.11155110171636418,-0.08780010379874195,-0.026881718721739733,0.04420584941461219,0.1809367122357276,0.24120034263435625,0.15132873060178986,0.07865099274381454,0.029810736327038435,0.02175960891913103
1245,1.300509418570838,3.289667597745078,0.008850115240564678,-2.0530510741591823,-0.15698359455990826,0.08044908139222928,0.03759270087556199,0.1188879872507822,1.0,-0.0139584253714219,-0.02336279358446608,-0.25176833505224144,-0.18522050760760586,0.01615586461539481,0.099414353736204,0.22446581045123326,0.1297205881615566,0.056718423353096035,-0.014971714562054289,-0.028221795761292905
1246,0.6018819139349056,0.36696753091076584,0.014035940651109191,-1.8527584768024763,-0.20664243284790487,-0.17320577856621924,-0.1629376511097091,-0.29132374484566054,1.0,0.1053470913843739,0.29196641533631235,-0.2553864124036168,0.02966509134322881,-0.05711185789652801,0.005119151536700291,0.11150793260847172,0.08023657480762983,0.05232589772119225,0.0007831371453076055,0.007866317597866991
1247,1.0775848126278977,2.516318153719557,0.005527945836934601,-2.2574362208501504,0.003080083304492365,-0.10926466892530709,-0.14886482955653027,-0.05100968043974965,1.0,0.2638209420935072,0.037293306135523174,-0.10099604714068443,0.14532942025315318,-0.044787973459693646,0.03595945132406638,0.2015097966303393,0.15927740412757027,0.0894020755848973,0.047525149433642166,0.05991215883460357
1248,0.03779854381406429,0.044461422017284216,0.0006212186689714779,-3.2067555012540625,0.11974195904756363,0.08560619702688674,-0.24212524858220635,0.2952569734617072,1.0,-0.12317531656250692,0.006403942302202381,0.04854593176931286,-0.2059312470282427,-0.0017322373559281005,0.10663802654498396,0.1562860485546238,0.05977100219316088,0.03515579365387647,0.01189748460068325,-0.012559194712285135
1249,2.306921454458511,0.9719548437886522,0.002043719389225007,-2.689578734798195,0.05609996252803888,-0.10567725261363524,-0.28394626273475293,-0.20964638341299055,1.0,-0.220992987270172,0.15152428095931286,-0.057736669329488344,-0.1831172445668871,-0.07162005965596431,-0.01110959499387161,0.1298073047270052,0.051147150595695086,0.04251390705579157,0.0033703636987311735,-0.02229854476809978
1250,2.5878636956812553,1.9157939153186467,0.0006482281763180639,-3.1882720955600496,0.029179167030897624,-0.1680241077369136,0.03892718592455011,0.288934231422138,1.0,-0.2974730762454299,0.04678602371727949,-0.24501127651449892,-0.06705200471032592,0.018531051128958292,0.13712854181958614,0.20087398010964602,0.06972284947591513,0.027253259194962784,-0.021331966324865826,-0.013028974406680256
1251,0.7597408483832282,4.601993444753328,0.014234010371650821,-1.8466727220591088,-0.19830133397639335,-0.025261721726152497,0.2126226108898305,-0.2657106696867485,1.0,0.29114720574669894,0.2670757657508726,-0.16065386015963504,0.24380178461679106,0.002623094322256664,0.03545117091613201,0.1434336239355459,0.1289517174449965,0.09769595985082585,0.06194397140316936,0.07452641898861614
1252,0.36086020012517595,3.787091955858214,0.01807836358398156,-1.7428408835183362,0.0022797659758962527,0.28543456370754544,-0.07558159122095716,0.11092808394688,1.0,0.042400174518166044,0.23935423622655203,0.16628587406342327,0.1781965977368568,0.02404691861025629,0.09025531209590608,0.19426798016463795,0.1366482722955757,0.12853390028052536,0.11815157905373634,0.10718169079771118
1253,3.857864111111148,1.528339547969348,0.012325338519158744,-1.909201143857328,-0.2685540973339142,-0.2836676722899944,0.2683873765362274,0.19395860845483479,1.0,-0.2841926666647669,-0.2492860401148585,0.24531280316997542,-0.29566261422742063,0.018113123814726437,0.09802176401996855,0.15551221933546855,0.036412581918287175,0.004219566726345273,0.01480841816453506,-0.021108531013497005
1254,2.9697961602363483,0.14652360754688792,0.0014945260731777585,-2.8254965039512627,0.17300316691590545,0.09283426899498994,-0.14432489733786982,-0.1972637059208123,1.0,-0.23142941672650605,0.05257261988787798,-0.02665437085294021,0.01044011504350577,-0.022338797257607623,0.023645082479192083,0.1828654067448524,0.06879125245698042,0.04010950421295974,0.01812195146906171,0.017176590732748378
1255,4.065985265344092,1.9968599372534823,0.010569720541630655,-1.9759364950797222,-0.27076024512246016,0.26118695941550546,0.14711143164870058,0.12194830461608423,1.0,-0.11428098781039951,-0.14862281733699587,-0.1290247482518846,0.09770941949365756,0.057427796804841794,0.12385019644190434,0.24379046045029246,0.12318038649098123,0.033676989485191974,0.006134634056138763,0.0308692122832765
1256,4.240024937714693,3.271340329353705,0.0025208873523480265,-2.5984465606490987,-0.0735806965355417,-0.2992018717452067,0.008476157466027257,0.07351796002971187,1.0,0.04099488700984561,-0.26825864641192815,0.23747380891434988,-0.1744055519078939,-0.03923033666521558,0.08530316641161123,0.236219796329018,0.12383389504563877,0.04557915269763942,0.05692171805141418,0.01329516469409988
1257,3.9693035224660127,1.5988276621338042,0.023741356957649094,-1.6244944621978836,0.10149621499415647,0.2313258635800065,0.06641128152679084,0.17152518645752401,1.0,0.26471777697140003,-0.14622056290081953,-0.10572670496083163,-0.2192937973744111,0.06607391788204696,0.1358643859657483,0.27492166684507796,0.2073067266592561,0.08870513105875656,0.020866151273198626,-0.015934779568812295
1258,1.441239325867265,0.3180733709801004,0.0006302218380870066,-3.2005065519770612,0.07345203988629025,-0.2553535632596056,-0.04128104532722576,-0.16162530471244582,1.0,-0.10099093796208507,0.014301214800629047,-0.1782178854517695,-0.07454107915864462,-0.04125027707751736,0.020820819087900993,0.16616949756491178,0.07296262793244461,0.02641325818015748,-0.020793371601124943,-0.018595105718283485
1259,2.143379295019222,1.7990183404117959,0.005933088447133391,-2.226719177397308,-0.007692086868687575,0.0978386224117197,-0.1112348948636085,-0.03730976333514328,1.0,0.07061033357294262,-0.11422418595883653,0.23671293588924813,0.1189732943512133,-0.012598646997559394,0.03978205661752585,0.22105511862981742,0.1526159214897493,0.07653107748619672,0.0959538331155039,0.09111489169432864
1260,3.184215498601461,1.2203799479721342,0.0043485306828003455,-2.361657461239806,-0.15292134845366093,0.20432640204860686,-0.2588757678047159,0.07945287374478378,1.0,-0.13596122897928625,-0.22702647883523694,-0.1513893029657827,0.2715284678139435,-0.02824774820453648,0.05253452588459261,0.17185023775713915,0.0696249482451047,-0.008134951710693915,-0.011229856555001722,0.03958917467050943
1261,3.5193111774101964,0.6150403860126878,0.006446269086718525,-2.1906915696834623,0.2046948672429048,-0.21695863689304698,-0.010537948310698686,0.28568918291939743,1.0,-0.24214753845381728,0.27426170128807703,-0.03946712851203821,-0.28034306011873883,0.011801317236673433,0.12264790515445873,0.19007831141258427,0.08985030902794816,0.08272316260066236,0.02159694762003728,-0.0216671677025824
1262,3.479295660200396,1.853157790235045,0.0006662345145491213,-3.176372872260342,0.019283349866726817,0.06786658090585058,-0.046430613278299594,0.272224795326847,1.0,-0.2552819096525876,-0.13397514645101477,-0.26745601367553123,0.0686178868672731,0.047230849197866485,0.19639358213925245,0.19870159768593768,0.053629757482826244,-0.018834276823826743,-0.025215889227812125,0.005678383969664784
1263,4.086185867207403,4.031275669489978,0.0008823105733218093,-3.054378516298823,0.09229956977350813,0.129381386776456,-0.007185812027644433,0.18706820776896632,1.0,-0.28832919769286386,0.05830003605560114,-0.25020285690950866,0.0798638989436183,0.046127570679723194,0.1426113344781255,0.2751648372251916,0.13375901209459568,0.07572514904781454,0.014069529875798212,0.03702460965177067
1264,2.8320192489301266,3.441432157558157,0.037165082108902334,-1.429864903372163,-0.2557708326481733,0.15614507743681957,0.25310286681846117,-0.17738445267290376,1.0,-0.11172458923818719,0.10803152721542535,0.19555938886206364,0.23300257062099397,0.03515149971861271,0.07121919816096894,0.1703994474869746,0.09580610797074814,0.08980576870779633,0.10301918375055784,0.1038443135755984
1265,4.35012931002683,1.2669456367815175,0.006995462402765774,-2.1551835731904037,0.11875995047426299,0.1953717613158293,-0.22983104021777537,0.23260042137191483,1.0,0.0575196869025393,0.06555834300094267,-0.12305999638851525,-0.1559190671038427,0.0028289847364141646,0.11596832460643185,0.26942609854628863,0.18335856456651586,0.10531994528757636,0.02926856223185978,-0.006092488897310085
1266,1.5414584597006888,3.762770888668401,0.00492473350619418,-2.3076172656578873,-0.08368594596231385,0.04700241785969654,0.1774326458498844,0.22868952301467427,1.0,-0.29885978058481955,0.14926657081877023,0.23547965175580082,0.10029088386719158,0.05029589905632544,0.13269103926473708,0.18397908686412945,0.08187839729837744,0.0925992082349347,0.10108284987516533,0.08407253154768736
1267,4.1044170801668525,2.7660679639698227,0.013810861423220975,-1.8597792323783557,-0.09698219756657196,0.2724229196027028,-0.27424231195340487,0.2599179100601959,1.0,-0.18039234245396166,0.07434546551671402,0.08187181884848427,0.13630330723235135,-0.010073230490601633,0.10189478656740364,0.2287072944863958,0.12218909005549812,0.0874231689349138,0.08253744320068836,0.08427426780093691
1268,4.02463539307289,0.6758980830841778,0.00054019014693172,-3.2674533416076743,0.0414061743831494,-0.14229478854608388,-0.113110483283315,-0.14284284678431894,1.0,0.05486420339717661,-0.1654389850581616,0.05227660482910174,0.012211066684265437,-0.0647076194377246,0.050470615665513,0.25343821894569896,0.1335842215956648,0.03867876012342552,0.032933794123646255,0.028834266221144773
1269,3.21806857656286,2.6486502099491647,0.004150460962258715,-2.3819036666016697,0.028409645937345206,-0.23597255110479365,-0.15838013596790182,-0.18458740408647797,1.0,0.08384625251565411,-0.004742043574089361,-0.1838075154337493,0.07657455654756629,-0.0839424702586362,0.016583695053898517,0.19734155034877138,0.1258716186489509,0.0512256040189112,0.004596051236280199,0.02418214119753904
1270,1.2691370944522107,1.5343654218989877,0.0023138144626908674,-2.6356714686600236,-0.11056081863237067,0.0702843331258655,-0.13370929448103405,0.013898982700791129,1.0,-0.05381464040764281,0.08915143720631859,-0.030070860866811287,-0.2640467195899058,-0.024917308587307386,0.06175809278209364,0.2029419751099731,0.11012405651850922,0.07219136104994195,0.018036242006482118,-0.028057933864194366
1271,4.766504370889563,3.949417918394555,0.09061689714779603,-1.0427908127666445,-0.19789895475366093,-0.051069305355345006,-0.2815969469515053,-0.18165396683845222,1.0,-0.18304573502042257,-0.2265775188792363,0.0013434819647090146,-0.2525199315911771,-0.1066342022311124,-0.03735937969742596,0.15062428561233124,0.05501762838051064,-0.02015304490439944,-0.0355301042751727,-0.06578972028294265
1272,1.5489098186718866,4.565877441485686,0.03495030250648228,-1.456549060938974,-0.17288852346272815,0.27597146484321794,-0.23850754485032707,0.1515080612064009,1.0,0.029071077019690226,0.1901625337964668,0.10233871077447611,-0.26689905157071575,-0.010151564577522221,0.08544026827939395,0.17762153497008137,0.12461115336952475,0.10933625404616198,0.06815789063872757,0.020195201583751918
1273,4.044140777921762,3.740712267022036,0.07042278882166522,-1.1522867803752062,-0.2081804954470591,0.08337018680656928,0.038026886691847395,0.21754190987895874,1.0,0.23256580819640965,0.04830172298353286,0.2738058273554783,-0.18058346591914157,0.01870421244951784,0.12065031043386908,0.2760853793513741,0.22891890445324525,0.1716451684304385,0.15164652142288254,0.0782550045779133
1274,4.8814844334650696,4.036650347260781,0.007769734946701239,-2.1095937962761084,-0.0998648228842865,0.23514876537142249,-0.08076169159651053,-0.07037428759440972,1.0,-0.22705314743101065,0.27057631513943337,0.12994473575707324,0.12709706384113648,0.0038847946574280218,0.08544159872259427,0.22625718628347458,0.1308805195995824,0.14656864582695547,0.13756278154721527,0.12385022320253834
1275,2.1240462116800933,1.9889864558117614,0.028459017574186115,-1.5457800961517383,-0.14487344397138227,-0.018939238297974857,-0.22247228234435293,0.1697555675758122,1.0,0.16052142161097152,0.29226062060593927,0.14122985421772163,-0.18998933348042646,-0.03857901728443354,0.06021725913589301,0.18728411937705258,0.1490864417991333,0.13299609122523665,0.08811452189090654,0.030173541498314384
1276,0.9309928244059622,3.2096628966808796,0.0006302218380870066,-3.2005065519770612,-0.009245202857589606,0.13633063999340725,0.04247161520553244,-0.26121583339708093,1.0,-0.25543735946290314,0.23576152799493458,-0.16713224675528085,-0.22629778700393854,0.005886633816286324,0.024883946180249607,0.1305546822545987,0.05711126744857014,0.05601373345435306,0.0016648744606763,-0.02072324224496141
1277,3.043827253098555,0.02058246032880497,0.0026919475655430712,-2.569933403666888,0.22633495974879078,-0.033380882893442605,-0.07790862402468249,0.2969915211896471,1.0,-0.2593407070294442,0.1520843207552957,0.20510084766741746,0.017395327456713926,0.009845745581331573,0.09941835995828842,0.21460360189217362,0.09929886568035357,0.07932381247781892,0.08243997217981368,0.05671369282132451
1278,1.2305544403360327,1.0218263505265157,0.0006842408527801786,-3.164790999710527,-0.0738300660113238,-0.2756205668075982,0.1888247414198723,-0.2005513815819408,1.0,-0.20537984497868403,-0.13900076913951875,0.12908689813386948,0.06876610024742376,-0.008093567719169198,0.04318593613753573,0.12850248173041776,0.028438960556783587,0.008843991003148729,0.026349845659547944,0.026928016967147844
1279,4.993603618019565,4.558408062449738,0.011497046960530107,-1.9394136947279026,-0.014296172102906957,0.0008555712822764239,0.11535137411592106,0.1547992112219821,1.0,0.048841923972297495,0.2953104797652502,-0.05996230845156096,-0.0009147084895757995,0.06345679706024139,0.21413230852456216,0.40856320361922727,0.32072283394402545,0.27982142882002786,0.1795028023598585,0.1386096966646985
1280,1.7301283603496067,4.401767618480469,0.006491284932296168,-2.187669327271889,-0.02457971729435483,-0.29149654313839346,0.19856909018925875,0.029055976727236654,1.0,0.19030927076133383,-0.11526468590302896,0.021921508357536788,0.13232379383976428,0.017346444794954903,0.14392435492789343,0.21797517116345216,0.13059506239760713,0.07468450423927352,0.07568893484072671,0.07414539796119712
1281,1.1717664385215794,1.3386749211722517,0.000891313742437338,-3.049969397393768,-0.1811150849723881,-0.04219890417208044,0.16318931886559865,0.03322033047709609,1.0,0.12593796998109613,-0.2662112425805215,0.12601408388503646,-0.06355368049168751,0.019564539791855073,0.08012057094137737,0.2013478098786812,0.1124005080750085,0.029587113579352644,0.033546737068527524,0.017055050591172006
1282,2.0231423976345924,2.4946632309179315,0.004222486315182944,-2.374431749276235,0.224642320163524,0.02091676980231123,0.04588049902529556,-0.11329278195027505,1.0,-0.03799707623234892,0.25324844951375897,-0.09776146554402816,0.1847519821802419,0.0223087224841937,0.06414195199891427,0.20595854946584669,0.13591817233811718,0.11716043247461426,0.07001485969262222,0.08213913769888812
1283,2.6787470708387273,3.182508664405186,0.0067523768366464995,-2.170543328599618,-0.14921211450352373,-0.25335466097146775,-0.12481484097422613,0.10315297088653641,1.0,-0.231981334829997,0.059961737301109694,0.2988197711183381,0.05571350424357384,-0.05906901690044855,0.04236010525734706,0.16768660467945765,0.06961834248308871,0.06524580378791786,0.0917373439671919,0.07163088285358551
1284,2.399894974896739,4.310955685438972,0.013153630077787382,-1.880954376057021,0.25273000719692057,0.25487655126750236,-0.25467893772177724,-0.029766749326609984,1.0,-0.09395385022225163,-0.22276060931071223,0.03197180947865059,-0.12803909582319462,-5.1355185731022696e-05,0.07996057909056879,0.19031136622517464,0.08718479204543442,0.028010048839988488,0.0206623412320514,0.005439239548149298
1285,4.083036398598431,4.406081313753859,0.024659680207433015,-1.6080125597373567,-0.23121320374286936,0.12630842497175285,-0.06364372896007194,0.21892612703438719,1.0,-0.19617973296947078,0.27131081134635504,-0.16471141470982067,0.12117679679932326,-0.0009257529294232967,0.10269691237728333,0.23157367834941472,0.14088506735460418,0.1237847543257029,0.06732934257144578,0.07425154197131867
1286,2.5121190524203545,2.029570228260427,0.005077787381158168,-2.2943254880079755,-0.23806962464448564,0.22563604030700662,-0.015072329375811377,0.14245187070545343,1.0,0.08261585821571335,0.08793527307070385,-0.26137957519340027,0.04779561169056263,0.022626764388367523,0.121312474379797,0.22851109655309354,0.1482040945113293,0.0752034674542202,0.012399247931790336,0.025563797332871667
1287,0.6258741826461975,0.47921617917790593,0.0014675165658311726,-2.83341698758736,0.14582954698264122,0.1487646105015281,-0.017407303660996576,0.02556751786556679,1.0,-0.09970875286455756,0.06618100243433937,-0.24983995726347247,-0.2958539807374732,0.020037058859619622,0.0923357230924441,0.16667440174399079,0.07435203003411153,0.02863203454757618,-0.03621582041163125,-0.04778999383760176
1288,2.9802679983939804,3.993867632540309,0.0016835926246038606,-2.773762985454819,0.13706871946180593,-0.12980624881469102,-0.19419559924036528,-0.14935998123128402,1.0,-0.12657571069506957,0.2274452844714237,-0.2859967055242306,-0.06787097478730793,-0.05347453175789195,0.005160345843489756,0.15794529445441982,0.0970335566190296,0.07590618767905681,-0.00047319278456577237,-0.00602609337920789
1289,1.8255241068638042,2.7616249725441393,0.0010713771247479113,-2.970057630598787,0.13148767808293263,-0.06774814926042318,0.15531669400353962,-0.11223572922838045,1.0,0.14831255173099694,-0.14957705767672894,0.15891893997820242,-0.2449754120164156,0.023527303037556988,0.07964164298517347,0.19823815314525445,0.12088581090871883,0.06421065162261143,0.04540796516317851,0.0026283196122253005
1290,3.779217365927024,2.29494451762203,0.001998703543647364,-2.6992516175406793,-0.038772695315677674,0.2748824996359171,0.03906423839499546,-0.017686286831360688,1.0,-0.08884427574687523,-0.10556677923056647,-0.21592952964335696,-0.17271056997237924,0.0505442737978755,0.10412765943984019,0.2599898743781734,0.14036901521608847,0.0423154088751748,-0.028597665591320647,-0.042128216965882904
1291,1.9967910310713952,1.1934151983397883,0.005861063094209162,-2.232023603423126,-0.07785226514823583,0.1346142691870543,0.11091305369432199,-0.17607814157315776,1.0,0.15295410933238404,0.2199197302861228,0.20384885798699676,-0.06625148378281827,0.02112332697966495,0.048310698274765716,0.1892904421334667,0.14664295275060502,0.1276980414856014,0.09989473370157513,0.05320335970786149
1292,1.8448075229796985,3.6310071281427456,0.018852636127917027,-1.7246279146484944,0.26083302348128296,-0.23577724982682535,-0.22805378952805272,0.11123862903307721,1.0,1.53106801639602e-05,0.21657061061376415,0.02320959525928676,0.14278183076603543,-0.03873968835706647,0.07398292323913636,0.18299807072345775,0.12180666515792066,0.10636942855906707,0.08311889392415998,0.07906215146877399
1293,2.2905918276342354,3.4616299612471906,0.001134399308556612,-2.9452340468737552,0.1537345896113538,-0.25877190785962606,-0.04094209562896498,-0.2648227078021745,1.0,-0.18659765656090946,-0.2082827343739171,0.15980296809980551,0.16430308513729705,-0.03988142953181091,-0.00418476141608251,0.1286386680839539,0.04138848017983375,0.002545437361698226,0.03343957262751996,0.04984235137072183
1294,3.806843969317726,1.737891074485705,0.014558124459809854,-1.8368945720849168,-0.13070302112027476,0.030766233732896418,-0.2233823414001069,0.24365129538815855,1.0,-0.27105421760626625,0.06795744803974599,0.22731990762491835,0.14564522862545407,-0.038860843772183566,0.0625469730845665,0.20490798745195585,0.0967617418643755,0.0665432994768876,0.08901582693850976,0.08903003100112526
1295,3.64008061380427,3.3728869508138466,0.004303514837222702,-2.366176695379199,-0.17231665920805847,0.08726126771044947,0.11872800974162206,0.022039625559759822,1.0,-0.10167488625474891,-0.07089016844957244,0.006220684138770216,0.2980780320495569,0.03209849772953338,0.10614865126821944,0.2685749968186265,0.14834385415291104,0.07483747730348524,0.07658042472501375,0.12428292238604097
1296,0.6648598658984088,4.364076250799874,0.002259795447997695,-2.6459308705102798,0.10855509961467757,-0.24948412598613004,-0.0848375592610032,0.1302695968975889,1.0,-0.1894466536475264,0.20618045058429782,-0.0748750759831779,-0.26706043349485564,-0.02311021702715693,0.058018224768958494,0.15354008529856927,0.07800171531187003,0.0717793579889589,0.023831770528473777,-0.011304732501856549
1297,0.18962660401817402,0.5829861759556697,0.11398912417170844,-0.9431365832033012,-0.25831858170058425,0.27078149597882367,-0.034148663700471205,-0.026353288244521066,1.0,-0.073810222176402,0.08697913935974715,0.2898990398737226,-0.26654999960848264,0.008193481981942611,0.1002607205471022,0.11638041090707779,0.059688875413910096,0.06435387748404943,0.03054859097100307,-0.0001547808437515784
1298,4.605930801405812,1.4169545817574611,0.0007472630365888792,-3.126526499615244,-0.14166494884881192,0.1262765552235913,-0.00982485214143003,0.01181756220761041,1.0,-0.2047183328216194,-0.07820781786113508,0.012026585793392641,0.27538974526717,0.010085769434620216,0.12052267279483743,0.2633187536987678,0.100203799971918,0.03809268912625409,0.05918437063840316,0.10467215593659851
1299,4.425400716638302,0.013638834171188281,0.0043305243445692886,-2.3634595156174862,0.17145775867201754,0.11207280566133504,-0.08381699390035036,-0.24185710683007422,1.0,0.2625592050190665,0.2893861438245217,-0.16286615887828096,-0.14350640048188393,-0.006681491312834212,0.01784592337464044,0.196004193215319,0.18412752320786352,0.13890170143805505,0.03978876896641862,-0.001283155427008151
1300,3.330605842803893,0.8740006963806156,0.020491212906943244,-1.6884323342682843,0.08988431242954202,0.20228879033562056,0.27246400361261897,-0.040644807237082324,1.0,-0.004927626128515039,0.10572677430888833,0.28782445098644827,-0.09042764376475641,0.09143578691477552,0.11586970059371603,0.24427633427880277,0.15370882157609392,0.12510809706529877,0.11944530211818966,0.06230418259516553
1301,1.7115284841498144,1.9644897740646279,0.006374243733794295,-2.195571334301549,-0.20473589950286472,0.09821840453271614,0.1473039453294208,-0.25537820583330423,1.0,0.18023041416002653,-0.05705306617995388,0.17559316673570757,0.10096527160877444,0.0066315919464354535,0.04734916402496169,0.17300176429710964,0.1135128748770816,0.06970390249416225,0.07292922072610965,0.06211085347429508
1302,2.719388554626377,1.1616258062353066,0.030115600691443388,-1.5212084698874762,-0.11336734151322098,-0.0826329519105667,-0.2551823079934459,0.27596624112651225,1.0,0.26666760833499453,-0.060320206362499205,0.05748979617574845,0.1954581340193424,-0.03724559807438955,0.09952565784591277,0.21684180101749162,0.14952889752293427,0.07595086651511523,0.06833600440346649,0.07220799426787175
1303,1.0222594948701804,2.057525876376519,0.0025208873523480265,-2.5984465606490987,0.12059812198979282,0.03439467346042153,0.03146424859955077,0.2732614846564878,1.0,0.08819864817073202,-0.22880891416981952,0.00962061486778516,0.09041353633174433,0.04453970499097796,0.15394785656392665,0.2379664255787316,0.12096808839159476,0.03934591489870023,0.04150106216000217,0.04801537840597743
1304,1.615055204714486,2.1823172016579506,0.06798292999135695,-1.1676001217232927,-0.09119267555126293,0.26535952963930276,0.25886763923447814,-0.06741622179289415,1.0,0.28291155953865493,-0.17663360988124158,0.2581127391436287,-0.15078324957071132,0.057126949112287356,0.07698048774707572,0.18379370226567973,0.13509980727720083,0.07117582443742405,0.06946593945160666,0.031071704673560033
1305,0.12399690119791634,2.171121024468407,0.004735666954768078,-2.324618847837579,-0.07114486680587719,-0.015849243433421898,0.21205646607590406,-0.07961498894607871,1.0,0.15921555022318357,0.2024269665850679,0.03329228341466748,0.1420301246209395,0.028248722769858965,0.08619603110290223,0.19035053326565354,0.13526532354091164,0.10602498786825348,0.07836150723942799,0.0722213752569666
1306,3.0123532415069993,0.06843657692884421,0.008183880726015558,-2.0870407087693503,0.18440864753805078,0.033917561743483766,-0.23897740415767246,0.1980116378860403,1.0,0.15019499821372242,0.026699313138796078,0.18936562033051124,-0.09834821365636817,-0.014540239116324252,0.11263331423154567,0.23302217530403516,0.14993295005327875,0.09801281946046925,0.07556907726602403,0.030569063226798417
1307,1.7781927674194273,2.3675157368474635,0.006131158167675022,-2.2124574800785326,0.07840169463988797,-0.24874372016011426,-0.22456575736585577,-0.22327295966420396,1.0,0.15569506448903864,-0.2813600733271128,0.21555249144863203,0.012665490269726786,-0.06828847614379766,-0.013900990387265296,0.1329936880437603,0.0818878303718142,0.018969549237073505,0.03902654796458476,0.029316541498881934
1308,4.927843911369702,0.8004298826450884,0.0008462978968596946,-3.0724767383916194,0.1102686139788296,-0.19632826518202715,-0.010884526670115345,-0.19488754416402096,1.0,0.14985416624983341,-0.2921186283366425,0.029593046490467567,0.1898607465775172,-0.03753741740799428,0.015386720299653737,0.22347542926010847,0.15067889038265936,0.02451929495052243,0.026640243295817368,0.06205668099552258
1309,0.7455455859805622,2.881546086294568,0.002637928550849899,-2.5787369716372086,0.05179469994386532,-0.08360710551525359,0.06555227912811734,0.2964717083708607,1.0,-0.15491703971059936,0.023539308229382615,0.06028265516878053,0.13884752700552355,0.028960701344091906,0.13109831790739013,0.22227376002451862,0.10517757234588315,0.07289735273298535,0.06896264358339553,0.0732089265532559
1310,3.472999061072864,3.8896827983351745,0.013189642754249496,-1.8797669673011896,-0.07921053162726888,-0.19145029088571358,0.13547652059037432,0.19628462606789499,1.0,0.06829095448745781,0.1743764442736864,0.26254258182381146,0.07549765901573831,0.018216871608139364,0.1349094517983554,0.2570859917273423,0.18505439804507198,0.16963712047117266,0.16351984031102623,0.12784423875693635
1311,1.1861549992467186,1.203428221669224,0.01588159031979257,-1.799106011195517,-0.2227245850575215,0.006270731281115505,-0.09901575839663841,-0.14431935821324562,1.0,-0.2322314256081245,0.22444928222297503,0.20143689686290991,-0.1427842164563331,-0.033666501884166714,0.018477217396350606,0.12872004119855937,0.05201136547073424,0.06719104526904997,0.055632395505269855,0.015781071779876824
1312,1.1835936623013548,0.969689175730012,0.008093849034860271,-2.091844900258089,-0.28685534518834216,0.2293378256938099,0.08448440923535898,-0.17067943060264212,1.0,0.23491982363526548,0.18174045041624934,-0.17928603925918152,0.12760854725910867,0.01346316634727338,0.02425503735285498,0.14615765155278992,0.12576801739159496,0.08530464716353915,0.03036884813084708,0.036155463602826975
1313,1.5367538038105,0.4379355244020449,0.0828831748775569,-1.0815336214333624,0.23410379540434773,-0.23063972558547727,0.18919643218984403,0.25754563448941675,1.0,0.15236510161609523,-0.12447920661344612,-0.015032861355951721,-0.12816251313200044,0.03732919225171799,0.1116729168448681,0.20282645347415637,0.12251652286514542,0.048703832308118485,0.019064537196705922,-9.034751090733763e-05
1314,0.2637238333998829,4.581879209755888,0.017583189282627486,-1.7549023487034636,0.27308980322384924,0.04529789566859908,-0.2988550684641478,-0.06172504535375758,1.0,0.014278849652699743,-0.25470786405974016,-0.258889175063496,0.29635463012611785,-0.02158387176085383,0.08149798458439207,0.12132735058182051,0.042705759788330085,-0.011484775439230797,0.011358327092798621,0.036162339581766616
1315,4.560282804314933,4.674914067998934,0.0019626908671852494,-2.707148098386713,0.13357875920393245,0.03156698217028586,0.2464808338789425,0.11560246511356226,1.0,-0.27267272207536397,-0.11034444273554779,-0.29472446931529345,0.035867557183831035,0.0922992865691606,0.16042961377540915,0.2883149556466692,0.14078404525367286,0.04822261708871274,-0.015298270773265121,0.010667530689417512
1316,1.4263327181821923,3.90442972679058,0.036840968020743305,-1.4336689669511953,0.11909315652830581,0.29033826139753044,-0.06474828649340561,0.2918540360437148,1.0,0.04071441621451553,-0.22758872060704205,-0.1911552728430184,0.2441090650976269,0.046947564565066144,0.13479110167146363,0.20352847833768764,0.11117097822620883,0.03343103343204136,0.026807947103690426,0.05864682436847795
1317,2.2244134942522176,4.305102652157085,0.0068694180351483725,-2.1630800540364374,0.1440022758948066,0.27955096619480363,0.09514501886852396,-0.0787410299494496,1.0,0.10706126289608398,0.0914644541528512,-0.20295008881681526,-0.11650605605144075,0.0655874154227229,0.096224317733724,0.23584288451530555,0.17993683270162808,0.11993855130199535,0.043811654369958965,0.023252532352429297
1318,3.782309323324232,3.120617079036467,0.004177470469605301,-2.379086611436437,-0.10843901392218994,-0.16557864329441171,0.1400508000821806,-0.283555039820169,1.0,0.23022119169271726,-0.21398096269278502,0.1595445186433166,0.14187159438437594,-0.018783272418266463,0.006064526800464151,0.17968632559690487,0.14176644443970057,0.05997529617722041,0.06921652318158772,0.07540897860689573
1319,0.7349751091728405,0.5789768623326044,0.05056179775280899,-1.296177492869569,-0.2817846489439109,0.27600647425400765,0.05844506366175625,-0.16930633399500716,1.0,-0.08381247258584469,0.2605499541621789,0.009038809239306155,0.2571495689370107,0.008138509206380004,0.052525352445001255,0.13083161990292427,0.07322059440765281,0.06797267702802318,0.05450299669964639,0.06185071993213787
1320,4.388658840977576,3.2402406331904303,0.02501980697205416,-1.601716045213946,0.2313516189806878,-0.18750005934234804,-0.21196009187166548,0.09742215731360002,1.0,0.19367616943522734,-0.1441260914099636,0.25218247366778473,0.13053241496333665,-0.04154005118316053,0.07830371562947103,0.231753195800265,0.1619741680388466,0.09572531924081315,0.11536367409512245,0.10294487743526598
1321,1.0059706051150799,1.51870799649937,0.014594137136271968,-1.835821577142803,0.2817819772778036,-0.010905336021292221,-0.28484806910446464,-0.04601695756146159,1.0,0.1761514277165399,0.05124372065640865,0.23221907631532152,0.12972587265172442,-0.035206535137345826,0.052887179102424534,0.16633622670036471,0.1117401157825353,0.08447500260511975,0.08737549360008524,0.06929507591459567
1322,4.4920508001657184,2.1206631652061523,0.0006842408527801786,-3.164790999710527,-0.1750663489431135,-0.14180030262492685,0.21760348942346977,-0.054364244126660986,1.0,-0.17387473204826193,-0.2305063879322065,0.22090889090825913,-0.26896435037408034,0.01097194501335538,0.06416201798276637,0.19755973345510566,0.08168707654904035,0.01667835499550582,0.029330018412494604,-0.018517950328373854
1323,4.556910037633336,4.499713487828625,0.01012856525496975,-1.9944520695439367,-0.032237104034243846,-0.21616543246568584,0.09459820714052249,0.05140413846782483,1.0,-0.284924678646027,-0.21306202551859293,-0.2013331173701212,-0.20360075387240228,-0.006869431931387794,0.09805152332625539,0.21717094424916597,0.0661147099984119,-0.01738655995118564,-0.062347004654511776,-0.06688931085478926
1324,2.857798868257373,2.4996527051386925,0.0049157303370786515,-2.308411949286581,0.12086062875215721,0.26360615996283016,-0.2669975361144148,0.11215282190199391,1.0,-0.01148956096868956,-0.21297622024556462,-0.23578899241894222,0.11693134699165453,-0.0033600086417795104,0.07584065781974904,0.20230382959339277,0.11149159802351605,0.01742678716508815,-0.015293191186973686,0.01747619212239085
1325,4.712383237816875,2.952756499544675,0.010308628637280322,-1.9867991053154113,-0.03322846092339014,0.09269609755180579,-0.20742198588877228,0.1844257994379848,1.0,0.13988879759575226,-0.22500481683940654,0.27766052948818454,-0.2393090187074235,-0.017734871543527018,0.11090904040984341,0.2547428575623675,0.16135215404129097,0.08071163204237287,0.08078883213371199,0.019387870988625214
1326,1.7414324196252622,4.353045751201579,0.010335638144626909,-1.9856627039293633,0.20149164077778103,-0.22054957974967268,-0.23976763934880913,-0.22060167177863413,1.0,0.25194048746945336,-0.015453173626174554,-0.01908987952094979,0.148669970967335,-0.06573930301702524,-0.01302647568801664,0.15042971114863077,0.1284915540959431,0.07537916764159541,0.054214543660916076,0.0627443642889508
1327,1.014224884889538,2.8860892652683345,0.04658239700374532,-1.3317781676107934,0.29030969498611264,-0.23718683065017215,0.27693212352448693,0.1175335456904712,1.0,0.29741402978099263,-0.00028439153401643713,0.2773410614235134,0.03690693068289086,0.04313901458474389,0.09132224899738353,0.1893530268293166,0.14647482468452236,0.10362217236810871,0.10147254135370419,0.07436325763103882
1328,2.698580426984145,3.765000771639247,0.08006518294439642,-1.0965562996756542,0.2531066892746397,-0.1656011158275202,-0.23069919243013368,0.21502798197958878,1.0,0.29430806940442894,0.05290409015200585,-0.18807118008268456,0.03630983917588391,-0.024365478993673747,0.09437714076390535,0.21977064332901386,0.1757560597714277,0.10103932455798503,0.04538489883336825,0.0448322032375589
1329,3.5537149102550347,4.978355139644438,0.07103500432152117,-1.1485275887818978,0.19776980102721742,0.2347428556331719,-0.03349648298525724,0.180241718592802,1.0,0.2234966902135679,-0.11947703680428216,0.06496950874148404,0.09293158422394145,0.06653341479855152,0.15056480231908598,0.3091864070869947,0.24985684147557363,0.1524076208059993,0.12999165897666762,0.1228920589840358
1330,4.027121431543724,3.3592060766802367,0.024812734082397005,-1.6053253787557298,-0.21859673815473002,0.24543187067084005,0.03301010427105502,0.13383279149599206,1.0,-0.19368605248780404,-0.2277617292463773,-0.06778303534775097,0.29874754188156977,0.031511100415733594,0.09002217144284147,0.22503939838443276,0.11892774140584236,0.02277960007451867,0.01580070588789911,0.0725932945087388
1331,1.4155990809944763,3.6973976390944947,0.006257202535292423,-2.203619787401204,-0.1912720816684015,0.1788955582104043,-0.2208039878032037,-0.2510334066815159,1.0,-0.13745250586472615,-0.2913889454554539,-0.0294966260177387,0.13730026620033037,-0.04289044923024992,-0.005045897490089398,0.1184249366125359,0.03762212396003287,-0.019127975750042794,-0.007145533450076106,0.018606439838113078
1332,0.764833844237155,2.8137250752375698,0.015557476231633534,-1.8080608538484435,-0.2019589553455177,0.09899330423065424,0.02886651016298651,-0.04199511670150956,1.0,-0.18469786414777994,0.08382295824572435,0.060327580135983445,-0.276676486195909,0.001911672559899688,0.05822670481144072,0.1694923208804089,0.07457899336256686,0.05993200129191145,0.029448895376851678,-0.015865647937530473
1333,0.5807468157139244,4.5473967278375005,0.009156222990492653,-2.0382836390685735,-0.09307810461095213,0.09406467551559579,0.2272631100448254,0.20840435045277958,1.0,-0.2653458973744749,0.293885954435835,0.20546608219896542,-0.05516001771222171,0.06296427122899523,0.14992130991467006,0.14191928965335998,0.09409133097028814,0.10862703795153207,0.08465743016936918,0.058059228764897754
1334,3.6984632337336536,4.815691266116966,0.07737323537885335,-1.1114092426434337,-0.29733473592758136,-0.13592895434121358,0.23398147693589738,0.2717822829672478,1.0,0.09235286630011914,0.05374563917744102,-0.06474846998885944,0.07626505605741653,0.03324233803285336,0.15764460528632368,0.27792215508603696,0.19727659010390325,0.13244566227924048,0.09001652665798777,0.08716929832945151
1335,4.971452391099046,2.347270785820785,0.01970793719389225,-1.7053588304233862,-0.04042154436325209,-0.2894667938610923,-0.17781970290889074,0.12037906220759366,1.0,0.08135877564818596,0.25753309354322174,0.24173609136298715,0.23577463725672929,-0.07768124371135077,0.04283171374567393,0.2197939156731544,0.17480537386188463,0.1635637440675578,0.16177015209373077,0.14988708662838043
1336,4.418315307942679,0.9334138330971022,0.038425525785076346,-1.4153801812388858,-0.2925507912094663,-0.26370715200352873,-0.09309006188731095,0.17190900065327933,1.0,-0.2665136793817993,0.12112773221818464,-0.22452103484314145,0.0029095984439380107,-0.05285644328397578,0.0830892603746372,0.18505415448110513,0.0683454438697421,0.0325624389295481,-0.017626496392219537,-0.005290072352173526
1337,1.6480173350723983,0.35533908116722657,0.07921888504753673,-1.1011712742911035,-0.22860820287233113,0.11924660305325796,0.20398914009369734,0.14679679102007576,1.0,0.05221925750081184,0.21932775363638177,-0.016261713633627273,0.12037720645568359,0.04822929874411198,0.11056241676189926,0.21079237918490998,0.13627462746733623,0.10395532673960271,0.06321911926234575,0.058456385304163416
1338,2.9487607984000523,4.957513355806968,0.0150442955920484,-1.8226281420979267,-0.14317787960124015,0.15406474954620833,-0.28596645132871096,0.1025927071628366,1.0,0.07810229621164048,-0.27312943908536796,0.24562556493583088,-0.2852541311841899,-0.03604186245786098,0.0662001440611549,0.18398665499608255,0.10660802696771521,0.04785033125503602,0.04925887237122648,0.001715459971585443
1339,0.060975222471110174,4.734470254125245,0.004672644770959378,-2.33043723414286,0.14886199265191832,0.2829392366400792,-0.1514319996746393,0.1532682225303148,1.0,-0.004219508700196095,0.2694254763682157,-0.27994145915641194,-0.09101736784520227,0.0208400546086455,0.08540767419900962,0.17332281877730235,0.12066570999966955,0.09707970384255742,0.03069528085119867,0.021614991480308304
1340,0.11970946677059913,2.0770059203336766,0.002529890521463555,-2.596898272086238,-0.09006758551311235,-0.21463987240268742,0.20269173147256198,0.23769702729989406,1.0,-0.18992252285865618,0.21615337239915663,-0.03245227797531467,-0.07038201750270025,0.029359782630340777,0.10949473497094173,0.1539375022363033,0.07199069393746754,0.065095430351129,0.030760900030561256,0.017442416673686605
1341,2.4743905986752903,1.8136584013157577,0.008922140593488908,-2.049530937506043,0.207058833305147,-0.09757055009701139,-0.16882111960163812,-0.16508191880990644,1.0,0.2933294917484298,0.28671025356513563,-0.12506427959532682,-0.201719149697801,-0.03606691402550728,0.03219492734331256,0.16728286560497682,0.14922877357627987,0.10951640494677177,0.03268593633935362,0.00011601884794260938
1342,3.7720550078501605,0.6200769602365384,0.006356237395563238,-2.196799890939514,0.07578430757646444,-0.026937059255931504,-0.17669713368549392,0.19694202766720023,1.0,0.18076447533070417,0.008897089380505796,0.08610799838031898,0.022055015017198618,-0.02669491742785255,0.1128184373300786,0.3044020709689656,0.22156162468044674,0.1291160668425773,0.09335592621952117,0.06577161000232845
1343,2.394183503181964,0.767204917649694,0.000864304235090752,-3.0633333589517497,0.1089117353622002,0.08626928248429944,0.13639554419609012,-0.20330413123400662,1.0,0.2595513227607643,-0.031949559639685064,-0.0792992438973159,-0.1044904182032589,0.028230867849320513,0.0737815423468182,0.22093358099612903,0.15627931812741586,0.07226692126648826,0.019623635595822867,0.003352002407918722
1344,4.272787865243039,0.232344808003158,0.009210242005185826,-2.0357289582791576,-0.0029335861309065735,0.08186851204094427,-0.19871949434848016,0.1767495169988577,1.0,0.17807876823129246,0.13821157146062218,-0.23908447611714098,-0.1836379631260599,-0.020010739673052145,0.09100565203359086,0.25470999683560747,0.19534514903171607,0.1127831124036903,0.004967040560191095,-0.029694730125132605
1345,1.1485405252163947,4.936295169712953,0.0019176750216076059,-2.71722498855258,-0.13482405882385576,0.04751048368335067,-0.2251110115152425,-0.21166038192628842,1.0,-0.10986120049997615,0.2884292896447599,-0.2901403676150698,0.09576117110517308,-0.052421718583993304,-0.0066278207184173364,0.11984125400576381,0.07487791369044162,0.0672763541120248,0.011011403703837547,0.02591158395225392
1346,3.5896319444526847,2.2968861279509434,0.000783275713050994,-3.1060853393726995,-0.27091640003874995,0.22635006769922494,-0.013669070829108365,-0.19177970025402216,1.0,-0.13250327710227244,-0.046523029544614077,-0.25356260672443454,0.20887873544480268,-0.00827033025498776,0.04804782595024637,0.17126048332150456,0.07526476751682813,0.013590211422282493,-0.011862678129189777,0.03348573114526574
1347,0.5381100177336952,2.692626140381231,0.056206784788245465,-1.2502112570600286,-0.21349525660437133,-0.04401865251114332,-0.264015446776387,0.22316202317602432,1.0,-0.28183383540175294,-0.18887783848344963,0.12226386562969632,0.006705879002156489,-0.041953780905114826,0.05615741775900259,0.13691886413768378,0.030259007164306805,-0.00017813391794870625,0.01821940697648975,0.01587780746101666
1348,0.6711934177949426,0.4275201404583496,0.0012334341688274273,-2.908884024834911,0.0976950357860611,0.1508510685694487,-0.29557922520128643,0.10135555066648447,1.0,0.07338172630740813,-0.15686177017977046,-0.12190411796908329,-0.09304464681066676,-0.02473951373877242,0.04318466883244389,0.17129733620571003,0.10303475603633715,0.02510682578182404,-0.00825389593026925,-0.013369584962043893
1349,2.8622617746584247,4.445732609715848,0.015089311437626044,-1.8213305776970603,-0.26885645436560063,0.25596663751447296,0.12665299231692775,0.16907959849694967,1.0,-0.07938586543159937,-0.08622971203522536,-0.293478698080962,0.018772164359978305,0.049655911167831426,0.12219065428632439,0.23466943080595018,0.13739936316655202,0.0560837027413963,-0.0029945991932656276,0.013217487981765853
1350,4.519320613628123,0.06045371651749335,0.005554955344281187,-2.255319427958076,0.018651242090511187,-0.03789221998001114,0.266530056952686,0.08693035544038814,1.0,0.01076176186494815,0.10210091443046636,0.23725976772104762,-0.29513459372076184,0.08239312780148338,0.20836264908824026,0.25984230208861725,0.152226190613859,0.12894503272312913,0.06194870985559847,-0.0033895261678072003
1351,2.2039599973876927,0.9160650955920758,0.011055891673869202,-1.9564062251861691,0.11058944862768287,-0.2086106527777929,-0.19462517182820174,0.025346920267609364,1.0,0.277439706772077,0.168344877435584,-0.1351020459627707,-0.05673083302825152,-0.04622493735968623,0.06194875520924898,0.19857669644840195,0.15631625654211573,0.09495501982910735,0.028572882770217297,0.013971559157827574
1352,1.545985468419313,2.5585076315148836,0.04750972342264477,-1.3232174978141942,-0.2836829656001817,-0.05905068235359115,0.2650375779528619,-0.1422671131449202,1.0,-0.25867849989922076,-0.07953025217648832,-0.2654207772867709,0.2309682175360501,0.014138591951131816,0.041302788924333984,0.1313579046161539,0.040072078942798496,-0.0004045248256827535,-0.0195461984027575,0.022926182531733126
1353,4.839342475907626,1.5802463109279716,0.01857353788533564,-1.7311053640181664,0.14286434893290736,0.28077761109009436,0.17063912659694663,-0.2027728687131069,1.0,0.23772832895116136,-0.21853730706393304,0.1629756971203613,-0.22347075913532677,0.06482060799688001,0.08739300009859424,0.2288077472411855,0.15845841203185346,0.0707786076708988,0.05123992852179879,0.005547785583269123
1354,4.346685970098995,1.08680255024155,0.0011163929703255546,-2.952182906829083,0.03116739161218782,-0.057593304914318966,0.22615054445247018,0.03352012908941932,1.0,-0.0804289781820275,-0.041341102952065986,-0.2492952696186125,0.19731090704742907,0.05827097359479934,0.12638392096634538,0.2846911165405093,0.15413378879592468,0.054392078145175014,-0.00592320901589859,0.0470696563649565
1355,4.745368451877379,1.9207121656851034,0.0007202535292422932,-3.1425146049993744,0.11605355156993555,-0.16493623326502163,0.2543817840479972,0.06000966776085772,1.0,-0.1364781946573527,-0.21423553172558527,0.20744114284463686,0.005402144592406732,0.053863326991935974,0.12410506916730035,0.2685266964328265,0.12780878675267007,0.043294514013235676,0.06924066689793928,0.05697177458287539
1356,1.236533263742302,4.402822378894204,0.015062301930279458,-1.8221086510289235,-0.12690673828363228,0.11337948676638955,-0.09233820512953284,0.2725870665437427,1.0,-0.0728005295632377,0.17617824551188704,-0.06492665525325754,0.11875698547478972,0.012003807237360272,0.13007571231469472,0.21326176749896816,0.13084387569731207,0.10468421286766688,0.07417264463154542,0.07617730974495181
1357,2.3553560673265053,3.53179863814586,0.0018276433304523193,-2.738108554078105,0.13640067426629035,-0.12661879483277835,-0.06178773942515544,0.1461957969273078,1.0,0.0544377429744187,-0.08844873220400436,-0.06582334820342912,0.05160446526179683,-0.00856559021134157,0.10638454085001339,0.273324471835447,0.17452034759466817,0.0841735397796142,0.04877786012251995,0.05368831226983435
1358,0.11585476220705833,3.5887045376496385,0.008039830020167098,-2.094753133102772,-0.12431131439615331,-0.25718272288925953,0.1987021977471455,-0.19429179957932022,1.0,0.03974324823794617,0.2217102478876282,-0.04034168258645332,-0.10283511671825898,-0.009217267557369244,0.04256819610351118,0.1426600594432545,0.094715352903063,0.07902906637006178,0.03539459809625342,0.01797290463632808
1359,0.9766415726012555,3.5059453730217904,0.09063490348602708,-1.0427045233799306,-0.2655126285321634,0.039402751492854014,-0.26569277852528284,0.17636253780162228,1.0,-0.007438774492608213,-0.23264009822503348,-0.07209724380432146,-0.12534718781575377,-0.041593300582007275,0.07446673623681552,0.16509916966482244,0.07079604968862309,0.005876923596750745,-0.009280756971305577,-0.013740038087489073
1360,3.129011522484988,2.884252991178888,0.003799337366753097,-2.4202921410296443,0.10031462555956305,0.009584158205228021,0.15947314991082753,0.027833166375020445,1.0,0.027840128801429654,0.20440351143341184,-0.031803422998585705,-0.036590723693464354,0.06580607715523375,0.16606565189422978,0.3231119579479319,0.22295730211534512,0.17745911733469702,0.10345895689167432,0.07120463608117762
1361,1.0499777904959349,1.4207295131159625,0.0005221838087006626,-3.282176598428381,0.04682400768001875,-0.27614600164263203,0.048715702424554384,-0.05060875522459111,1.0,-0.2489614233820453,-0.09723892259694511,0.10497550404627239,-0.14639811323530041,-0.01814948449465858,0.04586445987539664,0.1567618417725902,0.04158503104781382,0.01443181094615484,0.015268193482244693,-0.007456350328942455
1362,4.3227678465376975,2.1288575178963756,0.00459161624891962,-2.3380344158933815,0.26201668039141235,-0.03556576530651274,-0.236035748387754,0.14760225811570934,1.0,0.041685934253551826,-0.04608435914779295,-0.18771503330056172,-0.04209178179185192,-0.02883000077907053,0.09153170059667005,0.27526443130811107,0.18112403922525944,0.0791856073644858,0.006612817841527914,0.003204019839330632
1363,3.487862725411948,2.1046470403080404,0.005978104292711034,-2.2234365126233007,-0.02764934353858559,-0.1565563223448061,0.18601712231387263,0.2147701455244894,1.0,0.09337449573985364,-0.16626450426574954,0.15359798333469932,0.19072181585313436,0.033634025890765536,0.12839329111369013,0.25950993654916377,0.16404782414050711,0.0769792943602107,0.0878705351307683,0.09765967265370813
1364,2.09225556690253,3.4763547392928755,0.05077787381158168,-1.2943254880079758,-0.27573920066489954,-0.03232171431186004,-0.13842190789156936,0.003555454178239592,1.0,-0.26616900011294464,0.09216161942250434,0.026213019362982547,-0.16522827863176995,-0.05423396339041232,0.03482354665572858,0.1698687944622178,0.06419751870311936,0.05149402265797367,0.02609342701040212,-0.0056203524435587725
1365,4.243479809109726,1.4521972327281263,0.004501584557764333,-2.346634587655299,0.18066086812476562,-0.06847973782526053,-0.24875075669051283,-0.16001453516814518,1.0,-0.11290001399215162,-0.12635564183366466,-0.21238618347760688,-0.16364492952136664,-0.06375618534770033,0.02660680757979156,0.1781770165629054,0.07161347534827327,-0.004462470497868938,-0.05342884807214221,-0.052589587908095876
1366,3.3184373217231027,4.790722103290584,0.00310609334485739,-2.5077854969180438,0.048416989473560525,0.01693340319203751,0.07862042120166808,0.18767630495967838,1.0,0.0033653813698571564,-0.09009125429353863,-0.025973682106898353,-0.12597809111917324,0.05543435966187055,0.18027506201273044,0.3703445247329191,0.24435062761830545,0.13649575547153878,0.08180157265418847,0.04289120577412255
1367,3.493656846812667,0.7923390105647108,0.0013324690290982427,-2.8753428765963607,0.06963720464243923,0.16712237269100738,-0.2787624824625609,-0.23225875140948873,1.0,-0.26116514283807263,0.0375013450871081,0.08655295430300682,0.14720072851106897,-0.038990145742064455,-0.021180258239065154,0.14541742844910976,0.062466863212537846,0.03505256506427937,0.0419350086748226,0.0553330535029612
1368,3.939017455573005,1.8642111704573456,0.001323465859982714,-2.8782872572431417,0.15564683796890702,0.17305532387479608,-0.2067083746635213,-0.02931666369091357,1.0,-0.0021976423637585563,-0.13265056089337263,-0.20775367313115767,0.09800296667820836,-0.009680435245782958,0.14429094097855577,0.22493820941580825,0.10002811379444158,0.007812336371260152,-0.0021433554476298173,0.02438460716952561
1369,3.6468918391354803,0.852346962217069,0.001107389801210026,-2.95569948055192,-0.061501195054307664,0.1731935013406743,0.19646679285637972,0.014934257280881113,1.0,0.020942904886930822,-0.2040994101886496,0.06865194069615108,0.043395914362743634,0.07803428223895277,0.15603548976167314,0.29085529325700504,0.14507414082316375,0.04612486855123252,0.048478234169855326,0.04776188754329816
1370,0.19014043417471055,3.897102577365854,0.03616573033707865,-1.4417027602596466,-0.2699611688931509,0.2900083256678703,-0.2517285846439129,0.19214354208631435,1.0,0.2054630173444894,0.1293680720395629,0.283481526617028,-0.17893939078498328,-0.013375333249575756,0.055966772139961644,0.14166309406679606,0.10943406839510783,0.09117918369995322,0.08023713543349727,0.03775368494489601
1371,2.098466780981272,0.6522783469797909,0.006293215211754538,-2.2011274162456367,-0.08826041060307165,0.17861986052658144,0.012606043778521392,-0.013915750724485676,1.0,-0.12979459352783315,0.08155430488116555,0.2794075808600207,-0.26047579861948644,0.017793616063652318,0.07347963459219839,0.19271228290023515,0.09420440410944776,0.08063362204944627,0.07399141669839518,0.005883379621301264
1372,0.7174539407093696,0.33523728241673445,0.000999351771823682,-3.0002816132046606,0.28514250929348833,-0.148571221498402,0.2646954873890012,-0.2366243009361205,1.0,-0.010454442759167803,-0.2354977186106757,0.111462193566104,-0.15380117832516219,0.02355068377024525,0.05248313328625882,0.13410228599844054,0.048783072117902955,0.009297371153235798,0.00896990060282665,-0.006599898158742338
1373,4.800136151596462,0.5259145011880745,0.022895059060789397,-1.6402582318156091,-0.12768472294365854,-0.28812640349378194,0.2956697061771718,0.07267260130609192,1.0,-0.24205004100106076,0.12275762889710551,-0.18045317539591413,-0.21101134399127042,0.021867080837538366,0.09369041328584858,0.20939634122419049,0.09290583004793485,0.05397955687977586,-0.013025561064164413,-0.0404577627388919
1374,1.0770786597196862,3.4885583607155723,0.048283995966580236,-1.3161967950282498,-0.15556309602269827,0.27372050432039147,0.25661104004754415,-0.13461392186523205,1.0,0.05773404459148763,0.10503739339366278,0.16504208573571788,0.20296732267660417,0.05036175927559984,0.08438244042838254,0.1743829212794663,0.11580418160691013,0.0975278095272222,0.0984278772579588,0.09342416266108254
1375,0.8995183900453976,2.6239491762587246,0.0029260299625468167,-2.5337212310124437,0.2407137781433607,-0.2515570138721861,-0.22196717334398222,-0.14942790607710732,1.0,-0.13178622555145056,0.21124026304610322,0.039918176006093355,-0.21312777752241074,-0.049889801798554304,0.005961501894702621,0.11872873361209446,0.061065342814027715,0.06174037755474143,0.029983636253071988,-0.003715838683909956
1376,3.80415885790375,2.5141211533175674,0.016043647363872083,-1.794696892290462,0.1192631500663728,0.23954412918655127,0.2375176940759451,-0.04629378822213504,1.0,0.011503323710596147,-0.19038653824529897,0.1741013692454654,-0.07781318549495926,0.09822094800000061,0.14606307595554113,0.268327657415672,0.14758005741483365,0.07382469430840549,0.07594595039391872,0.046223000273618586
1377,2.317097605964925,2.918514263630312,0.018438490348602708,-1.7342746396875248,0.19111464705435313,0.2605814264690567,-0.20868183971890134,-0.27465685295614994,1.0,-0.006562866544798374,0.2839892649597661,0.20206975666669316,-0.15895283828663467,-0.016254547700784484,0.028585508421915665,0.1434812768344516,0.10364666498619746,0.11063572763682203,0.08192676032599863,0.03615247569607066
1378,1.0246267083739808,2.3209290010928543,0.0445656871218669,-1.3509993930577493,0.28608002753770684,-0.17909573746767754,0.29798358476495984,0.2645968331211581,1.0,-0.231851842170134,-0.2774109538968544,0.15103171172532523,0.1826291614572347,0.05508422727287412,0.11353055925974825,0.1458129792095128,0.04168925456694183,0.012085137423718981,0.039049354462713,0.04669148312676211
1379,4.854568285960336,4.588485165009441,0.004312518006338231,-2.365269078576755,0.06376801791815585,-0.11635848609366933,0.20422128792891667,-0.20029125599425385,1.0,0.12262534708900225,-0.20779089512372798,0.22708549660733532,0.09618248777195564,0.02516624479895302,0.05378638422720731,0.24817587464009694,0.1872281777430613,0.096873945700856,0.11772110480184723,0.11420074356090426
1380,2.0659773114014706,3.8750934250120945,0.013450734658599826,-1.871253994511938,0.09800498158404666,0.18246854021469697,-0.14553437830812901,0.1210331360799242,1.0,0.12042189664111748,0.154493368770084,-0.02431079571325514,0.1280075279483016,0.012041385665425649,0.09915013065764833,0.24522532869792626,0.18806259335035047,0.14361139704425296,0.10225492314039872,0.0991850597002638
1381,0.5918436984928134,3.5479842287517327,0.003664289830020167,-2.436010182766098,-0.1320272350529966,-0.06261094883196323,-0.09530781483663683,0.21999915772694897,1.0,-0.21675484420245966,0.06300995221481691,0.25004946745845336,-0.11395148912375974,-0.01614901621873841,0.07829054768897693,0.16732022334939467,0.07085396478694812,0.06643805573307322,0.07146752220779845,0.03470856753326881
1382,3.8389693774810514,3.0199774171254363,0.010362647651973495,-1.984529268361526,-0.23939896372018168,0.19562697420366787,-0.25899122151562554,-0.023353847242754498,1.0,0.15897142286309143,-0.2189033122678839,-0.06550264386989599,-0.17479760102687866,-0.04846192520676444,0.052770469703724204,0.20603659992853085,0.13031362417472775,0.03286933291592195,-0.0033266659891340875,-0.021447105938800497
1383,4.591234935676266,3.2012288720747866,0.0009813454335926247,-3.0081780940506944,-0.08046938296621436,0.21748728413014254,-0.12042818097683995,0.11674797861398149,1.0,-0.2846213990276925,0.10056332634412679,-0.1061421598946414,-0.09851158193641303,0.008939112277872873,0.10358325634923501,0.25230141754018703,0.11875520091072031,0.07897742761028428,0.02680554735997932,0.00602306477393332
1384,0.8578079329429011,2.176887671719123,0.002106741573033708,-2.676388734581175,0.09836603744491916,0.12552055736336148,-0.00201605393370009,-0.03078329034573398,1.0,0.23077621021958714,-0.23073566738043744,0.12427157731609977,-0.2763624420310105,0.01687322272133846,0.06621805558782559,0.19159109976667593,0.12729954281121886,0.04863736769826975,0.033174736218262176,-0.010295412774708607
1385,4.886229843475571,1.9053452984702286,0.04360234802650533,-1.3604901229447786,-0.2788475977151071,-0.185546179888997,-0.22958065509611758,-0.21370851287532586,1.0,0.07314432097527732,-0.14177103020923756,0.06602609159239996,0.03350501772829151,-0.12502567964746392,-0.07023963800205062,0.16111904696989454,0.13304888387947783,0.044000769521518136,0.02999367281986772,0.03013827021768438
1386,0.39966148378287447,3.445224765134732,0.005284860270815327,-2.2769664907437033,-0.06643574971408366,-0.04794937809853739,0.26296608280044903,-0.0019320727400132464,1.0,0.041952828011346206,0.080962506352672,0.14021655097671162,0.15515179994259634,0.047702109028412515,0.1569415767793395,0.19532385794338852,0.12282263139393308,0.10505877313553248,0.1045928066697048,0.0882670423273365
1387,4.370548431505937,2.449188522994466,0.01241537021031403,-1.9060403258154681,-0.021707663940559285,-0.007027577161956233,-0.14036833602060544,0.14883111106490354,1.0,0.09584254233692655,-0.090683029483336,0.2327484181582985,0.09651852598577089,-0.028724248160778818,0.10287274303714528,0.30586918445442207,0.2113439435502749,0.1218838482664903,0.13747203020203927,0.12036717332244799
1388,2.6557603338061897,0.4721156413236739,0.013144626908671853,-1.8812517362068808,0.17229163156169008,0.21954143975331616,-0.11474355108980666,-0.13660563186481764,1.0,-0.2803510836969961,-0.20597098358727606,0.1935027195106097,0.04923003148584324,0.0005621639690849297,0.058419878687855246,0.14718180851080687,0.02580008936303437,0.0006162897577137405,0.03321619734671214,0.030233129089101286
1389,4.071523044968601,1.3761023236063354,0.03786732929991357,-1.4217353236410157,0.23882429143309822,0.25983222417878765,0.2232339889709777,0.04245629494069409,1.0,0.14394878798668168,0.018673679035509316,-0.17951655451169715,0.1570966295130923,0.10754696517623155,0.13999943908202295,0.2732635472683383,0.19766079118371535,0.1072961595916411,0.04495899396429566,0.06420391200850424
1390,1.498859918719392,0.6665874301044039,0.008003817343704984,-2.0967028310211044,-0.15310005564922322,-0.22100697618329943,-0.07729431713872309,0.024447341215851924,1.0,-0.16501619196950568,-0.036880962804711356,-0.00042350888493609685,-0.20623483595828576,-0.04593768868514802,0.048545864797951976,0.17815472933536508,0.06568854315997788,0.025481313441767163,-0.0008485943333266029,-0.02938633628024947
1391,3.341671730518836,4.822617391942185,0.007382598674733506,-2.1317907396076015,-0.04070237637318541,0.2645958246912528,0.004237947501206807,-0.16083073170758086,1.0,-0.24179991410253143,0.005811575211246999,0.12208012605776856,0.23143126888217194,0.025003515417679683,0.08273992550853125,0.20950362601446457,0.09475784923970611,0.07718918909917476,0.10130000371104599,0.11911801109894493
1392,3.2457364514404956,0.593530286212735,0.0010173581100547393,-2.992526148507898,-0.12862664130143456,-0.026552104400594554,0.29867106678014776,0.23700123934026307,1.0,-0.28910021522548823,-0.08775417892271739,0.07788061676477387,-0.23559737485723214,0.0687717557639244,0.15103439329150445,0.20270986069222605,0.060717814374289844,0.02597006682263309,0.010423047662823905,-0.020691723472926967
1393,4.868268437384048,3.712767572752251,0.0036282771535580526,-2.4402995458502086,0.24454554454940877,0.011833931783008933,0.0019253005829604763,0.07215679305154706,1.0,0.030971213716112667,-0.15882449765282952,0.166844418118581,-0.2682981134283464,0.04089108566337419,0.12930398060266438,0.32331251515326265,0.21685825556764923,0.11388702535261302,0.09354633273563619,0.016233326909740043
1394,3.207630512465325,4.266385250432737,0.009570368769806973,-2.019071327468021,-0.21473072215910885,-0.21370278244275479,0.12518809829911476,-0.24696209544438297,1.0,-0.10621744952383552,-0.28823741452189344,0.21005759726543047,-0.11310687928167468,-0.03502925723390638,0.018521591581044033,0.1422951673553586,0.04776072152844761,0.0025735320900421724,0.023497653434765682,0.004852941284255824
1395,1.0606203018784524,3.177107576802993,0.004780682800345722,-2.3205100709098487,0.15572841835576937,-0.19733645235769345,0.17672980394165735,-0.21265001268993514,1.0,0.12720780138912394,-0.014588730300382746,0.14243182234588422,0.18318313106078013,0.006617662186361856,0.0531559282867552,0.16813855044117934,0.10774879502630996,0.0746661342078551,0.07975864186029094,0.07862990420880678
1396,4.651933205991477,0.9229980357083036,0.002673941227312014,-2.5728481426741054,-0.2198789527008537,-0.14076158367408867,-0.01886279242145389,-0.09974511718345158,1.0,-0.2624521860445114,0.2955125112907567,-0.08682664423562271,0.2118910186377246,-0.046182878243232715,0.02437942231832148,0.17953040546421337,0.08475274810471237,0.08748734329990461,0.05052338704775657,0.07069698382481508
1397,2.5925704775973073,4.825227910189824,0.003637280322673581,-2.439223226880713,0.21845402230521507,0.15561142628879013,0.06509275777125878,-0.16692936157553392,1.0,-0.18545100016027355,-0.27414556532408063,-0.29917832918340515,0.13561689216223605,0.035962922365938454,0.07685843233834976,0.17352899410307449,0.06539030143264567,-0.01228582219917615,-0.02974333135348455,0.01116812273705578
1398,1.8804043409014028,3.546946275779254,0.003340175741861135,-2.476230682376272,0.22572011565668815,0.12771977159880424,-0.2963421775244499,-0.11031047861436238,1.0,-0.10859315050411505,0.09018682439780512,-0.1986176303997503,0.026400484101348296,-0.030848612921531206,0.027518559937706206,0.16514747338037533,0.09249149561466678,0.057169962477855524,0.010347121931935762,0.01832747275715808
1399,2.8193796374113056,4.421333900132826,0.007895779314318641,-2.1026049986252775,-0.026317688359769897,-0.28140020705251945,-0.07666734271736508,-0.2743088514723005,1.0,-0.24341439991237127,-0.10297335594185163,-0.020182453564690027,-0.010636400599156848,-0.08126027852669888,-0.030991309416536727,0.14200159304693152,0.040033873408931706,-0.0015614604684551345,-0.007742626244008554,-0.0017945718522155718
1400,0.8676007211069094,4.203415464933268,0.006788389513108614,-2.168233246121544,-0.1585732043161711,0.019286666573144196,-0.04760314369520484,-0.22927259678193135,1.0,0.20638824312287155,-0.2666498045598279,0.23913830614711062,-0.28649366685592,-0.028360919612865403,0.025231261639638486,0.1407092276871077,0.08407353618057464,0.035809061863868084,0.033661426641782524,-0.005376463753419075
1401,2.9240823411892154,1.2979485583455195,0.005644987035436474,-2.2483370511606013,-0.16886828151118247,0.21136559747420358,-0.1694362006919175,0.24691339963732295,1.0,-0.09683888356716228,0.03797527039021446,-0.013913327774120032,-0.08618746282625617,-0.0023167752948517624,0.11162695947242854,0.2357665818234233,0.12507334138828127,0.07219956323186864,0.03605214598791407,0.013017821759533463
1402,4.603172173373449,4.098117043551747,0.002475871506770383,-2.6062718981610553,0.06878954990363444,-0.2682749637538625,-0.10101346053857482,-0.102413818639812,1.0,-0.046967331752110986,-0.028911110781830826,0.25634351119413423,-0.2699189411685277,-0.07281849781864098,0.00834619458325618,0.20945324241780788,0.13285411900988897,0.09135833354330393,0.09094246623556079,0.013780560110542258
1403,4.117886785213387,4.254222189369977,0.02113043791414578,-1.6750915023927253,0.20928268836135291,-0.07370714863287403,-0.22897161348943412,0.23025677147387402,1.0,-0.20837493207504096,0.16809405534381835,0.1770264012024737,0.2834085694090381,-0.025652035679313772,0.06301675406225185,0.20859069193861757,0.12962682544912602,0.11149770398050994,0.12337668251956875,0.14080873035909003
1404,1.0289245634469044,3.749881976310778,0.02254393546528378,-1.6469702674529259,0.25873442717428935,-0.15054842995422743,-0.2030169448815809,0.28084113909933683,1.0,0.11105553564224509,0.18981709582141965,-0.25739788100151356,-0.2510810995296621,0.008399141660666786,0.1200125889006568,0.1533452406709764,0.10909588254499371,0.05628012006107251,-0.001065320645438046,-0.00754031077670065
1405,2.344692569032055,2.1897353666340273,0.0006122154998559493,-3.2130956792850816,-0.024091049001956744,-0.02785084575917892,0.002414738874150357,0.030650498413722048,1.0,-0.17051902297098137,0.14368303905009408,-0.20595527485320286,0.20058708524734106,-0.0011710639833455148,0.0821482411494648,0.22514829798588315,0.11287182835615918,0.07517099275676505,0.02413924273693248,0.06069458262090094
1406,2.725885718465297,1.1681404196659804,0.010434673004897725,-1.981521156027722,-0.05944591106509684,-0.2874617471020154,-0.22672613592280966,-0.09641451104115023,1.0,0.06166891856094143,0.2440204855995051,0.0033119599567703827,-0.04822694071467012,-0.09423510830476087,-0.0002589712826480114,0.17854425944281888,0.13112091064073367,0.11097858584874642,0.05841853697958985,0.02807527560763485
1407,3.701428675956726,3.688551551487538,0.014720181503889368,-1.832086834995013,0.2169842122436644,-0.16160707477829828,0.18795107786415002,0.11772994587595803,1.0,-0.23023844743993466,0.04158151245088595,-0.08648123042152686,-0.1285065639603787,0.053814208142780456,0.14700417242203387,0.24498491885693927,0.11569919526406501,0.07462797639041481,0.02809540289988268,0.008886789883107813
1408,3.5862575039550744,1.857028761239319,0.0381284212042639,-1.4187511773245922,0.07755003747083915,0.28136761531371685,0.23869800790336282,-0.2143128580405805,1.0,0.015387922210466075,-0.15039986762530663,0.1787976132553246,0.253774699013001,0.06939695489300551,0.08926112097848803,0.20451734458079984,0.11155564226825045,0.058890887119406876,0.08640735177807389,0.0988865939203708
1409,4.53768756732125,0.1836774732285909,0.00445656871218669,-2.3509993930577493,0.21135161327661625,0.1015277383883741,0.0630199686292292,-0.2857966739773046,1.0,-0.29040931221679,-0.12851421915548544,0.12516196290876552,-0.012078168736796957,0.02516373970881436,0.0305025174895965,0.18529313414211457,0.053147371885533416,0.006671825981425481,0.02554703295707239,0.0207676813197971
1410,4.92653869428138,3.1807570796784983,0.03360883030826851,-1.4735466020650134,-0.20882773430754667,-0.06787250116205408,0.25322811024027336,0.10530256207464757,1.0,-0.2492589047677702,0.21020379699460442,-0.14843064570375303,-0.16116666829307888,0.04380870568949176,0.13608467127251034,0.2378379854886132,0.12127834026003269,0.09681813742107526,0.024348827980749065,-0.00299457867506766
1411,3.445791188538516,4.7793169457463645,0.0093903053874964,-2.027320283564787,-0.03059067040175537,0.04816824051696562,-0.27914875092631,-0.20406605055868532,1.0,0.2794790331771752,-0.28981890558230866,0.07444242423131195,0.07859299962323574,-0.06925434357329534,-0.015762841629708632,0.18168683956776735,0.15438188812214537,0.0518984149316602,0.050199923298019776,0.0560837021036791
1412,1.7802456946319793,0.6417744204801241,0.0029440363007778737,-2.5310568393310318,-0.09614283282960992,-0.2883844675320299,0.2512799787995919,-0.016964033365925713,1.0,-0.21889226802342968,0.18931791415707022,0.11930033972946727,0.0361245427461079,0.01461462340867083,0.08214569076146082,0.15810254591634626,0.06575010299329273,0.07020005066625094,0.05660172193830443,0.0403759152358567
1413,3.2218721986096117,4.318018632193649,0.0017376116392970326,-2.7600472829835443,0.07594048500566232,-0.19378726652891695,0.0327457518883119,0.13332904184959754,1.0,-0.07731663466199797,-0.26384431976056527,-0.21467917674133488,-0.21989234222009346,0.0020635376244969865,0.11152934376425729,0.22508919019190313,0.10252830995498355,0.0038422504839679857,-0.04463768621959142,-0.05173436094509431
1414,2.735879199750034,4.6104921016876705,0.0005221838087006626,-3.282176598428381,-0.08115186994492646,0.038946938023970444,-0.12109306061421132,-0.1088377280719605,1.0,-0.255770626745797,0.22054877015970256,-0.24250976058422608,0.02162586951030381,-0.035019419891246774,0.02654210816853827,0.17515625391520664,0.08632688215052346,0.07367388703969587,0.009929713315700769,0.01734820176721233
1415,3.3156515241633033,2.7101322696270773,0.005572961682512244,-2.2539139429712,0.2234181044625425,-0.01063383849357089,-0.000572885223522035,0.1091847313348494,1.0,-0.26922119451406895,-0.20393409559741613,-0.2999231444070534,-0.1970554868492308,0.026422670276315376,0.11675157727976038,0.20192317092564022,0.06050212668874011,-0.018871288947428212,-0.06689796848602864,-0.0593844376255956
1416,1.3711410810779534,3.0055561268965403,0.020032051282051284,-1.6982745766743674,0.03045052213339503,-0.218587286951056,-0.24385431172756805,0.12878949271504309,1.0,0.14126938298433792,-0.12161009893577843,0.1765342227605004,0.25297358473684156,-0.05277034564379889,0.04357587114940164,0.16865789371445533,0.10977787513848604,0.05688516392440473,0.0743991916677671,0.08524421084640647
1417,3.1363475265633944,1.45479771004381,0.00081028522039758,-3.091362082551993,-0.11545128284293887,-0.17227953848108854,0.18941517054805138,0.1081328668867558,1.0,-0.28986819517579643,-0.17024696342677104,0.03163542951462934,0.19565479803743827,0.017920882328985185,0.09326332612629298,0.1968787329495567,0.05872393790015524,0.0038397905223813405,0.021069524630754052,0.051942185863628386
1418,4.308155055280186,1.8454106330196858,0.05997010947853645,-1.222065158334459,-0.24254618878746964,-0.11965138528331293,0.22572862336430174,0.2330043404316893,1.0,0.004223708715604691,0.19045330458461215,-0.22209806329574797,0.1717688595928111,0.03936667341583136,0.1469907790595885,0.2475477205472283,0.1592650019395033,0.10329548744700268,0.04226267037860637,0.061960438206686105
1419,0.04515920075287876,4.108504566750365,0.017628205128205128,-1.753791904524199,0.2909824318571264,0.05286238925386093,-0.0902161585245752,0.0846316043085564,1.0,0.017729867102752372,0.24456674233240183,-0.2880570608052791,-0.2883941614519968,0.012884093130609623,0.07217181464604808,0.16523838619978715,0.11302204566302379,0.08617183624051025,0.009616234978841776,-0.016174187669355855
1420,4.752377558019297,0.5344423858705234,0.0049157303370786515,-2.308411949286581,-0.01606162822031677,-0.23847471283201319,-0.03386225957222989,-0.15411824884599493,1.0,0.05703532430875213,0.11576584950684134,-0.29452726318997996,0.22621030793934088,-0.05653226799008455,0.013571250667426161,0.2151666174132009,0.154357105734172,0.08247914133844661,0.0010641036025098726,0.04702477664318468
1421,3.2281627068040777,4.962466074777778,0.006266205704407952,-2.2029953523807557,0.08826180948334036,0.02474398585067079,-0.18692598550636239,0.01161961259125317,1.0,-0.0843972178799768,0.2945036811834462,0.1746366981751594,-0.2479986109372074,-0.018807885394386447,0.13109224408256348,0.20290478583601124,0.1542594026768894,0.16137471000005366,0.09789639778326377,0.04280151037128198
1422,1.215562672055175,3.861599750923812,0.005428910976663786,-2.2652872798511665,-0.10122825360088812,-0.10149534618841964,0.06364442237932799,0.10621383910382406,1.0,0.08837299774512393,-0.1574919181843714,0.28499569223878685,-0.12969771582126258,-0.0027277776172456845,0.06364176221020068,0.20365813797572097,0.14074819448369544,0.07473939268388191,0.08815926305108292,0.0468113823752933
1423,4.0784124177628165,1.9699756683188283,0.001674589455488332,-2.7760916477734017,-0.18537628869911335,0.26483446053225057,0.0012612999818015335,-0.22866051067572077,1.0,0.1667408685246982,-0.17293372480751495,-0.10408348217649911,0.05892436351142929,0.00879104600647851,0.032476759503483124,0.2162809230130884,0.15877791736997016,0.05135398649780613,0.013054809681563645,0.027036890902599066
1424,4.737489249484913,0.44387599356237295,0.0005221838087006626,-3.282176598428381,0.19468301543861047,-0.1689200802076983,-0.029945892652398363,-0.060371055636527504,1.0,-0.19869865145539164,0.0271170141664113,0.027724813704704053,-0.1288231588492705,-0.024082026329721024,0.06045007213185137,0.2551088932838468,0.1144368123157614,0.06328527602157284,0.03070075442509631,-0.005799496517846973
1425,4.5489654451494035,1.6403952916102011,0.12868229616825122,-0.8904811982806057,-0.19192166478471598,0.16432942820540233,0.2976874925969179,0.2531954541540548,1.0,0.26672759765870563,0.1605149882377032,-0.037800738445027356,-0.16783734552414198,0.09305566258561714,0.17750106311196281,0.2831745313161868,0.2215139356516321,0.1505924156932859,0.07250119930169617,0.026683684227308473
1426,4.895922411815068,4.018654096542624,0.008877124747911264,-2.0517276770501067,-0.058662216477396986,0.19811659035901913,0.14243924819907405,-0.20702311940039914,1.0,0.13779230067084516,0.09311379720240917,0.068150301379805,0.08344659496576735,0.051626259830671095,0.09858883059345531,0.29620666120413086,0.23487696102405164,0.17846163627306777,0.14440264186698673,0.1271501786851395
1427,1.0984086285007673,2.9139297768103027,0.023039109766637856,-1.6375343061041325,-0.25527420248070354,-0.2660403792407557,-0.24836472749849026,-0.07199875226948219,1.0,0.034078948263670014,0.2907849196013128,-0.16190642034456948,0.0947477571860001,-0.08024385918538844,-0.003409260872864841,0.12282338650471407,0.08684820490122241,0.07445499178756923,0.027112979436401015,0.031830133358500594
1428,1.6141515699346445,2.746569105393018,0.0017736243157591472,-2.751138365829725,0.054464809322965865,-0.17765404139695623,0.2127765781961592,-0.21230938229690346,1.0,0.2818403129582993,0.03055298424263224,0.01513294056439285,-0.025530040026644083,0.010271299273305674,0.06113045741673153,0.20685081518365978,0.15833407761801493,0.09820034050211311,0.06069620255426254,0.04269307172899073
1429,4.649763181877334,2.826097675926797,0.048067919907807545,-1.318144671133409,-0.2516650276177622,0.24827533137736668,0.17022045903941224,0.08493756630362881,1.0,0.01607227216837328,0.1863348889439788,-0.15004093839375798,-0.053809452947147986,0.06777672967217169,0.135077930021565,0.28744820295724627,0.20688172675743363,0.15121649478848015,0.06533457412136849,0.03976057294956036
1430,3.788942190165513,3.6415712525439763,0.01857353788533564,-1.7311053640181664,0.22951281538187765,0.21010291444940365,0.16991217731479538,-0.04508344758967294,1.0,-0.20367933202758692,-0.2011414604354327,0.06111989938408626,0.057003690005870106,0.08901895358397631,0.14091848419440967,0.24634155075572536,0.10332568753883228,0.040556264607004934,0.05172406677108186,0.05744100349296399
1431,3.0234470421838386,1.2011753060996853,0.002016709881878421,-2.695356573657155,-0.10501048838018964,0.00774651150805663,0.05915724259347829,0.05565519146861939,1.0,-0.03688646241807753,-0.061225165740967064,0.12551521696728046,0.16178400475573698,0.01923854516376035,0.13876903277849464,0.28161789479116767,0.1402495545591637,0.079015740389629,0.09329487152283901,0.09665329380080737
1432,3.0475845781080544,0.8145131777780095,0.0005221838087006626,-3.282176598428381,0.10122651050389837,-0.2585068648774129,0.0957410209369088,-0.2500009033932854,1.0,0.06796210377586749,-0.12709077287598514,0.003205735214302052,-0.05465363485978401,-0.022682923418979282,0.0163039539960808,0.19903794887596976,0.1206195714691972,0.040958523082106874,0.016477177546732818,0.005584553988455993
1433,2.721645070267261,4.636431171463381,0.0034842264477095938,-2.4578936269724068,0.09053018007137936,0.19061439416985523,-0.2598232104929764,-0.10591021429614456,1.0,0.026380795918858446,-0.039936979093735725,-0.25962875905864025,-0.27474877819303933,-0.025065358991865933,0.030560904694950076,0.18720363730754616,0.12784258526419012,0.05745363691334973,-0.019238927871876522,-0.048469839363510146
1434,0.34005663300637823,3.02034375952146,0.0032231345433592624,-2.4917215653474436,-0.15918007532785075,-0.18129064332768713,0.07907023863636961,0.15918410649394069,1.0,0.12289743493750498,-0.16001651795084462,-0.10440333531312361,0.1398341217995635,0.003543352366375771,0.09608198848456304,0.18195146784165162,0.0985007742951451,0.030967128708953337,0.022528503056190512,0.0398654444983486
1435,4.487184503117973,1.0438633003037268,0.005221838087006626,-2.282176598428381,0.055198277317783706,-0.02422526566400839,-0.146271930051776,-0.1035282524733023,1.0,0.017420142259536097,0.11496713486123322,0.24805641111406562,0.13441078757109198,-0.04734468964411898,0.03366960233212691,0.2524993070520899,0.17400728710689126,0.14132875741921525,0.15015125342854693,0.1272622996305274
1436,2.9601675375725827,2.560236045425612,0.018258426966292134,-1.7385366413300196,-0.16264769271979776,0.17245494276148263,-0.0875903417215124,0.01812836316558226,1.0,-0.2007777524753079,-0.25523291981125995,0.15453742668020923,0.23702471881896364,-0.004376019293278258,0.08196179021129607,0.17913763893494292,0.052984567790236234,0.005858971401857808,0.05088272637785743,0.07321058543995072
1437,2.9977367451925883,2.8987724216840687,0.002529890521463555,-2.596898272086238,-0.09499167971877796,-0.11680273999494212,0.1464223296967683,0.047363251041599906,1.0,-0.09635063994451522,-0.1024301482621487,0.20661490051733608,0.10301528015573282,0.01442050325953656,0.09493081431650423,0.2424098512105877,0.12492296090536228,0.06917591447282226,0.09286428239093264,0.08849276129222276
1438,0.10666501839530207,4.007370481389892,0.004357533851915874,-2.3607592303469054,0.0853338388219745,-0.0205269401186943,-0.1973122707479928,0.2894697933660461,1.0,0.013185423034222031,0.20140759845767,-0.16846046356354624,-0.2680222074087058,-0.010682318404877815,0.08596820464287698,0.17662148591842514,0.11562110116115151,0.08775059638484516,0.023600529156309186,-0.00820494143395297
1439,0.9220148403303696,1.5507146268981689,0.0027009507346585997,-2.5684833372716556,0.009995833151275835,-0.08172644026074623,-0.21883358041185588,0.2925319665445764,1.0,-0.11482126436475704,0.151134167055392,-0.02419714994895653,0.14936032340444888,0.004213389992858852,0.14772965695853355,0.15578614642671423,0.08337535811033425,0.0592470843342098,0.05241957191393737,0.048898150417295214
1440,0.5640532608046956,3.235757239170934,0.026028161912993373,-1.58455650032066,0.24236223287452502,0.1868159418145887,-0.04166941808039504,0.09307850535651556,1.0,0.14132116214470775,-0.26756455000258833,-0.1326937738265926,0.23771028676965567,0.030240411274740486,0.07066278758545072,0.18073344202898325,0.12360451181177103,0.036857847347708944,0.01890935542405566,0.05200280970105104
1441,0.033966403012951146,2.2544784894617673,0.0015755545952175166,-2.8025665433050233,0.13429546289350475,-0.05490039521156402,-0.04952818146455151,0.2094686963021332,1.0,0.1547747984265683,-0.10277982680497208,-0.09595733355370775,-0.05632233037105265,0.008597012297210545,0.10192034660973284,0.21325912459160676,0.13158983396922821,0.05447730697191354,0.019725908508435665,0.013546542948128282
1442,4.7490035093600085,1.9807508491100374,0.00904818496110631,-2.0434385302348104,-0.08697676124632253,-0.2077699199045355,-0.2500216260177801,-0.11398261730970696,1.0,-0.05316450532316158,0.2545673154382639,0.22616740628725096,-0.04773746407826986,-0.10599022150336082,0.01200207421332657,0.18734404028888638,0.12421628490834108,0.13419286430003532,0.11494826396105284,0.06355987961894777
1443,0.006570843835999996,3.4507305167557627,0.010632742725439355,-1.973354694377803,-0.13840166818324626,-0.1445068793917809,0.21515844285922422,-0.024863273374396,1.0,0.21028658414878387,0.15366788050350808,0.18595585736333278,0.09249052131201016,0.013743324181970225,0.060114469617094386,0.17295291366031104,0.13258226894188596,0.10955492445843447,0.09729221917654378,0.07864564818827437
1444,3.898445915024362,1.1456736486469141,0.01824042062806108,-1.7389651509670563,0.17123585272664757,0.15430650278432967,0.23306234577388144,-0.013550923664297054,1.0,0.2722156614224506,0.2287989685525049,0.22058886657806584,0.0837944521693792,0.07836910191608146,0.12716301841619698,0.25364432066430176,0.20821442835198564,0.17342072688343882,0.1434370595648684,0.10415306834633219
1445,2.2885691675713136,1.5040845735788357,0.04515989628349179,-1.345247064168658,0.2541618194278009,0.048626573015258454,0.15237584525115544,0.2674285352955665,1.0,0.24847536694991382,0.154734917562999,-0.10807908634289308,-0.29408008930330065,0.05963400749236056,0.12554742008796418,0.22144717017267776,0.17110504111224067,0.1137526614408145,0.03915429134194497,-0.008299304208412184
1446,4.934247587134234,0.19015989623040314,0.023048112935753384,-1.6373646266794684,0.2329001715779635,-0.07998307190459038,-0.0679971335499309,0.2888243047149572,1.0,0.0597697885872531,0.05650078933476938,-0.07143919488378946,0.2360399481442773,0.013537481432138225,0.146550479412415,0.3054952008935206,0.2009687707017116,0.11329998673238321,0.0675240093612511,0.09350685955825125
1447,2.794881176696598,2.7788256928396375,0.002826995102276001,-2.548674943918103,0.0863020950409187,-0.06630596372479959,0.16525751227870236,0.1202903484529048,1.0,-0.001020851773242959,0.1068608539797091,0.05476486926582331,-0.052751698240437926,0.060162735923205986,0.1735575538799109,0.30631380518059065,0.19101398377636036,0.14451161478805882,0.09948501210362161,0.06407973658894314
1448,1.8742213248730226,2.7922667317402103,0.011695116681071737,-1.93199544091829,0.20256387738836112,-0.24830241666529618,0.14194415233885785,0.1019178495828271,1.0,-0.2389502552388864,-0.14660306357350264,0.2792494530131524,0.09335525798559682,0.021540424126598727,0.09673446197139639,0.1626263702386306,0.05164148028577704,0.03619626724184274,0.06789250206981505,0.058371696126203104
1449,3.863817808328603,1.2702245840883986,0.0007472630365888792,-3.126526499615244,0.0351702896127954,-0.09861150539391962,-0.14396510392598535,0.16563237757636887,1.0,-0.08648355773537447,0.004607591167434677,-0.015899736898851612,0.05872685803546165,-0.032413104218117494,0.14449161272348235,0.30346255413437023,0.15061593399269552,0.08015809208759657,0.052666991167490886,0.05351723009829158
1450,3.6584305791524008,0.9026901568880703,0.03670592048401037,-1.4352638805391613,-0.05883092389245798,-0.06507847496926683,0.1393535533216315,0.14973208776342836,1.0,0.29831358857675194,0.1872985693358931,0.1992681042745716,-0.28052014082759524,0.03241249721320513,0.12444387289413188,0.24628886791334967,0.1977775921440072,0.1529825660043703,0.09430639088879644,0.017557171187401556
1451,0.4047778217851665,1.0659514585705894,0.0028990204552002304,-2.537748720295487,0.03181316288281202,0.292509503566799,0.07360625013621959,-0.18348998605443748,1.0,-0.15466573952003318,-0.1351822660077455,0.12791636462088501,0.1703872775194435,0.028380839091957627,0.04843255944046454,0.1467283207382244,0.0515271642620123,0.019510393717537152,0.03976941817591428,0.049755574691030924
1452,2.8719551825539176,0.8821161852470578,0.027306611927398444,-1.5637321816806544,0.2849057350709885,0.23300957235449696,0.2420419678082055,-0.19614032099083023,1.0,0.2610107014488838,0.298911672599041,-0.053683625968681925,0.014134834753046888,0.0698959923129097,0.06827331868235464,0.19212319362662444,0.16739141826781045,0.13411461282925594,0.07139215502558255,0.048739309768568884
1453,1.5851170137602701,4.685553461911727,0.04549301354076635,-1.3420552937530874,-0.22626347603565855,0.13977113718484035,0.17292513624990394,0.18501520498714877,1.0,0.19112612499157458,0.07301597766803185,-0.2779078831667306,0.2781046078104107,0.038906935662251514,0.10134675576804378,0.20257224409721428,0.15836958774255394,0.09838826278549904,0.049159896746680566,0.07978204614946792
1454,1.1672826200366897,1.1749454026899577,0.0032951598962834916,-2.482123506596907,0.06336249489736812,-0.05699318103945736,-0.215580136866792,-0.09116400595479952,1.0,0.03148055168331003,0.2863337812441637,0.18224924509815954,-0.24421131715866623,-0.042794358805599925,0.043530660261391206,0.15358278522499944,0.10380523981575034,0.10448750040691095,0.06106028443916584,0.006964279158734773
1455,3.397134524051543,3.6342433728099186,0.007931791990780755,-2.10062868357927,0.23331179549865402,0.17608394663114507,-0.004926947905428247,0.02135617607658813,1.0,-0.28548414894253094,-0.025102136973689005,-0.008409452006132889,0.0012481420919232765,0.060337721425194744,0.1286426797691912,0.2826703440037752,0.12395212653264248,0.07100740579419973,0.05252811504340921,0.04883276800078356
1456,1.0368270096985628,1.3775383928412572,0.04193676174013253,-1.3774051077926561,0.25064496183151996,-0.12177899802930392,0.162000555249488,0.1929652017949136,1.0,0.13298120573288175,-0.1717583046992136,0.07510031179860026,0.04285667274737146,0.04239173665530801,0.1105021440910356,0.20852438201836657,0.12323863788024347,0.05098166425998523,0.04583275249361281,0.040293175841377385
1457,2.159740806943952,1.8318076643126604,0.013522760011524056,-1.8689346593231684,-0.19409388450694365,-0.08529689171839883,0.1721276854282285,-0.2703688554224452,1.0,0.27765454068494877,0.01703287002606266,0.27790545101023484,-0.2031224459434062,-0.011708205120677774,0.07564054624413886,0.1604955157241375,0.11134184123376911,0.08938191345275112,0.05535846299933066,0.018584892339213968
1458,2.9133888344790835,1.8263727996480132,0.0025569000288101413,-2.59228625194428,0.28146676702998646,0.0005030131382874225,-0.06674124503468512,0.1381030133861972,1.0,-0.28013656197659187,-0.2967921327063674,8.07091766507284e-05,-0.20408582022130542,0.014666169665156473,0.07708733771583444,0.20216185824506672,0.07597313342748765,-0.012311509536674564,-0.01790004647535641,-0.034847810463418484
1459,0.8436929418969609,4.57814503182739,0.004366537021031403,-2.359862853389054,0.07772201165419479,-0.25979462801586634,-0.20123223693230707,0.19022536069930696,1.0,-0.07984095127260725,-0.019696339187264378,0.23994048961752826,-0.20438309055149173,-0.037467616560616805,0.07455603443123685,0.15887105754727565,0.07886290723167197,0.06540849003859012,0.05990839436737044,0.01900265635318468
1460,4.01815940850739,4.055059743730388,0.014297032555459522,-1.8447540939002405,0.1446835517777413,-0.2564608378025871,-0.19396778245563795,-0.11667790279601689,1.0,0.019233633421293916,-0.11725471724684415,-0.2514688560323413,-0.18795943439795615,-0.07677550710720561,-0.002093890788064376,0.1834217368216025,0.11918379582329582,0.03156406025460786,-0.040358019334869814,-0.05498846481195765
1461,0.17648315070223256,3.922139841040769,0.020671276289253818,-1.684632708265382,0.27659650581787887,0.07100186563981647,0.0811972949242242,0.13071343962906543,1.0,-0.1520452272899289,-0.06781352143099302,0.21799216957499748,-0.15561350538248278,0.04788110315912781,0.11952520688174387,0.1799425856885423,0.08100185104245616,0.06498022256626539,0.06323998335362972,0.029794986304385682
1462,1.270718726251997,3.0913311213437304,0.001269446845289542,-2.896385479335938,-0.05778325574182773,0.22904321692908192,-0.22079455165083475,0.1452754421342636,1.0,0.006904147203646271,-0.11105590579233479,-0.10552847850278338,0.03133450853409001,-0.009898418279015985,0.08674516248743104,0.21501142027527487,0.12159105509965423,0.047031007927571256,0.01934615823247792,0.027232492564898597
1463,1.96920692774226,1.0027976352445356,0.0017376116392970326,-2.7600472829835443,-0.09426371724591388,-0.13651372099903955,0.09274851352280197,0.052555557495423996,1.0,0.09625123807986409,-0.13639355426986313,-0.25702132011015966,-0.11986728749861435,0.0024499373623997956,0.07858555358807437,0.21347368438099987,0.12550676347679277,0.0275090691232393,-0.034626539653028296,-0.032112037464878215
1464,0.5127665394897577,0.12837194098334992,0.016358758282915588,-1.7862496646832837,-0.22009273219126244,-0.11241606525360416,-0.21229563435885068,-0.27711638660147553,1.0,-0.22324352014348034,0.04742322168050661,0.05151425676061245,-0.24835096536690895,-0.060417885395590815,-0.012244479738147804,0.09824659538226373,0.02515135881428253,0.018554519911524278,0.0013628687068627243,-0.025872370995568855
1465,4.8116256687817724,2.0318711771235,0.0018636560069144339,-2.7296342465344003,-0.20057949022862664,-0.058532714463351475,-0.01303086636782388,0.010616506684605542,1.0,-0.04862456078174484,0.07286656139655678,-0.09089804437653215,0.08300032975471118,-0.03468251532064153,0.11811715372392717,0.3258396817630688,0.1889728109293735,0.11147679846610549,0.05497134079602302,0.06578684661907215
1466,1.259715854787538,3.944457614962586,0.005753025064822817,-2.240103733832918,0.016606194069151693,0.27015807723395796,-0.286737129287212,0.24434625155044323,1.0,0.0785953752059149,-0.24794480621709802,-0.18271655618717844,0.12995196408585555,-0.00023585860987552747,0.10040098842492672,0.1821965652039797,0.09875508093676426,0.020936632988368207,0.010204058905515487,0.032411320289825456
1467,0.09468093247736036,1.9659088446806063,0.00054019014693172,-3.2674533416076743,-0.06133798957283845,-0.12395855521662014,0.0862382340119409,-0.254538209527334,1.0,-0.1385857567832752,-0.1806265120689974,-0.09347301961448058,-0.011916119882893206,-0.01716407376238119,0.03766102424708163,0.1355521302356639,0.03311274993851117,-0.010337493301687047,-0.015452147907122862,-0.0033100385520384657
1468,2.7530858551372632,0.5178192970825113,0.0005221838087006626,-3.282176598428381,-0.0017592717162509652,-0.09593626669302846,-0.04018055120712871,-0.017916175709022295,1.0,-0.2449181960489017,-0.08937613541537723,0.15923239296971556,-0.1393751106835575,-0.020521309483384063,0.08818285740188679,0.2045946772707255,0.05433030675929668,0.027013459003145817,0.03110013486786129,-0.002039094519438695
1469,4.856345527989953,3.2786403596202476,0.018690579083837512,-1.7283772428148978,0.12422503736067182,-0.2667254926948447,-0.28131781775083625,0.21113876871196766,1.0,-0.060533735832446055,-0.26181020691958007,-0.17855440570758008,0.17855015094827412,-0.07472677886170413,0.05362450021155802,0.21077641431212396,0.1120798032869934,0.004999079933118998,-0.018577895012099773,0.026371559044537786
1470,4.706174174824021,0.3032755788825187,0.00054019014693172,-3.2674533416076743,0.12900857887393694,-0.17539698767625578,0.24072343105649252,-0.28800502883170914,1.0,0.19254023554947183,-0.22560796962631496,-0.25809999372771486,0.07729664749409179,0.01851831834230719,0.028077166780300453,0.19181095172103596,0.136978863938769,0.021476456708305506,-0.0322258261987607,-0.0017327437873519828
1471,0.45741489554702464,1.6166658365221438,0.0230211034284068,-1.6378738639649826,0.08244619644843107,0.25451950367375703,0.2733249071176413,-0.2715555023568477,1.0,-0.020597726409079597,0.03388632325762444,0.19004065570971265,-0.018522461777131703,0.05654189542826282,0.0532207681649713,0.1614469504857328,0.08899833352109034,0.06761067667866995,0.06482678935536226,0.04165605114351018
1472,1.907626571491837,4.911270094927142,0.0012604436761740132,-2.89947655631308,-0.04316338709561759,-0.055267643938740015,-0.1124168623663187,-0.28098367148217823,1.0,-0.059749106299787844,-0.15532251225419455,0.2503403757020903,-0.16863360774021788,-0.05469438798223866,0.008535967359907795,0.14712396950296502,0.06519426545571014,0.03812031395602445,0.04939488829866109,0.012801919703498404
1473,0.13912850685838146,4.8805327704563,0.014855229040622298,-1.8281206477774117,-0.2939235242504409,-0.2952653100796577,0.029358845037178713,-0.009222392032838988,1.0,0.043297852746432476,-0.11888223230631116,-0.03352388503065472,0.09734850232169442,-0.049339207970160504,0.029827920344484327,0.1638627127256877,0.09148707017903264,0.03580438878451616,0.026385296013334936,0.038896364847938084
1474,1.2401066673282615,2.9252619890130154,0.020743301642178046,-1.6831221172401436,0.25601496517573735,0.21614781949020836,-0.2183319321290253,-0.02686344850794181,1.0,-0.056081560329880084,0.2565545832921637,-0.20050745627182207,0.2746605242248361,-0.0004902595400035334,0.049791549390692816,0.1527747644778305,0.09811703478318286,0.08075219761083353,0.04199005272799359,0.06690183846114359
1475,3.9074177971851483,4.593942991297774,0.005762028233938346,-2.2394246180074306,0.10464264433870973,-0.24968229114984697,0.27649067384419135,-0.25256395471084314,1.0,0.04682177480643146,0.05765929792775923,-0.19448271253381805,0.2742338805580094,0.00908460943387963,0.10116184799861078,0.19142789175157834,0.12620926643368705,0.06699977259570596,0.05989401637551837,0.08403723633363962
1476,2.7895208839835055,3.6792010819371974,0.024380581964851628,-1.6129559319782112,-0.2248132885896995,-0.07336057188177138,0.24493180783282956,0.290032378653947,1.0,0.029638633289164294,-0.28164106997753763,-0.09152285903935198,-0.1567479858131586,0.031623570794433495,0.11380667168056627,0.23264869569690733,0.15131794224645664,0.04435902352354091,0.006565740737096272,-0.010229335220431882
1477,1.4327049519434332,1.852486102286576,0.006437265917602996,-2.1912985501902376,-0.009683188325751612,-0.24111255666778417,-0.022636806180988345,0.13641016744966616,1.0,-0.01374940559939405,0.02037426145761274,0.2574700918063579,0.2201255061726299,-0.015182008784177343,0.10032260248470237,0.201092022828646,0.10541923486815706,0.08558110071396764,0.10904843161042216,0.10034845637875589
1478,0.7837541389919032,0.7461050827653248,0.0028089887640449437,-2.5514499979728753,0.012133000998792198,-0.16218667949520826,-0.15167319009979408,0.1506554954123403,1.0,-0.028533649202425158,-0.12492466680128778,0.163840878968094,0.18513337941344127,-0.031028603189435105,0.0692255571725798,0.18059012674036118,0.08236648411682447,0.03505590167033802,0.05623771680400285,0.06254518426510668
1479,0.8754457976999873,0.6609955911757487,0.06785688562373955,-1.1684060767195283,-0.29452917253214694,0.20766611688171038,0.21303357561014827,0.11854684278024509,1.0,-0.1789243269938593,-0.0832949259979415,-0.23084497057735853,0.2975646115600739,0.041559003023691324,0.09429397170647685,0.13756296547640445,0.04550069996035972,0.0035195400247973736,0.0006413788686870484,0.03709445093310867
1480,4.528557793157643,0.544983477311705,0.014918251224431,-1.8262820835719813,0.20218259843885825,-0.26750306048370265,0.05361506968923091,0.142779220437385,1.0,0.21491802332559487,0.10988033740376121,0.20714481471170348,-0.144001694482071,0.0013327979819388951,0.09715293143567232,0.25463519620889863,0.2000693069069364,0.14438217596542452,0.10919835658625132,0.043281786644743074
1481,1.698697262962079,2.2391113482158334,0.0007742725439354652,-3.1111061407477503,-0.17037792249038913,0.09321980845268245,0.014438698018950834,-0.24540363278658506,1.0,-0.013229164953147675,-0.18493542249138079,0.08437241778628421,0.15211723148984982,-0.01307325222605961,0.02003325894922827,0.17316554991237218,0.08665317816365625,0.023775833104549896,0.038802672962581136,0.05516892285026635
1482,4.158897884230609,4.407765706422469,0.08286516853932584,-1.081627981994712,0.08218663363802482,-0.10907511284152163,0.1477859868706504,0.21662725995459747,1.0,0.172355982233148,0.28567036590506106,-0.03415446315846444,0.2675705167164967,0.04188191786578241,0.13864827739650495,0.28966026283492696,0.24874703923795324,0.21420499255747394,0.1611355436092325,0.16856195403164742
1483,1.831182202365601,3.819876785492444,0.012586430423509076,-1.9000974205816554,-0.2278273365894959,0.18913045371690979,0.17463806881581032,-0.21786977807600694,1.0,-0.02096837449884704,0.13518089147364312,-0.0862779099985977,-0.16719841184461975,0.022610124163750807,0.06207257845512428,0.1738620978167585,0.11023043250973269,0.08027310632994675,0.027984214909418603,0.005341546628664619
1484,0.7718829130940525,2.3396558432854806,0.005708009219245174,-2.2435153341095853,0.25978042200742835,-0.19572441682858127,0.2440995144229699,-0.17568473754308253,1.0,-0.19441137305011313,-0.24245030060092104,0.2876371224317622,0.02596785246944102,0.021163718164574512,0.05584713854250102,0.12216726660217055,0.030112747421309042,0.01460470131251005,0.043337217425293006,0.03208125632288166
1485,1.9468944677816595,1.801313124456405,0.0005221838087006626,-3.282176598428381,0.06102072789786532,-0.11812316159334096,-0.07640558042003917,-0.21548285402856826,1.0,-0.011056333450910071,-0.17688354665382822,0.041215599989697746,-0.007263854535514935,-0.047939940681168976,0.03877861517162702,0.19767588351614532,0.08492900572603282,0.01929673368854318,0.019614629005574112,0.017480218670797062
1486,3.578644069279244,3.4492542426927013,0.0108668251224431,-1.9638973218939688,-0.11557134630931215,0.2916935766790544,0.05870743364632329,-0.08644557484618838,1.0,0.0017545158438679875,-0.030938168333613323,0.024768074976310082,-0.2919009120109043,0.04765464002428144,0.09106033613585042,0.26466257698991247,0.17421706252820837,0.10256513060852765,0.05107424172998113,-0.0149876517373887
1487,3.599751730689787,2.3780847794989404,0.008868121578795737,-2.052168361493706,0.24343425635071197,-0.0998806276240325,0.05313928571694491,-0.13637292895198153,1.0,0.18527457890620838,0.1632904911986752,0.06392305820021262,0.0913531358796181,0.008171258912124765,0.07916514138027538,0.2471253007367554,0.19492700525167883,0.15095464640228085,0.11286899265142658,0.09426680416850565
1488,1.8228715787231407,1.1138562193608592,0.0020977384039181793,-2.678248670965299,-0.09810314374616831,-0.1331293915438922,0.22917452501883404,0.17726801502769007,1.0,-0.03653451206100343,0.04629314348853137,-0.108468570938801,-0.05994617555781305,0.04047254292596368,0.12414802089567997,0.23585266348396294,0.12844136280402987,0.07065048204767772,0.01949683486218771,0.009103556412205064
1489,3.02739931834694,2.7884949725992443,0.0006482281763180639,-3.1882720955600496,0.1974011103938836,-0.07000727398189173,0.20454854767001376,-0.27325379293293595,1.0,-0.2446246710838678,0.038437650104631405,0.0872816500966529,-0.07413331563345199,0.032175910372100235,0.04133517924501991,0.1782736889650875,0.07562188914520399,0.05697177602730584,0.047377073939663894,0.02555345255752196
1490,0.06644955805618619,3.328393713682953,0.003808340535868626,-2.4192642246162754,-0.08424955925433494,0.18857920176491738,-0.14132720863490128,0.19608795935177073,1.0,-0.06130441383970191,-0.15709304157742923,-0.2647956454886389,0.2888690928848246,0.005786849729313285,0.09124625341923595,0.15129849614431176,0.06474850110403868,0.007581574467867296,0.0039006696306987396,0.04235430143163158
1491,0.9104557213848385,4.153832730435745,0.004636632094497263,-2.333797362950127,0.15112234163724297,-0.15522212408595853,0.09971589152050646,-0.08262086121037347,1.0,-0.17970925829146966,0.2420332152013711,-0.04283282427433964,0.15952544877637498,0.007872216321499039,0.054647390714296265,0.16778650753089028,0.09062620668605062,0.0910525985144044,0.06408740776484563,0.07239440468872117
1492,2.3713558132285644,3.3764629733122127,0.023300201670988188,-1.632640319994655,-0.06974187634115919,-0.09053115486459941,-0.25781498805390474,0.26032845582235425,1.0,0.12506849028698475,0.2805984270371494,0.1969590172380622,0.09305717793578995,-0.04562137635747744,0.06912956172625391,0.19718430793630778,0.15622721691661054,0.14596909332877517,0.1278316682824036,0.10049701840745631
1493,0.8655509821967258,3.4944712586898516,0.023507274560645348,-1.6287977201683734,0.1787103443747776,0.28404017163811784,-0.11934913108339454,0.19947143658871594,1.0,-0.07377063831700549,0.1820919272546288,0.20864332429943033,-0.2658174985686453,0.04024120902401539,0.13822191827554772,0.15186524161121756,0.10006338821108493,0.0972155026327941,0.0557070774707272,0.022343404015039096
1494,3.5629687883068417,3.9864251059229163,0.0189066551426102,-1.7233852972573986,-0.04426977677287094,0.2373250661692227,0.15700522231931627,0.2795465040105078,1.0,-0.28793900333062644,0.14506755611795746,0.20609604697849715,-0.13814602949103236,0.07396842625648088,0.1401868396825473,0.24653621345650342,0.1375834224728004,0.11531802037383963,0.11316784257317244,0.06646902713401921
1495,0.37530790201767983,2.671791527219656,0.05432512244309997,-1.2649992861523482,-0.260027528415144,-0.2582116577653603,-0.2602370736952015,-0.06189698477550765,1.0,0.19628203799953137,-0.2359106755253215,-0.29495102613201857,0.1349037410815416,-0.06321397956585563,0.01799545075936677,0.11273036332728004,0.05862884745581651,-0.009917429371934194,-0.02372976313303563,0.004497395245263821
1496,4.383002735224597,4.5125962893889495,0.015548473062518007,-1.8083122544238592,-0.2025704881604534,0.11245997397878083,-0.1560165533533703,0.28830699229374007,1.0,0.0943389669518218,-0.004418893338186192,-0.1760318920340606,-0.032505695098416144,-0.011207799208289808,0.1520778664269226,0.30536862513948276,0.21408271160492473,0.11708202110516684,0.045921001897888475,0.0386451565488593
1497,4.215267590575257,4.590987451100114,0.0244976231633535,-1.6108760502115602,-0.05422252855507218,0.19418648006200118,0.07187032986402543,-0.01285239603774263,1.0,0.05547334878746302,-0.029924905113672573,0.2905914019373571,-0.23026979217473934,0.051671691586702116,0.11394854547483589,0.3019002853615809,0.22218398059019773,0.16250643306761098,0.1591486229506206,0.0731453506412898
1498,1.2513145911822285,3.7103799162374256,0.04009111207144915,-1.3969518968600951,-0.2877076744591087,0.09368321854634305,0.003321292648138896,0.01660739641640685,1.0,0.2838415739767621,-0.16914758872660257,0.29914161231510483,0.05059676987919232,-0.00605388117729541,0.05769862092529231,0.191451280708385,0.14562154869433738,0.08188283474579751,0.09954762741009301,0.07771779516094371
1499,1.119240629425082,4.1153574424838055,0.00898516277729761,-2.0464740507039467,-0.12027311957247944,-0.2757440524497779,-0.02615445971387744,0.12679595111998357,1.0,0.04386891065154619,0.2682375056528226,-0.02507407204242099,-0.17193398045261796,-0.03628593137120751,0.05959663062270314,0.18768989905955918,0.13477528265407138,0.12060401495740836,0.06287169642431169,0.022344830577752422
1500,2.1064201062797534,3.573896001862985,0.004429559204840104,-2.3536394892239576,0.057195733506518985,0.11846915782707314,-0.08649062053983392,0.013257988094310025,1.0,0.20445195614009423,-0.282951471832665,0.09020621028822606,0.06181392561609791,0.004733829782186287,0.0781880080785271,0.2417276796970525,0.16806810275004283,0.06030237572859707,0.06291741086280696,0.06284100478973059
1501,0.38992108612353826,0.7041319242744257,0.0007112503601267646,-3.1479775007008763,0.016454079119386723,0.11990863370861568,0.00785559416011794,-0.018535859692320987,1.0,-0.07303064963968293,0.18303190432135288,0.021785922324881166,-0.1319592988739466,0.016518660680800983,0.10651083514767584,0.20881136564148503,0.10912762460043329,0.0901154742115322,0.04017087263240406,0.008622959528232787
1502,2.120848237505285,4.041030493107204,0.018645563238259867,-1.7294244930978653,0.22234347945659408,0.04202960713155772,-0.19552692721236611,0.16749904025493131,1.0,0.1728553485271613,0.18488773254353336,-0.16387626628633956,0.17566012892979155,-1.693924236696021e-05,0.10336796408909246,0.2153048984348345,0.16770829524496092,0.11856048612276547,0.0724287962705267,0.08202303891060762
1503,0.44152085382977646,4.750499559431386,0.006176174013252665,-2.209280476284566,0.02943447071786307,0.12915784660788368,-0.07385339621340696,0.014635625388776184,1.0,0.1293461830323422,0.13709738371373312,-0.04376073910859903,-0.014716676425681184,0.00804250622667326,0.11409664345141846,0.2540775689913174,0.18542065373656239,0.1379559824297448,0.08716222125441096,0.0697239841695112
1504,2.173351629762758,0.28755017479534983,0.007931791990780755,-2.10062868357927,-0.1192222846130467,-0.16374670445611622,-0.04503008965035774,0.18584653733206938,1.0,0.24882525779460032,0.00903273942082885,-0.2862280864219018,0.010998419794415137,-0.019635763075107455,0.08569754965086333,0.22304072407597014,0.16221371137667545,0.06744939960867195,-0.009031088369597035,0.0013250341565105334
1505,1.1403009253524978,0.9097155451722703,0.010785796600403342,-1.9671477739380254,-0.010154482297187361,-0.29095394851850875,-0.18225515475882742,0.14713071026337401,1.0,0.1389424259717758,-0.237260887675877,0.0003593176303583689,0.22205442861744468,-0.040488793241963805,0.07206575543423681,0.16914126661464746,0.08280207933302582,0.013835387889459762,0.02677724734737739,0.04668265882110916
1506,4.479876896266669,4.596366187532569,0.003736315182944396,-2.4275564952792252,0.1532122081869285,0.15780716593981395,0.07093656715201084,-0.2538529391580125,1.0,-0.14955091668995985,-0.01909373525259106,-0.22404846659518132,0.29315634698219295,0.04312383092611198,0.05095578669827341,0.21400510438476006,0.1253348243040601,0.061608119564435494,0.023272825355050625,0.08149636020102595
1507,2.325934725084942,4.034774249383073,0.008012820512820512,-2.0962145853464054,0.18359382928314386,-0.12746644683709987,0.01644782817734447,0.17981253759144974,1.0,0.08772881448861587,0.08351234116960711,0.14593097501315053,-0.16581467660320998,0.016488045811271647,0.11422873695996925,0.2563675214374071,0.1854139770905157,0.14314299220757606,0.11159574712868309,0.05510898155790535
1508,0.832041336398037,3.52867996179897,0.030619778161912994,-1.5139979600585958,-0.22661003038530222,0.13873602196921958,0.29300244077223053,-0.24052809926544205,1.0,0.28550463068548343,0.24125139474770907,-0.014744020116294464,0.18906918223050423,0.027993724947974648,0.053408453407795244,0.15406379700543676,0.13185229954143976,0.1036350254084521,0.07544066998813051,0.07487701477133825
1509,1.2079271032738843,3.0694507935805952,0.0009633390953615673,-3.0162208143061084,-0.19959615731188915,0.1591087996692069,0.005936177877047544,0.048961377079994435,1.0,-0.0001720751599099235,-0.0374871819462278,-0.09381353109867475,-0.028082218661850976,0.013238258280462678,0.09974833717167894,0.25367293568379806,0.14672127191242199,0.07224914144474032,0.028572895987716812,0.02439459480112701
1510,4.036339126870802,0.6228756386862762,0.004276505329876117,-2.3689109823664514,-0.09768982273825934,0.25698287884512155,0.258076862706256,-0.045307340822847396,1.0,-0.03372831362895807,-0.1564955105705499,-0.03703819180093264,0.28012860852128585,0.08541333696701266,0.11221153361969725,0.2451861552057448,0.13183932367846932,0.039553043004309736,0.03522898935511898,0.0813163947950082
1511,4.0888961377182875,0.29895390749017997,0.05325374531835206,-1.2736498430273688,-0.16536205170518944,-0.06041015164908889,0.26790289934355,0.15482615484933285,1.0,0.251089809497362,0.1372409004097194,0.003880376091945625,-0.16437717147709732,0.07141146533597363,0.1966281785620804,0.26826125609829815,0.18893503529158248,0.11595594398403222,0.042687201548526114,0.01023431233460671
1512,1.8295620423166445,3.131447995817825,0.0031421060213195043,-2.502779165032138,0.08181811619044817,0.26652935430588237,-0.102343499616898,0.14106031349983933,1.0,-0.25754736310345394,-0.05176993886739425,0.1884477585757036,-0.0474555446321655,0.02802007451786847,0.08487740204135205,0.2033006547816752,0.09405194509024394,0.0542562286354355,0.06678623252733262,0.04562578816765394
1513,1.1756117563712132,4.351469329701277,0.011307980409104005,-1.9466149525901406,-0.028435838472358376,-0.24571756366605604,-0.17573855106116965,0.19064977302192246,1.0,0.09253147096501553,0.2632306842185162,-0.07861685021668732,-0.25687493123931543,-0.0453977733506109,0.053708351787433814,0.17140510520098165,0.13020034598649427,0.11051554313150976,0.04734557100451385,0.0037659683483950643
1514,2.2942212796145265,0.32763320847327737,0.004096441947565543,-2.3875931953342056,-0.11956815509467557,0.2817165394133921,0.26908611846950475,-0.20983490410970213,1.0,0.07009161776014558,-0.1644319348278584,-0.15808523830462792,0.22291156212307545,0.04942893472919565,0.07101298375532736,0.16642981039011415,0.08492713989597084,0.014173462987043566,0.005931383844952775,0.03801094568800262
1515,0.2534275680610177,4.144632264872667,0.028594065110919043,-1.5437240982362592,0.27718944791798267,0.13890573120289915,-0.1979507796049226,-0.20106429906624337,1.0,-0.22427986414618037,-0.12083948980871079,-0.20709578968920234,0.05389387446237213,-0.014561974952680287,0.03947917300410715,0.118441559582191,0.03378788940086229,-0.0017306489959445141,-0.01379202092418606,0.005531086589092465
1516,0.999729061870329,3.540830398181959,0.0022507922788821666,-2.6476645833192802,-0.025835463182916706,0.1259250584165642,0.006377622076395873,0.1750900202320765,1.0,-0.01665220746649553,-0.24425863516704224,-0.005458231700204874,0.11560486462222956,0.031246401877171336,0.12560025266984656,0.25138802548938793,0.1299217762338527,0.03810619475582898,0.0402938353142201,0.05855814759344942
1517,2.7010939889452947,2.484439114424047,0.015476447709593777,-1.8103287153042655,-0.16392021055570466,-0.21680138127408527,-0.13151451884310464,0.2799461843449051,1.0,-0.0588166668507647,-0.20456798919354363,0.15621940164682857,-0.11341276266298964,-0.0428679428551556,0.07847718185292754,0.1959923088314469,0.09528570184243035,0.030104930385990856,0.03610013686954182,0.01168229465841025
1518,3.5344467653248577,0.9995594029775074,0.045267934312878136,-1.3442093229773977,0.28726223906304477,0.2478593057381813,0.18636253597177557,-0.15948011568488502,1.0,0.2535066384274027,-0.10693912532857382,-0.04621181651710644,0.24155417245505684,0.0716734937012514,0.07638044004081584,0.21069610364684688,0.16138763589869692,0.07456540624056801,0.050534802901832925,0.07385104324583987
1519,4.787124045418779,3.6610253937236887,0.006554307116104869,-2.1834732126782805,-0.08162100297658995,-0.06069836998309159,0.0032021523098837656,0.08990916854041005,1.0,0.002822042118069401,-0.18622546265079845,0.08341866998440581,0.24807178497639593,-0.006356266537722067,0.14151752785116106,0.3296799142557885,0.1847910181283586,0.07895573704707558,0.10657471472459785,0.14326961586455939
1520,3.5942156312605906,1.2431247703377797,0.0012334341688274273,-2.908884024834911,0.10107055932183684,-0.23081122928538578,0.08051263433083619,-0.09503416350961166,1.0,0.019134720213762547,0.1401996043307709,-0.03109376089975416,-0.1631578848378775,-0.012738438026686597,0.05556501477955544,0.24181051415516083,0.1618980394342865,0.11521867167497911,0.04691307203966137,-0.00019091320781019805
1521,1.2974982718602157,3.5262474334713585,0.006338231057332181,-2.1980319328492057,-0.23752559995933245,0.26212824163740256,-0.2101863473513275,0.016897451373699468,1.0,0.06051767147621334,0.1717644600013906,-0.2914307333181769,0.28926794712948867,-0.01880346733204023,0.058542869454503016,0.15072892655581993,0.10312527794123873,0.06154058057665236,0.027358049166171086,0.058559828827556976
1522,0.20967067158143418,3.745571241713267,0.002619922212618842,-2.581711603005411,0.25044469775593087,0.004605947409583378,-0.15470411065889128,-0.27825033795260806,1.0,-0.011862608862535295,-0.25029451745671655,0.12470600319620985,-0.1082235351179551,-0.028978666033587754,0.02667969486432893,0.1343973019323447,0.052727440342175816,0.013110273276731135,0.020058800210210843,0.00549736112334607
1523,1.0031682769975334,3.4017891778581015,0.06670447997695189,-1.1758449972089076,-0.20629650395448057,0.1917346575946033,0.25702195659234,0.23504814628445514,1.0,-0.04561169685345878,-0.22167375197251643,0.042097382561796244,-0.06378686257472142,0.06913139766793473,0.14151727330606861,0.20009495245261322,0.09337071814045612,0.036951926432108935,0.03285096812634931,0.023573510195687097
1524,4.483546111330913,1.8396995939444039,0.0678118697781619,-1.168694280646691,-0.19218115808062566,0.28805972342687836,0.08667291166658875,0.20881235493321287,1.0,0.18633243395924962,0.02311109434982814,-0.23994250455270946,-0.29888829332773176,0.056883344283406745,0.13249018401469448,0.2610686566881777,0.19768390219344945,0.10400901258084373,0.004993450744983101,-0.040289850460201566
1525,1.0895058304698457,0.13457575849034306,0.002178766925957937,-2.6617892260108866,-0.1871262500194998,0.2921539081002021,-0.17246004718047725,-0.18007216708575385,1.0,0.002351876427815136,-0.0012212713091072857,0.09488659046158474,0.09954413886692848,-0.022432705420663737,0.024335875736652253,0.15835304492292754,0.0850225746991711,0.04818404229238474,0.045732506084391125,0.0434600232340765
1526,3.067432470010827,3.2522425507351604,0.027612719677326418,-1.5588908160088324,0.15950826146325944,0.09421763656976143,0.2506540134966227,0.04672173661820822,1.0,0.29724888277208866,0.2819943295740884,0.2098905022058795,-0.1275330184422678,0.07529642596430117,0.13104068861779736,0.2462017667097027,0.21463641271597025,0.1900029533003987,0.14269207334243464,0.08278736526379359
1527,1.37283783695738,2.5225587896708705,0.0018996686833765485,-2.721322136693625,-0.08919555645491771,0.1773747408895685,-0.18662009587535056,0.22359639782287302,1.0,-0.2515861627586404,0.26253540293836,-0.1179551961025416,-0.04883828031170368,-0.004843833342608749,0.08211377181101961,0.16617886478953925,0.07827186378757331,0.07329121546682041,0.029043098866902362,0.017801933238913412
1528,1.2880572415364775,4.886486851864341,0.011289974070872948,-1.9473070554966203,0.2364574351925942,-0.22983713046024573,-0.035684138703049005,-0.23034449761584114,1.0,0.28883630244466363,0.2417504407798361,0.1572190757548799,-0.10054670958783175,-0.02455014262143922,0.009408194076622906,0.1494227434085583,0.14346391944773568,0.13064100835102427,0.10064004700584701,0.06075400914105352
1529,4.234803561581876,3.842549623647846,0.05352384039181792,-1.2714527330366077,-0.2843171415796478,-0.05012755541405001,0.0990824825136785,0.17954642658680425,1.0,0.11132988648439834,0.19884348047482683,0.002067193176607529,-0.004258866089545466,0.03220612631899018,0.20974816561519577,0.30104384478092544,0.22601849704154423,0.17158790028972198,0.11442943046447729,0.08693606550346532
1530,0.9559043266358436,4.516779463207289,0.011569072313454335,-1.9367014643240046,-0.05583685698777336,0.14783974471632158,0.262557094275817,-0.008174026318710536,1.0,0.23753331199794278,-0.1460016929341223,-0.06671962956913197,0.2217493562538599,0.06090745431203515,0.0842047112706207,0.21363203357921032,0.17419251488704873,0.09027664494835289,0.06305472891957745,0.08648728645942401
1531,4.646362626194146,4.052261966210018,0.009012172284644194,-2.0451705145119994,0.012420623017314102,0.021940061513535645,-0.034609344888165736,-0.10102094121645727,1.0,0.1846752501058868,-0.24496292201933356,0.16717988999166053,0.13948184178860698,-0.01263977119315877,0.08374811334219792,0.2948791475129349,0.20300494226653043,0.09261003131054321,0.1163968349615779,0.12075206689835809
1532,2.0135566169772585,4.361835866361526,0.003565254969749352,-2.4479094060658055,0.10478249833665833,-0.17358234187955554,0.2744019211018833,-0.2979228844540179,1.0,0.136222259261391,0.0041054988838356895,-0.211582613033219,0.28286969850872473,0.016644758807237696,0.04503188663568988,0.1659648688701429,0.11681917166558824,0.060909778182787436,0.03600157109851142,0.06962407182493574
1533,0.23525091047511693,4.818566548147617,0.10535508498991646,-0.9773444982166185,0.2874471440753364,-0.269004830035088,0.2951988255282572,0.07303029761650019,1.0,-0.2460695504030459,0.20699538986399163,0.1735141898511038,0.2639385256919383,0.03642168122954623,0.07470299929590953,0.1392784289075909,0.06985785414140178,0.07874482136372775,0.08428945525897823,0.08868033080385057
1534,3.543847183194438,4.251799741122114,0.013450734658599826,-1.871253994511938,-0.254162755532916,0.06540626176809383,-0.20836393246998333,-0.2682496416516379,1.0,-0.07005517265105073,-0.04078780471746691,0.0016727369307473205,0.0793723963464316,-0.08772846629735134,-0.03643669595928178,0.1678435095375599,0.09648457401611187,0.04523370241385546,0.03322564808000229,0.04378378092538383
1535,4.073326558518465,4.1942744142912725,0.004429559204840104,-2.3536394892239576,-0.08254853508391309,-0.27197367831101055,0.09243173994098476,-0.019120718922570435,1.0,-0.27752885622229123,0.2815797453071834,0.03569841123602835,0.12470761788423387,-0.03083166572215176,0.049908379230070604,0.20353116430305196,0.10382621635405395,0.11669873737195888,0.09571461742711174,0.0940635619364843
1536,0.7367569172499564,2.3017546439883714,0.0008282915586286373,-3.0818167646457626,0.1356478325042714,-0.04154321526406222,0.058899249551148045,-0.2573651595669844,1.0,-0.17750484309259482,-0.20216919786128565,0.11645758039322242,0.19992988072638165,-0.0005368659018995798,0.02347788106586569,0.13741678267374144,0.04176058502403354,0.005094710956749926,0.03234550614609379,0.05141371401004388
1537,2.0041167028083993,0.3803313473824319,0.00424949582252953,-2.37166259335723,-0.1790625993269575,0.1880838347310784,-0.29188243105442907,0.24200188205994227,1.0,-0.19642166131794403,-0.2532990089257912,-0.18958599041676993,0.09508905779095293,-0.017878777632542118,0.08441647352086736,0.14388461286736223,0.03435082456862269,-0.024548092198215223,-0.025141131476675616,0.002419990471143728
1538,2.910961490032741,0.16719033458958749,0.0005221838087006626,-3.282176598428381,0.12591778303825887,-0.283882685842978,0.2637303744551794,-0.19584917467595178,1.0,-0.2160317313585889,-0.19937405397296082,0.290332981443498,-0.09996454148152946,0.012319453634824696,0.05169183581672957,0.13626358204040176,0.031267941466473714,0.011657296147405911,0.035516522039068826,0.011465193178848691
1539,0.06759737273048973,3.554330652707145,0.0014585133967156439,-2.836089577448687,0.10635906629969913,0.023023253479721163,-0.2630561767417732,-0.10546634826971045,1.0,-0.10416453264937849,-0.14157793969581656,-0.05244686895912202,0.2633204123308902,-0.04121566054567164,0.022788986763731943,0.14237877271036023,0.05714087281413154,0.012600479191866956,0.019984232589476805,0.05406896219551536
1540,3.9791034415183013,0.6471347282912298,0.014243013540766349,-1.8463981128296603,-0.13958779293661408,0.11538421099370855,-0.19234944156613637,-0.2222061048416138,1.0,0.12673279880225166,-0.15326833874446558,0.258527737432306,0.2144489307340202,-0.05026708912282595,0.020448259644949496,0.17625069366058627,0.10648223397063328,0.05270639146797395,0.0858475253554325,0.08641401335625595
1541,4.046673711678498,1.7599760926444294,0.07987611639297032,-1.0975830588502145,-0.27718384530844997,-0.23811523400906082,-0.06893885749639474,-0.038624413087011596,1.0,-0.0897728457524318,-0.10804219699140606,-0.14442883007490281,-0.28254870573653235,-0.06728041612210438,0.04440410762300263,0.1844734293358819,0.07784592007146982,0.006681355200838264,-0.04740090969007609,-0.06988707448656996
1542,1.0124099296127427,3.298026194008403,0.11690615096513973,-0.9321626380259964,-0.29989801821063644,0.23603998107874402,-0.09826285054871747,0.08669553598499233,1.0,-0.027152654956686506,0.11928191745426987,0.1839358764039052,-0.2411165441398332,-0.0047370751005647305,0.06431455168081437,0.16751754797166568,0.1021957997539195,0.08652380563079806,0.0665927318071162,0.01608241689803972
1543,4.115115715949505,4.955961004078881,0.019815975223278593,-1.70298454943797,-0.019437368236312678,-0.017599022864499946,0.26012121097922897,0.15605902394170015,1.0,0.1817343304006194,-0.021714463765507296,0.29629502303326904,-0.1534514723449318,0.07483944731990927,0.16047435920732459,0.3250421534384246,0.26233687789045085,0.1952380800195151,0.1870597469325828,0.11449234341833488
1544,1.9576909228167518,1.6693358416014976,0.01876260443676174,-1.726706877363831,-0.29019388171782606,0.1752175446784843,-0.05631008144184892,0.2333201758429554,1.0,0.2874280461693593,-0.07120326386934085,0.03824513661732467,0.1747562331462931,0.011970827560675225,0.11264112637249099,0.2117300403634405,0.14691159591918218,0.07481132207637581,0.06490759721702323,0.06767586081634692
1545,4.106605912979801,0.5213261653233341,0.0005221838087006626,-3.282176598428381,-0.020499992024059898,-0.11779804805500117,0.06753401528912588,0.2975655347727993,1.0,-0.19416296505567163,-0.14248441034474527,0.05496681086867865,-0.19900382093024635,0.021408997390977246,0.14506381376261496,0.2642688318706215,0.1081254922139032,0.02917109677989806,0.012727702219128636,-0.022697948682159023
1546,4.459680418921553,2.5495495390704574,0.0029440363007778737,-2.5310568393310318,0.18789786015007418,-0.13186831233139543,-0.18503283598574952,-0.19741625003753402,1.0,0.18815428777724544,-0.20311741540552572,-0.21896429217750654,-0.12601297633060424,-0.05533289994828651,-0.003388986525362806,0.1873805668269697,0.14385078379726327,0.033559131507250324,-0.03031392878404353,-0.035511594236956164
1547,2.149723784429704,0.11924724204835453,0.011866176894266781,-1.925689181733327,-0.21306691523464188,0.06737947137822295,0.17980335539793682,0.0633322189854277,1.0,-0.19995735084304095,0.05354025307774579,-0.006095791529384931,0.22865979587270818,0.04626278464062323,0.1572304871401034,0.16330585433326353,0.06375246327948034,0.04138207818045105,0.054127683968366286,0.059275986072682335
1548,2.976619972042765,2.8877590821955597,0.016763900893114376,-1.7756249153459942,-0.19262909442412174,-0.13566425424564788,0.07782402062653326,-0.03423778811639428,1.0,0.18776981466142095,0.040252226756568095,0.23486451026157174,0.2539175839950264,-0.02064483986384607,0.03280160640112867,0.20383728702850823,0.17598105197726455,0.12413822421616108,0.12976989630326213,0.13600262754428213
1549,0.8891208586350073,3.6096091737262332,0.0009543359262460386,-3.0202987267265478,0.19238773498895753,0.14098217093054605,-0.2798686404331528,0.16427583033163917,1.0,-0.18668946823469523,0.034298165393531144,-0.13851539217636985,-0.19239097523306126,-0.01004190999899072,0.07183494660439971,0.1638617938961256,0.07619841146165282,0.044464246293104116,0.004441166568429036,-0.013311235267502343
1550,0.10222668427672284,0.4091836466154039,0.006572313454335926,-2.1822817318708623,-0.14717803306944274,-0.1097870727159995,-0.10212498733870302,0.27060113814552167,1.0,0.21354707561865124,-0.19523882983771254,0.11372156752391573,0.087693583694201,-0.005909707623655754,0.09640127649916645,0.16910264437184552,0.08967945664391613,0.03177963656784542,0.038755399157785655,0.034080141177699044
1551,1.494425447917659,2.0406232381486555,0.006878421204263901,-2.162511233415628,0.056974300256046835,0.02531947556372527,-0.15869944464274766,-0.28301242638397056,1.0,0.14695111648724213,-0.1692805920584001,0.296828759409237,0.23862931146394972,-0.03903576680890869,0.0172606109995846,0.1423793914924382,0.08185158920720209,0.04610917206257728,0.0812534284622415,0.07948320004240911
1552,3.3937267085389737,0.8967856138697536,0.007598674733506194,-2.119262145365663,0.08157359631255197,-0.24468691208482918,-0.13572770968468514,0.26966184749404704,1.0,-0.1321903154256287,0.07929808517454152,0.05326799391131063,0.29406060215416036,-0.03267164893626069,0.09071637223710187,0.21099684375329492,0.10681108443653675,0.07164932902462848,0.06994306879700553,0.09402711009172812
1553,2.776027857323598,1.3351670308953298,0.00094533275713051,-3.02441529292138,0.05191391961661855,0.01321678678867506,0.1796713135815845,0.04621617561523543,1.0,-0.14303264471422153,0.008368006751232837,-0.013355797581555695,-0.2646104853930233,0.05778407209820212,0.12619907076310544,0.2673380798973721,0.12948302973417042,0.07197404138719822,0.020263213757275328,-0.03256946174064469
1554,3.2056303198048157,0.888244903345107,0.05453219533275713,-1.2633470183280162,0.18048953707875437,-0.25695258755221534,0.22283173190222919,0.05983771612802133,1.0,0.209759227599377,0.010135422517818848,-0.21856604602858934,0.004693607016864609,0.032467099237875954,0.09887155916125452,0.2422709327541387,0.17794936998959823,0.08659132007427824,0.011921859447327628,0.01387958362488553
1555,0.3848604830265966,1.4475937413653157,0.0149812734082397,-1.824451270036613,0.2508903631031658,-0.04481334094011732,0.09222021620910885,0.145904674444894,1.0,0.20949575580828902,0.21042742309378873,-0.035660041424046995,-0.270974639573781,0.03388463414086245,0.10581306592973026,0.18449006491701403,0.13273890019325293,0.09421709444731911,0.03220085721498981,-0.0034342564844414723
1556,3.9165916910251166,0.24999285244827915,0.0053838951310861425,-2.268903408002907,0.11968177988201284,-0.039870886696737606,-0.061083685481086246,0.20582437788440563,1.0,0.09853051382083115,-0.09054630261764783,0.2733836129210296,0.04064246635990176,0.006257590669999917,0.12488210658239285,0.2869115992673805,0.18239920560233794,0.09959629934803438,0.11395414002695126,0.08200629221969055
1557,1.3310448072338148,3.771346204459976,0.013990924805531548,-1.8541535775264224,-0.0972752715823708,-0.29368553004254216,-0.05858263855435951,-0.18382555573279866,1.0,0.23474745071564063,-0.06609255431539644,-0.2510973280346887,0.2678859076867426,-0.052836869268517335,0.016320869992637176,0.14177368638646085,0.09914873691244792,0.03209270266768314,0.010071387820985786,0.04538314729691578
1558,0.18715705534413285,0.18800599676110558,0.01829443964275425,-1.7376808883794364,0.2708770420770894,-0.1071642288617446,0.0633917274078966,-0.08673249858893801,1.0,0.02915969246683505,-0.2134875182981856,-0.28383025727846506,0.02901395561137099,0.008186245450367913,0.06927464720351416,0.1557008120247166,0.05994531293723697,-0.014249302867335506,-0.03477425014610187,-0.006890565423932679
1559,1.8457786547595965,4.393333604768529,0.006131158167675022,-2.2124574800785326,-0.037959887887537666,-0.24840084898101497,-0.16546287109416843,0.06165515889472048,1.0,-0.13039292292089774,-0.04981045321664612,-0.2889106277375799,0.0787951895684714,-0.05906131010860677,0.05861863058190271,0.17156485942045985,0.0732014985406042,0.012583370761675799,-0.024879796428590624,0.0053610632539801
1560,1.181957080858443,4.536089195986127,0.05822349467012388,-1.2349017310442012,0.2540165209262369,0.055735179736631134,0.006095062320785693,0.19379186617915983,1.0,0.20323296500049165,0.061672770407386765,-0.27757172604538055,0.16154391057320025,0.03889948824539023,0.11351466944960246,0.22833221018927904,0.17766321440787813,0.10919471488570258,0.04903532728328245,0.06891339027503704
1561,0.6444782615818762,2.999237922939428,0.007166522615960819,-2.144691524253649,0.2267553078491321,-0.10182170787362739,-0.11655312790059146,-0.0006095103084131525,1.0,-0.0715832151721409,0.15817490541195073,0.24331317793115667,0.0059390620942606715,-0.016954762582780423,0.05701957514464389,0.18175599762142386,0.10374441493127956,0.10230547716875502,0.10130198718577282,0.06881969261258727
1562,3.055672250816274,3.454187529036137,0.035355445116681074,-1.4515436907208996,-0.22436722921123706,0.13547794285089212,0.18560946185607724,-0.1112223542345638,1.0,-0.0018113970532733002,0.2197353556466075,-0.08023505699732288,-0.20538745746322276,0.03268557710976488,0.08924453450003926,0.21455800234357383,0.14857445814696135,0.11921637569670551,0.0463479307753237,0.007415031731669687
1563,4.62142368443716,1.0115328289363879,0.009147219821377124,-2.0387108840434176,0.052309074844193004,-0.1471572986108883,0.24355980965688295,0.15813548213759712,1.0,0.08077362294965071,0.002723503759731316,0.00998387862256076,0.27412655803185865,0.060192348794706294,0.15559758387241554,0.31705791516355514,0.2118484553234448,0.12022491659012575,0.09477636028215591,0.12493745454925366
1564,3.4484887965772506,4.029576621936544,0.0050507778738115815,-2.2966417307351565,0.16948925342021032,0.1744768355541063,0.025996329163800656,-0.13140117713586028,1.0,0.27634586302227254,-0.2931431623275023,-0.29415028565021556,-0.029635403346940214,0.036728388716747856,0.0659882656837802,0.2256348374873945,0.17969858250730253,0.04991818085233008,-0.015353317224336546,-0.0030147229739649144
1565,0.15330029572658468,4.55556703286331,0.018591544223566694,-1.7306845359988983,-0.14418546333769952,0.2511727209316654,0.2904435706451568,-0.20919559612792127,1.0,-0.1275101764201608,-0.02238238446193287,0.08603226944695681,0.26196573147781665,0.03662047988278946,0.10292535862877517,0.12495910910017367,0.061668165755010176,0.052653166717725984,0.0722047149701225,0.0720998873331182
1566,4.974391420027648,1.74666718620929,0.007157519446845289,-2.1452374633348477,-0.02039025936009642,-0.18587536421854456,-0.212671294065123,0.16930743198525774,1.0,0.016445476696140382,0.2850602075461473,0.08229189041273588,-0.17609338193330246,-0.06457798485853714,0.09729318330895573,0.25802058018333635,0.18263167059967172,0.16464968547259343,0.09661021197975625,0.028617754293430442
1567,1.123132896399225,2.410668331932489,0.13742437337942956,-0.8619362346312981,-0.2663464473079807,-0.25651886687941006,0.22931004007061548,-0.049360642815819866,1.0,0.21864935343831976,0.29815046348722185,0.1761569407136238,-0.22110463354663126,7.992345195969254e-05,0.055041322555125956,0.14490906367286338,0.1171329533954337,0.10661313540625575,0.06560338771763738,0.02130486200883801
1568,3.5043621521240134,2.922566573611554,0.007805747623163353,-2.107585494515108,0.07630509600708943,-0.12582285529892437,0.12629150379494272,-0.2912405330004879,1.0,0.18806228783885803,0.2615157637547521,0.1359159651219626,0.1448094416920451,-0.002035943422508313,0.01618002565520374,0.18718927920433442,0.16943611508017498,0.1549554033214579,0.12815918265965087,0.11108214616385208
1569,0.1609512336125214,4.374709134495288,0.008697061365600691,-2.0606274655758248,0.1697742203393713,-0.009348207116375207,0.23266850474553544,0.1464636980616475,1.0,-0.12686530768168297,0.22597330928319523,0.13050714749051912,-0.17340505384278207,0.05438367431900752,0.09685001136322176,0.1917852039525124,0.11782637546770301,0.11304857943769864,0.08974873094272143,0.04526789473899449
1570,3.291729764877486,1.512497148059635,0.002286804955344281,-2.64077087537138,0.1263268911778186,0.1209194078377922,0.07250909153468889,-0.10674831256055489,1.0,0.1303109173273838,0.021269853364654454,-0.18618083044779854,0.16620718288819272,0.03865621269417303,0.07843927978798652,0.250862604203027,0.1809649939784837,0.0939878946171444,0.03281831039289514,0.060079344422388256
1571,1.086291557059134,2.4583188142658834,0.0017556179775280898,-2.7555699806288,-0.04349303750316097,-0.06282419502523513,-0.002529279830353004,0.27338621636487187,1.0,-0.06378131561614332,0.0623094040163064,-0.1719299933635968,-0.21144820875598416,0.00991510042006595,0.11763116157797598,0.22268562637334616,0.12069210477841673,0.06847885428910458,0.003349394518038158,-0.021573131231872943
1572,4.092685517528347,0.14751832659637654,0.002781979256698358,-2.555646112566483,-0.08335815141003573,-0.25920531671378555,0.2052421844169172,-0.10762553857792706,1.0,0.22981595347500405,-0.0069700772415806295,-0.18309672670115937,-0.10939844362278377,-0.0006732425816202729,0.054268235467901764,0.2297223264724804,0.17793736644948738,0.08134284073128285,-0.0007162786848167578,-0.01752878739738766
1573,4.524699133532405,0.21876507496225964,0.0031961250360126765,-2.495376238936224,0.05987497870482428,0.1828382310972838,0.23604883469771584,0.1995918073898284,1.0,-0.08125121112686787,-0.007739594793733339,-0.07450375291342681,-0.04198897920471417,0.12309424177591158,0.21998279413501046,0.32324345025614826,0.16226112770497922,0.07697732778525283,0.02630774602005835,0.016306675270237395
1574,0.41621456366947357,3.344111230541399,0.010776793431287813,-1.9675104415849074,0.1969336208609421,0.14113904584288386,0.16927263276609628,-0.005882882169743186,1.0,0.29067686117001174,0.07584604450396899,0.08834032829380346,-0.08210836428031901,0.05623133363912636,0.1123152557950963,0.21804268459368167,0.1667017866655872,0.1186596697712777,0.08363437434194265,0.05288763660374755
1575,1.2457310024594952,3.769320317817166,0.008805099394987035,-2.0552657372037166,0.2888846596314762,0.10206423573019947,0.046950841728030566,-0.24376163673916412,1.0,-0.004040687442080381,-0.12097960362472372,-0.12248291203942323,0.15778094976382498,0.02693570547785216,0.04473259367599555,0.1804163223074333,0.10403903707854742,0.04135074551777345,0.022668385017299328,0.04867020834269846
1576,4.5638171158114,1.7707002742407263,0.04538497551138001,-1.3430878945531675,0.17901043159554778,-0.18269805003630085,-0.14861574376674727,0.24644679083767382,1.0,0.19938405806977164,-0.09398705733397332,0.18749824477852597,0.19414353409566745,-0.018408133681792654,0.11856519986697066,0.2549462978290213,0.1737745777412621,0.0997559727472369,0.10911173134292662,0.10534345269263033
1577,1.691047910429704,2.489012516352707,0.0034932296168251223,-2.456772866397111,0.2691124029925111,-0.09990084940198614,-0.16490251188205327,-0.2862355922112102,1.0,-0.24403738951730475,0.16354596537573254,-0.21062144875469532,-0.1766968840454636,-0.03397773578773469,-0.003388130741879703,0.11030746755132993,0.043368529816648425,0.033242843756725676,-0.014746932562202664,-0.025937682720474538
1578,2.488799444629847,4.060538054579873,0.034058988764044944,-1.4677682506985739,-0.26730585307960064,0.00012395307655155285,0.2422515328607977,0.22433540489934828,1.0,0.005552865739923751,-0.1452038367792069,0.21900015671579134,0.19490036566765026,0.04179519226071887,0.12288104334508361,0.23075188856509646,0.13952686640865045,0.0798914269477414,0.1025295735669163,0.10800956204435917
1579,2.522487791399997,2.837714778809331,0.032627484874675886,-1.4864164029865425,-0.23991383350307802,-0.025766567712210642,-0.17938239772105996,-0.0036567533492899203,1.0,-0.22391711995386773,0.1965939549024113,-0.17641350728262914,-0.033215083471853764,-0.055554373332950005,0.05401526244844277,0.16644609452769343,0.0743407421581951,0.05620904646837338,0.003954775654892414,0.004182749931851584
1580,0.5498632890373443,4.8720040875357,0.0058160472486315186,-2.235372073996234,0.2316845491650775,0.12883035024826045,-0.14772867029169034,-0.14639640743056392,1.0,-0.16102095352000784,-0.19764218788725418,-0.14664761549707042,-0.012906562479986339,-0.005920693205500011,0.05718030165270828,0.15025933222838028,0.05318035130041044,0.002771147419312986,-0.009280703822161639,0.002605100044625248
1581,1.3999360875170128,0.5981805008959494,0.005527945836934601,-2.2574362208501504,0.07300343472117383,0.09671281524114014,-0.29979754906644107,-0.12179189962895234,1.0,0.22707206800736157,0.1053669839631685,-0.11024426313590557,0.28127434974000826,-0.04258441396182159,0.017308232057350083,0.15562849675811233,0.12100305726094764,0.07117721168293192,0.039828419248206466,0.06316590112899428
1582,2.6507037169332732,4.487223750042141,0.04144158743877845,-1.3825636170973437,0.2931685273467699,0.14510431275096336,-0.017255088861178745,-0.28728193263697044,1.0,-0.2437102935728591,-0.027184674601847814,0.11476976188217496,-0.061763420956648614,0.024585471203311737,0.03495401506115742,0.17610820800951107,0.07846755703894866,0.05437620613071714,0.0552969292221138,0.03627968151314679
1583,3.3701291742311064,1.1282618603674268,0.03226735811005474,-1.4912365910012304,-0.20573988095509763,-0.2833012516894185,0.011719329473390406,0.19271898861606662,1.0,0.16139172661180773,0.10657969118846963,-0.1014392203106913,0.23823681975511282,-0.0019316117243102764,0.14694912340817198,0.21143404799754442,0.13802838084768698,0.0743411646675107,0.06165799227630298,0.06867508141760699
1584,2.5775189793779143,0.4826435889067993,0.00903918179199078,-2.0438708791823172,-0.1096598618330148,0.2950193810976501,0.004071343448641218,0.17487492516539557,1.0,0.14222134695034971,0.10400124403957368,-0.10359385433211009,0.03114260256725014,0.04722678129332752,0.14642773304918788,0.25461376252138634,0.1689138907150381,0.0972856883822553,0.042394364486165376,0.03689399320341917
1585,0.13324468065861125,3.6975318640328476,0.060294223566695476,-1.2197242930551384,-0.2680048297109561,-0.24037800161428347,-0.2978416108589047,0.19127321698494115,1.0,-0.11339033641502647,-0.1199703650188828,-0.06892783540267805,0.2687730227129657,-0.056140194280495104,0.04734176037142487,0.11308524500658398,0.03764053623529605,0.00576667929447831,0.016104472071453838,0.040202657108207786
1586,0.4015123106907847,2.7402115469646477,0.11519554883318928,-0.9385643017681137,-0.026511987759895127,-0.1832644707009148,0.13037755744819615,0.22020860279978718,1.0,0.26290392258852374,0.2891710498551258,-0.22514371372163838,0.15898508137398074,0.01004126765254464,0.06996825601051072,0.1705731515125597,0.14506157170689493,0.11230464316013142,0.04931113744593675,0.05486561024626471
1587,2.9033953914098936,4.660544340381774,0.043818424085278015,-1.3583432457478115,0.25013033934165557,-0.002085170333424502,-0.23912997691339055,0.16600055653587775,1.0,0.13591029433315485,-0.19339624607211997,-0.03686970118612659,0.2412026908576062,-0.015269639160903532,0.08309397513918752,0.23232870649706583,0.16577739473184663,0.07370902293407784,0.06315933490688515,0.09350490127053787
1588,0.27261539681946356,2.024748088232077,0.0693153990204552,-1.1591702723623796,-0.2808095955581339,0.19007180688644432,0.12141352039394857,0.23585274439980086,1.0,-0.14060327340377438,-0.16218432426671403,-0.2672794676063457,-0.11132666034152443,0.03187302778294133,0.09186077682655323,0.15298357045671584,0.05992670598945021,0.004159139274204095,-0.027652883723993774,-0.019869536264978425
1589,3.602369214930177,3.188772870402733,0.007598674733506194,-2.119262145365663,0.17479589473593524,0.22331091790056082,-0.03280244286116024,-0.04250476088348832,1.0,0.13146737441424136,0.02045144825101759,-0.0903538031102712,0.1340453769911433,0.046382757977862545,0.10189504093402361,0.291155270811531,0.2223325189609647,0.13572490874313148,0.08215482696914794,0.09374704365926943
1590,3.204060632721983,4.188930202639637,0.055234442523768364,-1.257790024928295,0.22195873991434617,0.0536044209025839,-0.23635213029578497,0.23821540231718466,1.0,0.2460533772157959,0.1760998054850513,0.2827295927275984,0.05095000196112991,-0.004857744477187307,0.09326538912351166,0.23231308472298068,0.2030190328955688,0.17462547533765682,0.16530243636947953,0.12674953628196936
1591,0.5846172301198401,3.537752832703316,0.007013468740996831,-2.1540671343187534,0.11221711777265637,0.07570987838043283,0.20901970348440593,0.06400716154780992,1.0,0.24961444035673386,-0.012017747737227623,-0.1529447963003528,-0.29796506926671423,0.05486425467098803,0.10020442769849446,0.21008003562721295,0.15820832515021635,0.08822493700943101,0.02319315613312536,-0.012288020320796266
1592,0.08154863102394766,3.429583985632381,0.0054829299913569576,-2.2609872993584426,0.026999445162900624,0.10627767427788812,-0.0564261685229668,0.029214601411487816,1.0,0.13871373092958286,0.24964116718515253,0.021353218050831124,-0.050005549302925834,0.00813505992131358,0.10536583716448134,0.22425188241573285,0.16683018157075175,0.13937682064445023,0.08660641497431013,0.05749563230266996
1593,0.5331673483161242,2.3646183343992617,0.0019446845289541918,-2.711150840840387,0.06490929512217021,-0.13454909093961237,-0.1746233826786844,0.07801333143285938,1.0,-0.002794325855973523,-0.10380064222949767,-0.05667050709115122,0.22062688473603875,-0.033042628850107954,0.0819391895625671,0.185186602524521,0.08523854277420105,0.029759547372281255,0.03356776555407676,0.0583883855289794
1594,3.6693831580199254,3.3405891086082997,0.008057836358398155,-2.093781556675406,0.20177861829779217,-0.05299351836894415,-0.19297528941244896,-0.19281044968355524,1.0,0.2294299155231978,0.26993726165185805,-0.10740348739507811,-0.032184572023605994,-0.0472566400361949,0.029221977411937928,0.2047454421613895,0.18542969900107562,0.14611458132853758,0.07121130101520785,0.04802556850628862
1595,0.9142962913766948,2.3596885458377583,0.016952967444540477,-1.7707542719746532,0.2713290870281496,-0.14915334734511962,0.21732956175871532,-0.08886763307717244,1.0,-0.11802765068401623,-0.13496646241851584,-0.21771577686585494,0.024404669994989626,0.03317298429000287,0.06524159527933357,0.16595445183518565,0.07085270443138185,0.01314228811065894,-0.015944293443699794,0.0030296367827172942
1596,0.7023677791700335,0.0734599727700276,0.06067235666954768,-1.2170091356196155,-0.01342588469528998,0.2683296328846356,0.2761131719490527,-0.20789253399581373,1.0,-0.29200449627605013,0.1836597757412388,0.10033231294773834,-0.1140705779837781,0.044284702828280335,0.06461087385567348,0.12070977300089526,0.04066968032653588,0.04917483616260381,0.029485005572898057,0.008092057255454617
1597,0.9348101635618755,3.3075504546014227,0.019797968885047538,-1.7033793626305276,0.1118107151590867,0.17679135649605573,0.20228978185147853,-0.2854366381403458,1.0,0.1744390808649481,0.16631203594269955,0.27645941851685996,0.1842367888182152,0.03765168323393451,0.03980396413427534,0.15153292973789237,0.12054009297664475,0.1081153283645383,0.11019533561544727,0.0966103471229931
1598,4.62483880347052,4.648849664411496,0.02140953615672717,-1.6693927417086452,0.2963899647265775,-0.2901624289067689,-0.2714124923563963,0.17367451192219752,1.0,-0.06937865182594509,0.10195380699628538,-0.02991707146914485,-0.05327368001739304,-0.06372492970361557,0.08728459664690597,0.23872273413744727,0.15031600888422103,0.11122953534299,0.06740587622825024,0.044828598370848356
1599,1.4431280840669722,0.48638133380706117,0.015242365312590031,-1.8169476338823827,-0.2589625508784048,0.14370969042060525,0.2561676246158073,-0.1327794165526092,1.0,0.0064554458292459755,0.08052657465090049,-0.18238694785521184,-0.02770238456334496,0.04030912705629439,0.06439326848620916,0.1807566741402126,0.10440296908601088,0.05570732933397814,0.002242092175251604,0.0035052389866849277
1600,4.738677131907906,2.920714418189125,0.015107317775857101,-1.8208126354986365,-0.20149822848441765,0.2116903027361086,-0.08586813666157568,0.29877491509218673,1.0,-0.19053052537539625,0.01981217090437095,0.057063463014097524,0.009526512225008665,0.019345398711476076,0.15272623056788576,0.29738157955198335,0.1565761430528024,0.097814988712642,0.08030476334480564,0.06501448538078994
1601,1.578231837850947,0.25501069325350767,0.004177470469605301,-2.379086611436437,-0.21940576137060075,-0.12343199641744791,0.0066844854241281835,-0.14676823629442592,1.0,0.26234209669246,-0.29346302645150585,0.10019907671969534,0.18579292087933053,-0.02397303103632313,0.08361463178253496,0.15498502551288384,0.06528855068297469,0.01743192677862619,0.04049457520316726,0.041429683732291195
1602,4.823435438851731,2.5012573607684656,0.008192883895131085,-2.0865631996702243,-0.17585430463331844,-0.2852218740975197,0.0771156097726912,-0.2665933741010433,1.0,0.05311105783185899,0.03870166770441663,-0.19254048732053147,0.18390021422738823,-0.06155756950186827,0.009163647208236377,0.19267660729780778,0.12725816050402738,0.05980097602065311,0.015062229591765054,0.04943254241264574
1603,0.18120302836426067,1.8448097012832156,0.003286156727167963,-2.483311727534843,0.002724709123688962,0.18725071324756984,-0.2463330336220031,0.2072091832059604,1.0,-0.09427819353612901,-0.020656578497813317,0.07253002639370795,0.07820878656825776,-0.006224801091061223,0.10813265759680729,0.1794546593634197,0.0777078648836927,0.048475195913743524,0.048841334197221774,0.04440714154238474
1604,2.705248289092478,0.46556858864926953,0.015566479400749064,-1.8078095987173954,-0.05338836889279138,-0.21224731883296075,-0.004557130117208785,-0.09368124622134712,1.0,0.2589605748758739,0.2974097980559465,-0.19543938780726702,-0.1959994804102164,-0.03084978427458025,0.030828389382530883,0.18428810247202054,0.16192974711083538,0.11943452340750892,0.023166201956301546,-0.014220767024944762
1605,0.2405825096959498,2.1364409312507653,0.07300669835782195,-1.1366372915729301,-0.26301543361120494,-0.05413380015138517,0.2415056519547721,-0.2621130210890359,1.0,-0.294727087417496,0.21271183438688054,0.05433128250104071,0.02107801044193671,0.007884107988458277,0.010928049952079681,0.11365697293057958,0.04033876447233306,0.048455334532568964,0.03619102756738519,0.0279766608322154
1606,2.18929632857248,1.13742836092745,0.005509939498703544,-2.258853169845757,-0.17745220515108903,0.24534253579828896,0.19572138112633977,-0.2821109749645077,1.0,-0.2734042314976711,-0.00868446846034142,-0.2826494350299552,0.14375100792477194,0.03056843224679725,0.033070565862939945,0.13070227928217423,0.04107248001238527,0.005646466928704271,-0.024370712157060374,0.00994276277183612
1607,4.099745093165375,3.907342710765274,0.019041702679343128,-1.720294220280257,-0.022212138923948643,-0.27822875324777574,-0.13873633827184453,-0.11529607533853331,1.0,0.2697993661183307,0.2782543971664521,0.2546777660801007,0.19639557864152601,-0.07490564568927319,-0.0048584176370273,0.17784146286893465,0.18070154895711016,0.17312541845650398,0.16488905087473207,0.14566149799332315
1608,3.418382156296781,2.5392757170309626,0.01727708153269951,-1.7625296172558464,-0.2232624919874992,-0.09681017263834844,-0.15020880049371774,0.09754158326186892,1.0,0.15997307421225285,-0.11236064870617832,0.03620621637359722,0.2513982565514497,-0.0572501166068872,0.052686395739009045,0.22308226549034677,0.15909019669156726,0.07282824440498492,0.06716957307872325,0.09408948404214122
1609,4.488989836963866,1.9850694467730787,0.00148552290406223,-2.8281206477774115,-0.05257503003051834,0.12150755233776771,0.15384772794227813,-0.28950973042195477,1.0,0.02491518288144241,-0.17229180201661692,-0.26201802601518615,-0.23342428047118302,0.029634010791040076,0.03423317899081081,0.2041970004828061,0.12673543810992946,0.021851241135353475,-0.05384085240577764,-0.06906024296058727
1610,2.382826325557203,0.8852461527289479,0.012937554019014693,-1.8881478238570923,-0.2654082059153514,-0.27104214745344996,0.1457077585061963,-0.2989098131877843,1.0,0.06431663155501197,-0.11497633501878157,-0.13924558425764855,0.23109113139781695,-0.031516985250274236,0.01642295271656543,0.13579063266873992,0.06943941306647278,0.011603746103570251,0.004148849218133228,0.03578284505109713
1611,3.2726760849759176,2.7804945351223105,0.01046168251224431,-1.980398463937006,-0.27985242555956336,0.10454082009549005,0.13056335070929875,-0.2537779067195302,1.0,-0.23610700877688212,0.1639763705346875,0.07343876235612891,0.03870096936437264,0.00027505173379695615,0.04375216002652082,0.1598095439781416,0.07110467671132199,0.0727953998533196,0.05963716615145767,0.04909855587634654
1612,4.286522988497326,3.9713629314951158,0.03143006338231057,-1.502654743177139,0.09081123605846217,-0.11308563067936353,0.19199122486798134,0.1910435880880447,1.0,0.22481493787373072,-0.030537902013617477,-0.007465089255934687,0.21650984741678966,0.06406996773405625,0.18118590394569553,0.33340658274618923,0.25227012899682666,0.15654154756901706,0.12942899692952528,0.14273956939598598
1613,1.3470684675824112,1.9751405425804491,0.01857353788533564,-1.7311053640181664,0.11429190785443982,-0.22795919077591562,0.24259861547538417,0.24594021646387337,1.0,-0.02022275911893,0.08498683098753025,0.29733872532618183,-0.14646461293986468,0.03924154380876904,0.10974433925613566,0.1915489052025144,0.11089695855384823,0.09223940084602841,0.08761653488451293,0.03956144058179134
1614,4.691880643490231,3.7397222858768457,0.0017916306539902047,-2.7467515155816113,0.19093473209425094,-0.12910973160569758,0.09444020416348077,0.11220142565334047,1.0,-0.13581575528612747,0.009534634407546871,-0.03722737783344817,0.0023402152968095224,0.041134010523139496,0.15476700464662246,0.3517124378199886,0.2048608338132343,0.12538131357715082,0.07866996655942513,0.0674032591852292
1615,0.427729692953678,0.2151005007199909,0.0005311869778161913,-3.274752580349174,-0.14256889541121415,0.13286496608852008,0.04908668048973399,-0.14144585857775094,1.0,-0.06433658549177428,0.04205123697949526,-0.20197619861590044,0.058233871852833526,0.004519764322533765,0.06873563294671381,0.16678533501341222,0.07377812259024867,0.026694750959754026,-0.007250701181721113,0.011871437586363288
1616,3.856852785843352,3.4251661652821856,0.001053370786516854,-2.9774187302451565,0.06294570502983454,0.10402627465612942,0.12641285031679278,-0.22114226748996155,1.0,-0.2118256863991009,-0.055222109163609444,0.2569181551096001,-0.057241403442602985,0.03320437493832599,0.07672624086225091,0.21015192954063794,0.08820127104872737,0.07040045973865502,0.0901490538949069,0.05679692528475836
1617,4.8792870437452605,2.6626661521119988,0.057188130221838086,-1.2426941025722782,-0.2039375806523697,0.19497676187839044,-0.08172219093855747,0.14067959554018972,1.0,0.136825441752662,0.14617715935665826,0.2079940364608936,-0.21260481055398425,0.004325470720057786,0.0993244940149416,0.26598838222326526,0.21234744821219578,0.1692347633362978,0.1331032042158764,0.05253005322667721
1618,1.042628835599316,1.7045615948018096,0.027567703831748776,-1.5595994056290758,0.13832316700253391,0.29917815335718767,-0.2605406790621215,0.04528586528076282,1.0,0.18569150659495884,-0.013841440299877172,-0.1021787294081079,0.2982605701862386,-0.004334023754159389,0.058968063427640875,0.17242060691464686,0.12051663097765292,0.060514331789874164,0.04123942974233028,0.0687547394794506
1619,1.1170365232642665,3.9142575607084447,0.014819216364160184,-1.8291747611150668,0.04971734163576118,0.2189837699138837,-0.10049671415006424,0.11376572547623665,1.0,0.16605578576124294,-0.058972669606590755,0.1489313476766001,-0.11737630822594293,0.031206304103389433,0.16037464479418495,0.21729399844049352,0.13547108167972163,0.09783772577737038,0.0712788869147109,0.0442429157076502
1620,0.2509118253419002,1.7749998734324313,0.00950734658599827,-2.0219406737935244,-0.18787414606493885,0.008232741573040747,-0.03309246084175196,-0.29001868343748466,1.0,-0.10817038191985708,-0.2602596791296242,-0.2750853881301268,0.25580327713938594,-0.028673042904639467,0.019355171213292718,0.10619451826676898,0.02218118453356519,-0.03220612258023613,-0.02685822877641081,0.01743788284261469
1621,1.3909017566855753,4.378571663024735,0.014603140305387497,-1.8355537421161807,-0.008621077094183194,0.26984923682129497,-0.29796251548718533,0.23369954683307137,1.0,0.21098791681079887,-0.1306988102110652,-0.08569962213494384,0.08566876355306385,-0.004227747848721898,0.1041799898112421,0.20550562904138878,0.14030022955378174,0.06589021982600014,0.046590488916669864,0.05230357823386195
1622,1.8368942850248904,1.8777242672633285,0.028197925669835783,-1.5497828386054122,-0.18967166851338335,-0.021155630412440517,-0.21405437783838568,-0.005047086866470007,1.0,-0.11893004670680121,0.1648691743692701,0.1494046786586176,0.2949316608381423,-0.05375118330252726,0.011442976676430912,0.1573266560461763,0.0906668092530595,0.07848523062993341,0.083995504014814,0.10095072371790058
1623,0.07472252158556222,4.995118771552238,0.05641385767790262,-1.2486142014456316,-0.2454413899969038,-0.004456017317622019,-0.280254997013019,0.12167231899533049,1.0,-0.16229517648938052,-0.09992911468096567,-0.07825193634599038,0.27735157981514164,-0.05273530828780931,0.0363664350431707,0.13469705941531146,0.05218418549668175,0.015671288074420347,0.018931905954508856,0.052714218810043546
1624,0.7915275827541758,2.2579634046909423,0.02881014116969173,-1.540454613671412,0.21463523058955822,-0.2417641923065773,0.19953926791740398,0.07709560962511779,1.0,-0.15607945221106975,0.20419892352611604,0.13093954078633754,0.008078440197047643,0.027686005788867513,0.08296687343604459,0.170724337893887,0.08685711000983118,0.08658761152986594,0.07090399624947785,0.0496995167739645
1625,2.335442383048056,0.9129833521726577,0.0010713771247479113,-2.970057630598787,0.08004804266549782,0.16808961705762707,-0.06583809882281619,0.06747878846433104,1.0,-0.16745321221968867,-0.21904230921952014,0.16751408464610434,0.16017380268033515,0.01693390916968303,0.0856262781351151,0.1991799110435458,0.07399738807532695,0.014780652968884537,0.04816763875932564,0.061111575275403146
1626,0.025456360375988495,1.2778952166460988,0.0037903341976375684,-2.42132249615565,0.1397759814008638,0.22773354084068087,0.02011225175229714,0.14188695957054562,1.0,0.08611490112955897,-0.2247838386508169,-0.20809942858224095,-0.15605244472387106,0.03609699650305848,0.09216310317809588,0.17691786277582458,0.09209304773999744,0.012917732306669016,-0.021037089515797,-0.021613223135490377
1627,3.2007908769041364,4.107373847622577,0.01742113223854797,-1.7589236226363878,-0.23369350242155895,0.0690022399613488,0.05787724268766716,-0.1936973890803834,1.0,0.13521808614685432,0.08186232666431066,0.24235536137438546,-0.0029809311716785356,-0.011231593778212656,0.029404890205308974,0.21605775480010883,0.1754285903227179,0.1424726916925251,0.1386801928557429,0.099831072299537
1628,1.3598919807989587,1.4087484168887827,0.025145851339671565,-1.5995336562903129,0.26280473097655616,0.29705765632909176,0.010107246208304744,0.10605873999191824,1.0,-0.05871797279376062,-0.07940280962575183,0.025661075730355698,0.04994628302979034,0.0605275790046473,0.139488830261067,0.22241736971799764,0.10458902127885301,0.05247415372333193,0.045474084730890714,0.043237223476853305
1629,3.334440184493874,1.6314847269834978,0.005158815903197926,-2.287449970023928,0.0748979259324828,0.05811448463985753,0.1517191132725695,-0.2296946840692069,1.0,0.047871222713783614,0.14597225927747162,0.17785224390259452,0.16531144092952688,0.028239236838529285,0.07102862402716827,0.21816255747771426,0.14740506334224618,0.1264531281514046,0.12071783727876217,0.1067168183489659
1630,2.4476002465055076,4.962608844588273,0.030619778161912994,-1.5139979600585958,0.24024293857074605,0.10268905714428324,-0.2584308386239383,-0.21582409498170543,1.0,-0.16196252846561668,-0.15262784395493803,0.27494403748413326,0.08085942287878767,-0.03146141880788925,0.0281972952419222,0.14287325111124188,0.057202428730324474,0.038416393856875626,0.07244023196286196,0.06439245565479844
1631,3.3839670821866825,0.1441590252657849,0.0044835782195332755,-2.3483752492316006,0.24698856873962702,0.05827195562205407,-0.22436972787244613,-0.02788929262676124,1.0,-0.18512468242988123,-0.12899920164974119,-0.22191090666449081,0.20232217654374254,-0.023652267708397623,0.04448608202374291,0.17823877351850834,0.06693979202239211,-0.00361095652838359,-0.025707430203332028,0.02306139131018403
1632,3.577136844525692,1.154761003678373,0.0056179775280898875,-2.250420002308894,0.1824587369374428,0.014203669483035995,-0.13956021155064643,0.16271702668885982,1.0,0.20755765016948355,-0.2698490624479518,0.15312496270864961,0.10660929477877683,0.0012945227915575337,0.11561430724021868,0.24531372142797375,0.14780520433025354,0.05166811752807253,0.06658568932824478,0.06366473138240822
1633,2.3037478662374586,1.5747487228844894,0.009561365600691443,-2.019480075245868,0.17032238755020737,0.14621789105035357,-0.2003795048441913,-0.09833373705927013,1.0,0.2859762868424483,-0.15159906970336728,0.2078664877860674,-0.037767581821836094,-0.01548245153293457,0.03684431684854834,0.18754047336911886,0.14462839703831185,0.0716617252042518,0.07038334672387729,0.04256805427340171
1634,1.2425028809191438,3.8990742427150393,0.016988980121002594,-1.7698326918263865,0.1240395093809648,0.018997376927200403,0.15500402999111926,0.24239722532049485,1.0,0.2908135179113556,-0.10951202865552882,-0.04122983798726133,-0.22494743256843805,0.05921293698379827,0.14550449550889671,0.24026167600544293,0.17168720557947623,0.09129683233727125,0.04452880029540266,0.013651255020246379
1635,4.221195591037215,2.677693036800502,0.022183808700662635,-1.65396388849893,0.04409396192204997,0.2380521290694184,-0.2739828826192296,0.003632167495923211,1.0,-0.2378134509450983,-0.050821296980641785,0.1866713915307246,0.2803976382393231,-0.021130818739865737,0.05257820785442128,0.19979985808431827,0.08658277209938421,0.05017300899691303,0.08687564764619256,0.11438991138127592
1636,0.6164841678316972,1.8843063519155736,0.001431503889369058,-2.8442074676708664,-0.04446004717987111,-0.19989391740057202,-0.04586567802375808,0.13996143649190687,1.0,-0.06489536664860208,0.08998881039894481,-0.022325685911276084,-0.28425018033341065,-0.021050577637413047,0.07556114857011617,0.18820518681363502,0.09715305342743984,0.06566402010115349,0.01713982800174163,-0.026061415134410307
1637,3.3873735225425627,0.0516259055078169,0.0036552866609046385,-2.437078558414124,-0.09281073905206617,0.0460072665604339,-0.2147673839159889,0.024105097253226713,1.0,0.2671061512692079,-0.21984506245859425,0.26095045716668,-0.21189032928883744,-0.026878013014659693,0.11456176014277977,0.20213248406583956,0.10508240132593548,0.056848306283142386,0.0357587511169107,-0.00040088438002527173
1638,4.255871804721465,1.2387742298127773,0.0640395419187554,-1.1935517832934674,0.24930035286532,0.15830120628139033,0.2310420681011922,0.2183742666858209,1.0,0.22246208629099923,-0.025905438859614494,-0.1602604748589694,0.08538824812288294,0.10884177388466869,0.18650320660089573,0.2931631376815248,0.20393455065973576,0.09993497176923452,0.04392595649838819,0.05135228409606662
1639,3.111135175646717,3.638580058090545,0.011145923365024488,-1.9528839473072188,0.11524669979063744,0.0519285160179455,0.23715543215064916,0.28260548210575465,1.0,-0.024021606229060976,0.19521709823359912,-0.21372501338112257,0.07302518954689256,0.08921626778605216,0.17372884618813508,0.2825641894485034,0.19245308785425538,0.14297523661185974,0.06837256201529747,0.06967433749284352
1640,1.9855912237797506,4.781308167781019,0.020068063958513398,-1.6974945235110803,0.026131124783217417,-0.012083269557585973,0.18335494387632345,0.08833259983376174,1.0,0.14355285285512318,0.24921017597231232,0.02060877935917198,0.2722834560385666,0.05171536628203947,0.1372339793577817,0.2589776305072738,0.2066468260987452,0.17844484023006404,0.1509778247734589,0.15643632731683227
1641,2.2314097073419994,3.5871553588031606,0.026685393258426966,-1.5737263926840275,0.1907538498944231,-0.11932795895320283,0.20950098600362518,0.0006152283694796256,1.0,0.09794117576951415,0.28030367335726264,0.0919562009181716,0.2391957659375166,0.040118001049461394,0.07503222460162817,0.21309519952505318,0.1756423210755731,0.16019851858598158,0.13366593066197352,0.13343783025165917
1642,4.967184937259755,1.252446631137807,0.01167711034284068,-1.9326646159072378,-0.14159600497088973,0.04388389088916129,-0.14478258774756897,0.06615557377494437,1.0,0.022286571299343416,0.29876196752335943,0.09950216598055754,0.2519625901947711,-0.03672665721163044,0.07070702125966233,0.26178706832327464,0.19504269497404217,0.17887878912051197,0.14930479834280583,0.148594007126247
1643,0.14878895701549588,0.19405281528389304,0.003070080668395275,-2.51285021299882,-0.20182676802454244,-0.27306819258738757,-0.2036496023157209,-0.26187133035424914,1.0,-0.29615056981789556,-0.07731265921270078,0.152861908281453,-0.013475688347221836,-0.0644809056312348,-0.01301542173381352,0.08669362125248053,0.005140065305040078,-0.00017884220055214766,0.014383290729388721,0.007682486325656455
1644,0.0046851674892073696,1.494296227125211,0.0484910688562374,-1.3143382429158263,0.19221163046429093,0.2562289135679316,0.19433214620897746,0.13175168556251718,1.0,0.20514174376572666,0.04180698094372395,0.2470646803080827,-0.261631382602505,0.05834292002119866,0.09386461788762072,0.1684634781405853,0.11532483477155714,0.08183345828210928,0.06375682023192206,0.014974743797399203
1645,2.615285635084024,4.831655269232135,0.007805747623163353,-2.107585494515108,-0.17482999550548622,0.1698813179993203,-0.021661536075422205,-0.28484286065837006,1.0,-0.09722909608880309,0.186985216114145,0.18006200938949474,0.0867319463999889,-0.014082780329818058,0.008180289116480001,0.16324677870109763,0.10663507467096069,0.10971651594879706,0.10970807635146693,0.09507543535219654
1646,4.05660116607223,0.6918103817128578,0.0005221838087006626,-3.282176598428381,-0.012076360150032005,0.040831023187576095,-0.04024380209244588,-0.04291780322150779,1.0,0.21200572710659252,-0.2264280900131744,-0.04760825993764665,0.00030388341629190575,-0.007900223739593528,0.11076643041351929,0.3209629971272507,0.20090797588847703,0.048480571051474526,0.01612272932661797,0.019825771099834962
1647,3.5156465715489937,3.754088264190161,0.013459737827715356,-1.8709633993308694,-0.24281346228277348,-0.22193467687842913,0.05993571001466369,-0.23188432439527393,1.0,-0.2365537647997589,0.27456505650126767,0.1653518214526548,-0.12434364453520132,-0.04869018530334295,0.01225371190192476,0.13083017570172084,0.0641221077392534,0.08828766933198372,0.06804667337454878,0.02934913020506132
1648,2.096243009259022,4.356561289062685,0.011713123019302794,-1.9313272954297318,-0.19524327840428196,0.05645282909741478,-0.19126986174583152,-0.2886654443447619,1.0,-0.1940910669525541,-0.12628409396105258,-0.2527859461633738,0.2871048356997657,-0.05724427910982271,-0.0017188458876340493,0.10629887697088816,0.027525179692848872,-0.017543799173212627,-0.020907274406461392,0.027315558227997656
1649,1.640035332376639,0.884366940785273,0.06228392394122731,-1.2056240343129754,0.22306184909526905,-0.16441377210545566,0.04423526344554261,0.28360013026783104,1.0,0.14906714400788082,0.14242332072849115,-0.28701635523295527,0.0471619229464923,0.020756250954698713,0.10694203286808586,0.20330534824909674,0.13979432469982725,0.07979262021321183,0.010857306627105092,0.01886984181459571
1650,4.318628003140442,0.4422117238133227,0.0013594785364448286,-2.8666276446981485,-0.15805243184149934,0.08754836911046572,0.1808607364813804,-0.28791876107435266,1.0,-0.06673376171143236,0.18066182295049585,-0.06848476943860034,-0.024963958163129907,0.024663042069841604,0.03363660487363019,0.21134155530194398,0.13204233295664985,0.0997518362655021,0.04032433531575067,0.022386109361886973
1651,3.6337893809913164,1.9833403484895293,0.020203111495246326,-1.6945817394071943,-0.07238362476419745,0.26815012889656253,0.27230398581186827,-0.05422964961175547,1.0,0.11756377729883762,0.25061643932424854,-0.22007542982114497,0.1870385608112498,0.07792104822660738,0.11770708148215506,0.2282005152112647,0.17200988956177832,0.12164188447661932,0.057885159785545565,0.07292064090814192
1652,4.864812722561346,0.4899069150373918,0.0011524056467876692,-2.93839462234345,0.005744456803363262,0.06655138900849535,-0.03894423939671149,0.0380815573066968,1.0,-0.11114463733495279,0.12314656034373274,0.2120407242505158,-0.14702690193160697,0.006968144174144017,0.10604955147186822,0.3045225207363344,0.17320042465088764,0.13897216513393043,0.12076830037680729,0.04220811134580703
1653,4.499000452041647,4.652229159259965,0.07457324978392395,-1.1274169306323922,0.2938279220927643,-0.0408466423831664,0.132057388575171,0.08853031418369003,1.0,0.29001227755194,0.27325066007100635,0.07847711643731392,0.039035528939614636,0.06956271452910336,0.1609189795620186,0.3242261945518678,0.2955106750646612,0.25615844587281206,0.19630019779113686,0.15458324823590436
1654,3.8519517951220745,0.26880440475515266,0.006590319792566983,-2.181093510932926,-0.14969540042782875,-0.2005499026413658,0.1330972885586427,-0.0011680862369532695,1.0,0.2652217789518382,-0.06224904133995263,0.201807985081862,-0.12464479014586861,-0.005810089062366064,0.07048274276261787,0.24164370565651322,0.18653834795858207,0.10309258616567225,0.08182552611969678,0.029783022940741047
1655,2.671856022514527,0.6049640869822918,0.006842408527801786,-2.164790999710527,0.08933117066829711,0.1405133391716764,0.27277203324567906,-0.015890828336482653,1.0,0.15304722885920868,-0.019825840453441955,0.25913654313601747,-0.1807595075573636,0.07336945722855275,0.16535385173387163,0.21948515093845397,0.12973999114716303,0.09994738247416994,0.06464642163961096,0.02231092362117389
1656,3.6602456938627665,0.4173643908326198,0.0037543215211754536,-2.4254685370175606,-0.1406264372849733,-0.20740733160227628,-0.05461983000972596,-0.19095265092495675,1.0,-0.0413931626139445,-0.050303561587926836,0.28405237016602713,-0.14745428867577892,-0.061373193548392366,0.02684950227551708,0.1805151850616178,0.08639308839032186,0.05970109731598994,0.06551908477925472,0.015582066846975542
1657,3.4588560565455007,2.994900044994802,0.023588303082685107,-1.6273033006715725,-0.23719136796022947,0.09128361810306575,-0.23781120350979434,-0.05464505112556412,1.0,0.1941278164404854,0.014003318600186042,-0.05521552260701731,-0.18182496628034475,-0.06553917182399877,0.020157620846607185,0.2133447813742741,0.17386077010381998,0.09929004345317644,0.03669667998247459,-0.004437269585191596
1658,3.6530072035342656,1.8112366074924122,0.017115024488619995,-1.7666224751258748,0.2622661342446695,0.16504025294820884,0.24329598804749356,-0.23214300405099816,1.0,-0.2264943619407298,-0.2430091104483317,-0.16881749017338588,0.18270027177636067,0.05999097738429491,0.07587434894944847,0.16327815478861613,0.04843898543096674,-0.014245973795655453,-0.013188982657428483,0.026148135229268395
1659,2.570386784992071,1.1182374637483878,0.00081028522039758,-3.091362082551993,-0.05996544689162193,0.2235876202725292,-0.2403877354951381,-0.25896729593462314,1.0,0.14774623668218867,-0.2764118971572065,0.07370115960275755,-0.17555337744501803,-0.036250131027410856,-0.0010747440173718955,0.1487375626992083,0.09382428685983327,0.014689140800404432,0.006986001149283027,-0.015272389738453086
1660,2.5674354878485457,0.42286167569039196,0.002826995102276001,-2.548674943918103,-0.2112993964408976,0.03322869987552446,0.0113615586260974,-0.22263375388640172,1.0,0.2965123565444348,-0.0021326451534200985,-0.11248806378719307,0.19971625946951635,-0.017627852603335496,0.0017755382775795758,0.1823928343265219,0.16889009186486229,0.08735765712338801,0.03487600782751421,0.055733588064230705
1661,3.67094359710503,2.4905518044257007,0.028693099971189857,-1.5422225285175852,-0.22181027621875507,-0.2872028897648925,-0.04803558618354491,0.29590187338253426,1.0,-0.04450763801147682,-0.23514689835887,0.1276108145089109,-0.2015639737057782,-0.04223513825132577,0.08411386088078036,0.2083765465825528,0.10606122669142044,0.02755432649511224,0.02410174019940776,-0.009669242324850115
1662,3.377221669028973,2.3824424437460694,0.012262316335350043,-1.9114274844145516,0.06759103821452857,0.2695612222726078,-0.12980660219758816,0.17770091489473244,1.0,0.14429798891402215,0.24219040861838162,-0.19417864785054686,0.059837453153399986,0.02650040082128202,0.10989288844898139,0.24604741725969537,0.19488769088084412,0.14404399880429394,0.06389944173004014,0.05726596053808405
1663,3.937133060613779,2.2214580265163475,0.010956856813598386,-1.960314013761253,0.11789546408736737,-0.06724745835371189,-0.024905967751983036,0.1814602807737447,1.0,0.10093224791839236,-0.14772008184947188,0.11220577556322277,0.27545739169193484,0.009671408771353624,0.1190380503209337,0.2821231917349979,0.18649259797233686,0.08845477599721387,0.0984633513951497,0.1268138568672745
1664,1.4229113303894338,0.7825890698918401,0.02335422068568136,-1.6316346202432566,0.19547070876103098,-0.2887086350336854,-0.2854486769342026,0.09669903763636635,1.0,0.2554077330853021,-0.09790712974924004,-0.08181151368694457,-0.229586845619599,-0.04717181569970529,0.05439221743845604,0.15720537062077763,0.1003623025090019,0.03463692685734504,-0.004246816462341816,-0.022851177740479924
1665,0.10843337441859806,4.388907654735798,0.019563886488043792,-1.7085448656707933,0.22131157900366535,0.07326459343416888,0.05015597225884274,0.25035277098763953,1.0,-0.05282632419349593,0.0036641454329702228,0.26177775652853025,0.011937578617349497,0.05571985835058339,0.15161439574623703,0.22046244732767398,0.12358078810440622,0.10716824880812094,0.11349918420551319,0.08370706877181505
1666,4.728765617756733,0.8536791750208284,0.02870210314030539,-1.5420862792672432,-0.2508262717346041,0.15750489761128003,-0.24247339856107322,0.1900467104833561,1.0,-0.2750001864785193,0.19196547319068039,0.2928781769718418,-0.15859448664895173,-0.026896395378469277,0.08838543593663876,0.17741713626252778,0.07570574583374831,0.08770220356189787,0.08314277642152336,0.02853096257664578
1667,3.7852844739862235,2.31905460551092,0.04816695476807836,-1.3172508099700895,0.16831356149176793,-0.29907326935118067,-0.29463359499716135,-0.2929106256159201,1.0,0.04634496857046908,0.0810240072462295,-0.2930449689988362,0.031984055189101655,-0.10268176715528844,-0.023094708010105665,0.14022312776863205,0.09253165582737842,0.03823234039366428,-0.020683185546694367,-0.0032490540509276474
1668,2.073724974789389,4.013188918911744,0.00054019014693172,-3.2674533416076743,-0.10418135788074126,-0.005882967787967264,-0.02080677052644443,-0.1321867222679768,1.0,-0.16242290522251354,-0.08663873074188803,-0.25618629329201215,0.10701890724633857,-0.023413298997648525,0.03456284548672765,0.1900437196833472,0.08333120856306626,0.015108867026177092,-0.02668314174132286,0.011520878517145592
1669,2.780536234000584,4.987660709598537,0.02098638720829732,-1.6780623184707413,-0.05374755572856212,0.07386122815557676,-0.16637489158849364,0.2615550778428264,1.0,0.17403953112395876,-0.21102801037785776,0.12174701419622262,-0.18125861890930162,-0.010575067418706027,0.10118512974193429,0.24472680635406355,0.17934932013365762,0.09001219783638373,0.07362114631420508,0.031963808033877786
1670,2.8983911263678,2.786147152090238,0.01611567271679631,-1.7927515610114249,-0.07511347497667623,-0.04952364842259218,-0.2949302469238362,-0.0034963435527581633,1.0,0.21588877448682306,0.20027216055079625,-0.014501114213444542,0.24886033843020308,-0.07514595442081036,0.021920671958878046,0.20247662261463428,0.17643233862954333,0.13599505120937921,0.09755315873431604,0.10895890810923838
1671,2.8234274207782217,1.469068121543302,0.01707901181215788,-1.7675372611026554,0.2369507275727546,-0.20714738659558316,-0.04393818391773189,0.1495362788255839,1.0,-0.09153320100931213,0.2306539418630872,0.017840926746567586,0.12501736948723513,-0.006914979386069986,0.0902673101998887,0.21873562258099227,0.1291948083878903,0.11213449213053234,0.07946581765780344,0.07409458558672567
1672,0.15030912441348382,1.6704602250732523,0.04552002304811294,-1.3417975267169893,-0.2499662204242996,0.20080308156350177,0.13788182769910726,-0.20134728374115288,1.0,-0.20934264269378106,-0.2239295276135822,0.2439254788980832,0.2699419797214454,0.010565358394056515,0.04357566702208211,0.10137517099921074,0.019099015435157286,0.006860338021166946,0.044474789100306014,0.05192599298607981
1673,3.965384424222867,1.3954571715044597,0.031087942955920485,-1.5074080136418637,0.27836882525277346,0.11474049560530487,0.29740389514195603,-0.0067486446584181905,1.0,-0.038517078925255764,0.12331684736179091,0.19628975374207738,0.003910239036730645,0.10706519300622584,0.20533641725439025,0.251136114809157,0.15255404960430766,0.13641384324018244,0.11226291827461443,0.07489435045575939
1674,1.0633833275597468,3.9661108842914667,0.011731129357533851,-1.9306601762787332,0.23108231031291004,0.10060617622735639,0.11223394137266626,-0.1378840229317989,1.0,-0.29822258652027755,-0.22937476905569798,0.18086914945452395,0.0465152096789633,0.03397495231826807,0.0768815493343206,0.14816013164577452,0.035101441501530675,0.013940948821967676,0.041461845602803714,0.03887717346505965
1675,4.901345757785637,4.862871835306344,0.00911120714491501,-2.0404240794875377,0.07044065366018008,0.2809452698850376,0.08539724069885114,-0.1889026158504026,1.0,-0.2659813229392378,0.05595020787299791,0.06532417769956668,-0.02895772293912032,0.07690649169180508,0.09081894912913721,0.266646244222724,0.14193918462978,0.10915457617958478,0.09452847829470717,0.07287189524485978
1676,4.471437133661275,2.409628698987902,0.0016385767790262173,-2.785533204006243,-0.2768683012024088,0.0957722252537675,-0.06429589198698368,-0.13891142685312544,1.0,-0.10917760078777314,0.14880239632450235,-0.10953810622869675,0.04359431519286503,-0.03940085955892844,0.05253095980596111,0.22100731953962122,0.12528483345093008,0.0876685390249808,0.035802800158941744,0.03843448481724855
1677,3.843708264397801,1.2699034959882474,0.0011704119850187266,-2.9316612396844812,0.0009005696067102997,-0.2969799686563385,0.046205217337115176,-0.07774316887631105,1.0,0.2362524226424031,-0.13976873224899639,-0.1094025475337337,-0.03163038054098747,-0.038710485981820766,0.04283328390691161,0.247692781774342,0.1876480106148737,0.06704723652768937,0.009260545268304773,0.005285780325915178
1678,2.8081409997611253,1.4043926872043873,0.007733722270239124,-2.1116114281600757,-0.18618345515304427,0.023442085344989903,-0.07080083808796235,-0.13684798940329432,1.0,-0.016055397036601592,0.29953171070219375,-0.2392030057035499,-0.24630838034399835,-0.030864782777582096,0.024084781204167145,0.17267837327324284,0.11916427271882306,0.09627084453817177,0.0012955905563211503,-0.035199990674806475
1679,2.4314249136938195,3.468772585037427,0.003934384903486027,-2.4051231550208962,0.2464066268094297,-0.2038677440223233,-0.017829251424737957,-0.10937708685098349,1.0,-0.04730851162319122,0.23622832670461624,0.23893274237036918,-0.21373082332405713,-0.014759436479710081,0.01952101551752228,0.1680431491211413,0.12175809107796866,0.12021661850791202,0.10765318706427492,0.04351842950211474
1680,1.9383525032506292,4.701596214346235,0.006086142322097378,-2.215657896049682,-0.2254356233736468,0.23686829262470793,-0.2214631110213631,-0.24861745137631666,1.0,0.021260114259327122,0.2052273868731995,-0.06168745386323164,0.135285329796263,-0.043123082788139214,-0.0058833239140944965,0.1406531551048071,0.10605628992388703,0.09096843397206511,0.05897177190088928,0.06446084546961199
1681,1.045239549216422,1.7358460232635864,0.0046816479400749065,-2.3296012483565187,0.040521070546685835,0.008419177354053108,0.27484622148544413,0.018429645329407805,1.0,0.2688242466926084,0.06100505754327812,0.0597374612833587,-0.11104801595978134,0.06195726193519839,0.10782308795745844,0.24193010636281398,0.18386162701101869,0.11941447857059811,0.07380469193665048,0.03492653091880078
1682,2.9955936019371925,3.635871379517081,0.0012064246614808412,-2.9184997936265105,0.18290901782305838,-0.03629934405815429,0.2139939348097936,-0.18117252481740623,1.0,-0.1470016756562931,0.0940342984771352,-0.019413759787071803,-0.015304121066735609,0.04892974375067941,0.09833609175916094,0.23224610585292496,0.12477500588031785,0.09641587717240882,0.060975285118249935,0.04864740930173372
1683,4.276636665036991,4.132817754302867,0.005753025064822817,-2.240103733832918,-0.2268824278960778,0.24039331651609572,-0.014139270311699093,0.07835278884036934,1.0,-0.16165986753517753,0.0013543569209164329,-0.017852232650384468,0.1360793836917401,0.026261311937439573,0.14358164060444942,0.28705687393511786,0.14929861894491234,0.09285659557620753,0.07940354106795121,0.09519713305855029
1684,2.724599540107433,1.4764827959388607,0.0005221838087006626,-3.282176598428381,-0.035791461952736255,0.0859791449964437,-0.19088997488893333,0.10660298617176218,1.0,-0.25854426549933346,-0.022849300748083244,-0.03037642275476858,0.0008687676874413741,-0.027628011572302127,0.08640828851683856,0.23410982199382877,0.08428407924196868,0.035199378015863786,0.017026153846558638,0.018066859187545855
1685,1.369940234402598,0.23546102243896067,0.019203759723422646,-1.7166137365418892,0.1434672371130872,-0.17116248538049067,-0.09061598288336614,0.29351247397509483,1.0,0.22716140874933347,0.257281959659527,0.0743264962195884,-0.010429181318459125,0.0021680646851268645,0.11254951242252154,0.19843095099654198,0.14604738921679147,0.11241420022899239,0.06888291404588807,0.040220378003840325
1686,1.6973535423246089,4.13839070957526,0.0015845577643330453,-2.8000919241771682,0.020458722125536764,-0.07256639577920825,0.20337315601781286,-0.26433232754457137,1.0,0.031538174152821875,0.21585742116985138,-0.10181770155222324,-0.07577198806953911,0.017947691456363477,0.0361583724159675,0.19064775399281417,0.13983711944225743,0.11726375485493784,0.05483936893432659,0.03287371177510311
1687,1.809231925293025,3.533460791298993,0.023588303082685107,-1.6273033006715725,0.2796164750539231,0.20709728403174987,-0.06613936053369274,-0.08788826429658345,1.0,-0.15560655492417103,-0.09121708813071301,-0.14540101395954394,0.09208209124117407,0.0249886520398603,0.08772379072253056,0.18662151355643947,0.08108659271157008,0.029166176278395756,0.012923194576846854,0.032873420544097254
1688,2.817283587993011,3.383034203286363,0.013270671276289253,-1.8771071084682853,-0.06366468480485606,-0.13801145675537832,-0.10128538610663393,-0.2268857571848649,1.0,-0.24255988926730174,0.0884216563263286,-0.15590592865407865,-0.17396871041734788,-0.058375097494210215,-0.008537555964270846,0.14395418696354917,0.05613014553612066,0.033084632898294594,-0.017346902351478444,-0.035150848471563884
1689,0.35766348937751163,2.4164133939415375,0.0028720109478536445,-2.5418139089341367,0.13765317148346387,0.24950117706384622,-0.24850720958874747,-0.12546189299670546,1.0,-0.1212225703022589,-0.002030545944078854,-0.18113808826178196,0.1707009500128866,-0.01856107314992251,0.04945597117504987,0.13497403013951242,0.056336063321565474,0.021088828546858018,0.007985545180861602,0.03190085349637291
1690,4.0763708154205744,1.2731932177350058,0.00445656871218669,-2.3509993930577493,0.013159983595637414,0.27119678999759417,-0.05895945526154915,0.1878418300767501,1.0,-0.07628037112187415,-0.15755968241039642,-0.10243168601153123,0.17733194015971435,0.043841627639266724,0.13688747871951823,0.2755517321867544,0.14330331675873031,0.03911903096771536,0.01809247622414593,0.05575778893995447
1691,3.5849965757640625,0.9197168560423168,0.10892934312878133,-0.9628551152640369,0.14566124213694756,-0.2974118876644329,-0.13273227361634884,0.25146947984019796,1.0,0.1662736781832366,-0.2461295274535846,-0.15818028522762861,0.2900582618882749,-0.0037976315923338192,0.1347754992443591,0.1885143896970943,0.08453544632940901,0.004738052271970282,0.02311404459162269,0.048727575639703695
1692,3.9046372481261287,0.6396167544051607,0.002214779602420052,-2.654669484887939,0.007150603420442425,-0.19430698133729432,0.18425462523692135,0.09397891630013067,1.0,-0.21501696983016072,0.24300170381558275,-0.03778877932179631,0.19191934584146123,0.029352503059281165,0.12471824290724659,0.22110625436166917,0.10670599143513229,0.09571544959258815,0.06637952667916586,0.07657954639390173
1693,0.5928723836516714,0.08478842443981954,0.0009273264188994526,-3.0327673672861457,-0.13316868200121337,0.16136929594561328,-0.14290204325066444,-0.06585910395852632,1.0,-0.027484035151104955,-0.06407871979134445,0.155764077683358,-0.17987150797906282,-0.019909019210198192,0.04422567739238958,0.16657511809933204,0.0777278801264271,0.03900510216596924,0.03235430431061857,-0.004542302988781086
1694,2.7669304878188763,2.6295427403458516,0.003025064822817632,-2.519265314601474,-0.13795768963606803,0.11412299905176687,0.21383312023024487,0.09630667704339065,1.0,-0.27178192028211867,-0.27295371774650207,-0.09297347884068403,-0.1459146425163136,0.05457518248921532,0.12383420116370294,0.19180917687636787,0.050953460233949116,-0.013895428651127303,-0.026111588060429278,-0.025759179303556288
1695,2.905580511172139,2.2095668115245557,0.001377484874675886,-2.8609131611737193,-0.22826212799055326,0.21185201059532968,-0.1532942815150005,0.14404552436956372,1.0,0.0727102902258221,-0.27784268452526145,-0.06904945426150626,0.09525789014196108,-0.009948797043593494,0.08008263882356247,0.2129777698678263,0.12392609667171697,0.02057347443831157,0.008567792941517592,0.02905788805696872
1696,3.272468456073796,3.1736552449431126,0.0037903341976375684,-2.42132249615565,-0.056674655252378636,0.2823948627808539,-0.23409369272713393,0.12363427212235178,1.0,0.17532041088954572,-0.26871994754460754,-0.11201563266187667,0.04008193483820603,-0.004727783148251664,0.060508328109775696,0.22128488409173877,0.1744811379897827,0.055419213000573314,0.014342549458156854,0.024507131892146695
1697,0.03023528387417712,0.7276255427349371,0.04588014981273408,-1.3383751726640238,0.1809717609582498,-0.22769064735407596,0.1494323319489875,0.17937390267259418,1.0,-0.213894156036107,-0.13654484420670024,-0.27571233428951764,0.22417532104935947,0.020105931508487395,0.07540854310907481,0.13298180314205812,0.038440564735537384,-0.0045128533140172825,-0.017620364243253108,0.019629692240468552
1698,4.598581691023663,4.423192613391223,0.001782627484874676,-2.748939401729787,-0.06324749283232989,-0.1221614718647134,0.18325379912565168,0.07048230945672855,1.0,-0.21257459072396823,0.14145383364715106,-0.21333278508253092,-0.15013944813560146,0.025137490582143655,0.10955643319587015,0.2626896739400902,0.14823068142425042,0.10449843013646773,0.01969070577199373,-0.008434360342539606
1699,0.5069972391638415,2.2135858358725153,0.007004465571881302,-2.154624995001629,0.06797574072899001,-0.10449550573412356,-0.08269970375944626,-0.05330526709291367,1.0,0.014918871432999036,0.2738940530753289,0.18181629282907724,0.24937341407806224,-0.022660908111727145,0.04181207977935498,0.16546705229235542,0.10945446834832036,0.11180811085482231,0.10598552225266565,0.10192617488365832
1700,1.3659039697918183,3.4592562461659035,0.013828867761452032,-1.8592133762958247,0.11382151574079719,-0.2982377965895987,-0.03065749712620187,0.23611298804506087,1.0,0.05684759674199373,-0.043557432665818054,0.0939607275737718,-0.26024117199076,-0.0072998583253263746,0.10840446153376937,0.2020308935889148,0.11747398799902256,0.07304499085307559,0.04193180048667748,-0.0002257555184506368
1701,4.423336730307822,3.9291044873991474,0.01802434456928839,-1.7441405188480181,-0.24421737122947687,-0.006649483267069223,-0.21449191107094379,-0.16338707653074844,1.0,0.1572506744404277,0.21869354413262287,0.04417036124965366,0.12525451438003746,-0.09118588192908023,-0.01965342027145588,0.19683591309180604,0.18261397120386522,0.1569232017327447,0.11827532681257746,0.10771813739698352
1702,1.838544044591759,1.8329027075736537,0.0020347162201094786,-2.691496152843917,-0.009486260648045674,0.0065893140696636765,-0.291313676613761,-0.23003965092297154,1.0,-0.08283733958034013,-0.07170419518037585,0.13172626305310894,0.1337203404711769,-0.07707450263075145,0.012137089620193298,0.15217127446833564,0.06115533109898413,0.032890314437944435,0.05137295768945988,0.054034468251441536
1703,0.3796369399906391,0.4481631599513478,0.017024992797464708,-1.7689130631462782,0.26497622787617237,-0.06421398834624328,0.021431715389742288,-0.030162539360128613,1.0,-0.15520502405346315,0.08467393110558952,-0.11398920169739268,0.24925584400381917,0.009906687464661975,0.08129383480563904,0.1573242752723847,0.062364823150047585,0.03720369688379363,0.027217265786724433,0.05234311016137929
1704,0.22653677564806646,3.352458026136768,0.0005221838087006626,-3.282176598428381,-0.08953632492304987,-0.05333856567917391,0.1520576767171059,-0.14041195726324265,1.0,-0.0059093802224554955,-0.13769841331588623,0.1208715605369113,-0.15175930136683516,0.008141323001499452,0.07004913258721444,0.17671725768155666,0.08174524685274955,0.04187890996752285,0.03402306117205036,0.008069842876696522
1705,1.2339916606144588,2.5988777999185797,0.0005491933160472486,-3.260274756980551,-0.12495300653789138,0.002016343737862525,-0.09650802094245604,0.10941365081326944,1.0,-0.2113445100370299,0.09293983042459676,-0.15084843052741306,-0.043177629438560426,-0.019426963115198728,0.07769186743851551,0.1970016462035924,0.08391255613687759,0.05261665500583524,0.006107992383916329,0.004784359717594287
1706,1.0024584222941926,4.904575267752305,0.012100259291270527,-1.9172053232735116,0.09420519489803655,0.2603573653569826,-0.229442585854377,-0.27407018358175506,1.0,-0.26096422032627126,0.16521227143655196,0.28971115261013386,-0.15279774598441664,-0.016174557993913093,0.00758877443497175,0.10817412010925051,0.04765811025749963,0.06371938461532123,0.06900086607919753,0.032587530972144
1707,2.645436246829507,2.8444670985528204,0.00378133102852204,-2.4223553015934174,0.03630162400766401,0.22162531542786482,-0.0975059751293282,0.005016437905788451,1.0,-0.08562251705039538,-0.020264336183784704,0.13977943019404038,0.0546628713240886,0.015764871567356214,0.12278140689623299,0.26366923774938394,0.13626940672772425,0.09444449741113747,0.09822517305996437,0.08223715556525496
1708,1.0587114143541283,2.1232952302429124,0.009498343416882743,-2.0223521323576064,0.2910604745435295,-0.10360842807223236,0.18167306694663524,-0.0563809164762942,1.0,-0.044367571317288,-0.24761253321395713,0.0973535669082832,-0.25808595713640986,0.03374585469219925,0.06902711964612354,0.1702731118493587,0.07745456137934519,0.019357917196150612,0.013554309808614265,-0.017774437828145667
1709,3.175349673352026,4.322579685942274,0.08807800345721695,-1.0551325384656984,0.28647219969081733,-0.2765759523378527,0.06098433780955663,-0.010529025804948444,1.0,0.09633930330240636,0.21307689514012718,0.1028060619549502,0.2920435700735106,0.008684291039576901,0.13153271886543538,0.21012805942215618,0.1626392523222446,0.1441163210824627,0.1452593614649845,0.136118874428267
1710,3.348906911950986,4.448539503189701,0.008120858542206857,-2.090398054449376,-0.02888432321878428,0.10960483254530178,0.18094192592280214,0.023703549945347135,1.0,-0.0654212155465939,-0.03345108658974622,0.13323790027144813,0.22109905256271015,0.0718456577395689,0.16005058616790843,0.2988290437245501,0.17461202533888082,0.12478037236875078,0.14233632329539697,0.1538048522481889
1711,4.692590213085822,3.0355486267737577,0.0065363007778738115,-2.1846679712912245,0.23234205290743304,0.15038016819409966,0.05128034337391385,0.009964374982924306,1.0,0.04371504883916,0.1656527311840428,-0.1285258463780338,0.015287124422459096,0.0775547693790799,0.14269839374918056,0.3441035765675961,0.25825086726500673,0.18977404161296116,0.09722913813392771,0.0785187048840922
1712,4.82904566410552,4.434787369439978,0.0023768366464995676,-2.624000665121487,-0.0952043448096847,-0.16178100821046548,-0.056876689118535,-0.031796188380847155,1.0,-0.00998705004725392,-0.2822844813350238,-0.19839911613588557,0.07898877067042269,-0.06133411619411891,0.06734177310850745,0.2648828975320577,0.13389584059321663,-0.005255808285038781,-0.037012444119323126,0.005988513991998105
1713,0.8535197667213618,4.224549021979911,0.02868409680207433,-1.5423588205262053,-0.11038085680968397,-0.15004917839841495,-0.22558340744039926,0.07556900795222134,1.0,-0.07328008423348693,-0.0008762770496083982,-0.22879756225887227,-0.2571568450307525,-0.058903360086202235,0.034849556102388775,0.15699622402025626,0.08090364752652766,0.033522364584318,-0.02503162930889794,-0.04477051143207787
1714,3.6194077377363003,1.0496974312690328,0.0005942091616248919,-3.2260606564494494,0.05523766737969893,-0.07441494858220157,-0.14415893330933324,-0.12001904190774883,1.0,0.11769149317467972,-0.22198073917055808,0.018050680065098513,0.06948848165245418,-0.05293104525670897,0.026120618081490604,0.23772817345950695,0.1516726940385897,0.0356813891262831,0.025925108119265145,0.03753985493582232
1715,1.9900759077418728,2.2635409088472636,0.0006842408527801786,-3.164790999710527,0.11823791280378523,-0.2433243327387142,0.04961135124252667,-0.287510180240849,1.0,-0.2873987334955113,-0.27045264699405547,0.22663536271508894,0.13772463336449556,-0.02077304536343178,-0.01057116855802105,0.1115264146005396,0.027710610970123846,-0.016310892832429806,0.022397175536129167,0.03849489746858626
1716,4.125669679532813,3.2246257200560136,0.014342048401037165,-1.8433888161901866,0.14376114537757734,0.14350956997526748,0.2935717798608019,-0.009617194607182388,1.0,0.03668467683793741,0.20318992116829176,0.09236498930799338,-0.013569020662486919,0.12071014186135624,0.15776963604758623,0.3193897496586551,0.23798459642656528,0.20242771639862847,0.15541843986120518,0.11137838213929988
1717,2.1153456184128743,4.0274250192899945,0.0033581820800921923,-2.4738957601826304,0.18939271948967018,0.1401846068426385,0.228493996843218,-0.18607745455493382,1.0,0.11598808817666889,-0.23920775898641786,0.012417894058288614,-0.08422315448991563,0.06669547911188,0.07763273489672708,0.2142249312151981,0.14276952134963972,0.05707961376383718,0.03888436728183759,0.024979457142853174
1718,4.477232692122078,2.422159006916163,0.0034932296168251223,-2.456772866397111,0.06638203453278912,-0.18939425580548674,-0.24565159260321312,-0.16412271508792228,1.0,-0.03076535235305191,0.07543539792307374,0.10070204656134742,-0.20279109197920603,-0.10015422545449335,0.010170612766719149,0.19865411347506176,0.1193145283182179,0.08915242617569827,0.0514379201509707,-0.002431210055591366
1719,3.0215164481057273,1.6777332873642379,0.03476123595505618,-1.4589047903672687,0.16810672212054353,0.07604571023260684,0.23932065986143436,-0.11919128153893722,1.0,0.15205289300738736,0.2940396707583264,0.27222914433805806,-0.29977345037284614,0.05109395295655704,0.08618146252970249,0.19182552436951625,0.15110695647135708,0.1447776942019224,0.09940910185246819,0.026277448908624493
1720,0.3228151916763033,2.655678766117892,0.02943135983866321,-1.531189671410949,-0.1400660523484959,-0.23012073200733393,0.2758037699585161,0.03835410864870909,1.0,0.10013673499033553,0.13444073772232606,0.1656314429047572,-0.2076248075747682,0.02195460863702892,0.08391924940894743,0.16349559706725722,0.10607372465000975,0.08805799655109495,0.05721862928688911,0.017599988265320287
1721,3.134793248219678,1.6014158037826896,0.005536949006050129,-2.2567294762159014,-0.25463271310898,0.22656245540170625,0.047247830018478584,-0.20848407229289645,1.0,0.28283989211880584,-0.0010514895322552896,-0.2763955657739665,0.25085327062715923,0.006915065899008126,0.030702111880871234,0.17711924442460017,0.1491697018975472,0.06889775444099029,0.013493804916507084,0.049572850607494494
1722,0.7801480998026332,2.6080141311002825,0.002268798617113224,-2.644204051209774,0.07866795670312636,-0.042393702273467324,0.12472785711471883,-0.26587876474643846,1.0,0.252985922967778,0.1562139651972483,0.020279194936361145,-0.22696370042623173,0.003244806682800848,0.04530883215799119,0.17062894055128372,0.13442234916306048,0.09738420582018523,0.04366388291372847,0.006713268751112577
1723,3.559225562685455,3.7749751549999546,0.041540622299049264,-1.3815270018062433,0.21894441550073276,-0.25196492526976033,0.07144656977004445,0.18727643264413357,1.0,-0.2722550717924316,0.10797905551342281,0.21338654842758326,0.14024449734887318,0.011988023426135643,0.10122346082771864,0.21114324951246008,0.10148728401602597,0.09276747021339235,0.10812252154994395,0.10229032985077187
1724,4.059105227668663,4.0904664143681035,0.0016655862863728032,-2.778432863588304,0.030230685305767068,-0.1675817070532738,0.24146630802410043,-0.0808966256119835,1.0,0.018654098373353366,-0.0030954535022208684,0.07557540433816352,-0.19984190963712786,0.037114325759554014,0.12031915166878629,0.2945303706156312,0.18977036030899103,0.12888196332231372,0.08185235143492313,0.02481184855487576
1725,4.804143719462502,1.0133092951290055,0.006806395851339671,-2.1670827964901114,-0.2722902836159138,0.25323963370557107,-0.2786983281337893,0.09863923013913027,1.0,0.12219155356912893,0.00016004498998112293,0.05055195658171594,-0.09519767442106825,-0.043136034354442694,0.06554802021465987,0.2511027313205197,0.18289150708388907,0.10195659784391436,0.06054353805931249,0.02251471416022607
1726,3.9205535516509125,4.503143629486808,0.049805531547104584,-1.3027224205540449,-0.1003862408751588,0.07640444892881179,-0.14253557427564573,0.15762652761380758,1.0,0.2739781810965105,0.09763241346293561,-0.03210109520203699,-0.2922846946537421,-0.018938345961326743,0.0889519885416673,0.27118609655240355,0.24421038747955354,0.17375641041483258,0.0911608116011323,0.015972867571086374
1727,2.2741566089558507,4.18242931621407,0.010803802938634399,-1.966423345943693,-0.0018031230757624694,-0.22004108886982804,0.24466880454820494,0.21550431558711278,1.0,0.12836250598798044,-0.11778642456986466,-0.02308407540604832,-0.2974115248603846,0.05690149996804352,0.1773583409707193,0.22438859448601492,0.1301777807948229,0.067642397679754,0.014824129474277007,-0.007242293586265834
1728,0.7266023532235986,2.013677529770573,0.0015575482569864592,-2.8075584888625227,0.09508278148231332,-0.08577947173407893,0.16560734944603836,-0.005101692510130984,1.0,0.06182979609409702,0.1364478119907958,0.04393159238440303,-0.03140344227705864,0.035626185513139966,0.11880341894623178,0.23548979870671052,0.14749162811398323,0.1119605655965112,0.07160813429006974,0.04676885657479395
1729,2.044310821703834,2.3524354201830224,0.14996578795736099,-0.824007806251055,-0.22728826265644658,-0.020158177889815443,-0.2696982769864757,-0.20376116455067564,1.0,0.25649689846059404,-0.2954832853776314,-0.2794287383102592,-0.25931958591567794,-0.06211484619913854,-0.012434967400754313,0.12192916976602987,0.0869994812454055,-0.0019231322207595271,-0.0487238679720651,-0.05551777445919665
1730,3.255337664569699,2.7501809129586636,0.008895131086142321,-2.05084764740369,-0.19597937045801406,-0.1201179901027698,-0.10905609877466,-0.0973372932660366,1.0,-0.2567637108623112,-0.018873398958579046,0.22340485352345532,-0.2612878663781626,-0.05827694759955293,0.012362506742840337,0.15505206524865708,0.0533471630397658,0.03608238204773921,0.041555770152544365,-0.011924682822767374
1731,0.5365381004498426,0.9800804369624437,0.0037633246902909825,-2.4244283102162827,-0.047311899264716316,-0.19175948155299766,-0.04535856833779734,-0.25887259546892516,1.0,0.14744788636201964,0.10083285980785388,0.19898383563624322,0.08813624630869943,-0.04275262013321565,0.02309241398310329,0.14716794931410174,0.09665128921602742,0.07728352286713695,0.07182416427946403,0.05315156817510097
1732,2.2648510098825136,1.152182039191672,0.005437914145779314,-2.264567653370186,0.203394125171567,-0.2621143751589278,0.12810636609087747,-0.2694312440837771,1.0,-0.26258159785648405,0.22303589606379562,-0.269953129478324,0.1945480464390487,-0.006272072778121768,0.013867765027373224,0.11500619798663526,0.045672176518301424,0.037695307804355836,-0.001214081128784403,0.02608232094009216
1733,3.7159366240035308,2.2996274557175362,0.0005221838087006626,-3.282176598428381,-0.20741278301064978,0.13760323779787184,-0.01626590358935378,-0.05695203862085571,1.0,-0.1332080645051246,-0.18264880327433314,0.055823495947906275,0.034010966692634655,-0.004255508009287528,0.06730479508420985,0.24445553863808833,0.11146435841786939,0.025018525363565053,0.030278114464653293,0.036548948591187104
1734,4.162135898648739,1.3824967047206251,0.015980625180063383,-1.796406234600205,-0.12377049532146323,-0.029212552318181415,-0.25056871492845606,0.015425001133243365,1.0,-0.2373003571401187,0.1877170761625373,0.2986031873927135,0.26446348781684786,-0.06279555699779554,0.028751313232321742,0.1735571676892302,0.08067134457550203,0.08984283051439403,0.12207600103558648,0.12304404588155232
1735,1.340943417191018,2.435300822774348,0.020095073465859984,-1.6969104017257768,0.13101886820577902,-0.03046471779178654,0.21043963633046592,0.25946067843018844,1.0,0.252715890857095,-0.21029967731346752,-0.11777546007187834,0.20684170854728726,0.04893420149155348,0.10591685974612933,0.20911779530479035,0.156939989175409,0.062341511940696634,0.03213394662268016,0.05612497258916172
1736,3.498493632967627,4.719311059515049,0.0009093200806683953,-3.0412832182086755,0.2175162001965913,-0.011412310054725816,-0.16776149814087452,-0.15813472921920183,1.0,-0.21773170613571077,0.10918633114231437,-0.2243707904840973,-0.15720616660947093,-0.030415965083875684,0.04385272279802027,0.17709337383037474,0.0864959061293739,0.05371603272528399,-0.011764391490155832,-0.0237122262689983
1737,0.26565820742124363,0.08878069479716087,0.013900893114376261,-1.8569572959916005,-0.28304116905748233,0.1915674342257985,0.1272753320187828,-0.12194899263031798,1.0,0.032873633750962035,0.14198091686922468,-0.13407774207579146,-0.19043817672045707,0.015558094835915096,0.06391292922256599,0.14528368877706982,0.08225205441003024,0.047441821784788785,-0.003306370240741919,-0.016451981445615962
1738,3.538494777801045,1.4600594017999566,0.0005221838087006626,-3.282176598428381,-0.05817006473948439,0.0697541059627735,-0.05547908573559463,0.11525912332127354,1.0,-0.251745078070683,-0.0873140976518182,0.10207774329394019,0.06339424825151992,0.0029860151661344,0.10839171897736356,0.2569395852802034,0.09598470776763184,0.03831121458494022,0.051905620689468766,0.05420979277296371
1739,1.4679951777647524,0.4597347421755098,0.0005581964851627773,-3.2532129024930643,-0.010963620914331595,-0.2155043699601304,0.0874305102447532,-0.06810852352575163,1.0,0.001326220729628935,0.04322927093848767,-0.16290129902055542,-0.0014535911436534543,-0.00952985029609211,0.08894420218800896,0.22418626714457252,0.11567622760117506,0.05073738507487821,-0.0012773124331879684,0.007573088597064967
1740,2.1001729039221244,0.7356766784587343,0.021481561509651397,-1.6679341526569949,-0.2756540491479365,-0.19492906357971998,-0.07934731393726795,0.061426435818480105,1.0,-0.22748643012475434,0.2740163175223584,-0.19987389119981264,0.11240239329729781,-0.04075568930316276,0.04178140930135109,0.14533376342289864,0.06439919603519338,0.05713402126143031,0.010794239257601783,0.02413198043476692
1741,3.3223823186648,3.8736403722195263,0.08119958225295304,-1.0904462050655244,0.16267917778508492,0.2952132190733635,-0.2268017382059409,-0.2709733457530118,1.0,0.2791026078111119,-0.18403148146018114,0.27206615851556026,0.21456562989417852,-0.0135284294822581,0.02722384770180863,0.16292224693879948,0.12549817032876312,0.07384047713916647,0.09856903554969856,0.09705022140512753
1742,0.12104782209944137,0.8242101753708426,0.007607677902621723,-2.1187478830416255,0.13723126070053723,-0.2191907883958832,-0.28809468789081655,0.011392919717630479,1.0,0.16803330501417582,0.1500212385615515,-0.26954459661807123,0.0071938078939555615,-0.05213349615259227,0.028841461258504526,0.1446987044711305,0.10048505589606972,0.05496555144786388,-0.002389911254182341,0.004727523253245135
1743,2.7571354161072135,2.527810273017197,0.00884111207144915,-2.0534931042043683,0.1961452543269499,-0.05975068579691434,0.018846223367900004,0.24860074769982618,1.0,0.012815813935292252,0.03604907255026408,0.130351405587783,-0.23202829424773952,0.039273652500426616,0.1633957193889112,0.2703652852950553,0.16236506371787768,0.11612970919015668,0.07656700583207234,0.017882876191288595
1744,4.0685797633223055,1.5941284109621368,0.005113800057620283,-2.291256256280299,0.06688355333826186,0.029328140592337657,0.030713558317279375,-0.08631069372840311,1.0,0.15575965302755426,0.16157691260955895,0.02599597797400761,0.14061343451461114,0.015487933556074092,0.08054780974691114,0.3027849579833422,0.2428974034086291,0.18099199419859519,0.12732224124108663,0.11872194270790094
1745,2.4758479652170116,4.519757349867968,0.0008462978968596946,-3.0724767383916194,-0.03159842827220277,0.2777949327439694,-0.20728449479626246,0.08128182172670385,1.0,-0.1521812614554933,-0.07677642588820222,-0.1355206044585787,-0.08807344194125623,0.009314062130525776,0.15182845797662634,0.1915432897336041,0.08433175929838149,0.029541618597652402,0.0020574503736902564,0.0038749846147037507
1746,4.845546768113153,2.2019685298150025,0.011425021607605878,-1.9421429698966133,-0.25554259420309655,-0.11197503202853477,-0.07528686419336364,0.15593058761886183,1.0,-0.14418760932486954,0.2293364026523963,0.11065706907180939,0.2929911218496549,-0.0363289943040227,0.09619154022083401,0.2197119122403108,0.12473218655226771,0.1197110980006067,0.1196710746237969,0.13020996616772826
1747,1.821100013451665,0.9634834314798181,0.018852636127917027,-1.7246279146484944,-0.06418885719445257,0.05781135490840576,0.28391198350215596,0.24551433988812307,1.0,0.17925876652735048,0.17560339186075025,-0.24442307308314803,0.08141429910859774,0.06612493628348043,0.1283429074162621,0.2189230597247898,0.15710312729479625,0.09775104495542801,0.028713330556889186,0.03486991889547916
1748,0.9710956502362887,4.768125856605666,0.0017376116392970326,-2.7600472829835443,-0.004320586776120583,-0.11132126195013949,-0.13114790951375482,-0.18408201121291193,1.0,-0.04767815216772522,-0.05730772216457137,-0.24136321055911863,0.25612438157009726,-0.04964355482120142,0.004998769514902088,0.15102067997205282,0.0802334552624282,0.025408674242369995,-0.0020479915363585777,0.045429298968768565
1749,2.247231137881604,4.851891884677425,0.007931791990780755,-2.10062868357927,0.023479364060349138,0.14318253426065455,0.23076632296021815,-0.11822178320604629,1.0,0.19574712664982463,0.14482146645438834,-0.04167638116830073,-0.13463486376660583,0.06675972510275352,0.09348200192546752,0.24861028928046752,0.210781276283509,0.16296008813480037,0.09746847156021966,0.05598338189445846
1750,2.6605354764992346,0.842271843821663,0.0005491933160472486,-3.260274756980551,0.07936343392335059,0.049811127413458035,-0.09783290195523632,-0.09557039171056261,1.0,-0.21790238625395233,0.13240609789748023,0.021105387981893185,-0.1212721774460052,-0.01789134009198198,0.07399208154077701,0.1984898467060805,0.08130778521193523,0.06870519060001265,0.031192122637223364,0.0025259032965832384
1751,4.614063863855956,2.9329340265523447,0.0034031979256698357,-2.4681127921540926,0.0990545583386738,0.12293640994242616,0.21972312621045256,0.05239580708192921,1.0,-0.0037829339479865773,-0.0417802253544823,-0.21617068910158516,0.06779754052193598,0.10811290252894101,0.17163217792125915,0.3487335906793985,0.22728385575724666,0.11102919933860418,0.02966326711603506,0.049369277352561816
1752,0.3489472805433525,0.4815854978135034,0.06993661768942668,-1.1552953750913695,-0.22393890197595162,0.17415022167030297,0.2185135269486258,0.21796973712034978,1.0,-0.2645601230183171,0.2719790025990455,-0.14908276573027296,-0.11216308140699727,0.04062449722838841,0.08078951636604428,0.14432107915798545,0.06169980340631485,0.055880965802126745,0.013010829055168871,-0.0013274633049900446
1753,2.8861578130346137,4.7230894016019915,0.009606381446269087,-2.017440172566848,0.17709701159432994,-0.06472659202460225,0.2810442415268026,0.202427686439044,1.0,0.06145612424500548,-0.1775282075634565,0.25718567944050624,-0.2994567161442955,0.07230396127226466,0.13760710659698436,0.24405202744688256,0.16338914464297086,0.09883615976695491,0.09354577082513338,0.03219863918751864
1754,2.2786448658353597,0.40459903442117884,0.0007292566983578219,-3.137119573112668,0.060015891401176955,-0.1158535567962393,-0.021991298933966928,-0.012104501935091716,1.0,0.21161250679226004,-0.1218409256550627,0.19254197127922457,-0.10913413105121761,-0.012502484633520475,0.08904167050622044,0.23546851116048587,0.14638082426782953,0.07399228338220991,0.06279692826311495,0.022171530798421483
1755,4.527493552811968,3.1858969897589393,0.0018186401613367906,-2.7402532225446943,0.26178347017559755,-0.11974034825859953,-0.270408807000371,0.09167994021143652,1.0,-0.1698336331234876,-0.1299179500278558,-0.15566448056707727,0.07743370557310796,-0.04736556498426424,0.08158645905961166,0.21739213745863625,0.09053554090135617,0.015165650909512093,-0.0069435831823045245,0.01904438286855226
1756,0.4496657069413086,3.8083194377628478,0.00971441947565543,-2.0125831473084075,-0.2256281037022617,-0.1364430424936594,0.1317361312823539,0.20921501545338894,1.0,-0.17958394663716087,0.24768855554728392,0.21412515930919113,0.13905021875125403,0.007520762225794981,0.07791533782732898,0.15153080131264757,0.07947520194254105,0.08959722805922786,0.08984812045174063,0.07807010754155501
1757,3.885958130930413,4.123975769542014,0.005302866609046384,-2.275489297204216,0.16335897393138613,-0.2799532804518093,0.11982350572416316,-0.008938598350975735,1.0,-0.023876639838500125,-0.29085889842349694,-0.21025431524343924,0.1130967733844998,0.0040241961840398206,0.09449702185956754,0.23219235851063302,0.11327203175572757,0.0024144449540296547,-0.019296879946300822,0.020031722618967504
1758,4.506085615309682,4.712131496972812,0.008832108902333621,-2.0539355846113696,0.002641930155402683,-0.14819387335502585,-0.28422114414874416,-0.05260057884373268,1.0,0.024549297468077855,-0.03869932978537364,0.07684318459319107,0.14157900827439748,-0.12475473487980202,-0.0062061933518103175,0.25016839462756396,0.17843038207401035,0.10531986515462674,0.10063714041971979,0.11307770905797604
1759,3.9746455020299765,4.763812369997797,0.02166162489196197,-1.6643089689874921,-0.25731473442450387,-0.11504522502877812,0.1370668833107402,-0.08176711166737928,1.0,-0.053673202695330824,0.2599976415953,0.03928475831557143,0.0009164378666206341,-0.018027143396440716,0.07611622195379535,0.24278910891426958,0.17079452236674425,0.16511132744060644,0.11878204531449403,0.08985160021444534
1760,4.480748452428886,3.2739684480739406,0.01255041774704696,-1.9013418182293274,-0.1255634031383545,0.22552887376104558,0.06984677459038857,0.045866058335815564,1.0,0.2339790134152938,-0.2587524379643041,-0.26875260623305025,-0.23373802763140997,0.0424804844088399,0.11980998246327527,0.2591536161731373,0.17814979789467114,0.04327268983476488,-0.03218940873346226,-0.045024045271042354
1761,1.392650398827531,2.0744892278493743,0.004843704984154423,-2.314822316324929,-0.0153105672716912,-0.2335607916930014,-0.06637560247983997,0.14441842377208788,1.0,0.1795952030967483,-0.2260999356954789,-0.2639755510088793,-0.11467336336862444,-0.02551257120294944,0.06425060460120334,0.18480293963970373,0.11502616395863477,0.01740525464206995,-0.03125939583216913,-0.026594281960199345
1762,2.175104678704479,4.858020862697599,0.015215355805243446,-1.8177178873776445,-0.17552120846466698,-0.21305781029621643,0.0660555249901453,-0.09620326687357934,1.0,0.21210874975402152,0.036687051806872525,0.278576210620489,0.19743227070776012,-0.03347714108636545,0.02497436963710948,0.17985027127233108,0.15029458891342723,0.11814401146635657,0.1330095816595663,0.12623551199929983
1763,2.930101463985999,0.5753216179465791,0.003808340535868626,-2.4192642246162754,0.022333008124249498,0.2655522702656083,-0.2706537134122003,0.012329894993121182,1.0,0.053400132305254,-0.034999542049936605,0.150241233288126,-0.2796433309986586,-0.014246495170666403,0.12916885107873782,0.1941542278704712,0.10119996637105647,0.0656907732610007,0.0200900142510207,-0.01610202575619411
1764,4.796418701829964,3.6155045075342485,0.05774632670700086,-1.2384756363988962,-0.05932460365546943,-0.2261847357760846,-0.2095510211258605,0.18963367607909928,1.0,0.2645511539058035,-0.023454842915432195,-0.1843537029136981,0.17450024710174664,-0.0701062794757116,0.08468914208191644,0.25937124233609926,0.2051902156118265,0.1023941453687904,0.04900605629651692,0.07276398150903196
1765,0.8493311593739528,4.2923563517093335,0.041882742725439355,-1.3779648859349072,0.2717839777587174,-0.10881625315028408,-0.177326468780536,0.01084574968491585,1.0,0.24713943005803926,0.10117951832389557,0.12042243618030368,0.23808431336787816,-0.02127755820853708,0.047096268528011874,0.17809681736555544,0.14718635713992098,0.1128739972887882,0.10476399561138812,0.10688983977705734
1766,0.6212157181392757,0.325838634327899,0.012181287813310284,-1.914306795393695,-0.2671060140620739,-0.054360158626980355,0.13285922624881444,-0.13582154943677674,1.0,0.132536245502696,0.05033305258568514,0.06649785556447385,-0.26863879594788653,-0.0012624701561573136,0.03981337115300566,0.16151418398977377,0.10363611635458703,0.0633106431253812,0.026087004893652378,-0.01722997138418598
1767,3.9909151393036795,1.7837280244228058,0.005068784212042639,-2.295096197139972,-0.12467655661435137,0.24645549483608198,-0.2680181820643912,-0.2505797358635788,1.0,-0.2456129827841049,0.22370474960388187,0.12934512558194228,0.2125241512632336,-0.047427740045091774,0.011044224486807374,0.12939432011442858,0.05857054267014115,0.07162200721747546,0.07635935787527445,0.07861569337105771
1768,3.812996414215612,3.969301334805941,0.00911120714491501,-2.0404240794875377,-0.0728785668193956,-0.29712647867058534,0.03347190946397438,0.11973209565126845,1.0,0.14801852792371187,-0.07633474461471726,0.05632135466564498,0.12442648666648443,-0.040488840980544144,0.08141162015298015,0.275208208841626,0.20546274660216166,0.11549112355700247,0.09686661017172754,0.1007898485654815
1769,2.0381954754680494,4.746307258794195,0.035454479976951885,-1.4503288801892187,0.13229827869290894,0.29369416180821045,-0.08129352078347897,0.2626320486190131,1.0,-0.04364670738955782,-0.011975362820732471,0.12589449378030293,-0.08723849926789656,0.0552551884842573,0.14911194603234496,0.265417520228125,0.16878139571194795,0.11987830410234863,0.10472245493202746,0.0693407640230239
1770,2.047895528095368,0.7081969843773182,0.021364520311149524,-1.670306853773979,0.1812676104307624,0.19501026648372224,-0.03426018221273612,0.2636947471756496,1.0,0.19295356367812067,0.1963789238781465,0.11713667925194549,-0.12246673869621977,0.03780499652430715,0.10262893708205015,0.21822814673994795,0.17149258754265825,0.12957669800400382,0.08845116520981544,0.038714137634617916
1771,1.5269417323382461,1.2265940923546677,0.02747767214059349,-1.5610200627084752,-0.13438600998845843,0.24735742443852005,0.07440703049617177,0.2821467433821078,1.0,-0.1633864266272588,0.26859776176805344,-0.007946931436716053,0.22813116594270935,0.04454983720474001,0.11562942051977769,0.18518230153333123,0.09780879163452408,0.08908660435563634,0.06562269038897565,0.07340744198801054
1772,0.5400233024157174,4.281354748980371,0.011082901181215788,-1.9553465390600016,-0.08241059797352768,-0.24511169668800536,0.10928987606400982,-0.06969113269336276,1.0,0.15711844924908772,0.2715919534606942,0.07883551645118377,0.1464114949692332,-0.012989262316160348,0.058016347432101587,0.16911452997948612,0.13374352482048193,0.1217852248370915,0.09772581099298495,0.08787029731430877
1773,1.8338350200210807,3.7586471353644733,0.009813454335926246,-2.0081780940506944,-0.1324204255007527,0.17277628876308038,0.11466653439486175,-0.08734881719896385,1.0,-0.22167991435814283,0.03900282217831341,0.24476327706597553,-0.04550490176462781,0.028886800128923622,0.08929068260281767,0.18352934898187556,0.0795084480510318,0.0789716153622578,0.08652840923309593,0.05564634212299264
1774,0.018647880291375075,0.2089933058803916,0.0008012820512820513,-3.0962145853464054,0.06084612759610361,0.1908829437301665,-0.07174998381628951,-0.2423655899933231,1.0,0.20476380761569704,-0.28639046042981026,-0.1361765373321145,0.15157861814855922,-0.009670884008005365,0.03748438540476099,0.13595479618944437,0.06584160867354609,-0.00526552864791483,-0.003230435317200888,0.019565358826971878
1775,2.256892318399632,2.3974216378957265,0.02085133967156439,-1.6808660369359194,-0.10603864053659809,-0.09250250191788317,0.2691161448524243,0.09532414264675572,1.0,0.22877719611522088,0.013266532822604682,-0.05560930250178781,-0.2732659832689314,0.042886007327401644,0.10639726199488317,0.2361499650603441,0.1781694995804891,0.1036910464419437,0.03807449268963235,-0.010557611981126844
1776,2.4243137487722772,1.0786242166995654,0.003529242293287237,-2.4523185249708606,0.1393113746663244,-0.09345247603732054,0.16412008257603278,-0.2602269396977688,1.0,-0.18904067707738745,0.17420107633882612,0.10758203645701189,0.23382506045585225,0.009573381427088502,0.04665456939130779,0.14668105963959932,0.06703301557726357,0.0697553553976226,0.07162542492439818,0.07664104583529381
1777,0.1748314941248454,2.6592008431485974,0.03908275713050994,-1.408014806152618,-0.2618724137596698,-0.08862711910493959,-0.10819547084818128,0.06563133042386231,1.0,-0.2102403981135138,-0.261380901189108,0.28542605916194835,0.17060992575908018,-0.029851292205108397,0.03959988568268237,0.12207609661969848,0.02837366789472795,0.0007414421581620498,0.043601329328391114,0.04780487243130855
1778,0.4429157918653864,4.012200076826734,0.015206352636127917,-1.8179749424203093,-0.2463636091982134,0.06393219786947923,0.08722015136560857,0.23040767304546927,1.0,-0.09794770374351744,-0.24966631948997028,-0.1771174032399497,0.1823449706647507,0.01913486323091192,0.09281137344542502,0.1722895556933437,0.07624579589254718,0.008707745154567454,0.0002956244169928076,0.03255312889002594
1779,1.5623981272662488,4.765595852342012,0.0006212186689714779,-3.2067555012540625,0.07173794167455134,0.12838622488546433,0.16731011762054118,-0.10564196601607283,1.0,-0.29690557966377623,-0.0685536965192979,-0.23368180187185436,-0.015109854228324171,0.04773996196388061,0.09849784309565288,0.18348892528163227,0.06433081891320587,0.0185683159717695,-0.014362838283768416,0.0021183050682126083
1780,2.439468904577593,1.3980437300385145,0.0037093056755978103,-2.430707375958183,0.0067261498050972925,0.048951769408426715,0.1993721584283779,-0.22582145434840695,1.0,-0.05105131971184481,0.1914001420335504,0.19224790590753923,0.10055105981170231,0.03425475254035875,0.05076539121126971,0.195221928734144,0.1205688854575576,0.11359011095584617,0.10632369174966459,0.08605986126258386
1781,0.23138460746449346,0.5390763777798331,0.0014044943820224719,-2.8524799936368566,0.04354162427489172,0.0021370077281370747,-0.21944271553407393,-0.27732864389193496,1.0,0.11404986266096075,-0.007973846766885216,-0.25458638304944653,-0.07087082013636258,-0.054711715533104145,0.06637456573425216,0.13278991952156777,0.06661767687634261,0.001526349948353416,-0.02662611423654385,-0.013271554707575454
1782,4.671248959442012,1.5314985814817343,0.0025929127052722557,-2.586212104232087,-0.07339959646772641,0.1751410550159942,-0.12852172557801667,-0.21085461961769947,1.0,-0.06616393370312654,0.2757311868068026,-0.07356975823318698,-0.2896319710009795,-0.028644942719371173,0.03733414354805277,0.1948203432914058,0.12931440436388475,0.11201832734338638,0.025968950907933316,-0.030483513221458047
1783,4.9687682410204745,3.045699364473367,0.027225583405358685,-1.565022805162149,-0.08660534806870425,-0.277244615943478,0.2317441798829485,0.22705836829485715,1.0,0.09311124075336372,0.1596509255600177,0.1946940008859919,0.0610629191334888,0.020637790280408942,0.13352009991215896,0.28723292557851043,0.21746291358583997,0.17754733831998826,0.1579012875198294,0.12371230887992463
1784,4.6847720889854925,0.15117878523772738,0.0013504753673292999,-2.869513332935637,0.26637758402040745,-0.12102180623438102,0.11796435563064822,-0.20235964336845327,1.0,0.15397504614356602,-0.10450920293408152,0.23372397369543418,-0.2541232035774659,0.015255515102044112,0.04034682373597218,0.2073531554459219,0.14860122807832532,0.07741683258905055,0.06387423423284927,-0.0007345880070335446
1785,1.8772916821166772,0.6482221759006597,0.0021427542494958226,-2.669027634934806,0.29715875284528925,-0.02149154025823945,-0.019868716840421786,0.29963219151270687,1.0,-0.2915247328703309,-0.11288752956021138,-0.16221818752054798,-0.09709221209552385,0.028519288035513648,0.11580186000606067,0.18841989507521126,0.05722472388717544,0.0050826730890461335,-0.021834430097160382,-0.018904674525668724
1786,4.960787631176612,3.3055718651632175,0.08516997983290119,-1.0697134555895251,-0.24746385461238177,-0.13134499387720427,-0.15060265855976693,0.021138085828158435,1.0,-0.09057400116353201,-0.10217961770225974,-0.18818709782119591,-0.25835836339259993,-0.08032097573648998,0.05329619256930595,0.21784158921455954,0.10395931629039581,0.016797338784706642,-0.0524583612615342,-0.07597063056483487
1787,0.6396189189344312,4.793794184503779,0.005410904638432728,-2.2667301199885785,-0.19437377542947523,0.18542828502494005,-0.2017017840498347,-0.23778116307945174,1.0,0.08216954424424235,-0.20492833876504915,-0.23282144057004014,-0.07317814327382635,-0.033770279581372485,-0.014886236952258148,0.12118714962085758,0.0847685339596958,0.015757422381996965,-0.023279217616094625,-0.01937542975510357
1788,3.5703755954899545,3.1965592544118375,0.009282267358110054,-2.0323459267078015,0.17327007829056165,0.05750256866711201,-0.2353613191957054,0.004499162732857953,1.0,0.24738595519850412,0.28545619678185913,-0.23754099131586157,0.012389710971209467,-0.02654149460222527,0.05105477892736807,0.22673929951215313,0.210334081184495,0.1628203720835605,0.0643385128683972,0.04966961387076132
1789,1.3105763678461222,0.9389256437395356,0.0005942091616248919,-3.2260606564494494,-0.0336422716583392,0.03497968306082011,-0.18448891789017752,0.06833570172178279,1.0,0.03864757339110778,-0.24148330118284772,-0.08908497692544305,-0.165944771056329,-0.0291807427932707,0.06519360763213011,0.2022305990326058,0.09968991876420348,0.005951465592389093,-0.021250148111726576,-0.032012438911358077
1790,4.4081157344763735,0.017685094092984684,0.03522940074906367,-1.4530947440906379,0.2674523352851985,0.26325039355606256,-0.0017905114683355204,0.216544601665725,1.0,-0.15593191912057586,-0.18330170223250788,0.16871141696792732,-0.033795803393009693,0.07118420084635778,0.1646001129290362,0.24846027927400438,0.09552022356630971,0.0333915268927083,0.047844001955561835,0.029163178948644272
1791,1.686015906071935,3.954125938525537,0.005185825410544511,-2.285182108568106,-0.16312615053169668,-0.12261964319575183,-0.12277613625489626,-0.12809785191275144,1.0,-0.10064052264327719,-0.22362523503068377,0.22004943672801683,0.10488178306327393,-0.056301641264481124,0.006960100116918005,0.14543691804805953,0.05897540920005817,0.013186993366133343,0.04802114033195855,0.051526185158024214
1792,2.803417707492442,1.2180937065750077,0.0015575482569864592,-2.8075584888625227,0.12802801654531665,0.1380216015294613,-0.19977834854399124,0.032251126376165846,1.0,0.11431135579681674,-0.2872247151479533,-0.20081621366053995,0.02222492815928574,-0.011980662239245172,0.08679659422399423,0.21467213300773666,0.11058656183184024,-0.0020244727418717236,-0.026335422477319688,-0.002378492685674848
1793,2.2140228113743805,0.34558084531476896,0.013990924805531548,-1.8541535775264224,0.005576176850530778,0.21437789950065725,0.2135750088885366,0.003909976834615891,1.0,0.19223161230994737,-0.21794828011909015,0.28106561691844617,0.08890591391599371,0.06226968885759793,0.11358187044907621,0.21380957479854176,0.12278027839741189,0.05831825620002885,0.08066461396573471,0.06280811527084768
1794,2.634399966773854,4.3802988918977,0.0007652693748199367,-3.1161856662770253,-0.13815851359634637,0.2915611562054445,-0.2922032221525785,-0.09996373460469007,1.0,-0.13941730394844612,-0.04944855423828027,-0.0643024005106979,-0.14236077752136986,-0.03790282862941092,0.022473617148862358,0.1691078670412835,0.08622358433909631,0.038859728559182696,0.008012275766429941,-0.010272902838274527
1795,4.643066991529341,0.47597784961083933,0.009570368769806973,-2.019071327468021,-0.13648956214377275,-0.22252588200711806,-0.024326666016177566,0.05176886442581428,1.0,0.19470284829547502,-0.036368815448794,-0.2171011415010526,-0.1931815690444283,-0.03953528410969283,0.09100908523164097,0.26420910060541636,0.18016885733858606,0.06466976734585728,-0.02803308864829535,-0.04725463122056441
1796,3.501725300379164,3.9098725332008537,0.005356885623739556,-2.2710876262627684,0.12284798845233136,-0.1961786443087011,-0.1810184200101323,-0.23397038069996534,1.0,-0.005529315878702278,0.2433730364928723,-0.12237471416978024,0.0532348071274116,-0.07483733947849644,-0.020218612897099274,0.1701600454799747,0.12934394653742026,0.11272046553154122,0.053524823702081246,0.04919706756920639
1797,1.0653129859219956,2.7647393489876353,0.039947061365600695,-1.398515163274763,0.23915722201094858,0.290513397023792,-0.28087891369434764,-0.26816322349594846,1.0,-0.16827609082913272,-0.10616614982385386,-0.04308045536950685,-0.19139297448215079,-0.02211502697617303,0.0259229385402224,0.11418106391471144,0.03792205813338762,0.009221871082136204,-0.007639176254422207,-0.018652714316327236
1798,4.565785449192816,0.947842212732821,0.0013324690290982427,-2.8753428765963607,0.04740566820721224,-0.27286464191180093,0.03452398922893258,0.22807189756955015,1.0,-0.2986942700026066,-0.03789800171449692,-0.04800810900707529,0.20271697912426737,-0.010202440228497355,0.11477547120615665,0.24477341889709434,0.08724579196333074,0.02946159979636257,0.023601995473608507,0.060688669416603676
1799,4.630353466069626,4.164212905831887,0.008381950446557188,-2.0766549110099755,-0.19440070397913461,-0.03006239213213606,-0.12440192031462063,-0.1497850905312961,1.0,-0.05554251085621609,-0.21212458082946706,-0.24379136369904733,0.25662154205489157,-0.06444988094408322,0.08154012749633832,0.1806964031022902,0.06229436998509564,-0.027136917587283624,-0.009504782679574546,0.04027280709506482
1800,3.5322467462379405,4.704704109484087,0.09076995102276002,-1.0420578988891862,0.2846589844144993,0.17766025347339295,-0.1001964557774557,0.23989188313781457,1.0,0.261940395115728,0.2109712363587717,0.21482652441157238,0.14417268825702576,0.04663507371827266,0.14295775882759595,0.2587893324379091,0.22333024970123386,0.19537753259568807,0.1787763447095221,0.15194071630053138
1801,2.5033734504620018,2.5911449805776074,0.010848818784212042,-1.9646175450804308,-0.28972895952613736,0.13774100044815046,-0.29353710502228114,0.10588212873322882,1.0,0.13827998818789206,-0.17387958010501872,-0.08397558730506449,0.024780124945888236,-0.05252750687455706,0.04636502973361238,0.1908159535578313,0.12584295974864285,0.03799980861759694,0.011881681464273743,0.017870341992142224
1802,4.0011044197897885,3.088335452470854,0.01248739556323826,-1.9035281309180332,0.25143307264666437,0.2688502837165073,0.06054019543194915,-0.015503262929567895,1.0,0.021345749044257168,-0.18027907481454375,-0.21677697814215754,-0.22715277337054818,0.0769176558054087,0.11485363901042762,0.2597106471387588,0.1649122168292605,0.05488059294651319,-0.016244814498621536,-0.03924545556204046
1803,0.6603265916169793,3.2561485919038247,0.022336862575626622,-1.6509778277191087,-0.277881746718456,0.018008099555362287,-0.2031687978753924,-0.2942734057565193,1.0,0.20177244577274261,-0.0024001662494498753,-0.278562986722005,0.056511514240224776,-0.0608752634768379,-0.01893879856054067,0.12328859917983102,0.09323572825668594,0.03585613114660443,-0.01106522057423128,0.006282552295740139
1804,3.768437789430484,0.06622260208152131,0.02328219533275713,-1.6329760714469428,0.21597176118535422,0.22232195593220808,0.25393039356272235,-0.021381459357591646,1.0,0.25203034241505345,-0.08943627404171013,0.02877075514829599,0.1180394972718598,0.09745429033526876,0.11977574664166486,0.26057079483709966,0.19241324263306503,0.0923995751624847,0.06335327572721312,0.06407043023154889
1805,1.4103365695607197,1.3504481016827998,0.0005311869778161913,-3.274752580349174,-0.10887869761413371,0.1466211537495821,0.02280292947723714,-0.2562058048003338,1.0,-0.028835560198398058,0.08724429710819172,-0.15992387271811637,0.07366853464007128,-0.006908625380989529,0.047378670515529624,0.17442455497299691,0.09403252420685677,0.050176174065392855,0.011804236648577233,0.026077391073864382
1806,4.797684547602635,4.481842378424796,0.02505581964851628,-1.601091385657275,0.24487657294318574,-0.25980222282058063,0.25714028819197315,-0.13091894972758655,1.0,0.17738050867364277,-0.11931807560533912,0.12684674369183443,0.2533453815457247,0.033679017702201726,0.06854625501640599,0.23466479251847655,0.18949872735233125,0.11295609556064236,0.11507867850848989,0.13506509492598398
1807,3.949444206275574,4.7075291373366195,0.002863007778738116,-2.543177472006885,-0.09651450835440047,-0.03388741531178817,0.23569181064731115,0.2221837098981925,1.0,-0.17113576875276254,0.027657288227499133,-0.03913178541652085,-0.0391458737868022,0.059232584392842416,0.15904550870648151,0.329481248583011,0.2072278802348811,0.13269968776796678,0.0857515503157788,0.06329683368023524
1808,1.3164503140209334,4.161572105739743,0.0044835782195332755,-2.3483752492316006,-0.023367706246190965,0.14681992370609143,0.097811831978562,0.0030939006699758132,1.0,-0.15448773168975574,0.09655153923997817,0.25253236277792906,-0.1952655547390915,0.038442908433613976,0.11081977221741132,0.20245664116598663,0.10686431832689781,0.1072411371931717,0.09391938322259862,0.040557392584123844
1809,4.183045432119304,3.3914523792889266,0.00243085566119274,-2.614240827832331,0.20047369939308476,-0.0160890976980508,0.21589677852006986,0.00768064182373418,1.0,-0.17082251512749005,-0.09543789939842069,0.10193113382115893,0.07273874091551924,0.08326105174625083,0.16426115882081566,0.2952537755658473,0.1391276273560527,0.08139829943568586,0.08965978572501661,0.08752764177663143
1810,4.721009544857269,4.607915811392804,0.008219893402477672,-2.085133814457019,-0.17831500583987578,-0.29449515484605915,0.015552823840835915,-0.0022142250973251286,1.0,0.040137559129140875,-0.23839549387029838,0.014066290795525216,0.1384656531541193,-0.07900386024113872,0.034703460661066984,0.2592863342811311,0.1677115062978138,0.04644047470298843,0.041535214330199674,0.07166759209698177
1811,4.744076938055645,3.1607435546518685,0.01451310861423221,-1.838239554522246,0.1800826346170721,-0.23338285893630417,-0.26660396352217586,0.012195243109529996,1.0,0.14093048283524565,0.12208302527890233,-0.19148327628501297,-0.246641054606654,-0.07611873926102951,0.04681934673331234,0.21930951051456984,0.1692405454262742,0.1032636253325476,0.00911019793183342,-0.029866990944785947
1812,0.42005106384004576,1.0836571912222532,0.007202535292422933,-2.1425146049993744,-0.027207610207263967,-0.2796954499288092,0.2887474342888151,-0.12036503147094055,1.0,-0.09315089301556019,0.10844697543713096,-0.2463903890516755,-0.0018778403388721942,0.01587122578808391,0.06569533759226763,0.14458735501523526,0.06630938539334386,0.03181860078404695,-0.010871546474181168,0.001877205024634298
1813,2.49879722839416,3.646703980561324,0.059087798905214636,-1.228502187734395,0.2182313770105268,0.29339766177288956,-0.015654552234490603,0.27289301341145394,1.0,-0.22258979422275563,-0.2124525725202861,0.2027090130866019,0.09090295290186454,0.061882863716550815,0.1333546175294624,0.21419042174887176,0.09619370927730245,0.04436724782222036,0.0701954656449721,0.0694233866483716
1814,4.0378769428549415,0.3203332607527789,0.0034752232785940653,-2.459017287319563,-0.12529030767614605,-0.03524889068535494,0.14881276527250756,0.24747504148560237,1.0,-0.03773716437615527,-0.009983725913538898,0.11555799920070295,0.08614568389782518,0.04735041430983055,0.16917856192540204,0.3158866776738706,0.1763705887192852,0.09934451281536426,0.08920629067162998,0.07891624594509368
1815,2.9625701887472156,1.2589985672737516,0.010146571593200806,-1.9936806759452115,0.1674845617479651,0.14275727875598554,0.2378844292219503,-0.22660222957313425,1.0,-0.2221485209575833,-0.2886907862702219,0.2934773379198223,-0.27741673304333037,0.04841977471144205,0.04979777475859725,0.14360207338704192,0.04517840212067318,0.0027586207785086497,0.025855344102167395,-0.012152745634032958
1816,4.922968483430161,3.285516889613928,0.0013864880437914147,-2.858083871154855,0.12606428170175712,0.17137764000877787,-0.023996624855172666,-0.10193208457536279,1.0,-0.16268507235921062,-0.2745045817197383,-0.27329044984634365,0.1650851792868466,0.025493232926725166,0.09181845203803624,0.23003514863888574,0.09001464343624514,-0.021669194908914467,-0.04311994246220504,0.016399748378440694
1817,0.352912551175249,3.2103809719334615,0.001539541918755402,-2.812608481599164,-0.16732072832699793,0.2832745576594248,-0.14217883745543217,-0.20667423338457855,1.0,0.004086231976248,-0.20340928845708986,0.1484883955219512,-0.28153399150935704,-0.019843825002537663,0.07122421399593253,0.11260002418730646,0.04029003592209531,0.021939372734532968,0.0020272171569688485,-0.013696636653860724
1818,2.8936543439217823,4.687923414949778,0.015953615672716796,-1.797140874440286,-0.2866213168743689,0.05630951651239564,0.1972480195666706,0.10145023703793903,1.0,0.06070905116409686,-0.27214194174409784,-0.22570867018309754,0.005233372225442512,0.03219913234640549,0.1044746935112545,0.23924493776006966,0.15086004070189904,0.03637128747250027,-0.009801221183908613,0.00695134323854007
1819,4.402904096305157,2.0472435455397204,0.010092552578507635,-1.9959989793963449,-0.0536796515291522,0.21926986107174745,-0.21066732227710375,-0.1768176470731918,1.0,0.2570110805755646,0.22787751285151245,0.00598778363141541,-0.011419803981048837,-0.03831472797783719,0.04138984405453299,0.23521335641653354,0.21036609617723886,0.1623275450936237,0.09668056739595177,0.06331350642026871
1820,3.414846036109674,1.2849227298404862,0.012775496974935177,-1.893622196533844,-0.1169472225335984,-0.23439195360054088,-0.14169276701096667,-0.10263022410843803,1.0,0.08909602098555491,0.24889341341746637,-0.010750607071888208,-0.2546759866393614,-0.07400485226612989,0.007273360290748627,0.1826056156263154,0.14176831627781572,0.117570408326995,0.047223065977564795,-0.013523016513142536
1821,1.9890471270258712,0.13190955648460223,0.015692523768366464,-1.804307204881325,0.15745235981396094,0.06337011305739426,-0.25926146482980705,0.21713075688768166,1.0,0.1968333171906326,0.08433751528837245,0.266798913234174,-0.12724920413414445,-0.016370530576050656,0.07737743930399806,0.19157941811209667,0.1372056761636935,0.09804832539488949,0.08315779574900674,0.03238596634214615
1822,3.6149630476307566,2.153203788171411,0.019275785076346873,-1.7149879246968796,-0.24410155367455294,-0.020933979316254202,-0.22024264011660524,-0.19016938674987208,1.0,0.10456115222784487,0.23706149824365147,0.2678845087174374,0.22579182564389416,-0.07199289724575429,-0.01374966695674956,0.15243313649703272,0.12680263602858902,0.12294884565011802,0.12750248297858108,0.11641177472083136
1823,3.6266258633998967,0.47492958573980787,0.0849899164505906,-1.070632597693249,-0.29762383529106934,-0.15130148573730792,0.04776547539580835,0.2151753100564701,1.0,0.28060791311388816,0.27789179380834755,0.07090463060246899,-0.06829238278770206,-0.0030200204821014477,0.11258206538632139,0.2326435695763946,0.18985805606014844,0.1473406939710812,0.08577722271145763,0.042186025804465344
1824,0.4451852285496957,3.6717820322169747,0.0005311869778161913,-3.274752580349174,-0.04603254775494474,-0.013513637895477104,-0.12224066021853709,0.05206077630698109,1.0,-0.12575361646117916,0.08226472151088926,-0.1409112628025731,-0.07516786186221029,-0.026485694982617512,0.06905334658544988,0.2044217118051759,0.10187396245172026,0.06566369855143556,0.014316947427067772,0.0064758614041083825
1825,4.536730883631411,4.985653950947325,0.09341688274272544,-1.0295746289152943,0.2036213903335605,0.13674496925533428,0.22993666806366547,0.28523839284519037,1.0,0.2418393313264795,-0.060091292931145124,-0.1993472793030708,0.011541146770520937,0.11635809286308255,0.19047941411027597,0.34324185244028627,0.3039558648572506,0.19031131141469473,0.0981845890708408,0.08284300984260491
1826,3.952090822201945,3.0308009238591964,0.005149812734082397,-2.288208563198294,0.24129237811912987,-0.2951282433084664,-0.11838177614093731,-0.20803805468767797,1.0,0.09136532487103723,0.08888503963151444,-0.0016131105723166449,-0.05773117793433364,-0.06826531842095933,0.01934852727886929,0.20507594631026105,0.14748082579932187,0.10221555729118537,0.056600483740076965,0.032203429699877086
1827,4.337058126817114,1.7868403586445516,0.006779386343993086,-2.168809615790617,-0.12212307742477041,-0.08309715364826413,-0.20254312127315088,-0.11741489351883554,1.0,0.12982866581013056,0.14001280256220486,-0.0018967359747912415,-0.038615500991716324,-0.09225713659760928,0.03434330521206622,0.24956491339622355,0.1879183022716471,0.13188894212825789,0.07069517357433373,0.04006153861469329
1828,2.2274329513660653,2.2403377837519765,0.0046816479400749065,-2.3296012483565187,0.09356963817291893,0.08240056200038574,0.04321762747699185,-0.17021403269480498,1.0,0.2799667985087861,-0.1549385111814,0.18916512009470635,0.073852808716799,0.015266457563476728,0.0483128775932623,0.20990460837473843,0.1623503315425313,0.08279797323729951,0.08609267357633367,0.0727873198708216
1829,2.957969581134958,2.809510974794338,0.00451959089599539,-2.3449008748462985,0.19305443746451995,0.12499466184444476,0.28742794951471234,-0.21880195780553205,1.0,-0.11039330920652586,-0.2555809069497849,0.06741962303633495,0.04489781918405289,0.06905358851207788,0.09099148027413166,0.19571978153896494,0.08047612119339306,0.019978210636813376,0.03240175877842135,0.03759848031560655
1830,0.25646155533964143,4.26188446433354,0.03144806972054163,-1.5024060063536713,0.24848041453077852,0.20546125465589746,-0.11076168165802379,0.16064984825712336,1.0,0.15757623548195507,-0.19462182859306537,0.146517323318326,-0.10658163380216877,0.028265432087327853,0.1075528640897898,0.18806791730853437,0.11475032093499135,0.06333180375590682,0.05908327549764828,0.0354907742408555
1831,0.07912428622438333,0.827483546569202,0.0006122154998559493,-3.2130956792850816,0.05901689477248777,-0.18669696720620957,0.1792203456866899,-0.17436227846656532,1.0,0.09928722914424475,-0.13340773639553974,0.24269345807981826,0.00870876455464229,0.007126286888988356,0.03906677275360718,0.15587678911387953,0.08429286185465971,0.0420271443972942,0.055471699027132684,0.03590344153322324
1832,1.6293054428047133,4.2766683864831725,0.11492545375972342,-0.9395837728510489,0.25533462440657567,0.18162005863999897,0.2946547823115477,0.1486694925853092,1.0,0.28159374543509574,0.08950344316708565,0.24497819973753268,0.2959331374205937,0.08429517668149566,0.12047835284914139,0.20976244950263265,0.17375181452007507,0.13825212209119553,0.13965819129582466,0.13687758502128938
1833,2.167979085200949,4.158782473173705,0.0189066551426102,-1.7233852972573986,-0.24782465722896652,-0.09653441159601549,-0.025904655248092188,0.28680750025637064,1.0,0.02812207235276436,0.19755748419591915,-0.11049165966016151,0.2187918223875253,-0.008115418994235088,0.11702728097860392,0.21476562862746537,0.146810996967814,0.11125162597473891,0.07704640919407663,0.09128708969689352
1834,0.4972064584262898,3.594190231289152,0.007139513108614232,-2.146331404673714,-0.14801007826722185,-0.13372342539571916,0.03864256348678079,0.0208201600985364,1.0,0.24817991266191813,-0.012380780883413734,-0.0853967098020342,0.22027943215647391,-0.014696257903000144,0.05974287898028998,0.20139700618156509,0.15197090368031985,0.08325942937770614,0.05588847550109443,0.07779688142946034
1835,1.9172082734854123,3.5572010335074307,0.08725871506770383,-1.0591911865258494,-0.23532189181438024,-0.26033278721911796,-0.2752702515398737,0.16456513155805888,1.0,-0.27039563173460124,-0.05670121841016744,-0.20340606602728906,-0.29167213386772084,-0.046731411995132324,0.07864099919988332,0.09490163063537621,0.018172266724319815,-0.015693213972556304,-0.05089993307412372,-0.04917684478118293
1836,0.4599145299665941,0.419130854495802,0.000567199654278306,-3.246264042537736,0.07061917811278007,0.08951836340303392,0.03568656836716877,0.04842181942445989,1.0,0.2066562544217899,-0.22091316772044217,-0.0053969051579002775,0.046943398391033876,0.02524752123345332,0.09299386259873572,0.22531387550409204,0.1345476854748408,0.034798818219728106,0.024219862256999607,0.028419862412980643
1837,2.7726795729005653,1.902745169581336,0.005014765197349467,-2.2997493968175893,0.017498730552349007,0.21653262063460946,-0.25318933477108757,-0.08982758810936725,1.0,-0.019206326192022814,0.11323783015061607,0.15819714311269423,-0.2656367973531155,-0.03117759330096626,0.05607587743908819,0.18728554328667243,0.11315644205362728,0.09363195637231914,0.05789578951300118,-0.0007866674229113973
1838,3.6779895014097477,2.7379200495485385,0.022733002016709882,-1.6433432095366378,0.24595831197805418,-0.08102398445020334,0.29000630730077076,0.06641756020131966,1.0,0.2902195214057054,-0.2013814929299175,-0.2885853301640331,-0.019592199515014664,0.07101811495805202,0.11837082372290665,0.2513948767241874,0.19441852636502335,0.07137499407948447,-0.0007664460675014781,0.007406494102625138
1839,1.275241446606017,3.071397746482014,0.02254393546528378,-1.6469702674529259,0.2729704694943218,0.18593023412634574,0.10523544254761492,-0.14277589539503244,1.0,0.1327946685228183,-0.2546509414000174,-0.17744340540065318,0.27016283428674176,0.04155668736162236,0.06014446255509878,0.1674642403217916,0.10501890031904451,0.025766895210814298,0.013273437548519089,0.051045373050155544
1840,3.347245309003706,1.7509424060005299,0.0036282771535580526,-2.4402995458502086,0.0612765444248307,-0.022027313250537094,0.0818694390790271,0.0788840715616508,1.0,0.16463752794690636,0.1539833195891318,-0.14291209491603016,-0.09763623227441627,0.03163531860664699,0.11851341327671686,0.2945922299923162,0.226713149578736,0.15152395085218948,0.0541135633873994,0.020627291853923257
1841,0.6105169746161172,2.8547439102280423,0.025469965427830598,-1.593971644534327,0.044758965536879435,0.2572125950267986,-0.2777953842245476,0.10529509758254627,1.0,0.18059529905182484,0.24554999831906546,0.14722007758233693,0.15849404687839466,-0.008932532185778082,0.07659162729873616,0.16562965188510248,0.12717997267879846,0.11078033896022711,0.09533379432027786,0.08055785783282834
1842,0.9912014979645598,0.19872603866483712,0.0024218524920772114,-2.61585231198891,0.08582479853917614,-0.26610897688134183,-0.04250652117833834,0.12948464977012278,1.0,0.17499976823615698,-0.29792929089648323,-0.062081124095831636,-0.283181222501952,-0.01620141678331931,0.062457594131792506,0.1674561449972069,0.09232172780508385,0.006322119884585052,-0.01921463054225566,-0.04073994306851273
1843,1.1269600984535428,0.25458709576302246,0.010911840968020742,-1.9621019721610506,-0.2683904424563441,-0.2917740206851642,-0.11506306397004826,0.2923232426553342,1.0,-0.12085758905165361,0.13121667996612577,0.236641249693561,0.02792582638788621,-0.04193269578077402,0.05207104082142767,0.15039908891733217,0.07601679432594576,0.06110164876792447,0.06418555787546977,0.042682808243098835
1844,3.193928272205277,0.9541400996780741,0.01889765197349467,-1.7235921534089176,-0.21299911734871915,0.04163597499166411,-0.26193002800759785,0.22783139783673917,1.0,0.11495184187689746,0.11998177478404097,0.13545296874743454,0.16977944929786293,-0.03767071549756523,0.09702044767868914,0.21325453695643462,0.14346326465553205,0.10513220396414538,0.09458322208430978,0.08388306167536912
1845,1.9429276684528618,0.5311995427212948,0.0037093056755978103,-2.430707375958183,-0.1875411388254399,0.10532069369297092,-0.06739046609383573,0.2619470831098265,1.0,-0.28107178335875443,0.21182094440070343,-0.09232443438491082,0.17900791550542972,0.011404674923031896,0.1111490762024865,0.16248143881517793,0.06392784714605845,0.05399425270196047,0.03305622508318385,0.04569492673298071
1846,3.7953606097821764,3.6664565784830594,0.02975547392682224,-1.5264331281696588,-0.13028149617654802,0.060484267857001804,0.1526096329407681,0.17806013878799906,1.0,0.18096559945856366,0.2143545397974472,-0.1623803575734273,-0.09362622092240372,0.047122564341958675,0.13533159496327368,0.2859926494710938,0.23711221565401971,0.17836146396841707,0.08296019583271709,0.047190243647694766
1847,4.355700987773762,2.749714467364118,0.00870606453471622,-2.060178117908316,-0.1429325767636124,-0.2612291164710698,-0.19645491794875944,-0.006453343472392403,1.0,-0.12708971035014258,0.2972282529898383,0.15181947961633016,0.06672962361958147,-0.09317106633733155,0.03517412412779976,0.18612179991843195,0.11383820635847804,0.12899440405501222,0.11075097312615026,0.08401650939713066
1848,1.1560927544168433,2.0846218362991635,0.004375540190146932,-2.358968322729025,-0.08479107628570731,0.04338931506527894,0.19396498110744645,-0.0608046486097027,1.0,0.25986110173703747,-0.19720480957150052,-0.03836197105567039,0.2885343029087425,0.03068689087142961,0.08630946353842932,0.19571933788238816,0.12317349536190617,0.042660257301223324,0.04725290094863533,0.07348916937424703
1849,0.680226346800587,1.4836119951865,0.000999351771823682,-3.0002816132046606,0.05631322506828169,-0.20966862344081919,-0.14700346703282247,-0.19347468335659365,1.0,-0.11919852061017418,-0.027808738625963114,0.2549724845116697,-0.085392381438701,-0.0519743011734684,0.005080303714123278,0.13301583412710247,0.05218711790415874,0.038478333635165105,0.05092066225541514,0.020381558396399903
1850,4.653996805045898,4.740099904858661,0.014891241717084414,-1.82706908677479,0.023291363550514997,0.17946192671397118,-0.13911381762731148,-0.1515353077682766,1.0,0.285100289538937,0.2137006032461746,-0.1163255763502079,0.1568051079404579,-0.009807396021671336,0.034712828757264995,0.2443333953654143,0.24849408951944185,0.1986319251561792,0.12450491210451123,0.12443677894173258
1851,3.8483642491479926,3.311717262566878,0.05494634111207145,-1.260061222034725,0.2746279629237667,0.06194744850687053,-0.009296054907660634,0.12833113271043117,1.0,0.2173806189269823,0.08857203493152126,-0.14571393017438583,0.21600998980707722,0.04430589347938962,0.12545964716851363,0.28881967254806523,0.23811942217910811,0.15709292493777177,0.09309347032618887,0.11220869981860197
1852,2.9409160774602396,2.5699218712722227,0.003880365888792855,-2.411127321830586,0.08658070440988361,-0.17072691387720504,0.17792288392250333,0.027561399593176116,1.0,0.16843628888277704,-0.09852041853738522,-0.15844026708390982,0.19131210232391252,0.02925762976531127,0.11325880366153943,0.24537923762897085,0.1598079264715923,0.06520418376371274,0.035205481999969306,0.06447867351897693
1853,0.8633354213695801,3.314403600998324,0.033320728896571596,-1.477285506896206,0.2946102031399946,-0.08067272868539101,-0.27662538043389795,-0.027560506064506163,1.0,0.12890142863443554,-0.19232025133455774,-0.02199183385028757,0.2838573337517348,-0.027637518443189946,0.0921739826429213,0.14864505464763236,0.06921201503069954,0.025631716676993654,0.0508046285040102,0.060481395242292076
1854,0.03669057973738883,1.8607374132045065,0.0030340679919331603,-2.517974691119979,-0.16041575294297106,0.03758765366564685,-0.005322858409052067,0.18253780299970085,1.0,0.12395431630436379,-0.27529240866538707,0.20456238023707662,-0.0782430767963266,0.006773434932857769,0.08606861597560818,0.18345533903714262,0.09783122124551541,0.03039044961213151,0.044300811882727595,0.02142351368662517
1855,0.9817094750817426,3.4556134307976514,0.0026019158743877846,-2.58470674923477,-0.03530253951182757,0.253999226243689,0.013451494902453343,0.08529151257361789,1.0,-0.22975470700592382,-0.22855146939508034,-0.1663879514525599,-0.2454682221809204,0.03176667256257197,0.08773091614714101,0.17406330887476804,0.06121252849240933,-0.0006966585439992682,-0.029812017742574526,-0.040961473073250425
1856,0.750472322624221,2.991281332902924,0.003529242293287237,-2.4523185249708606,-0.008223256178912097,0.11348025077445949,0.24560716500222204,-0.048601895473960995,1.0,0.018418952980603052,0.20831972509346836,-0.061388266404833976,-0.11018045569073057,0.05972241977450745,0.11681420446819826,0.21863962623863403,0.1433307221713825,0.11335166472249492,0.0534974073992853,0.029402084999917664
1857,1.2277243472766115,3.561662294884794,0.01905070584845866,-1.7200889286281698,-0.20722871637269544,0.23171667196068713,-0.26142482124444066,-0.08120388805399217,1.0,0.23712750679319639,-0.16515321334001937,0.26410543184222424,-0.1542257816929101,-0.03288226523916247,0.020785352274068185,0.14309382601264176,0.10602083642041833,0.05567119151827193,0.0600737715592996,0.024751290507019148
1858,3.802262148597149,0.7349874179279697,0.012667458945548833,-1.8973104945565722,-0.1035674078890761,0.13206846109269718,-0.21366936656612776,0.23550126911303962,1.0,-0.04602614776246903,0.07671101267740107,0.2660813804782121,-0.18691254125320914,-0.01247143231591436,0.11871309522222041,0.22508705615941552,0.12459045085353725,0.10057154670230113,0.08555819388924897,0.023649314608193087
1859,1.6621300198744613,2.681587205440964,0.020950374531835205,-1.6788082087045881,-0.22839812699382175,0.17030686367996975,-0.1576290275236316,0.28433012312302763,1.0,-0.10351882234738326,-0.2781213487583859,0.24024535608740843,0.27290502314193926,-0.004741009814493068,0.07891562752095954,0.15788479073658912,0.06765786183227221,0.018133011508537862,0.05626174401520588,0.0723328581217471
1860,1.955056754095649,2.335154233451094,0.0009273264188994526,-3.0327673672861457,-0.18447666604600865,0.12352151909714112,-0.21035051979510377,-0.026599432875900685,1.0,-0.0370472643113882,-0.07771417620474276,-0.18473634219934992,0.14438539710844392,-0.04170657207856492,0.03864572128222885,0.18495308903757035,0.09743525867119326,0.02787266536926264,-0.0029197021497144073,0.02917283402013157
1861,1.9936864152737126,2.3429703070553423,0.03964995678478825,-1.4017572816916037,-0.2761752744880876,-0.24320580638807415,-0.044822852047196035,0.11013345984404133,1.0,-0.1666658426475598,-0.2757976653979005,-0.051602847447572875,0.2011240650705069,-0.04735446666555688,0.030130911246156977,0.1553477110225068,0.06378955218001948,-0.012053337118150164,-0.009542956350786398,0.02847518285939468
1862,0.7295414358672502,2.4304872327899965,0.0071215067703831745,-2.1474281084936413,0.26574389861210806,-0.005044620380354225,-0.25200458508307666,0.18162380598669006,1.0,-0.18191905572037345,0.0749005438435973,0.23147001120985,0.030832922554140295,-0.011609424732931138,0.091021634276062,0.15780291507456715,0.06822939071530847,0.06799759202494063,0.07362851565762846,0.05159527469496028
1863,0.04104361692731234,0.8625165478327805,0.024479616825122442,-1.6111953844038178,0.2549316725099308,-0.07042109159834892,0.2709865918366672,0.13378997987528787,1.0,-0.09716432172605628,0.04416319346097199,0.06306117982517294,0.19235724268433432,0.058637657330036494,0.11768609291910638,0.16863986158826005,0.07524647661505239,0.054311439073851116,0.054332589222300075,0.0577551716410796
1864,0.3196448913534702,0.3145275358640159,0.0009273264188994526,-3.0327673672861457,0.007746254357856763,-0.1533217007792825,-0.10611125024171379,0.29331181882878127,1.0,0.10571753003282096,-0.20081751048388166,-0.0058000572475502945,0.09693202541262154,-0.011430762872095187,0.09744429193912263,0.1955188799962943,0.1007943456142801,0.02337241822508418,0.02020347935193794,0.029835417876596593
1865,1.8891077641600365,4.221187840038773,0.04535796600403342,-1.3433464288292238,-0.15260035225586102,-0.25133478030382955,-0.08904966434759548,0.1280306550850973,1.0,0.23103536597451313,0.27971713480307264,-0.25314696552567423,0.07017944341793902,-0.03903550608737822,0.06432238741165923,0.17939772488886352,0.15223127964784575,0.10917898956906345,0.043664592209308066,0.04649492799214791
1866,2.8360019834832744,1.3486218152596605,0.009075194468452896,-2.0421440598818115,0.16992691289022532,0.16197027853377785,-0.25156159747338064,-0.1753996459299279,1.0,0.016991521474270566,-0.2599502217732842,-0.15218776992649322,-0.2753611500815616,-0.027057985915234378,0.01591839809928588,0.15649649558786685,0.08233689795716931,-0.002693345724874565,-0.040122539175443166,-0.05737874933284394
1867,1.737958851222334,2.388398288675897,0.014612143474503025,-1.835286072165086,0.27001669277223667,0.230800520542902,-0.005483947032461833,-0.1597925259243582,1.0,0.11521151296300404,0.0875929325232218,0.03341202269789669,0.005052949511734029,0.03167875594582507,0.08692112794622406,0.2206739968782395,0.15142810231938683,0.10688786860555537,0.07371478134066133,0.05542584676443911
1868,2.813743728582652,2.3098810118465134,0.014315038893690579,-1.8442074676708664,-0.26128109684789086,-0.22130087335862922,0.2204948343320527,-0.22365310615332024,1.0,0.07862889958091514,0.08423030909874858,-0.010824868921253982,0.018384033639233466,-0.015350164719695364,0.021575156067269875,0.18444252279032655,0.13028322970453593,0.08713185969996576,0.04976508202878373,0.0393235254225989
1869,1.636581106737928,1.1089540748811335,0.006059132814750792,-2.217589527767341,0.015216025430268187,0.291201975405707,0.24039964155660373,-0.16784148006621322,1.0,0.16695384290203166,-0.21174198110987838,-0.05618352512955044,0.1542982281775274,0.06061059576117118,0.06827176984146514,0.18437993193374572,0.11609105730714489,0.03345440076087507,0.022192346588648368,0.04188899095115228
1870,4.760273760565088,4.625502882460301,0.03348278594065111,-1.4751784136323454,0.26143322927604873,0.13299130595855937,0.18751644142173013,-0.19508070334876748,1.0,-0.07953112356589262,-0.18672863757680175,0.008235985200354689,0.2876315989187882,0.0794174478441448,0.11105829451350027,0.25245184468720777,0.13918828199758396,0.06242254358146076,0.0781122377740067,0.1202759678104099
1871,1.6820498577469416,2.9021003314536915,0.08064138576779026,-1.0934420177768553,-0.16664809917403267,0.07066498082008932,0.2501877776229886,-0.23626106691983287,1.0,-0.26567872412862714,0.27603251046556426,0.25514967058027604,-0.06994721322680342,0.015593520892346493,0.0855012645744556,0.10688793450056838,0.06463519045186004,0.08814646116586496,0.06742716377774348,0.03898415483508289
1872,2.3237733355744017,1.3133439227897037,0.0007652693748199367,-3.1161856662770253,0.06601843953778334,-0.029938016777208143,0.057352570162103954,-0.031152130055643133,1.0,-0.077728690392777,-0.12471065305685447,0.19388869898624336,0.10193255348762077,0.014449127470708277,0.08456493175197721,0.2434145547445543,0.11602846852820307,0.05444561654763581,0.08022609118274843,0.07631693853519185
1873,3.141695650547529,0.45234729177121036,0.0011704119850187266,-2.9316612396844812,-0.029669200931073766,0.051266872346721046,-0.27716765794620196,0.06092327551002183,1.0,-0.1679770829504472,-0.26220145046763155,-0.009366299631826424,-0.1130073735708076,-0.05228244532282512,0.0537555594469765,0.20476876850531883,0.06948397011211731,-0.018352075251041905,-0.02169764965720218,-0.02668278797603427
1874,1.3097315429935024,0.054104772727432,0.07704912129069433,-1.113232309843404,-0.24502888262416475,0.27989142234226044,-0.08533380639837965,-0.23968427282722665,1.0,-0.2152320698479092,-0.2540735661856208,-0.26052270127377875,-0.1972040058327306,-0.01074704333784772,0.014048246901746973,0.10528217173257948,0.021383337021081347,-0.030796933983267116,-0.05393436730253727,-0.04630962310466773
1875,2.254350232350709,1.2819383135262035,0.001539541918755402,-2.812608481599164,-0.14080109594700652,0.13594603464420688,-0.26877597455226476,-0.12270657902572597,1.0,-0.050429476923164095,0.22690703145987293,-0.03644542286642716,-0.0723890635905141,-0.05554068269755678,0.03818495054527604,0.16829815203619994,0.1017086954097978,0.08410004432052741,0.03521693016842269,0.014363953160296837
1876,2.9257947668620545,1.3878242591448258,0.004177470469605301,-2.379086611436437,0.05924236473922257,-0.17400524398094616,-0.13192166531294067,-0.21279011640236722,1.0,0.28787195056462933,-0.1225581156593526,0.13703659211918168,0.041434889205772873,-0.05879902568127085,0.02200085537039601,0.19229945634993412,0.13915170014920566,0.06756227990450044,0.06236991082906381,0.0477490529493846
1877,2.2724643712262065,0.2967021530804552,0.020482209737827717,-1.6886231909981868,0.22485736481842072,-0.1849297381373968,0.21472885722944726,0.05503654789163776,1.0,-0.10037794907199538,0.21557402298688746,0.24325638523190618,-0.05348193133868868,0.03632532619655111,0.08877477362559154,0.18939840018253404,0.10393349649120975,0.1013400922698776,0.08928271072534788,0.047050246740583036
1878,1.607547832269318,0.7503608333118441,0.0005221838087006626,-3.282176598428381,0.06462577230701279,-0.0437867133293511,-0.012053369038916817,-0.08371663935915825,1.0,-0.15728889338636143,-0.24574703930945058,0.11949134430093179,-0.193801724749358,-0.007810842028474208,0.05079090651163361,0.18025228486124842,0.05712896189126893,-0.002849957100535152,0.005450103856472381,-0.021868355858772257
1879,4.87266168979915,0.36157364428686567,0.005798040910400461,-2.2367187246315057,-0.22064720117762263,-0.012576282665942073,0.0808115822002028,0.18360187053699326,1.0,0.14451650813957712,-0.11819907184278525,-0.1800540741876366,0.11599397448970829,0.009746049993999095,0.10742068176907586,0.29290131875212966,0.22097626519016988,0.08365338371171424,0.006836663865814161,0.030123648200323382
1880,4.392897209671924,4.3710568766424425,0.003529242293287237,-2.4523185249708606,0.03293704908687904,-0.033917846131641956,0.18385531253708332,0.030493432967903654,1.0,-0.02202636961574059,-0.07576273534032608,-0.18564407639835814,0.2183959755450545,0.06175220947384998,0.1664710154250543,0.3350697943537317,0.2024502303289486,0.093896005296869,0.053717058233997576,0.10407262719269111
1881,4.558465089222801,3.1130002977269977,0.0041324546240276575,-2.3837919064540567,-0.17872694341748532,0.13237290623378775,0.1977290391962078,-0.1269280140626503,1.0,-0.042471454586506925,0.0759272911414816,-0.0761157618942115,0.004471024526551037,0.05194904538473698,0.118417484157863,0.29021305464493113,0.17981217554036005,0.11752933582295748,0.06113545895455851,0.053227418420296074
1882,1.965800958438681,3.206416667763279,0.04380942091616249,-1.3584324873965183,-0.0798824585358917,0.22751025202949499,-0.05005212366641824,0.1759428399132275,1.0,0.2678417438397464,-0.153464904636635,0.2707235988200534,-0.2794208558316702,0.021044700762098485,0.09094262038667583,0.20328634894786024,0.15302395640191888,0.0875205754991701,0.07923385506238771,0.021661850517951955
1883,3.172367552296296,4.736178953281607,0.014999279746470758,-1.8239295949205492,0.2133367784737036,-0.11363748764025366,-0.05784143155975473,-0.176557823011582,1.0,0.22524109565382278,-0.011017326545732486,0.18567932359452624,0.24284472751915404,-0.022045580081909828,0.047367959977361686,0.21425081552572098,0.17150457585597575,0.12564956819793055,0.13712612237115188,0.1395230793709895
1884,1.3226160497449813,0.09974934075718331,0.025587006626332467,-1.591980518399867,-0.26240577665073866,-0.2176257594739258,0.17177492905003372,0.18956316184491778,1.0,0.13760944511841047,-0.23113328211617548,-0.00775906864158905,-0.21956939397070172,0.008997869924766241,0.0818277218032663,0.17324077440783597,0.09530787096672895,0.019274054172178718,-0.002372964626097165,-0.023603809175942767
1885,0.7893999293005258,3.6554906006427896,0.003214131374243734,-2.4929363758791245,0.07911113675661938,0.14746112612437404,0.11680747685268297,-0.015210839546879839,1.0,0.051064195113414354,0.12735123785698194,-0.03166697527998808,-0.055788171206715476,0.05377773342036961,0.13216308132737978,0.25357288583517906,0.1676172830815683,0.12434889944958949,0.0732960524648435,0.05168419215397831
1886,2.5347318249620523,3.584716710985243,0.08167675021607605,-1.0879015504424867,-0.2921135454103072,-0.2802420269510184,-0.2987779475078154,0.16984339315316205,1.0,-0.17783385139586902,-0.22983803207512607,0.12655809884067215,-0.22070495953745958,-0.08426024479366674,0.018817776461445914,0.12718973287673,0.04208397949040527,-0.0034795669778140774,0.001667166850738847,-0.023183853238329232
1887,1.5937863345246215,4.981250441873711,0.014531114952463267,-1.8377010616052663,-0.27852008384008625,-0.01650161336663267,0.1611835549791552,-0.2815620620979524,1.0,-0.24272345224476438,0.1576369251754613,-0.08971622636186306,-0.050721208831799466,-0.009717699072342994,0.010934448969909548,0.1345463403346144,0.059507334097322305,0.054372298084731874,0.020311008492543307,0.012887403438701565
1888,4.0082843278620555,3.0755401601936665,0.005275857101699798,-2.2777069759732274,0.02989830156813209,0.16841346856250644,-0.15431620752079644,-0.1441760881737039,1.0,-0.1345049354812199,0.2763855099106023,-0.026273785835237873,0.26695198693594735,-0.020221230182201774,0.055099271852211675,0.1988553178795124,0.12437346656270126,0.12070654838881606,0.0975925785192968,0.1155329481063759
1889,4.637525907122824,4.238540187339922,0.02354328723710746,-1.628132898788025,0.009280237779613176,0.28661701182140975,-0.025737128896803938,0.034165604130666424,1.0,0.28652950427407947,-0.2860244396358758,-0.06352135194632962,-0.014069714954048773,0.056799007845688906,0.20892084313061188,0.33864134769787724,0.2085039301798715,0.07806516521220254,0.05378192760779917,0.053005735818138305
1890,1.0845747647775748,4.946182331325744,0.015620498415442236,-1.8063051128644254,-0.21891128217855094,0.07882449009776478,-0.21638701391165563,-0.06955523082807079,1.0,0.10788052682890427,-0.1439467301863284,0.17998482095563845,-0.057365476026537895,-0.05244111093282192,0.018967399062520304,0.16742429430340175,0.11074782330520802,0.05778000734274441,0.06358355583774764,0.04021497699128354
1891,0.9874459369068916,3.5439150587725594,0.006671348314606741,-2.1757863840119898,-0.18632415916426698,-0.08500316113122637,0.030004126467044822,0.2784617348589899,1.0,-0.005328177423875991,0.032059465590167875,-0.011209367731974595,-0.008604176391386208,0.003544521632107694,0.13174406454378423,0.26112580092738064,0.15507024301873837,0.09950589201278881,0.06469505220659423,0.0506514916898911
1892,2.080623027636758,3.2440839809847883,0.02124747911264765,-1.6726925890212114,-0.17397857693676683,-0.10592470194206989,0.19142812219838823,-0.09455835648735629,1.0,0.24924326783299677,0.10164136921237095,0.289220623175309,0.23171887650168188,0.0066727405905796485,0.047743559952035976,0.18001352870889978,0.15035623125792744,0.12149357063561722,0.12910739460481985,0.11979806709731669
1893,3.279347752209787,0.1400095146041427,0.012937554019014693,-1.8881478238570923,-0.07226197528079194,0.04272541885922549,-0.24977995047996196,0.11287430368437656,1.0,0.18606790721299826,0.026795440928524105,0.2666643270199212,-0.05936001797781995,-0.04110329056498081,0.09239666127050901,0.23891665361012776,0.16260755225275497,0.11248674356995167,0.10106250347421152,0.049721100879616856
1894,0.5011528667375919,1.0255311699995044,0.0189696773264189,-1.7219400563832177,0.03138434762046938,0.2528640008107203,0.2960051740492232,0.04752793972691975,1.0,-0.14441743387146072,-0.09444860450669078,0.21969533811137384,0.22523596483031877,0.06901115118032906,0.10953916511388599,0.15882299769579056,0.059527793748605076,0.04144795139075105,0.06746996187283971,0.0674274679164956
1895,2.8557824120993263,2.401643589393655,0.0984946701238836,-1.006587269993906,0.21063262987453418,-0.0931184833004724,-0.22647733941604542,0.26488920916211417,1.0,0.26169699263934604,-0.11333459542345267,0.29777245758580734,0.24989670765722438,-0.019064417177506933,0.07732748875067214,0.19605352463841294,0.148736713476933,0.08841395331562926,0.10816418504415516,0.10667339107156253
1896,2.56867931161844,3.0395816813961334,0.012811509651397292,-1.8923996919070336,-0.21034554388640775,-0.12874713263295473,-0.12353074921674939,0.0905437831727363,1.0,-0.28364522948944265,-0.04799111680789697,0.0678723543906395,0.28963584190538555,-0.04840328881547974,0.047178490332013205,0.1670271032048529,0.053672169312627284,0.024231259162471465,0.04514800439949114,0.07954982246145062
1897,1.787194967591914,3.9332359122152285,0.010236603284356093,-1.9898441273035832,-0.17113392707250458,0.04675653010382812,-0.09482507463456931,0.27446725882921225,1.0,0.010018016653004457,-0.18155806589482856,0.21235519634550262,-0.16286013928862908,0.0006327362667772794,0.12092566246613812,0.21226323585929796,0.1114305345719751,0.06114329685681798,0.06266122611481093,0.02553660162702575
1898,1.6787341139093728,2.862161266307883,0.007076490924805531,-2.1501820459519103,0.13337489992135576,-0.08837372392132946,0.24749299337565087,0.23429999422814496,1.0,0.15665482543679435,-0.1546426323475529,0.09837860791906523,0.052396963169042785,0.05572629115506562,0.11906836059936848,0.23707985669304238,0.17075782877187942,0.08564816663960376,0.07315576735780391,0.06537027563146838
1899,3.4908607857539904,1.1809561969616882,0.009867473350619419,-2.0057940378429677,-0.20236390138493326,0.18224137478404884,-0.21588085054990325,0.09695692145842331,1.0,0.015176166355983955,-0.13736656800853803,0.29325759787412703,0.05116285531073567,-0.02589409414663653,0.08943084885452096,0.21311602784741268,0.1100452829979971,0.06171282367975685,0.08935400161361053,0.06570169007284257
1900,0.5749526496676546,3.410798305131157,0.006248199366176895,-2.204245121536463,0.22949656951837233,0.12000527082293275,0.005417191924156617,0.17451561421725098,1.0,-0.2719675750020497,0.005468854447923066,0.0894238596527706,0.19002422800796265,0.04241395838065556,0.12636717626277857,0.18083698594442568,0.06897561123659963,0.05706410031007466,0.06905651438051619,0.07513128337033764
1901,4.414545941846441,1.1669432981527843,0.004708657447421492,-2.3271029031240436,-0.0036279234206697095,-0.11840135333206125,-0.13997622828060918,0.15790779911162559,1.0,-0.1476567773096956,0.15225191704115637,0.18701461296165997,0.2045099121265758,-0.038906939848206194,0.08340039684338546,0.2405552421170836,0.13070324700451422,0.11174174690800975,0.11987591598047685,0.11850969185975409
1902,3.01746683646207,2.665421189292351,0.009462330740420627,-2.0240018759630756,-0.18595740500073293,-0.1189393630560885,0.03490167798690704,-0.2650544666592447,1.0,0.09094976182443777,0.2812474515398558,0.010772002406123459,-0.14135939540805995,-0.040054761302129774,-0.0015559710406173805,0.17628759040704814,0.14466992072399731,0.13212527738335603,0.07132327469471134,0.024374064929278266
1903,2.3460256301790134,3.6680731073467983,0.009435321233074043,-2.02524330934361,0.1282010181500077,0.0033722394245634833,-0.03171450607040888,0.08255265609337893,1.0,0.21900390914906484,0.13180395860102678,-0.24277567968088815,0.089369582987337,0.012458253741042835,0.09669983855870334,0.2592402722257321,0.21332424050447074,0.1397824378306744,0.0559223667556493,0.06383148995922074
1904,4.889178489164203,0.38857083721153807,0.010407663497551138,-1.9826467579068077,-0.02926847151426036,0.08990893356958352,0.08558407954562827,0.22246560825117906,1.0,0.09711402326961228,0.2727476746535927,-0.24227295563433546,0.21531496560063415,0.05503327011408476,0.16688971016698897,0.28734271334822503,0.20500059923619451,0.1383656872057387,0.05539724565866362,0.07709343741651355
1905,3.521653171852405,3.0617058527941765,0.004339527513684817,-2.3625575537524686,0.02087312292180239,0.28945184426455967,-0.16068314097971761,-0.08060673301981566,1.0,0.11249996736111494,-0.242861060794828,0.11202685155603524,-0.26739961921626865,0.0032970084407454186,0.052867073023906995,0.21237056053639825,0.14304794280734356,0.051760728850607965,0.03514371589024894,-0.01289648130301704
1906,1.5127790885774757,2.158720791767199,0.015017286084701814,-1.823408545689598,0.19846640157950154,-0.23214358196365778,-0.05144070782012787,0.04680190538799569,1.0,-0.25361284760243,-0.0692097786768502,-0.29776468970141723,-0.14332868658633677,-0.013428746507515221,0.07334544251549922,0.14836877000554133,0.04076116511912717,-0.006164663732493057,-0.0479737900001913,-0.03748590451004356
1907,4.399817859974678,4.044065995919566,0.04174769518870643,-1.3793674960955136,0.2353516562372464,0.1311171842910319,0.29941990212821096,0.09810090098112202,1.0,0.24955305722541365,-0.17550107061709055,-0.2728311930906219,0.02527999795099198,0.11918538120027689,0.21822812470222894,0.2955763662043564,0.1905462666416095,0.06990196424022144,0.02912642604367677,0.042933034756660556
1908,3.9867588832088057,0.6889023209404767,0.014098962834917891,-1.8508128342693935,0.2857255621569637,-0.2685637642275153,-0.13071934259933346,0.2762311387035073,1.0,-0.16315220160456415,0.1357955179986966,0.006720405465780876,0.05023675379787002,-0.0227342060330176,0.10144716604519342,0.2254529276659398,0.11487652566890012,0.0827666216621858,0.05392845771823366,0.04482686347535831
1909,3.7849224649841853,4.669319028701996,0.004969749351771823,-2.303665514262119,0.17614620807243236,0.05533549671431221,0.03748332391175178,-0.0746139096872764,1.0,-0.0060547357493388795,0.23685418117094795,-0.11984056166421213,0.03525405392143492,0.040893971438232694,0.10006583765069925,0.30482977159850694,0.23272891224437897,0.1984280485525734,0.1150229472365306,0.09911270766678625
1910,3.0279164699794285,0.7019871445819642,0.0257850763468741,-1.5886315783555,-0.15961522064181566,0.2878755129892137,0.22091359898181415,-0.2992962222377128,1.0,0.030280635598902105,0.18566433326851053,0.19420154796640113,-0.13425935629486604,0.044193088581066436,0.03903810963124905,0.16574453809010412,0.11472018297097691,0.10032875019506413,0.07730052711769339,0.030344882304856047
1911,2.9008262938224574,2.004262712792308,0.007175525785076347,-2.1441462705952055,-0.1740361026862729,-0.04570860724384122,-0.01669112014049798,0.27795420982759333,1.0,0.0737704220201706,-0.05402138762667791,-0.19220330808814765,-0.09788909046342502,0.007884431500084372,0.14982473231480942,0.2647594563149855,0.15516890984779524,0.05936827525365482,-0.0034111295091140163,-0.007722539289522818
1912,3.681843037579306,1.6757575360443553,0.009903486027081533,-2.004211906833093,-0.29349443826355304,0.28223705558057594,-0.09599511508845691,-0.26520482108702803,1.0,-0.20403817573015848,-0.12955088705428255,-0.05734144852021815,-0.10238420906758232,-0.019925020646775593,0.005612571223833947,0.14900900989795815,0.0542672442260767,0.0006571204862956235,-0.01641856956633323,-0.020615801749968347
1913,4.734870715580971,3.6482551032928616,0.00917422932872371,-2.0374304079848917,-0.06492336035341194,-0.050652176346789264,0.043875771841278284,-0.17235933039936233,1.0,-0.022574718532685722,0.2958622743571392,0.10114020283377169,0.23434911524666743,-0.01945478340375765,0.06008039928154952,0.24794696534539926,0.18414360408839225,0.1870102117803205,0.16755890269862356,0.16655380669160216
1914,2.2766010616324075,0.2771059389481697,0.0029260299625468167,-2.5337212310124437,0.05318881840911533,-0.15478292266196883,-0.28717904351001866,-0.07763590404885298,1.0,0.028593271049951283,-0.09176361809135664,0.2055920075909058,-0.19645573636102,-0.07221280861049315,0.03639419111571293,0.16950431537515448,0.08327735257645436,0.04435487329880252,0.037171426389604426,-0.005295913688422384
1915,4.167208808864836,2.9487529155937158,0.008796096225871507,-2.0557100282725447,0.04249099438960624,0.023755484493346458,0.047660505006696406,-0.004091383553788519,1.0,0.12750373318344466,-0.10076850446273869,0.17289864500150134,0.22536221090195152,0.02546855373737271,0.10624373130023379,0.31823433095118364,0.2308262752461279,0.13224116454658752,0.146116023167171,0.16118212505289692
1916,2.025384323052029,2.438730412495454,0.02699150100835494,-1.5687729634790573,0.2950404262730181,0.08466519127211218,0.1175152219962865,0.2414680544140675,1.0,-0.08960943415277614,0.13485222176112854,0.08074731178208436,-0.09014444690806162,0.06668658545258661,0.1279194881518468,0.23953888368634116,0.14880540416135127,0.11391464633736569,0.08519940585901715,0.04838908939718915
1917,4.5106121040718765,3.9619417753760517,0.11280970901757419,-0.9476535209971679,0.18726519044705311,-0.1403162235536759,-0.20497982476211404,0.23150718050247387,1.0,0.2802302413432442,-0.210669302138289,-0.25250925016687825,0.13045646396040075,-0.024293214971118585,0.1036509883711454,0.24670284427645087,0.1819758502651932,0.06094977917991405,0.014982780725037531,0.04194641573577522
1918,3.338391361414242,2.578591994839612,0.04299013252664938,-1.3666312160715528,-0.0463782196118254,-0.2911692730463211,0.2792389457240899,0.029552579003662302,1.0,-0.008363774407632885,0.03999584119555437,-0.2693977963197297,-0.21413536627829885,0.02065083353758886,0.08844527503298248,0.22685144915305,0.1412698387512505,0.0711316346330429,-0.01703985278293924,-0.04012272927718447
1919,0.5681477943451773,4.806565909792042,0.03865960818208009,-1.412742551891088,0.050118771406191386,0.2596418959687943,-0.03732080183119076,-0.29965034807381075,1.0,-0.2591820733256761,0.18285632493242998,0.019458828442916243,0.22901748815453632,0.0020828871574402226,0.038649224536732966,0.1249685886894806,0.056501215138781584,0.06293230292085499,0.06144770274949422,0.0732411156748452
1920,2.376733561806173,0.5551009335913,0.014062950158455776,-1.8519235624500365,-0.23482436365726936,0.2947406845972073,-0.01929040683912293,-0.0004888563685328529,1.0,0.01458331573034508,-0.05453604765118656,0.19499907599162494,0.13145454656521402,0.018278373752301288,0.08011651682671536,0.21819854074877268,0.12386451843947344,0.06931999301670135,0.08248707288825484,0.0762384538903076
1921,0.6025538759010943,4.606677824226032,0.07435717372515126,-1.1286771258783252,0.29197225053971265,-0.05767231208542972,0.14610636025238052,0.161850125822401,1.0,0.07574312286082059,0.25562714455977187,-0.21057552092024454,-0.210509064751265,0.04540195122853897,0.10260205868115475,0.19375892893634533,0.1438597526935557,0.11583578687285571,0.04389215152982653,0.015560850180909783
1922,2.845629987733798,0.46473918284952254,0.00108038029386344,-2.966423345943693,0.05003029902467937,0.14729122298356584,0.17569609651845663,-0.10968079000299359,1.0,-0.018091613714974985,0.01782611392286035,-0.13561451572564917,0.18499377268060618,0.054998722856203455,0.11036354997661245,0.23775452301077182,0.12670717011163005,0.058653978097277557,0.028798906438684036,0.05813208683103701
1923,4.373979541727488,2.910942114293726,0.0007292566983578219,-3.137119573112668,-0.08571445123669665,-0.05212899333390287,0.27942937154726494,-0.19856582626592129,1.0,-0.2402863690536677,-0.2805104032448861,-0.13190372490722116,-0.08257115235074206,0.03533939336221462,0.05606042467773742,0.19659409452981,0.06800652472298353,-0.023392064263567068,-0.04476472976146943,-0.03364913735322819
1924,3.4557111473801205,4.919727836028897,0.0018456496686833765,-2.7338507309355635,-0.04671368168109764,0.1968479427210776,-0.14661161607548506,-0.28673321969815896,1.0,-0.2452797213598078,0.08036488227488352,-0.21090642909446558,-0.27885893491467645,-0.036873122427529305,0.06436934065792892,0.12592507601693556,0.05515764795369834,0.01792737934933319,-0.0414072018934526,-0.04874399781243332
1925,1.9301769772924915,4.714431309962784,0.00492473350619418,-2.3076172656578873,-0.0367287887843627,-0.2292768532190267,0.07482987208495892,0.16848284917427286,1.0,0.11003955974986979,-0.2808013178141218,-0.057096457528614274,0.20654515135599408,0.0013134119546510143,0.10759280996951338,0.21830131079296616,0.12384128915510692,0.03548217856217834,0.04003032866826728,0.06750685087002681
1926,3.038548562595205,1.7174274340168016,0.006797392682224143,-2.1676576403621297,0.25754632348021084,-0.08086994896034232,-0.18859476829705768,0.04610143009473761,1.0,0.065370155454153,-0.07707640687205469,-0.016785826628656075,0.18796853065852592,-0.030268242124897357,0.06673809435048048,0.23810314707225783,0.15095479325171876,0.06904644749399472,0.052618274862244865,0.07520550713713413
1927,4.193645805173308,4.88855235204558,0.007508643042350907,-2.1244385413535793,0.25198583530766544,-0.05342300022474798,0.11377837610554535,-0.2043681703473268,1.0,0.09294466583310769,0.09899749940017295,0.14489313073671797,-0.13092161512570047,0.03530041733920144,0.06078739574932127,0.2553488877375104,0.20979984502629362,0.17177899523520318,0.13981570552481032,0.08150988266897173
1928,0.24431148793616497,0.5821585454510535,0.02212078651685393,-1.6551994355112372,0.17566262664564575,0.005262131618357113,0.06127405734442008,0.26181312895961995,1.0,0.2468286846545973,-0.29575629725640956,0.04449322085768519,0.21735694006527517,0.03593835583192084,0.11531310784838347,0.18206218565905258,0.09584084308250339,0.022776175672496065,0.03773930306851378,0.04953567134511564
1929,0.024001390942032835,4.247794458489345,0.005203831748775569,-2.2836767535707887,-0.024911226359024985,-0.18205570960739736,-0.02747801565041915,-0.18781374884787355,1.0,0.0677524237806316,0.211716130719554,0.22162107852368587,-0.20116451729676638,-0.033568896428046446,0.012771067001182591,0.14228197595468073,0.10148828177675992,0.10180546230243194,0.08069969712941522,0.030130429478658655
1930,2.5084297788374603,3.580797583254559,0.03104292711034284,-1.5080373348386429,-0.28461582321018236,0.08672678022920699,-0.21505884558754781,-0.17337641074004803,1.0,-0.015594003435086622,-0.24849350893141783,0.08693709581884386,0.07585045429133526,-0.06656851334661704,0.017360389951554873,0.15634993881335302,0.06628876799882305,0.006552903532209962,0.025333713427325977,0.03294887206214434
1931,4.553487553037278,3.576725088174192,0.000756266205704408,-3.121325305929436,-0.1608263512482632,0.2355536785209802,-0.0800349199594329,-0.27078854217996173,1.0,-0.1468306837438409,-0.1935460971865128,0.07754832231872041,-0.2376477507886624,-0.014227721677471123,0.006776317178432806,0.17437692960552478,0.08263945565965583,0.015265256299530742,0.006753771313586254,-0.02990005936158298
1932,3.8844582201533417,2.7950091219378637,0.0007382598674733506,-3.1317907396076015,0.02872580812130887,-0.08893231541398647,0.10242578615992237,0.1414897607803286,1.0,0.0828109189796585,-0.16170176929077748,-0.11307385830553429,-0.0201002052148448,0.03767510740575015,0.1705350676608087,0.3297226516629622,0.19595737481357506,0.06959715996727397,0.02233927866858985,0.025075223127379677
1933,2.887855782873734,4.920650847616741,0.042206856813598384,-1.3746169889812838,-0.14871842861271412,-0.052393349511514205,-0.2921178278642566,-0.1579224888561058,1.0,0.03906473708060214,-0.20974646040987546,-0.23843816771621867,0.04291814199602666,-0.09498225894089395,-0.023920896799740275,0.1569680649776831,0.09630264539257054,0.003992781670552118,-0.03766489561452837,-0.011945293801217081
1934,2.6804672018726676,3.462973244568139,0.0013684817055603573,-2.8637610040465455,-0.1537954131939485,0.14294367235040353,0.13728143301613915,-0.10345969607725795,1.0,-0.05089423757239444,-0.08053047009417441,0.0759645624845657,-0.0300162311262115,0.0376604845155196,0.06286642309231022,0.24281055374708568,0.15683691886719173,0.0811160178389197,0.06658999160923076,0.04891089335816723
1935,4.578043360661375,1.1885532612695653,0.005924085278017862,-2.2273786983773625,0.008631441176003318,-0.07831130147697359,0.07658588761334108,0.04794003851147106,1.0,0.29460119346278374,0.11789724526642721,-0.0858689375943747,-0.12091261871918174,0.019110389995862617,0.13805350229798005,0.3335946869277603,0.2696863195983912,0.16654250535738246,0.0634997663552508,0.020030913715663096
1936,2.635304281000965,1.6834304769693245,0.011073898012100259,-1.95569948055192,-0.16615453036036376,-0.0014887840112018825,-0.15198303445811262,0.13613047394891464,1.0,-0.1800277948322393,0.040540121686506204,0.1610264660234944,0.1959319445325906,-0.033306787274793075,0.07290441030560418,0.20239115517124243,0.09116301338625508,0.06581122036486724,0.081519372662271,0.08827463087082987
1937,2.7484047019670172,1.2855490910306908,0.09087798905214635,-1.0415412915936508,-0.15408119874617254,0.18031475205944195,0.11887319546946452,-0.18260498453135418,1.0,-0.27583072222560556,0.2608548004662789,0.2926833236705005,0.168916103693892,0.017453242897755985,0.056023091391323214,0.13680986927617594,0.060190687272487074,0.08695760749228222,0.09846564680940456,0.08136647091238178
1938,0.8842411047524747,0.1767224396438782,0.0048166954768078364,-2.3172508099700897,0.2525888400794752,-0.21145572789064254,-0.010325291489233378,0.26317885188755513,1.0,-0.1881120075944462,0.06843183804501425,-0.27229795367687976,-0.1123372502372614,0.007379392578054816,0.08923514847478738,0.15977186895134682,0.06299197153469735,0.02681540047259486,-0.0229745373046148,-0.020783707811249656
1939,2.685369850944216,1.9389372478371318,0.019104724863151828,-1.718859212425996,0.2636089805626571,-0.22293930775582355,0.2179608571385912,-0.0391360459062402,1.0,-0.004623580997787024,-0.2003109282712454,-0.23622594445880352,0.17277329888494997,0.031223046881959687,0.0744006030093071,0.1943746440253842,0.10378285279067918,0.016441000327134872,-0.013739732055691602,0.026077508185790355
1940,1.495933747296204,4.952835710853912,0.032690507058484586,-1.4855783430784257,-0.20929658569628576,-0.13167896890640707,0.22746977546914027,-0.0016616396613534422,1.0,0.2986364933228473,0.16534514068887263,-0.19914708968792724,-0.1014535958196382,0.011027204046306556,0.06392800986959188,0.19584717379781025,0.17539595079867595,0.12504641875405195,0.05144833075941444,0.030986754717312305
1941,3.7666578386859144,1.3928583291124834,0.009840463843272832,-2.0069844300416153,-0.0920409922281027,0.0854625851951063,0.10126929215329898,-0.1507554699313828,1.0,0.29422265713363416,-0.09530384981566516,0.2770571320522316,-0.061889252612595876,0.016011635554733034,0.07591434189146479,0.24038499971383007,0.1796603631396635,0.1092765806688619,0.10503895719094082,0.05864441300954287
1942,2.529048707024426,2.5450611671184404,0.005392898300201671,-2.2681777696020067,-0.032059859941645286,0.14195628730277615,0.10472583935364514,0.2772143080473956,1.0,-0.011247548373233962,-0.057629011086704894,-0.05064002130219296,0.020509970421477973,0.07898641117300678,0.20721871511001147,0.3104936826459249,0.17127812972701362,0.08775773227938727,0.05515702705641587,0.05255388921423958
1943,1.2044529112683602,0.06446378467700165,0.0009273264188994526,-3.0327673672861457,0.05269839443918895,0.10352770980640015,0.17712222466558236,0.1655890074047772,1.0,-0.21415810053242404,0.06367133640742344,0.09970725373610119,-0.2056843761420231,0.06529558210456955,0.16304005474427896,0.15011248755781326,0.06009773932171971,0.04974480276250729,0.015134147452238648,-0.005664014270240883
1944,2.150130139481484,3.8100191386404036,0.10713771247479113,-0.9700576305987871,0.26999124827148097,0.23275375876108384,-0.2527009443792889,0.20353778253109747,1.0,0.1319607574327507,-0.246767271654082,0.2558210039636365,0.11152381166251725,0.011811645584405452,0.08546925866160776,0.19002616277996523,0.12639754400403863,0.062420670562050654,0.08365336613215872,0.07721469053217628
1945,0.013229069456651718,3.731747470466606,0.057953399596658024,-1.2369210828623487,0.27785656842101975,-0.09811631759422001,0.08858141048683683,-0.23825352771953948,1.0,-0.15017076639411628,0.11103188591123726,0.08388594131047675,0.2601213474944798,0.008308772733443744,0.030478061300790178,0.1328028325455291,0.06420859569438125,0.060073132017856766,0.0630971506532246,0.0765778489247179
1946,3.7207971010507555,4.604248772245429,0.029179271103428408,-1.534925560959108,0.20457152484033617,0.002455394614569517,0.29206258217745207,-0.15362180804644798,1.0,0.27716906329285945,-0.04049008841456864,0.25432709941365134,0.2694100226466427,0.06825803521112102,0.10361024025820101,0.24522362873155654,0.20018803799446908,0.1487964102413246,0.16492737325643617,0.16337737096927166
1947,2.4668862608284607,0.558813523462275,0.029242293287237108,-1.5339885714221801,-0.16991511836227305,0.0525668884667676,-0.18013062449367762,0.013777574766700695,1.0,-0.1200689442388709,-0.03025810349189917,-0.2747088522410934,-0.2002503048333524,-0.03897837557763865,0.04789200002034022,0.1854390164599033,0.0830463230817759,0.016369627093675686,-0.05080684775806422,-0.05742566547358455
1948,2.484650725577639,2.502735263398237,0.0006212186689714779,-3.2067555012540625,-0.006236654717333234,0.12867553704085735,0.13320156965437946,-0.22045792876315765,1.0,0.007704610265145528,0.018338826985835308,-0.17480451435897096,-0.07909990632812981,0.03541218384031417,0.057437684952827466,0.23182537886024304,0.14631846043396723,0.0760600384113779,0.007549921891230588,-0.0004525602033921317
1949,4.586931924944126,3.517803115617978,0.013243661768942669,-1.8779919192637877,-0.022635102539076433,0.1455590316724981,0.19341014286289218,-0.058892401099680754,1.0,0.21961059324600543,0.03975100202260098,0.05848203278598509,-0.2306507119941096,0.07429665771732809,0.14332392481207587,0.32455731518991593,0.2572627742198446,0.17636138226759204,0.10505154347627006,0.03481144038452698
1950,2.7619918666344008,3.483367506063696,0.0666144482857966,-1.1764315646696348,-0.24867493196339213,0.2756781701960286,0.11142527123172763,0.25500554276832693,1.0,0.22892072411560616,-0.05925757298581727,-0.26810414795858073,-0.19278127861054772,0.05260729098194323,0.13524186231259147,0.22475924342583492,0.16065477678045648,0.07272261445456521,0.0047419355218822875,-0.008172767264570738
1951,3.9550533017814877,3.881415325136234,0.003079083837510804,-2.511578485935183,0.07820005764494972,0.08269860842124126,0.24527400355171783,-0.28435565306500127,1.0,-0.09937150374772859,0.13612476249997638,0.12299779802591804,-0.13324650206067568,0.059964207046971474,0.05800081232539898,0.2186386110783145,0.14227441220975043,0.12475273408972654,0.098841865451871,0.05065982213819163
1952,1.6459442784783853,0.5858118094596269,0.028423004897723998,-1.5463300100991006,-0.24095854940769423,0.24601029545677291,-0.11700813536041106,0.002254750084008017,1.0,0.22205861935931173,0.2346681524386159,0.06894323482035125,-0.19341233690201332,-0.0062750975933595025,0.037109339902833986,0.1703256486213936,0.14573524031485355,0.11449186197802229,0.06621853743749649,0.013725972107465501
1953,3.3548647922183545,4.231063388842527,0.05510839815615096,-1.2587822124921306,0.003520168555311653,0.29405677968359045,0.2092322287472074,0.24278247658574836,1.0,0.1638181279470341,0.25594335081813285,-0.2630347012411581,-0.08738689462482939,0.09549677017471057,0.15995733593671388,0.27048768215881763,0.22279537295520038,0.17138093413067337,0.07519577645171245,0.04906039650799342
1954,1.3485810206011448,1.037292782282966,0.006149164505906079,-2.2111838883097854,0.11278964608403416,-0.15411425693226563,-0.0530210465013889,-0.18526887337837158,1.0,-0.11735044557376241,-0.2621627164303705,-0.18257877636960143,-0.18435446758502225,-0.028363216631183817,0.03680169888853319,0.1356833055669081,0.03337779621615998,-0.02866422495280978,-0.04985969599794516,-0.04397354476373621
1955,0.22048941182127535,3.729921783880834,0.02836898588303083,-1.5471561888173182,0.17947786888357828,-0.07501823267516672,0.29172648355244524,0.05754922287387887,1.0,-0.07746231058168991,0.2831300237247876,-0.14250429169154652,0.24453244835066584,0.051877375135735336,0.09060603167476922,0.1717935876626969,0.10709216901170697,0.09655451850416098,0.05992814016434393,0.07714473493272231
1956,1.3951082903816014,0.3103363036401601,0.005744021895707289,-2.2407839132701555,-0.24661709582639985,0.22806513694575695,0.28799795901372904,-0.2581406996741124,1.0,-0.018932189176288295,-0.25667748966810555,-0.19799950212536532,0.14244839354533753,0.03264231629625862,0.05218654165946186,0.13155396314353346,0.047967733018183266,-0.01410715839716674,-0.017260366645141897,0.01229900011875629
1957,1.4598503837931553,0.7942710240716283,0.011722126188418324,-1.9309936077591447,0.2259042435095569,0.16477014340991925,0.10084290172456405,0.20082162070812737,1.0,0.09723981477564762,-0.05613345367676382,-0.06382249629131052,-0.17958861707610033,0.061153033203693245,0.12610127116546044,0.22444921750177985,0.13539901362276893,0.06263973683915308,0.018000040477660326,-0.007928569564289334
1958,2.9867071298475496,1.99387733015431,0.013486747335061942,-1.8700927786278703,0.29573516795988825,0.0748784473647603,-0.06215950600245714,0.10461755110675434,1.0,-0.2649888090405728,0.29292005673146265,0.07045953787197898,-0.12307233037041664,0.02510976122551496,0.0946904075909357,0.20243118152853418,0.10123996908025244,0.10900198933479527,0.07390757407478932,0.0322447141862524
1959,0.8860853112420117,2.1262926436249354,0.008616032843560934,-2.0646926542144746,0.287088573410151,-0.10559976343562184,-0.11739011760076562,-0.08468620345822067,1.0,-0.13906646117597735,-0.04315620965379661,0.13396295718958176,-0.2310746517602519,-0.018584007589398287,0.05749591704931105,0.14875989828843278,0.05696204563722443,0.03862589528819343,0.024446684373101945,-0.009135940070565255
1960,2.6894612478764217,4.2895247012949245,0.0033041630653990206,-2.4809385277392284,-0.09882692244810672,-0.04859516488523528,-0.13019878507934057,-0.053568583148537276,1.0,-0.13682040117812153,0.15852992472585514,-0.10798574164451487,0.2544222922407916,-0.047964468973961914,0.054965390727984634,0.19048131926395218,0.10524482709727809,0.08204653697700033,0.06042791455218392,0.09100570611740152
1961,3.7043899556608957,3.853223987984837,0.04825698645923365,-1.316439802298548,-0.29044567675650346,0.09095406469517628,0.27795298348290315,-0.06850141397119777,1.0,0.2798025578493481,0.1298173760271137,-0.18086478593223432,0.15557709603217584,0.04267087870044909,0.13976919072682312,0.23373232361704577,0.18480806314430032,0.10837217391869505,0.07255333964253191,0.07807923586887709
1962,1.179172236544959,3.863047014584014,0.003943388072601556,-2.4041304814872184,0.25570936363293245,0.09008539033362173,-0.27354658683435895,-0.07203037011437068,1.0,0.022799403377564965,-0.10831516987234685,-0.24321203797774466,0.05611965103792511,-0.025723710860743775,0.03739770024635111,0.17349861655103554,0.10279974722861467,0.032842801182410834,-0.0069404811479512295,0.013502781597702681
1963,1.4540720435417005,4.760774212491941,0.02754069432440219,-1.5600251150066393,-0.10191875535326059,0.19650658152621422,0.16005876207555306,-0.07984982189018607,1.0,-0.27532956942017633,0.14705435434079353,0.09878780997728846,-0.2792589545019839,0.03940470408085921,0.07105794908153189,0.16837497225939022,0.07973502005435508,0.07953170796461506,0.05453318577207569,0.006615750911930508
1964,0.18392691154138066,4.009991132629244,0.01937481993661769,-1.7127623249969663,0.19402084540825107,0.2212660679562181,-0.24727274765074667,-0.07084636010179444,1.0,0.0764892140255994,0.1770985727225423,0.19323741807351674,0.1109056741697066,-0.011229713822272027,0.059368111945723286,0.15498785566588255,0.10879448623591645,0.10128840500982564,0.09562304735110659,0.07855449307296622
1965,4.80913357348047,2.0397171361218374,0.001728608470181504,-2.7623033632877685,-0.07422385643175941,0.06111560336547541,0.25962773999096267,0.01772744484514468,1.0,-0.12045184577073643,-0.15230265979797084,-0.27261164485194167,0.2711542704263476,0.06946834992034574,0.12151941491515669,0.26203557974843766,0.13393054211009453,0.025524989514976604,-0.01771447348899644,0.05217440878141887
1966,0.39317153353612494,4.119894645837714,0.06006914433880726,-1.2213485543616356,-0.13693222398113658,-0.2657661857044829,-0.28334428030522124,0.12286315410503428,1.0,0.1910372029362614,-0.23799306518402608,0.22441902012823953,0.09170910140272144,-0.0578124412274042,0.0419863231705206,0.134755466403977,0.0759008490845533,0.0335487302844224,0.05332618797228465,0.04592079589868142
1967,2.7634451302471508,3.2492843086958434,0.0031240996830884473,-2.505275117200444,0.28556150581197165,-0.20199344337489147,-0.11697042625840803,-0.21846578749646373,1.0,-0.15141802338302549,0.21744974265993003,-0.018483852613835415,0.059223951530774595,-0.03976859823404594,0.004890832054723776,0.15513801583675788,0.08831155624539916,0.08512735264413031,0.05492428490844026,0.049572266227660436
1968,4.0521681844065665,3.348889069162043,0.02039217804667243,-1.6905363856424673,0.15025136910091422,-0.2633659457247411,-0.25097083318125046,-0.2796636129509163,1.0,-0.24072399871595862,0.014679872552122462,-0.05834261283498071,0.06377283276714509,-0.09912602668635927,-0.045629559319525996,0.1340674527742135,0.04843713480563684,0.020010957091684285,0.004293027289403839,0.01770952587854554
1969,4.197318622173876,4.583439335908846,0.011208945548833189,-1.9504352405595629,-0.06949185970187784,-0.056378547133420005,-0.09861095555818784,-0.2515507305859109,1.0,0.06606898466464166,0.2630160194155947,0.21879936552046655,0.17309848134996045,-0.06190363741467406,0.009292761696214936,0.19558582712039668,0.16254916040553846,0.17045801653596118,0.1679076498010862,0.14976773173925526
1970,4.769173892745837,4.082908209894363,0.0025569000288101413,-2.59228625194428,0.1052422351276836,-0.0755066188758794,0.25780897402064884,0.2012808999751776,1.0,-0.0985177489999784,-0.11748390065949209,0.07658595551052495,-0.21354482524815802,0.07566021394018052,0.1579657036414668,0.3190500490522115,0.21009574642365458,0.10940550075022054,0.0796963631854422,0.024872672670537655
1971,2.1900957584403242,4.646742924092499,0.006113151829443964,-2.2137348177108165,-0.06340627632780173,0.29579790394764005,0.011516998230048925,0.035927499420852625,1.0,-0.03813731439059803,0.09112249265699857,-0.16944837419942382,-0.22377420039247803,0.04495998522335657,0.10803632081536799,0.248687204805176,0.16481784247908485,0.11208281570632589,0.03434920456597428,-0.0037504387266432773
1972,1.294939423708721,3.820660230466575,0.0026559348890809564,-2.575782576013155,0.13036322138754328,-0.10494075783084245,-0.0009953708065521204,-0.20561554295589388,1.0,0.07192881765323111,0.033128289804194445,-0.2206977800096476,0.22340446816347406,-0.015422360206328953,0.025316758623625743,0.17925910685707358,0.12203403786650822,0.06595762478177605,0.023539451609692504,0.05958138548818681
1973,1.4791503523162675,2.544297710059737,0.005500936329588015,-2.2595633817487637,-0.007084979186803985,-0.2862656996356804,0.03260560569745023,0.18901286592321911,1.0,-0.1171890610635028,0.27672135667308256,0.038508092778760945,0.08431366663956187,-0.0050548277750261765,0.10760412435058152,0.19213741700343268,0.10992079255223705,0.10761838441088853,0.07765231556835797,0.06542723770042792
1974,2.8693095193186218,2.2306133701717012,0.0010173581100547393,-2.992526148507898,0.22548697725591924,-0.02244028472822319,-0.12663628766231702,0.0686379525906142,1.0,-0.25326847365374344,-0.0208909132173561,0.14080752509261124,-0.1708115659150172,-0.004939146649416512,0.10169035962783571,0.20318337875517106,0.07245400051497888,0.05220838234204253,0.04335910895252913,0.0056485206533325545
1975,0.7307484785141111,2.613624111374169,0.003745318352059925,-2.4265112613645754,0.038990482029915015,0.2244783786867755,0.13103691780168872,0.03602916688291564,1.0,0.13487589202628328,-0.05299268907100273,-0.28113629079293034,-0.19657616532253513,0.0510189853566029,0.09534705700276781,0.20388191815338824,0.13368351299191283,0.0558311424117926,-0.01193219261026509,-0.022257274686158634
1976,4.58305144680815,0.5749711340012592,0.001998703543647364,-2.6992516175406793,0.02256885678571061,0.2719309792980717,0.06462920064578033,-0.00025747769451885946,1.0,-0.14352740697519173,-0.23636851341589726,-0.14141166457441348,-0.14379857826203102,0.0610762240082711,0.1361814586807908,0.259142056179776,0.095242551958326,-0.011893855586242187,-0.04653026996446434,-0.0441882423113764
1977,4.164757168207764,0.27456788135987364,0.008174877556900028,-2.0875187434702327,-0.26345165763595163,0.03657847027806371,-0.07905363152790275,0.012711578699601378,1.0,-0.02610311278375874,0.2912515609354379,0.08510923759242128,0.02751173209943145,-0.03155854772505059,0.0964738499232623,0.25929743902215857,0.16998631710592846,0.15736138815733314,0.10719752899824499,0.07026665995959475
1978,2.163142210714962,4.883802115564127,0.026424301354076633,-1.5779964864076848,0.2358458844717083,0.12218982565751574,0.16671117168520103,0.08422097776070518,1.0,-0.08852405976064599,0.12649532821878057,0.12108057914561171,-0.009271254496916225,0.08661417640138205,0.1450522880921452,0.2705957918988697,0.17583931851261547,0.1518184270994445,0.1317236458599934,0.10162392128872823
1979,2.4359999661127816,3.9919059385394267,0.044700734658599826,-1.349685339159918,0.15865954281936295,-0.16969684849470248,-0.0650808036938313,0.29067658654439776,1.0,0.17704541766964152,-0.015054034366565727,-0.17631038428029422,0.03564484318882699,0.02859863698801013,0.1854594007262115,0.24813489357387591,0.16052478188786098,0.07719171564718944,0.04376943971415818,0.046881241309259775
1980,4.937189905964407,4.7538014632236205,0.13128421204263901,-0.8817874980919924,-0.17656250941864599,0.2320199526392563,0.15791444390246787,0.13209516033665794,1.0,0.2534792911273845,0.29018898377884855,0.21535362068272937,0.052596890264058914,0.06699341063833066,0.1373732626950106,0.29506440505478404,0.2761248620180865,0.2541428610298424,0.22253729406746287,0.1752240092511512
1981,1.860559436399229,1.7276397976530338,0.024074474214923654,-1.6184431890653523,0.05388396947220546,-0.08699020390699297,-0.16038924274972333,-0.22082646177397539,1.0,-0.2387102659384314,-0.2988582415197837,-0.168985845108814,-0.18401353291213338,-0.043630018828959775,0.0010262406170267698,0.12166675529704396,0.02098908775885889,-0.040885092388885144,-0.056792230867671684,-0.052782394815421185
1982,0.5890628602703578,3.380331002634635,0.0030520743301642177,-2.5154048937882356,0.1230226994469456,-0.16235120508953818,-0.002718124043218384,-0.17514855990578385,1.0,-0.15668646547884943,0.1189251521688531,0.047706411760429134,0.25824407339838834,-0.019113965244663855,0.02588764687383344,0.14894351907337997,0.07000356019829404,0.06289992722900113,0.06233330665430399,0.08122920286006015
1983,0.6287429017821642,0.2391904422490958,0.0005491933160472486,-3.260274756980551,-0.0898949941641234,-0.10438126590202586,0.1558104842055123,-0.08559107099041226,1.0,-0.13374153258165675,0.06187222087352373,-0.22678008568232363,0.10635714992033607,0.010031441185243526,0.07425114620165554,0.15763233283792477,0.061923387504521823,0.022847039738410714,-0.008083560552921214,0.016839026464127025
1984,0.29820733471465083,3.2157044926689893,0.02321917314894843,-1.6341532498533804,-0.28748062750035197,-0.0899989583457424,0.09810682334512684,-0.22455889393890033,1.0,-0.07498652567470913,0.09439315336571807,-0.08935499829722239,-0.2512904604473536,-0.02126565869997524,0.03186059959462649,0.12698917994303965,0.062488979005368143,0.040293057442382145,-0.004241264064007434,-0.02412976942942709
1985,1.2802442473128313,3.4918132927379886,0.013558772687986172,-1.8677796201266361,-0.14539074859500187,-0.13075569840339604,-0.2722176039751972,-0.13975475668528894,1.0,0.12144497545082389,-0.06725998782605999,0.02498479703388243,0.21487496103290174,-0.0825202253983648,-0.008575712468885287,0.14783208148007676,0.09895645288642729,0.047122061001927125,0.04526572375016062,0.06466546437254385
1986,1.7276970758719128,3.366082885097455,0.0005491933160472486,-3.260274756980551,-0.13171682083571593,-0.02175224151762205,0.16443739786038694,-0.12269143975609405,1.0,-0.10345734788856144,-0.006746986934901766,-0.2540590146708213,0.053035808722839285,0.015155105658297332,0.05983519610046998,0.20292580238955282,0.10431581249253007,0.04349593389110606,-0.01087475033344061,0.012921967382081739
1987,1.6246435413647744,1.6583915365763575,0.041405574762316336,-1.3829411824172804,0.18678319092425935,-0.027474492354649282,-0.04733520246296018,0.23542796354617054,1.0,0.18206943605916937,-0.27261993603109863,-0.29698574068989986,0.1525089065724077,0.018595601944352353,0.11177548640033821,0.19573789624182272,0.10720099372580033,0.006868160069219021,-0.014622399070560396,0.02004061330876758
1988,3.8242772961112492,3.579642319706518,0.023525280898876403,-1.6284651822639924,0.23966501037114574,0.028708942574093996,-0.11280947931035969,-0.1465462504872264,1.0,0.23420359374434763,-0.055829256566953624,-0.1755927081906848,0.2776057289641752,-0.00781856211287894,0.037277207315495775,0.22104380365237614,0.18694479983958237,0.09581385699015688,0.04969039865023388,0.0908164125007856
1989,2.3898501515821478,0.026774914063510433,0.005374891961970614,-2.2696302608619487,0.012736560760492276,0.19957403181882408,-0.17874904240686193,-0.019641629133933924,1.0,0.2778866782737229,-0.02484999832453323,0.16059813323082853,-0.12345818142152498,-0.010353659599779751,0.0381538851679666,0.2112130125763905,0.18047878625841926,0.10140276389835619,0.0744489694912364,0.026045459132029762
1990,4.722599522670555,2.9441592683273656,0.007067487755690003,-2.1507349352460654,-0.1734959445472337,-0.10271850337528023,-0.036585267810991313,-0.08346266260270585,1.0,0.1735375335266978,0.00030263456799173305,-0.062285638368234204,-0.20706267321710345,-0.05747504926663918,0.03335752635319922,0.27529006483586693,0.22436007164731955,0.12655414414219465,0.04245055769069674,-0.015132204466158136
1991,1.2873945161830376,4.975153650390032,0.039505906078939786,-1.4033379730886444,-0.0753143612128796,-0.013329408530237896,-0.1368721967088525,-0.0662456591319286,1.0,-0.17496598675027417,-0.2735459562066713,-0.25321085130496046,-0.16227874719537563,-0.03568412670244717,0.04856035860302059,0.1502849292294399,0.041213632825562806,-0.030406075982252822,-0.06085609060330301,-0.0518819488860915
1992,2.6409211860713833,0.02257973149188677,0.00971441947565543,-2.0125831473084075,-0.12632210738274943,-0.15986177508076754,-0.2645493996112949,-0.16397832715128222,1.0,0.10348920417478033,0.2977136571579691,0.1066146460737519,0.28483284075750687,-0.07349736598109637,0.013657966900619465,0.143431442325826,0.10864330229492765,0.10011899740509732,0.08545093181260595,0.08426394193296168
1993,4.601617388618737,2.5940374743071986,0.010416666666666666,-1.9822712330395684,-0.019198652174297105,0.11264385125800622,0.07317245981271325,-0.07534019071309354,1.0,0.15518389473619798,0.19350541092383305,0.09856918343288042,-0.2799294116237735,0.03323627969999191,0.08539020819857947,0.2822550022552209,0.236225463687716,0.19227003291741565,0.12070578864032201,0.024908289745098452
1994,1.0191612001467532,3.682742904082658,0.0020887352348026504,-2.6801166071004183,0.0960010213998344,0.19719402499401167,-0.06993535982582123,0.2005988769849173,1.0,-0.15151456761374965,0.25270408184756654,-0.17270182178066312,-0.017417249023522163,0.031909277648036125,0.12412637508182496,0.1924986501611246,0.11181789797860402,0.09195027928374847,0.03950209729949799,0.03478942436851474
1995,2.0574222224106378,4.002830205963278,0.0005942091616248919,-3.2260606564494494,0.039951955190977585,-0.2575722637709434,0.1744546129918576,-0.2756978555736201,1.0,-0.11511665866785574,-0.13258579056335873,-0.11852147556430594,-0.21636364534690755,-0.01264739391118157,0.0313852031456372,0.14491522014067795,0.05734969607678372,0.008787562424695155,-0.024793967579364466,-0.036291136119453976
1996,3.9432780505193286,1.4019466495130697,0.014423076923076924,-1.8409420802430991,0.02019173056765042,-0.037253295495852635,-0.24629225718223263,-0.15748673916678438,1.0,-0.29556737934147737,-0.13549410292591282,0.23619956912497936,0.29159879497349356,-0.06237306924464035,-0.0009053883442320856,0.1471459418964347,0.03600627590661351,0.005588604028083234,0.05967213362204436,0.09017941322172365
1997,1.375724917665958,1.4266596031875682,0.01930279458369346,-1.7143798109705857,0.08552960437481942,0.18124844786023217,-0.25647158807540127,0.25837273381129666,1.0,0.2426505283684357,-0.0016081662938965291,0.03578732055792404,0.054503002487022535,0.01748026931749853,0.15593064178826138,0.20614427567505067,0.12861624176833178,0.07450400358556254,0.057674485538489625,0.045300581489887165
1998,3.631063483414787,2.541411570711311,0.04426858254105445,-1.3539043837011564,-0.26075331883630537,-0.2827554491455168,-0.23390586832785107,-0.2860551587061848,1.0,0.07960743981051022,0.22246858469456868,-0.028733499398694982,-0.2254949899267934,-0.11055703103455149,-0.05290674398719528,0.12003708369808924,0.10010675450884823,0.08426630895878502,0.02975449811498748,-0.014590757927913395
1999,1.10832299189046,3.4396468498877715,0.07068388072601556,-1.1506796146317746,0.2935392817331586,0.16408469708349252,0.11649998409699497,-0.15426132351877964,1.0,-0.13975804468811756,-0.002943703130456987,0.24914161360013803,-0.22165413932049374,0.04553466619612576,0.06406894593693273,0.16528342242609198,0.08367759420836504,0.06800672806104566,0.06745943696653531,0.021628063759420505
