sample_id,env,il_db,cd_ps_nm,dgd_ps,pol_deg,mlse_ber,log10_ber_mlse,ctle_dc,ctle_dc2,x_0,x_1,x_2,x_3,x_4,x_5,x_6,x_7,x_8,x_9,ffe_tap_0,ffe_tap_1,ffe_tap_2,ffe_tap_3,ffe_tap_4,ffe_tap_5,ffe_tap_6,ffe_tap_7,ffe_tap_8,tx_fir_0,tx_fir_1,tx_fir_2,tx_fir_3,tx_fir_4,tx_fir_5,tx_fir_6
Base_IL10:0,Base_IL10,10.0,0.0,0.0,0.0,0.013909078895202855,-1.8567016294598613,2.4913478693873334,-2.877194736335542,-0.09923372253034748,-0.05714929902484503,-0.00891162369994462,-0.2510108550181621,0.05681613915757022,0.018215236030227025,-0.08172571231374398,-0.0954912901907981,2.4913478693873334,-2.877194736335542,-0.09923372253034748,-0.05714929902484503,-0.00891162369994462,-0.2510108550181621,0.3314461220343614,0.05681613915757022,0.018215236030227025,-0.08172571231374398,-0.0954912901907981,-0.08442151411664146,-0.13222400392767622,0.18643428334290837,0.11667706202991683,0.03970439738083936,-0.061433042091754035,-0.0871323619627189
Base_IL10:1,Base_IL10,10.0,0.0,0.0,0.0,0.006054248711510506,-2.217939741982364,-1.9467680844748607,-2.993093707483539,-0.051481748765145365,-0.028079228118030375,-0.019402415700050427,-0.2742142260082943,0.020972866125732927,0.12055797579888453,-0.019721615491884906,-0.035664885785065104,-1.9467680844748607,-2.993093707483539,-0.051481748765145365,-0.028079228118030375,-0.019402415700050427,-0.2742142260082943,0.42990503820691206,0.020972866125732927,0.12055797579888453,-0.019721615491884906,-0.035664885785065104,-0.0817642657284811,-0.09372972899252925,0.251503039404895,0.09404096932377201,0.10149571597283766,0.005047419285364196,-0.01707557778175186
Base_IL10:2,Base_IL10,10.0,0.0,0.0,0.0,0.006884333289282411,-2.1621381124594676,-1.0903929279762665,-1.006557167873296,-0.01047380483755337,-0.01084657873008117,-0.10710668626524682,-0.2486332007008264,0.0795135103143289,0.03557835080759252,0.025958299372670603,0.04622262264638297,-1.0903929279762665,-1.006557167873296,-0.01047380483755337,-0.01084657873008117,-0.10710668626524682,-0.2486332007008264,0.4356669463253172,0.0795135103143289,0.03557835080759252,0.025958299372670603,0.04622262264638297,-0.11827047889585295,-0.09029430277193114,0.23320175014461222,0.1135345097031095,0.06562658292941809,0.04709040636971964,0.04500601422970328
Base_IL10:3,Base_IL10,10.0,0.0,0.0,0.0,0.0037167966168891236,-2.429831202848148,-2.760504550294704,0.28744098759970327,-0.019840476347442383,0.018145306417228602,-0.020453640848836357,-0.2789315373162718,0.04970652761795263,0.1443315804005723,0.029293799059165338,0.0797026844211088,-2.760504550294704,0.28744098759970327,-0.019840476347442383,0.018145306417228602,-0.020453640848836357,-0.2789315373162718,0.3595944475714218,0.04970652761795263,0.1443315804005723,0.029293799059165338,0.0797026844211088,-0.07475627382970002,-0.1082540416728496,0.20324452993585224,0.1025040788658455,0.1297125424726387,0.07427119003946465,0.07906870691900357
Base_IL10:4,Base_IL10,10.0,0.0,0.0,0.0,0.0033864146953878683,-2.4702598599037566,2.29345320930047,-1.1463703590676748,0.0503517800507048,-0.0055204238725361406,-0.06693766568875141,-0.2532702291508638,0.022604837624127995,0.0658220222765645,0.08413282601310612,0.024194794935043597,2.29345320930047,-1.1463703590676748,0.0503517800507048,-0.0055204238725361406,-0.06693766568875141,-0.2532702291508638,0.42716542038830163,0.022604837624127995,0.0658220222765645,0.08413282601310612,0.024194794935043597,-0.0858738455165366,-0.10718490282346664,0.21490707233059753,0.11185002377671113,0.09817350287765407,0.09280115279139783,0.05389567017960349
Base_IL10:5,Base_IL10,10.0,0.0,0.0,0.0,0.012476047310691159,-1.9039229870141927,-1.2026211937148936,0.8978525611212005,-0.08637494262654695,0.08812039858140562,0.008633172264061156,-0.33849053178537003,-0.03231572836164146,0.03333704435561127,0.09908817764028854,-0.020355463247470562,-1.2026211937148936,0.8978525611212005,-0.08637494262654695,0.08812039858140562,0.008633172264061156,-0.33849053178537003,0.2932845411376045,-0.03231572836164146,0.03333704435561127,0.09908817764028854,-0.020355463247470562,-0.07705930036830327,-0.22401286537293108,0.16609167412335363,0.019329642451507728,0.06780237426043204,0.09769914667628443,0.01709086142435159
Base_IL10:6,Base_IL10,10.0,0.0,0.0,0.0,0.1388925597991278,-0.8573210179393249,1.5931721656018514,-0.06443845104810708,0.07619128491851748,0.013650160762581532,-0.10150509439968305,-0.36124718828043373,-0.06824511802153065,0.08444953748050779,-0.08270491957378846,0.01200669656295733,1.5931721656018514,-0.06443845104810708,0.07619128491851748,0.013650160762581532,-0.10150509439968305,-0.36124718828043373,0.19999999999999996,-0.06824511802153065,0.08444953748050779,-0.08270491957378846,0.01200669656295733,-0.14462576078739856,-0.26693015400464165,0.019085101063568442,-0.02707896418496954,0.026983735637071748,-0.05017837708872447,-0.01301265845758967
Base_IL10:7,Base_IL10,10.0,0.0,0.0,0.0,0.003853079159508392,-2.4141920685409732,2.5020556471436013,2.310301908579254,0.029240884579487793,0.08661966959767209,-0.1032833769207926,-0.21697121217866583,-0.038161439213555665,0.07489913506748624,-0.08330849609860419,-0.029163697821704318,2.5020556471436013,2.310301908579254,0.029240884579487793,0.08661966959767209,-0.1032833769207926,-0.21697121217866583,0.33835208852203125,-0.038161439213555665,0.07489913506748624,-0.08330849609860419,-0.029163697821704318,-0.109240578777095,-0.14882319672880936,0.2130061238419257,0.08372448380760347,0.08173598833814698,-0.039266880846888605,-0.036904390330250524
Base_IL10:8,Base_IL10,10.0,0.0,0.0,0.0,0.001172855821329457,-2.9307553722404354,-0.11552384585688003,0.49685541046681214,-0.04805250213804977,-0.06438803571872333,-0.1290211750327824,-0.370842212323647,0.029307174078391753,0.12585446017522278,-0.026097173821832634,0.006437266711350342,-0.11552384585688003,0.49685541046681214,-0.04805250213804977,-0.06438803571872333,-0.1290211750327824,-0.370842212323647,0.19999999999999996,0.029307174078391753,0.12585446017522278,-0.026097173821832634,0.006437266711350342,-0.16946724348191036,-0.23350594823811102,0.028337448376190004,0.0351885965081577,0.0719749507166934,0.006345444658687077,0.00581252267070884
Base_IL10:9,Base_IL10,10.0,0.0,0.0,0.0,0.0008424738998282014,-3.0744435448615746,-2.57096261066476,-1.2555355812103035,-9.519506419574109e-05,0.08393979976557642,0.03634615232776624,-0.3339381382663103,-0.07143844505571743,0.1240560733793007,0.050398867118404134,0.029320218800427435,-2.57096261066476,-1.2555355812103035,-9.519506419574109e-05,0.08393979976557642,0.03634615232776624,-0.3339381382663103,0.27046711022230163,-0.07143844505571743,0.1240560733793007,0.050398867118404134,0.029320218800427435,-0.051597490023040586,-0.2054504863446929,0.16038668088840863,0.003538441484932526,0.1277631297423529,0.07903630486369909,0.04905502206590345
Base_IL10:10,Base_IL10,10.0,0.0,0.0,0.0,0.006178141932073477,-2.2091421187590305,1.6106926694596218,1.4268262050648028,-0.06619286293169226,0.01956268304136828,0.0033338312740878034,-0.3168057352358424,0.003888280685021384,0.07087694363177563,0.03659414906116012,-0.06767015097615323,1.6106926694596218,1.4268262050648028,-0.06619286293169226,0.01956268304136828,0.0033338312740878034,-0.3168057352358424,0.41507536316289895,0.003888280685021384,0.07087694363177563,0.03659414906116012,-0.06767015097615323,-0.06894360692260258,-0.1604789041976523,0.21671723417975217,0.10313246514166843,0.10135375869789798,0.0548932499150921,-0.01717903679980828
Base_IL10:11,Base_IL10,10.0,0.0,0.0,0.0,0.013954506409409278,-1.855285520512577,0.10439825550421666,1.0944879592368288,0.070340139818854,-0.018251477102997016,-0.10231622289009416,-0.34406201223058874,0.089889517010663,0.05391461607244226,-0.03859907470614701,0.0008003356525306594,0.10439825550421666,1.0944879592368288,0.070340139818854,-0.018251477102997016,-0.10231622289009416,-0.34406201223058874,0.2818266045156832,0.089889517010663,0.05391461607244226,-0.03859907470614701,0.0008003356525306594,-0.1444970374042216,-0.21733743241236061,0.1201675198160906,0.10224133364339699,0.06341784541679796,-0.0017498952721051993,0.003390918329698227
Base_IL10:12,Base_IL10,10.0,0.0,0.0,0.0,0.006322684022730276,-2.199098521589212,0.6918111943552019,-1.0797683357283319,0.041509938769429544,0.05209384587402824,-0.08717777770071243,-0.27708487962635664,-0.02377600885866368,0.0047662557379721734,0.032293836742292005,0.07678467238195873,0.6918111943552019,-1.0797683357283319,0.041509938769429544,0.05209384587402824,-0.08717777770071243,-0.27708487962635664,0.4045127843085865,-0.02377600885866368,0.0047662557379721734,0.032293836742292005,0.07678467238195873,-0.1121673293666532,-0.14154020892913854,0.22955049203224984,0.06155897363794779,0.03623587695186095,0.053163383209456044,0.07579015800083963
Base_IL10:13,Base_IL10,10.0,0.0,0.0,0.0,0.010022961543544337,-1.9990039359555385,1.4290737144890566,1.6484488125014545,0.017393379394664454,-0.0930782000739855,-0.056863163212312745,-0.3345417936278343,0.0021306778178241228,0.09693574758060644,-0.006224099508275904,-0.09967643964808931,1.4290737144890566,1.6484488125014545,0.017393379394664454,-0.0930782000739855,-0.056863163212312745,-0.3345417936278343,0.2931564991364072,0.0021306778178241228,0.09693574758060644,-0.006224099508275904,-0.09967643964808931,-0.1413470417738881,-0.22650334225628965,0.09784707867508437,0.05148180647829874,0.08043058090888247,0.00399489493484499,-0.06486084379747886
Base_IL10:14,Base_IL10,10.0,0.0,0.0,0.0,0.0019327342407823443,-2.713827859213349,-1.5832295898807198,-0.8629052264977561,0.018445838543226147,0.057193308128528436,-0.0014611415343593614,-0.38155733003273506,0.0003290691243394095,0.07365814021056757,-0.0589572306233391,0.025299579748455293,-1.5832295898807198,-0.8629052264977561,0.018445838543226147,0.057193308128528436,-0.0014611415343593614,-0.38155733003273506,0.3830983620544496,0.0003290691243394095,0.07365814021056757,-0.0589572306233391,0.025299579748455293,-0.08202384183028444,-0.19464930297519462,0.21819344270164667,0.067320890481475,0.06384495291538111,-0.01632550772422248,0.018552959982785798
Base_IL10:15,Base_IL10,10.0,0.0,0.0,0.0,0.03162167966168891,-1.5000150651935347,-0.726131149017879,-0.6331621404734561,0.0076085675473785315,0.05943989951760016,-0.02596265568062414,-0.3915462725897119,-0.06381785983820966,0.09777984994185011,0.054824228885100613,0.05458786085331755,-0.726131149017879,-0.6331621404734561,0.0076085675473785315,0.05943989951760016,-0.02596265568062414,-0.3915462725897119,0.24443280514620735,-0.06381785983820966,0.09777984994185011,0.054824228885100613,0.05458786085331755,-0.102867997412298,-0.25569059647631304,0.08271778409675867,-0.008009945011196834,0.08397520503045817,0.07591349035859936,0.0658759125647964
Base_IL10:16,Base_IL10,10.0,0.0,0.0,0.0,0.0020566274613453154,-2.6868443695277557,-2.987196354240426,1.5196331363424425,0.08305766190877756,0.0019274925967889935,-0.04414388374430929,-0.27184838284761015,0.03277821720663032,0.03484317357258598,-0.03114361858945776,-0.0911301571700402,-2.987196354240426,1.5196331363424425,0.08305766190877756,0.0019274925967889935,-0.04414388374430929,-0.27184838284761015,0.4091274123637998,0.03277821720663032,0.03484317357258598,-0.03114361858945776,-0.0911301571700402,-0.08918527488472514,-0.10127053848612493,0.2548305049128431,0.08437136379736848,0.052129100433099526,-0.020078233184473163,-0.055475546910319626
Base_IL10:17,Base_IL10,10.0,0.0,0.0,0.0,0.08710106382978723,-1.0599765405998591,-0.9729689487422797,-1.664036400364818,0.08856817635116243,0.048428089294230196,-0.04853497818160475,-0.3080350272312806,-0.06447787988598877,-0.00682806913712021,-0.0752719356625019,0.005629765272465104,-0.9729689487422797,-1.664036400364818,0.08856817635116243,0.048428089294230196,-0.04853497818160475,-0.3080350272312806,0.354226078983646,-0.06447787988598877,-0.00682806913712021,-0.0752719356625019,0.005629765272465104,-0.1062481480098675,-0.17663749834790018,0.2143301635128404,-0.00027909675864763576,-0.019794210965996942,-0.06583740809549024,-0.013398912236480437
Base_IL10:18,Base_IL10,10.0,0.0,0.0,0.0,0.0030229945817364873,-2.519562631229081,0.07974769478720622,-1.4861711346735538,-0.00993174530679909,0.06194159585018884,-0.02494928647524152,-0.3895224556573943,0.018267492229930626,0.10716146171052016,-0.0021085360805460753,0.031815958332461536,0.07974769478720622,-1.4861711346735538,-0.00993174530679909,0.06194159585018884,-0.02494928647524152,-0.3895224556573943,0.3543014683569179,0.018267492229930626,0.10716146171052016,-0.0021085360805460753,0.031815958332461536,-0.09010312251068059,-0.20903304617293575,0.17099318970961938,0.08545761924634061,0.10233972615074545,0.03892353539288306,0.03753661837378159
Base_IL10:19,Base_IL10,10.0,0.0,0.0,0.0,0.0014619400026430554,-2.8350704502616852,-2.628683149982148,2.600431431133123,0.024414491780916394,-0.0007756066093785541,-0.016576723707757174,-0.27546944542007806,0.03552919730210968,0.04183795730740142,0.09275038575529948,-0.029921601275523416,-2.628683149982148,2.600431431133123,0.024414491780916394,-0.0007756066093785541,-0.016576723707757174,-0.27546944542007806,0.48272459084153585,0.03552919730210968,0.04183795730740142,0.09275038575529948,-0.029921601275523416,-0.06294058227536976,-0.07461758497655971,0.2548815662354435,0.09248540736920537,0.08678534692888583,0.08466229117566103,0.02346878445336601
Base_IL10:20,Base_IL10,10.0,0.0,0.0,0.0,0.00649200475749967,-2.1876211705840842,1.7602156405382146,-1.978243686217887,0.03701412197609926,-0.0668573915162881,-0.09306296324137647,-0.3019149359390946,0.09061628982018238,-0.011943535018749285,-0.05445738888611658,0.017076463328991976,1.7602156405382146,-1.978243686217887,0.03701412197609926,-0.0668573915162881,-0.09306296324137647,-0.3019149359390946,0.32705691027310135,0.09061628982018238,-0.011943535018749285,-0.05445738888611658,0.017076463328991976,-0.143801579420856,-0.18437674114273395,0.16365459987400485,0.11752029048716502,0.025026782794380177,-0.023960396510962247,0.003628455087994688
Base_IL10:21,Base_IL10,10.0,0.0,0.0,0.0,0.10941423285317828,-0.9609261803102288,-2.679891797831372,-0.7387045911342177,-0.03109501954935468,-0.0905238085257709,0.0511563139876918,-0.3500727095489286,-0.05993700961377885,0.07138618442602286,0.09376727304670994,0.052061681301742435,-2.679891797831372,-0.7387045911342177,-0.03109501954935468,-0.0905238085257709,0.0511563139876918,-0.3500727095489286,0.19999999999999996,-0.05993700961377885,0.07138618442602286,0.09376727304670994,0.052061681301742435,-0.07952045961715293,-0.24210215647287292,0.08188421382351764,-0.023997321926362513,0.07878741941157032,0.1029551222448184,0.06696534627178767
Base_IL10:22,Base_IL10,10.0,0.0,0.0,0.0,0.027182172591515792,-1.5657158343291184,0.8506129666559799,-2.2707355763203267,0.07543234446743816,-0.08155043236952884,-0.0025391365507836457,-0.3455263650306357,-0.06642501110909775,0.14886299060599198,-0.012514780213218104,0.06714893965330591,0.8506129666559799,-2.2707355763203267,0.07543234446743816,-0.08155043236952884,-0.0025391365507836457,-0.3455263650306357,0.19999999999999996,-0.06642501110909775,0.14886299060599198,-0.012514780213218104,0.06714893965330591,-0.10465823298229548,-0.25433972614903255,0.052036646698366024,0.00043099714556069535,0.11404700470203472,0.04463623600702782,0.06977101059324115
Base_IL10:23,Base_IL10,10.0,0.0,0.0,0.0,0.05239444297608035,-1.2807147724209103,-0.9940844396995686,0.6167035500606421,-0.08258771224816495,-0.0058869464495726834,-0.1264788949450895,-0.23282252659577152,-0.05245813951350014,0.022072274427741893,-0.09966711350097207,-0.09299047715578262,-0.9940844396995686,0.6167035500606421,-0.08258771224816495,-0.0058869464495726834,-0.1264788949450895,-0.23282252659577152,0.28503591516340465,-0.05245813951350014,0.022072274427741893,-0.09966711350097207,-0.09299047715578262,-0.16849055593845752,-0.15375603080076944,0.13049717386422338,-0.004733665119733367,-0.010071770976721565,-0.10100885478907921,-0.09966570184858815
Base_IL10:24,Base_IL10,10.0,0.0,0.0,0.0,0.0004873133342143518,-3.312191704981348,-2.8382659508138843,-1.9017352891195034,-0.028643392884301712,0.06262698931979678,-0.023520400463729024,-0.21653173099412443,0.0664962401120625,-0.005467336846110019,0.015873058026663302,0.09474214276920397,-2.8382659508138843,-1.9017352891195034,-0.028643392884301712,0.06262698931979678,-0.023520400463729024,-0.21653173099412443,0.4860987085840083,0.0664962401120625,-0.005467336846110019,0.015873058026663302,0.09474214276920397,-0.05241815587033868,-0.029502573367606293,0.2819777124195284,0.09141155108114021,0.03112126700801233,0.040247274035932055,0.06520344384683645
Base_IL10:25,Base_IL10,10.0,0.0,0.0,0.0,0.0015982225452623232,-2.796362747268562,2.661252021432091,2.9138543688045666,0.02521754310901252,-0.0467921816448452,-0.00803368555129768,-0.2119798997268446,0.016727086023126513,-0.013516258925152153,-0.015510355477139937,0.08493420120009117,2.661252021432091,2.9138543688045666,0.02521754310901252,-0.0467921816448452,-0.00803368555129768,-0.2119798997268446,0.5772887883424902,0.016727086023126513,-0.013516258925152153,-0.015510355477139937,0.08493420120009117,-0.042364342800590815,-0.04048166143989103,0.2565632022220502,0.12869931907611903,0.05651845537533296,0.038660075054296396,0.0694409924997405
Base_IL10:26,Base_IL10,10.0,0.0,0.0,0.0,0.006636546848156469,-2.1780578355241285,0.9915845613062746,-2.4191465253063082,-0.0013413582776204414,0.09323458488096477,-0.11919395917120255,-0.22691491995810698,0.060049393454695336,0.031221542673290453,-0.08392795005146121,0.07927899162800496,0.9915845613062746,-2.4191465253063082,-0.0013413582776204414,0.09323458488096477,-0.11919395917120255,-0.22691491995810698,0.30483729990465336,0.060049393454695336,0.031221542673290453,-0.08392795005146121,0.07927899162800496,-0.13037740983823537,-0.14313929900431238,0.1994056684381373,0.12143302779908097,0.04692819458026369,-0.02947987250239842,0.052235659871465064
Base_IL10:27,Base_IL10,10.0,0.0,0.0,0.0,0.1453556561384961,-0.8375680641209747,0.8273436573331014,-0.9347087180029165,0.0725263136553447,0.08237518650618815,-0.03687159951502906,-0.37242299225619907,-0.028950289372234744,0.1474323445870652,-0.051671872991259804,0.007749401116679422,0.8273436573331014,-0.9347087180029165,0.0725263136553447,0.08237518650618815,-0.03687159951502906,-0.37242299225619907,0.19999999999999984,-0.028950289372234744,0.1474323445870652,-0.051671872991259804,0.007749401116679422,-0.0862804080016234,-0.2588016646441404,0.05007619879249241,0.02698312561679463,0.10717678198863952,-0.000994264021810138,0.007461845782648802
Base_IL10:28,Base_IL10,10.0,0.0,0.0,0.0,0.00040058807982027225,-3.397301978021228,-0.6098203677884559,-0.8456563481794446,-0.022527171913757995,0.08738656349400216,-0.015397965544440256,-0.2638558672348951,0.017142979592660756,0.06918983598393551,-0.06315578382495475,-0.01023350883653723,-0.6098203677884559,-0.8456563481794446,-0.022527171913757995,0.08738656349400216,-0.015397965544440256,-0.2638558672348951,0.4511103235748162,0.017142979592660756,0.06918983598393551,-0.06315578382495475,-0.01023350883653723,-0.051091625158394216,-0.08531710017056461,0.2701208743782086,0.10552669108801879,0.07299594755775314,-0.016743275296470912,-0.00564553397699065
Base_IL10:29,Base_IL10,10.0,0.0,0.0,0.0,0.03578036209858597,-1.4463552686702092,1.7853847961105378,1.4879534385750837,0.09635408840388215,0.013717523833459323,0.0004219738318637159,-0.3293869457134874,0.02322276565525141,0.15451084178504523,-0.08311223167536663,0.06199873382482899,1.7853847961105378,1.4879534385750837,0.09635408840388215,0.013717523833459323,0.0004219738318637159,-0.3293869457134874,0.2372748952768151,0.02322276565525141,0.15451084178504523,-0.08311223167536663,0.06199873382482899,-0.05409215036014202,-0.2181213977182466,0.09726969742115472,0.09240242494521995,0.13849396759073018,0.009309717119446838,0.05686963930963851
Base_IL10:30,Base_IL10,10.0,0.0,0.0,0.0,0.0456835601955861,-1.3402400581543263,-0.5299961872031407,-1.2776206577053868,-0.09486187272161134,0.008040904869741784,-0.013085042522467265,-0.24777138929386902,-0.0486609825900766,-0.010214249603495942,0.019134319064937278,-0.08477472704452321,-0.5299961872031407,-1.2776206577053868,-0.09486187272161134,0.008040904869741784,-0.013085042522467265,-0.24777138929386902,0.47345651228927754,-0.0486609825900766,-0.010214249603495942,0.019134319064937278,-0.08477472704452321,-0.07389450383028909,-0.0827971474292352,0.28374320650782964,0.04628055557796044,0.020265258833396062,0.0008874907211329532,-0.05446505076894484
Base_IL10:31,Base_IL10,10.0,0.0,0.0,0.0,0.028598685079952425,-1.543653934550987,0.42568356610178815,-2.792791086125913,0.000951326703735167,-0.0421355558553718,-0.09352035621283056,-0.24455469488132198,-0.016478995281141395,0.057370315272242164,-0.08773716504982934,0.09894641040909005,0.42568356610178815,-2.792791086125913,0.000951326703735167,-0.0421355558553718,-0.09352035621283056,-0.24455469488132198,0.3583051803344375,-0.016478995281141395,0.057370315272242164,-0.08773716504982934,0.09894641040909005,-0.145628862392682,-0.13991379553435854,0.21391155784619417,0.06850452420611715,0.04703926339286561,-0.02550728194694627,0.06706478358067801
Base_IL10:32,Base_IL10,10.0,0.0,0.0,0.0,0.009163968547641073,-2.0379164100554648,-0.9118672055487679,0.48209708223407866,0.07130228248778862,-0.039675569017687554,-0.11358022575312794,-0.21403464674364375,0.0382196496945165,0.11716713291214995,0.04949725510753307,-0.05783295142254109,-0.9118672055487679,0.48209708223407866,0.07130228248778862,-0.039675569017687554,-0.11358022575312794,-0.21403464674364375,0.2986902868610115,0.0382196496945165,0.11716713291214995,0.04949725510753307,-0.05783295142254109,-0.13918681227095114,-0.12254366122308134,0.17198074285656592,0.09978767480021472,0.1291428171345597,0.06525250250125754,-0.01046210380594851
Base_IL10:33,Base_IL10,10.0,0.0,0.0,0.0,0.0017055966697502312,-2.768123660631072,1.0484157521470592,-2.155048871675637,-0.08233430822644394,0.09737349712929642,0.001190751169488441,-0.2798629494177037,0.04616743572668654,0.12969101266216132,-0.0013094348426437087,-0.0029535722676696354,1.0484157521470592,-2.155048871675637,-0.08233430822644394,0.09737349712929642,0.001190751169488441,-0.2798629494177037,0.35911703855790633,0.04616743572668654,0.12969101266216132,-0.0013094348426437087,-0.0029535722676696354,-0.04143604826296456,-0.12400846274199122,0.20735152794419529,0.13007815553744945,0.1345691394190501,0.04501821614032647,0.015885488020657895
Base_IL10:34,Base_IL10,10.0,0.0,0.0,0.0,0.0006277256508523853,-3.2022301243427007,-0.8923139230379682,0.3169678275456671,-0.04196087995627362,0.02127569984630682,0.021749447389946802,-0.26344605125279147,-0.00611414006539347,0.013328053225635572,0.011283733085739156,0.07421663540385051,-0.8923139230379682,0.3169678275456671,-0.04196087995627362,0.02127569984630682,0.021749447389946802,-0.26344605125279147,0.5466253597740625,-0.00611414006539347,0.013328053225635572,0.011283733085739156,0.07421663540385051,-0.03568700061714175,-0.05372274220975536,0.28453571189017157,0.08439261862949382,0.049234134250574386,0.04258862069906581,0.06250769815627565
Base_IL10:35,Base_IL10,10.0,0.0,0.0,0.0,0.012021772168626932,-1.9200315068486624,-2.0904778727920394,0.1387576229714511,-0.09038510356251508,-0.04135705706505799,0.0337719058678297,-0.2128077690712712,0.020333759279386722,-0.002751644859695708,-0.049227452118754116,-0.06299952794782004,-2.0904778727920394,0.1387576229714511,-0.09038510356251508,-0.04135705706505799,0.0337719058678297,-0.2128077690712712,0.4863657802276694,0.020333759279386722,-0.002751644859695708,-0.049227452118754116,-0.06299952794782004,-0.03897747464174398,-0.037398367128297354,0.2858779060610496,0.08160931456218454,0.023792503338460218,-0.02954561836129579,-0.03945926996920533
Base_IL10:36,Base_IL10,10.0,0.0,0.0,0.0,0.37462832033831106,-0.4263993948685444,-0.25000570796865484,-1.7605943727630289,-0.08142693562506612,0.06545754653972365,-0.04281006742872147,-0.32646501511038145,-0.05942280789727959,0.10254364729761006,-0.04886535874907721,-0.07300862135214047,-0.25000570796865484,-1.7605943727630289,-0.08142693562506612,0.06545754653972365,-0.04281006742872147,-0.32646501511038145,0.19999999999999996,-0.05942280789727959,0.10254364729761006,-0.04886535874907721,-0.07300862135214047,-0.12335761401585349,-0.2569438296273648,0.07057502506543968,-0.006855301351739685,0.07237249384855873,-0.042257291215572826,-0.0721612211174051
Base_IL10:37,Base_IL10,10.0,0.0,0.0,0.0,0.18308940134795823,-0.7373367953450639,-0.5509372466770766,-2.2449316070377012,0.044523417408080836,0.09858091566193115,-0.10360262001110754,-0.2682715249876277,-0.08884850728039062,0.08310763539216112,0.001289920335390149,0.05097630997675078,-0.5509372466770766,-2.2449316070377012,0.044523417408080836,0.09858091566193115,-0.10360262001110754,-0.2682715249876277,0.2607991489465602,-0.08884850728039062,0.08310763539216112,0.001289920335390149,0.05097630997675078,-0.1480004501206646,-0.19930000984612378,0.14278643813128433,-0.017460617107662942,0.0726786588199121,0.03520969891046531,0.05822123068407993
Base_IL10:38,Base_IL10,10.0,0.0,0.0,0.0,0.0034566208537068852,-2.4613482542942133,-0.0772214733228197,2.6278024935151727,0.03590437933421693,-0.000585087491774039,0.005512311566306612,-0.36087460597757787,0.08851477532907448,0.1419583552844223,-0.05044860014750228,0.018780503337497614,-0.0772214733228197,2.6278024935151727,0.03590437933421693,-0.000585087491774039,0.005512311566306612,-0.36087460597757787,0.2974213815316279,0.08851477532907448,0.1419583552844223,-0.05044860014750228,0.018780503337497614,-0.0676793548092783,-0.1982854497292042,0.1363554936776737,0.12870913272134804,0.13442522411469812,0.027501477667574773,0.03436251815740955
Base_IL10:39,Base_IL10,10.0,0.0,0.0,0.0,0.012096108100964715,-1.9173543406058744,0.1601522234662771,1.172956610117477,-0.05102317117749451,-0.011951201048959437,-0.057492661249980766,-0.26287881022819093,-0.031257689178680374,0.026666051273848905,0.08698412530550229,0.011690400609159957,0.1601522234662771,1.172956610117477,-0.05102317117749451,-0.011951201048959437,-0.057492661249980766,-0.26287881022819093,0.4600558899281828,-0.031257689178680374,0.026666051273848905,0.08698412530550229,0.011690400609159957,-0.10535669572202395,-0.11273587818226305,0.23925685657118215,0.06515003287163117,0.06511983289176929,0.08426976616049979,0.04481599944117635
Base_IL10:40,Base_IL10,10.0,0.0,0.0,0.0,0.1428034557948989,-0.8452612826544158,-1.6332453662225885,2.400016786303608,0.02606129538034845,-0.09557402618469724,0.05738669122785531,-0.2300191177568726,-0.09749814666114849,-0.026724500015192346,-0.060177442773665026,-0.0542730603622881,-1.6332453662225885,2.400016786303608,0.02606129538034845,-0.09557402618469724,0.05738669122785531,-0.2300191177568726,0.3522857196379324,-0.09749814666114849,-0.026724500015192346,-0.060177442773665026,-0.0542730603622881,-0.04385978975365687,-0.12205195492318961,0.25747779979610297,-0.03200772209470095,-0.04188761437581872,-0.0884292935885455,-0.08027282483633669
Base_IL10:41,Base_IL10,10.0,0.0,0.0,0.0,0.004939209726443769,-2.3063425326350813,-1.222466329260242,1.0516755332412964,-0.06166605296006659,-0.007281328134724241,-0.04718152545436509,-0.2542606458743104,-0.010643124689502792,-0.0019505175362757171,-0.023839388671979145,-0.044235479962932645,-1.222466329260242,1.0516755332412964,-0.06166605296006659,-0.007281328134724241,-0.04718152545436509,-0.2542606458743104,0.5489419367158433,-0.010643124689502792,-0.0019505175362757171,-0.023839388671979145,-0.044235479962932645,-0.08722488233740232,-0.06695895842293732,0.2836906317881306,0.07463035943496556,0.030707071411014746,-0.005965725781610565,-0.019764604822578476
Base_IL10:42,Base_IL10,10.0,0.0,0.0,0.0,0.02734736355226642,-1.5630845358714236,-0.9760730988778735,1.9537319277442184,-0.08541016814957969,0.026852398305940817,-0.10837839364633044,-0.219357286198134,0.054621296763970185,0.09707407386821287,-0.05639909551289212,0.009469119473173082,-0.9760730988778735,1.9537319277442184,-0.08541016814957969,0.026852398305940817,-0.10837839364633044,-0.219357286198134,0.34243816808176675,0.054621296763970185,0.09707407386821287,-0.05639909551289212,0.009469119473173082,-0.13915422883077155,-0.12145794054959576,0.1956054692086342,0.11271761830385328,0.0968218478550647,0.001821222603188187,0.01709520924298529
Base_IL10:43,Base_IL10,10.0,0.0,0.0,0.0,0.08710932337782476,-1.0599353596324566,2.854777722593834,0.6631872779141927,0.08692012785614232,0.028267432250559766,-0.07193632548998666,-0.34484873763665963,-0.06690009456221692,0.007448886180800585,0.03054692270043398,0.09405966813112941,2.854777722593834,0.6631872779141927,0.08692012785614232,0.028267432250559766,-0.07193632548998666,-0.34484873763665963,0.26907180519207075,-0.06690009456221692,0.007448886180800585,0.03054692270043398,0.09405966813112941,-0.1133845240816927,-0.25153549359724237,0.07919086887685027,-0.013981077843477982,0.0023118019347004885,0.04147997829240735,0.08946820041829365
Base_IL10:44,Base_IL10,10.0,0.0,0.0,0.0,0.07969637901414034,-1.0985614102212293,-0.31977188090608677,1.2821942068138585,-0.05365695693735121,0.07365299187972432,-0.05883413818245948,-0.26757065093179305,0.07358077578042636,0.1477563095641992,-0.02186262799056168,-0.09663221475373568,-0.31977188090608677,1.2821942068138585,-0.05365695693735121,0.07365299187972432,-0.05883413818245948,-0.26757065093179305,0.20645333397974897,0.07358077578042636,0.1477563095641992,-0.02186262799056168,-0.09663221475373568,-0.10383367987595817,-0.1877457614856254,0.10580394912601308,0.11940343972207786,0.1492682273892928,0.013405824026299576,-0.06035643969739263
Base_IL10:45,Base_IL10,10.0,0.0,0.0,0.0,0.0008755120919783269,-3.0577378513587217,0.7915484822185985,2.3880673435854796,0.08997353090526239,-0.02555259106960426,-0.0419434864281879,-0.21755820490401406,-0.05818232562864012,-0.03128970826805019,-0.07498751698722138,0.00846339959846345,0.7915484822185985,2.3880673435854796,0.08997353090526239,-0.02555259106960426,-0.0419434864281879,-0.21755820490401406,0.45204923621055626,-0.05818232562864012,-0.03128970826805019,-0.07498751698722138,0.00846339959846345,-0.07683094760802693,-0.08417920952484136,0.28247146239476834,0.062079565404146955,-0.004795696904460426,-0.04870648802558795,-0.006648857818959911
Base_IL10:46,Base_IL10,10.0,0.0,0.0,0.0,0.0033451169552002114,-2.4755886934088234,2.940966768938999,-2.74703161384588,0.059017241781275855,0.020534293590834342,-0.03396626528347381,-0.3551383391453217,0.02526373924012029,-0.03473735996536817,0.0489692292779717,-0.0037128715060596898,2.940966768938999,-2.74703161384588,0.059017241781275855,0.020534293590834342,-0.03396626528347381,-0.3551383391453217,0.4186606602095745,0.02526373924012029,-0.03473735996536817,0.0489692292779717,-0.0037128715060596898,-0.08496265994040766,-0.19026155305442607,0.2138187930718689,0.0998018174760327,0.022850537733422386,0.037689627487578745,0.013161861170759799
Base_IL10:47,Base_IL10,10.0,0.0,0.0,0.0,0.0998290273556231,-1.0007431602416381,-2.0556492959515924,-0.6077214543109795,0.09099747850578702,-0.09404635545592664,-0.022824510953873604,-0.2031588091311705,-0.0901737972161133,0.006759559622649486,-0.09339243950855085,0.010868132783102126,-2.0556492959515924,-0.6077214543109795,0.09099747850578702,-0.09404635545592664,-0.022824510953873604,-0.2031588091311705,0.3877789168228265,-0.0901737972161133,0.006759559622649486,-0.09339243950855085,0.010868132783102126,-0.09355284776500884,-0.08004164024826117,0.27236547821117657,-0.01126354079174347,-0.013125818740435077,-0.07738701267889848,-0.008453026566291582
Base_IL10:48,Base_IL10,10.0,0.0,0.0,0.0,0.0015651843531121977,-2.8054345023194007,-1.3794835862460397,-2.1856082231330984,0.006619510556607056,0.04111398217081441,0.046882308594744376,-0.3520231505695733,0.08060246260357667,0.13856349997240197,0.04407866707806865,-0.007640995542627638,-1.3794835862460397,-2.1856082231330984,0.006619510556607056,0.04111398217081441,0.046882308594744376,-0.3520231505695733,0.282475422911586,0.08060246260357667,0.13856349997240197,0.04407866707806865,-0.007640995542627638,-0.039798240044832414,-0.17789184931801996,0.1619940963011418,0.12214980358348833,0.1402961709588329,0.06687559880063246,0.017450426760152037
Base_IL10:49,Base_IL10,10.0,0.0,0.0,0.0,0.010456587815514735,-1.9806100109421556,1.5119876749790575,2.6528861391636234,-0.01606375136319398,0.07647003219862424,-0.04003277066032565,-0.35077263384489005,0.012007854861258771,0.06035678476025021,0.05973036362801257,0.09148374219941183,1.5119876749790575,2.6528861391636234,-0.01606375136319398,0.07647003219862424,-0.04003277066032565,-0.35077263384489005,0.2930820664840328,0.012007854861258771,0.06035678476025021,0.05973036362801257,0.09148374219941183,-0.08137226944476668,-0.21356973962643924,0.1078853863122693,0.06062961060191747,0.0788845818549105,0.09343870003227345,0.10783461755240777
Base_IL10:50,Base_IL10,10.0,0.0,0.0,0.0,0.00043362627197039775,-3.362884413217535,-1.0405151558722014,-1.5584223135812862,-0.026085441055301386,0.03694599819579767,0.012299339251690494,-0.23463977057823948,0.07654982805328714,0.10332508099327259,-0.01832153168234013,-0.042398363976465674,-1.0405151558722014,-1.5584223135812862,-0.026085441055301386,0.03694599819579767,0.012299339251690494,-0.23463977057823948,0.4494346462136054,0.07654982805328714,0.10332508099327259,-0.01832153168234013,-0.042398363976465674,-0.033493911198479366,-0.05373891793753318,0.25792387895468777,0.1341913548548011,0.10239226860071271,0.014473989535750333,-0.014425893459478829
Base_IL10:51,Base_IL10,10.0,0.0,0.0,0.0,0.0021061847495705034,-2.6765035361895366,-2.8690253033167514,-0.6530095017097627,-0.06999627517377231,-0.05714424454547089,-0.0852495660892228,-0.337170035491073,0.05993310769579804,0.11386241295127188,-0.05394824374725782,0.02269611430613321,-2.8690253033167514,-0.6530095017097627,-0.06999627517377231,-0.05714424454547089,-0.0852495660892228,-0.337170035491073,0.20000000000000007,0.05993310769579804,0.11386241295127188,-0.05394824374725782,0.02269611430613321,-0.1568190657078981,-0.21147564361826782,0.08951036344056791,0.07039909052017594,0.07621033601063482,-0.012701062217599843,0.016108731052351402
Base_IL10:52,Base_IL10,10.0,0.0,0.0,0.0,0.0033740253733315715,-2.471851655755058,2.4417730332871024,2.206669471688985,0.08383965748526592,-0.008357663483244715,0.040278991938087094,-0.2815755252549657,-0.004449795347415564,0.0467219253993261,-0.021224018238063115,-0.08437216529536479,2.4417730332871024,2.206669471688985,0.08383965748526592,-0.008357663483244715,0.040278991938087094,-0.2815755252549657,0.42918025755826705,-0.004449795347415564,0.0467219253993261,-0.021224018238063115,-0.08437216529536479,-0.012986149647215655,-0.11020351142299258,0.24832930441357606,0.12156249419485357,0.0875629534515714,0.013632306335222437,-0.042683396479711276
Base_IL10:53,Base_IL10,10.0,0.0,0.0,0.0,0.0014825888727368838,-2.828979263709154,1.234389246227315,-0.3719307054478167,-0.01417979065572881,-0.0360658789784275,-0.009867401059477268,-0.3903505553966164,0.0406182952218902,-0.0338056610366264,-0.02907818018935454,-0.01572734456516143,1.234389246227315,-0.3719307054478167,-0.01417979065572881,-0.0360658789784275,-0.009867401059477268,-0.3903505553966164,0.4303068928967174,0.0406182952218902,-0.0338056610366264,-0.02907818018935454,-0.01572734456516143,-0.09837548342605452,-0.20246220304249135,0.20760224874997715,0.09267550666661371,0.008546868734209111,-0.01933461391488101,-0.015497087654964624
Base_IL10:54,Base_IL10,10.0,0.0,0.0,0.0,0.02126833619664332,-1.6722664832462821,-2.7329124407399012,-2.9518833567622984,-0.008118208126677262,0.022152519107482217,-0.05952441858180108,-0.31181895104020396,-0.09446349743035548,-0.021455153508283975,0.012254642052598809,0.054324969197721146,-2.7329124407399012,-2.9518833567622984,-0.008118208126677262,0.022152519107482217,-0.05952441858180108,-0.31181895104020396,0.41588764095487607,-0.09446349743035548,-0.021455153508283975,0.012254642052598809,0.054324969197721146,-0.1295570930124967,-0.14204842530276143,0.2515599230002337,-0.03298730764016194,-0.00894197225088822,0.021151838792807853,0.045596526785872046
Base_IL10:55,Base_IL10,10.0,0.0,0.0,0.0,0.028867120391172195,-1.5395965365417918,0.7765041530059729,-1.7717491870472,-0.03466832933386901,-0.09009417060863328,0.06588692084235571,-0.29489193976384764,-0.013152905680608918,-0.03257053267808982,0.03544246291855342,0.08594362653599902,0.7765041530059729,-1.7717491870472,-0.03466832933386901,-0.09009417060863328,0.06588692084235571,-0.29489193976384764,0.34734911163804316,-0.013152905680608918,-0.03257053267808982,0.03544246291855342,0.08594362653599902,-0.05093750154129634,-0.169676215834397,0.22491211008698236,0.05422822895866051,0.0051579280436594415,0.05375763235087979,0.09132980043158094
Base_IL10:56,Base_IL10,10.0,0.0,0.0,0.0,0.02353145235892692,-1.628351267384015,0.3681260927825134,2.2211338605888433,0.06869742791590194,0.07547270784121518,-0.0995272427404766,-0.28597349293779906,0.028344281843666087,-0.012843877034594595,0.08202318561310029,0.026213682198924105,0.3681260927825134,2.2211338605888433,0.06869742791590194,0.07547270784121518,-0.0995272427404766,-0.28597349293779906,0.32090410187432217,0.028344281843666087,-0.012843877034594595,0.08202318561310029,0.026213682198924105,-0.1108083327634026,-0.17126167514536034,0.17094324489632554,0.07689297860723138,0.04424845975343266,0.08615572701892661,0.058811376600324795
Base_IL10:57,Base_IL10,10.0,0.0,0.0,0.0,0.0071114708603145236,-2.148040565169837,0.19030735689686806,-0.8876360774173411,0.0879134646979392,0.04197220070419552,-0.05180160781786705,-0.2079303922434121,-0.08178250969805073,0.0760095053231853,0.0825565298475804,0.022758047537164396,0.19030735689686806,-0.8876360774173411,0.0879134646979392,0.04197220070419552,-0.05180160781786705,-0.2079303922434121,0.3472757421306052,-0.08178250969805073,0.0760095053231853,0.0825565298475804,0.022758047537164396,-0.07675797717441817,-0.09892225550217745,0.22487820781545595,0.027223687022344397,0.09837562468204665,0.1059804957716719,0.059010797940769744
Base_IL10:58,Base_IL10,10.0,0.0,0.0,0.0,0.0013008788159111933,-2.8857631584978725,1.2526574435688242,-0.15046543372122312,-0.029686760599082186,-0.04345713190062786,-0.10594061232243505,-0.3464490953166885,-0.0255733360453448,0.03905572984977203,0.047389058385976894,-0.008336784772256,1.2526574435688242,-0.15046543372122312,-0.029686760599082186,-0.04345713190062786,-0.10594061232243505,-0.3464490953166885,0.3541114908078167,-0.0255733360453448,0.03905572984977203,0.047389058385976894,-0.008336784772256,-0.1626329483565302,-0.21508026956523987,0.13630524501803648,0.03676502128888164,0.04718509619769732,0.043894442614983833,0.012398994777233871
Base_IL10:59,Base_IL10,10.0,0.0,0.0,0.0,0.009176357869697371,-2.037329657682624,2.3440911384835776,-1.305381707056088,0.03942033721343499,-0.024655129580160542,0.0045577905797370075,-0.39657404824472364,-0.020004571535183136,0.10490123618337449,0.0726856040839382,-0.019771106108168304,2.3440911384835776,-1.305381707056088,0.03942033721343499,-0.024655129580160542,0.0045577905797370075,-0.39657404824472364,0.3174301764712797,-0.020004571535183136,0.10490123618337449,0.0726856040839382,-0.019771106108168304,-0.08309917029063066,-0.24203764761734584,0.12028714428811843,0.05715249622817691,0.1101379986964982,0.08812607866121525,0.022270554435782207
Base_IL10:60,Base_IL10,10.0,0.0,0.0,0.0,0.37521061847495707,-0.42572487956849014,-0.6699827531811338,-0.6645016631161382,0.06226305711000314,-0.06908859009873884,-0.10464173774695605,-0.30040082581974525,-0.09411089100571748,0.0973750571913731,-0.04000164504921856,0.03211819597824771,-0.6699827531811338,-0.6645016631161382,0.06226305711000314,-0.06908859009873884,-0.10464173774695605,-0.30040082581974525,0.19999999999999973,-0.09411089100571748,0.0973750571913731,-0.04000164504921856,0.03211819597824771,-0.17833633942387495,-0.23534736435109477,0.05021176608450424,-0.04317339290796904,0.04910536428382165,-0.012879001592012078,0.02117877843640621
Base_IL10:61,Base_IL10,10.0,0.0,0.0,0.0,0.019459495176423945,-1.7108684305084279,2.060177441721296,-1.8382677555053575,0.0015293101234929553,-0.04978381400592648,-0.08460613444794099,-0.3211903613008948,0.04544485734657005,-0.0366335959358987,-0.008593739711209537,0.09040844196167935,2.060177441721296,-1.8382677555053575,0.0015293101234929553,-0.04978381400592648,-0.08460613444794099,-0.3211903613008948,0.3618097451663871,0.04544485734657005,-0.0366335959358987,-0.008593739711209537,0.09040844196167935,-0.1396458219402992,-0.19006937431822585,0.17186139558471333,0.08858642915980477,0.007997394474436582,0.01403279758290145,0.0658614601345866
Base_IL10:62,Base_IL10,10.0,0.0,0.0,0.0,0.028999273159772698,-1.5376128871581407,-0.816664907065083,2.7787113789940174,-0.08048583945470573,-0.05468106233863557,-0.08899096260593434,-0.23836560841012105,0.06126380188807885,0.006067764998628711,0.06637894865590002,-0.025053012045194903,-0.816664907065083,2.7787113789940174,-0.08048583945470573,-0.05468106233863557,-0.08899096260593434,-0.23836560841012105,0.3787129996028008,0.06126380188807885,0.006067764998628711,0.06637894865590002,-0.025053012045194903,-0.1401134940106365,-0.12861102200822694,0.19091087891324768,0.09171573923347144,0.05431494210067363,0.059888616652383264,0.012299217617186777
Base_IL10:63,Base_IL10,10.0,0.0,0.0,0.0,0.007008226509845381,-2.1543918699697975,1.2979927371984075,0.8275226897239558,0.02942206145798756,0.0907358855683641,-0.0046481067045007485,-0.3001829389633167,0.07496956345480386,0.017506698568053404,-0.09729706601791718,0.0345542136273052,1.2979927371984075,0.8275226897239558,0.02942206145798756,0.0907358855683641,-0.0046481067045007485,-0.3001829389633167,0.3506834656377512,0.07496956345480386,0.017506698568053404,-0.09729706601791718,0.0345542136273052,-0.036723000459334666,-0.14960208074349737,0.2128841617754695,0.14118391165212701,0.051594931765943514,-0.03803999778676261,0.01626741713973784
Base_IL10:64,Base_IL10,10.0,0.0,0.0,0.0,0.013302002114444298,-1.8760829874677818,2.949800861261918,0.3369448633288381,0.08078785533220222,0.07262445525493333,-0.026530602318639546,-0.31384658446902586,-0.006638686108359538,0.005163671684609489,0.031247187421912726,-0.02282164333882272,2.949800861261918,0.3369448633288381,0.08078785533220222,0.07262445525493333,-0.026530602318639546,-0.31384658446902586,0.4403393140714946,-0.006638686108359538,0.005163671684609489,0.031247187421912726,-0.02282164333882272,-0.04507598610671155,-0.14236747669826183,0.2333525646668173,0.10243406840390525,0.05370055627465405,0.04064791899261121,0.007342656724811344
Base_IL10:65,Base_IL10,10.0,0.0,0.0,0.0,0.02046303026298401,-1.689030053466179,0.5701814952959414,1.361307373729728,-0.040250847223470866,0.02569022819913518,-0.043169758005534915,-0.32447353647710037,0.012592011793980042,0.09235748036036906,0.07384165958053497,0.09543816021805068,0.5701814952959414,1.361307373729728,-0.040250847223470866,0.02569022819913518,-0.043169758005534915,-0.32447353647710037,0.29218631814182394,0.012592011793980042,0.09235748036036906,0.07384165958053497,0.09543816021805068,-0.09839942482771163,-0.1897185045601186,0.11686468261043696,0.06285562446768247,0.09981424903666208,0.10579958723067076,0.10773438699277957
Base_IL10:66,Base_IL10,10.0,0.0,0.0,0.0,0.10374818289943175,-0.984019501012599,-1.4118067885689594,2.1673510884162877,0.08917950472671224,0.09243232217053653,0.04129955855326214,-0.22336643605630432,-0.09196656966668176,0.1378831294410272,0.08885797802129358,0.03501450136418214,-1.4118067885689594,2.1673510884162877,0.08917950472671224,0.09243232217053653,0.04129955855326214,-0.22336643605630432,0.20000000000000018,-0.09196656966668176,0.1378831294410272,0.08885797802129358,0.03501450136418214,0.019656683033275144,-0.1058214438517558,0.11002674807083941,-0.00154131069238318,0.14499847247069583,0.13140430581310727,0.08486160703352229
Base_IL10:67,Base_IL10,10.0,0.0,0.0,0.0,0.37431858728690365,-0.42675860688047335,0.016230620375380145,-1.638100846184984,0.038267155730693274,-0.08234461316052202,-0.09993903634409486,-0.37086577659555603,0.04920609877295685,0.04349689283144233,-0.06720630354015858,0.04867412302457614,0.016230620375380145,-1.638100846184984,0.038267155730693274,-0.08234461316052202,-0.09993903634409486,-0.37086577659555603,0.19999999999999996,0.04920609877295685,0.04349689283144233,-0.06720630354015858,0.04867412302457614,-0.16255327952374934,-0.24486758982105816,0.05468814033347504,0.0503793378678438,0.029550980526790827,-0.023344708651612516,0.024451192399120816
Base_IL10:68,Base_IL10,10.0,0.0,0.0,0.0,0.004712072155411656,-2.3267880678692583,1.1484006914704703,1.6586089380572822,-0.023166979168029858,0.011123763101444518,-0.057761042988124955,-0.2664832999478126,-0.04539658766559487,0.13673544221101322,0.014737261392809198,0.020025494204472128,1.1484006914704703,1.6586089380572822,-0.023166979168029858,0.011123763101444518,-0.057761042988124955,-0.2664832999478126,0.4245701293206987,-0.04539658766559487,0.13673544221101322,0.014737261392809198,0.020025494204472128,-0.09729704495955285,-0.12799421010305384,0.21273723022820365,0.07906948414446098,0.1279573706362658,0.06833773543059886,0.04946510985447709
Base_IL10:69,Base_IL10,10.0,0.0,0.0,0.0,0.07843266816439805,-1.1055030106769572,2.4064980148310724,1.569386563284097,0.09294716195305514,0.07381437700076687,0.03522806430194961,-0.3039033392065729,-0.022443165509014342,0.020369036215446827,0.020161051281613763,0.03400578450364766,2.4064980148310724,1.569386563284097,0.09294716195305514,0.07381437700076687,0.03522806430194961,-0.3039033392065729,0.3971280200279328,-0.022443165509014342,0.020369036215446827,0.020161051281613763,0.03400578450364766,0.008098995681676506,-0.12270961471916346,0.22327030724421834,0.09116191472960766,0.06328858660779031,0.053855538586242944,0.05578544184609991
Base_IL10:70,Base_IL10,10.0,0.0,0.0,0.0,0.0036920179727765296,-2.4327361934915555,2.335530257651546,-0.346429824536001,-0.040775857538516674,-0.007701557716980412,-0.06159715097755214,-0.3229964464783068,0.007947970666718663,-0.00777593087150899,0.07513001598428666,-0.09611489006835983,2.335530257651546,-0.346429824536001,-0.040775857538516674,-0.007701557716980412,-0.06159715097755214,-0.3229964464783068,0.37996017969776985,0.007947970666718663,-0.00777593087150899,0.07513001598428666,-0.09611489006835983,-0.12514758647596907,-0.19789829966204917,0.18432390931395418,0.0783544031172797,0.0403448239453003,0.0466356002774626,-0.04622479096767636
Base_IL10:71,Base_IL10,10.0,0.0,0.0,0.0,0.002795857010704374,-2.5534850436023286,2.1815077101269242,1.3695871982214785,0.060003311406915616,-0.029171623423111893,-0.07075914902694869,-0.22113909623076206,-0.011742243647643336,0.11120926290940403,0.010898643291414035,-0.011313683848321588,2.1815077101269242,1.3695871982214785,0.060003311406915616,-0.029171623423111893,-0.07075914902694869,-0.22113909623076206,0.47376298621547874,-0.011742243647643336,0.11120926290940403,0.010898643291414035,-0.011313683848321588,-0.08368542365843643,-0.08075971621744646,0.23340525546876426,0.11278259463488828,0.11636283081282257,0.05853965083641886,0.026861724882269743
Base_IL10:72,Base_IL10,10.0,0.0,0.0,0.0,0.04012901414034624,-1.396541509557634,2.6914665404547797,-2.6159266462735706,-0.09657045754018757,-0.015895607808042358,-0.06714740171963635,-0.3767998590764558,-0.045689376677581356,0.015674325566684466,0.07734620836780942,0.059334043478801,2.6914665404547797,-2.6159266462735706,-0.09657045754018757,-0.015895607808042358,-0.06714740171963635,-0.3767998590764558,0.2455427197648017,-0.045689376677581356,0.015674325566684466,0.07734620836780942,0.059334043478801,-0.13469277958898077,-0.2454643939499704,0.053367427533125025,-0.00031097643009232414,0.025885212656033288,0.0711721613616433,0.06816928373723566
Base_IL10:73,Base_IL10,10.0,0.0,0.0,0.0,0.07459610810096472,-1.1272838303606627,-2.2761398583220895,-1.7328114306200466,0.09417964378185716,0.012468149698390697,-0.13219475023015578,-0.2926903152362437,-0.0006628302817665799,-0.0141113685785062,-0.055129387838453,-0.016438794730489783,-2.2761398583220895,-1.7328114306200466,0.09417964378185716,0.012468149698390697,-0.13219475023015578,-0.2926903152362437,0.38212475962413706,-0.0006628302817665799,-0.0141113685785062,-0.055129387838453,-0.016438794730489783,-0.15748731674185948,-0.13847219226871976,0.2182344764213494,0.03830323682188939,-0.0063471020580607215,-0.04115147169563549,-0.019087231610076114
Base_IL10:74,Base_IL10,10.0,0.0,0.0,0.0,0.00041710717589533503,-3.3797523385048307,-2.5271358963286237,0.7529774305084693,-0.03875103794229676,-0.021320043981874183,-0.06578922785233807,-0.29370077066406997,-0.09219260459738304,0.0016440612459329984,0.06166681614936836,-0.05026957938759154,-2.5271358963286237,0.7529774305084693,-0.03875103794229676,-0.021320043981874183,-0.06578922785233807,-0.29370077066406997,0.3746658581791451,-0.09219260459738304,0.0016440612459329984,0.06166681614936836,-0.05026957938759154,-0.1499487000698969,-0.16712214728656646,0.21499064281547198,-0.03445825918030216,0.016951449842977435,0.034575256046685834,-0.030253271168617733
Base_IL10:75,Base_IL10,10.0,0.0,0.0,0.0,0.002209429100039646,-2.655719930266245,-1.4446606741846302,0.27261056990175847,-0.04266271783963454,-0.08395155652560483,-0.02977655178314271,-0.36587491462534444,0.07832296352646324,0.018057341952835364,0.012918290161215706,-0.03495649038599322,-1.4446606741846302,0.27261056990175847,-0.04266271783963454,-0.08395155652560483,-0.02977655178314271,-0.36587491462534444,0.33347917319976594,0.07832296352646324,0.018057341952835364,0.012918290161215706,-0.03495649038599322,-0.12506493017235287,-0.20101461884738814,0.16405627464850614,0.08642812560304172,0.04217965763843529,0.014322856454436098,-0.015293697795456704
Base_IL10:76,Base_IL10,10.0,0.0,0.0,0.0,0.3756855424871151,-0.4251755175767014,-0.09582430251679142,-0.9116277991242804,0.046430276224002004,-0.06759403375722342,-0.07402960876250342,-0.3744113783572741,0.018800735504043334,0.05131921263636179,-0.07261770123425709,-0.07064455219556352,-0.09582430251679142,-0.9116277991242804,0.046430276224002004,-0.06759403375722342,-0.07402960876250342,-0.3744113783572741,0.2241525013287713,0.018800735504043334,0.05131921263636179,-0.07261770123425709,-0.07064455219556352,-0.14730613518607266,-0.2458799037298522,0.06713731719172163,0.03577819110708055,0.028477602933137128,-0.055965125164348824,-0.06399210004641696
Base_IL10:77,Base_IL10,10.0,0.0,0.0,0.0,0.011501420642262455,-1.9392485127777255,2.423007423972463,1.8777095335914267,-0.08952602431796193,0.06964424246848082,0.04438112788577117,-0.36735589708318117,0.059372036629430074,0.10954164408791103,0.00961305057098314,0.04239828532118442,2.423007423972463,1.8777095335914267,-0.08952602431796193,0.06964424246848082,0.04438112788577117,-0.36735589708318117,0.20816769163509619,0.059372036629430074,0.10954164408791103,0.00961305057098314,0.04239828532118442,-0.034643388891181716,-0.24445714209732997,0.055375303947526586,0.08937180754349475,0.12022572929805393,0.06745576876694524,0.06386869041108664
Base_IL10:78,Base_IL10,10.0,0.0,0.0,0.0,0.00988667900092507,-2.004949566217081,-0.277485253542028,2.5012362390213254,-0.05640891467734635,0.05255075394943583,0.03196596410606335,-0.36970214028395837,-0.01624040595851103,0.13734903995085052,-0.01738322459113757,0.09355100055135722,-0.277485253542028,2.5012362390213254,-0.05640891467734635,0.05255075394943583,0.03196596410606335,-0.36970214028395837,0.2248485559313398,-0.01624040595851103,0.13734903995085052,-0.01738322459113757,0.09355100055135722,-0.05977505454923277,-0.2530440630916742,0.07314347976478838,0.033065685160114856,0.11236069890417641,0.048450070289438,0.09618680062586361
Base_IL10:79,Base_IL10,10.0,0.0,0.0,0.0,0.0631029470067398,-1.199950358047802,0.5489028127340458,0.9429732893309328,0.046669359020708234,0.013908976464924217,-0.017069175024402874,-0.38488860459858476,-0.07391720869946532,0.11933031354323398,-0.06898396837149857,-0.07523239427718198,0.5489028127340458,0.9429732893309328,0.046669359020708234,0.013908976464924217,-0.017069175024402874,-0.38488860459858476,0.20000000000000007,-0.07391720869946532,0.11933031354323398,-0.06898396837149857,-0.07523239427718198,-0.09576337060067792,-0.2752951842133416,0.026568600760657642,-0.027902170591845046,0.05801859907443348,-0.05532512629221793,-0.07849229800942967
Base_IL10:80,Base_IL10,10.0,0.0,0.0,0.0,0.049210387207612,-1.3079432177444672,1.6217382618453366,-0.28109577142366327,0.058155217297744144,-0.07061688094173382,-0.051661883874852536,-0.30865369397858305,0.0804158996916695,0.11006854059310618,0.07357002448660449,-0.046857859135706274,1.6217382618453366,-0.28109577142366327,0.058155217297744144,-0.07061688094173382,-0.051661883874852536,-0.30865369397858305,0.19999999999999996,0.0804158996916695,0.11006854059310618,0.07357002448660449,-0.046857859135706274,-0.11665790632567101,-0.21103695372188128,0.06642831557344446,0.09869195268970732,0.1256116087700234,0.0869784296554648,0.004612183504105473
Base_IL10:81,Base_IL10,10.0,0.0,0.0,0.0,0.0008589929959032642,-3.0660103773247114,0.6070913994401108,-0.49262225984064145,-0.07000250475295834,0.004989637623814014,-0.08587067786370656,-0.3578153992713339,-0.06320431873469907,0.05013918612515371,-0.028050237687579818,0.0627898747418054,0.6070913994401108,-0.49262225984064145,-0.07000250475295834,0.004989637623814014,-0.08587067786370656,-0.3578153992713339,0.27713816319894913,-0.06320431873469907,0.05013918612515371,-0.028050237687579818,0.0627898747418054,-0.15828435301776034,-0.2490272677109862,0.0894585855543486,-0.010507711230335818,0.024205076205559662,-0.001292650836363543,0.044024646564843
Base_IL10:82,Base_IL10,10.0,0.0,0.0,0.0,0.011022366856085635,-1.9577251384999654,2.3836145906643034,-0.11725620949803417,-0.05268459244660506,-0.046356455908287166,0.03468219923590956,-0.33140778488059824,-0.03560878911512889,0.13139406830708272,-0.08993288778559666,0.07793322232079175,2.3836145906643034,-0.11725620949803417,-0.05268459244660506,-0.046356455908287166,0.03468219923590956,-0.33140778488059824,0.19999999999999996,-0.03560878911512889,0.13139406830708272,-0.08993288778559666,0.07793322232079175,-0.08250912389897126,-0.2730945714744858,0.04923969254156111,0.020919987082945433,0.09650861555089106,-0.022301267390444635,0.05786614629065329
Base_IL10:83,Base_IL10,10.0,0.0,0.0,0.0,0.030498381128584644,-1.5157232126395048,-2.25786135727314,-2.8971484322228536,0.05586826866672787,0.05777903697494398,-0.11674760406253704,-0.2609985129772499,0.06892139397830284,0.12472066387792537,-0.03422401389824048,0.06376036432750443,-2.25786135727314,-2.8971484322228536,0.05586826866672787,0.05777903697494398,-0.11674760406253704,-0.2609985129772499,0.21698014123656806,0.06892139397830284,0.12472066387792537,-0.03422401389824048,0.06376036432750443,-0.14730809474043144,-0.1631442043463742,0.13746266937832802,0.10702514884132505,0.10965377989065266,0.018365800733306452,0.055039648362695
Base_IL10:84,Base_IL10,10.0,0.0,0.0,0.0,0.015234736355226642,-1.8171650570606697,-0.827800765431903,2.7944709444461058,-0.04813279367371326,-0.09737251784769399,0.05317485620809627,-0.28082997589397535,0.04431620502306913,-0.009856035263547128,0.04162812047497464,-0.026676613498880765,-0.827800765431903,2.7944709444461058,-0.04813279367371326,-0.09737251784769399,0.05317485620809627,-0.28082997589397535,0.39801288211604946,0.04431620502306913,-0.009856035263547128,0.04162812047497464,-0.026676613498880765,-0.062128382308117285,-0.1347520936376025,0.23644971636504353,0.09922047020925259,0.04759967734239014,0.04747115643163214,0.006609020371606989
Base_IL10:85,Base_IL10,10.0,0.0,0.0,0.0,0.00035516056561384963,-3.4495752610439054,1.3616427619680505,-2.409694115378427,0.023638473898861357,0.03237528625443782,0.02483813571215142,-0.22802036421508876,-0.015132592129702062,-0.03896862555510927,-0.037333434315351764,0.03882602141636826,1.3616427619680505,-2.409694115378427,0.023638473898861357,0.03237528625443782,0.02483813571215142,-0.22802036421508876,0.5608670665029293,-0.015132592129702062,-0.03896862555510927,-0.037333434315351764,0.03882602141636826,-0.015326151066611731,-0.03355054529943691,0.30178415381134227,0.09130795425733215,0.005166001844616241,-0.013923971036334849,0.01759870093449167
Base_IL10:86,Base_IL10,10.0,0.0,0.0,0.0,0.37638760407030525,-0.4243646880410432,-0.8456224214467637,-1.6725824506327769,-0.041713572756574835,-0.093581959985408,-0.0863643500812663,-0.37155620863665095,-0.030065384435502985,0.07951001669320124,-0.005540982837075637,-0.024873810897386463,-0.8456224214467637,-1.6725824506327769,-0.041713572756574835,-0.093581959985408,-0.0863643500812663,-0.37155620863665095,0.2667937136769336,-0.030065384435502985,0.07951001669320124,-0.005540982837075637,-0.024873810897386463,-0.16250709513561643,-0.22562416270663527,0.09161957504684043,0.015473153694824788,0.05507583553723677,0.005804712865792615,-0.011324092413356603
Base_IL10:87,Base_IL10,10.0,0.0,0.0,0.0,0.3746737478525175,-0.42634673541487905,-0.1426638961668425,-1.8296435507577762,-0.02546475022819228,-0.07938946255911372,-0.07648701539606706,-0.3651857154252223,-0.05607457033355676,0.020770268069694967,0.023503356319906188,-0.0901994578053748,-0.1426638961668425,-1.8296435507577762,-0.02546475022819228,-0.07938946255911372,-0.07648701539606706,-0.3651857154252223,0.2629254038628719,-0.05607457033355676,0.020770268069694967,0.023503356319906188,-0.0901994578053748,-0.15913727622445573,-0.23673518558384485,0.0860685521216557,-0.013038101932959465,0.016688200238999393,-0.0011101544339096104,-0.059224326262035394
Base_IL10:88,Base_IL10,10.0,0.0,0.0,0.0,0.05605342275670675,-1.2513978631945109,-1.6530538406353978,-0.9878355388761314,0.06344496101766386,0.04021762281883266,-0.10013176400420223,-0.3362308660538013,0.05733246191984199,0.1409796389486226,0.0053745046246415264,-0.05628818061239382,-1.6530538406353978,-0.9878355388761314,0.06344496101766386,0.04021762281883266,-0.10013176400420223,-0.3362308660538013,0.19999999999999996,0.05733246191984199,0.1409796389486226,0.0053745046246415264,-0.05628818061239382,-0.13956887970001342,-0.2134530716368023,0.08708147253931282,0.08427719820698001,0.11922339238681659,0.022966463515728043,-0.025921614569529326
Base_IL10:89,Base_IL10,10.0,0.0,0.0,0.0,0.08617186467556495,-1.0646345092414236,-1.240983115028833,-0.047287730650622306,0.057679365796446475,-0.025297080493443234,-0.049227735444652566,-0.2327535563068749,-0.09572184268061541,0.1514867759831747,0.09148206588848135,0.09635157740631142,-1.240983115028833,-0.047287730650622306,0.057679365796446475,-0.025297080493443234,-0.049227735444652566,-0.2327535563068749,0.19999999999999996,-0.09572184268061541,0.1514867759831747,0.09148206588848135,0.09635157740631142,-0.10474007687183211,-0.15877655344644095,0.07980444726759729,-0.019596224416719436,0.13849095566253702,0.13478954621865885,0.12106619525869654
Base_IL10:90,Base_IL10,10.0,0.0,0.0,0.0,0.0004666644641205233,-3.3309952688040534,-2.3859831804478047,-2.1055270115545226,-0.04966776040077924,0.06421285010009092,0.05909676680188161,-0.2821259320877039,0.015650417282727737,-0.029082824500470422,0.09344030840210711,-0.01881918254626852,-2.3859831804478047,-2.1055270115545226,-0.04966776040077924,0.06421285010009092,0.05909676680188161,-0.2821259320877039,0.3879039578779705,0.015650417282727737,-0.029082824500470422,0.09344030840210711,-0.01881918254626852,-0.020845138314451502,-0.10979878584754159,0.2776112668705805,0.05951837031702356,0.028246154139891993,0.07493669291031498,0.004044788343865681
Base_IL10:91,Base_IL10,10.0,0.0,0.0,0.0,0.004997026562706489,-2.301288341971023,-2.293208747371426,-1.3791168422637088,0.04889699777962047,0.08945205575170963,-0.11768852615847904,-0.25556535538015673,0.03126102082305966,0.03822937554202001,0.0143301111621857,-0.017586120959954887,-2.293208747371426,-1.3791168422637088,0.04889699777962047,0.08945205575170963,-0.11768852615847904,-0.25556535538015673,0.38699043644281395,0.03126102082305966,0.03822937554202001,0.0143301111621857,-0.017586120959954887,-0.1280526107379884,-0.1042724093984176,0.23974618994912636,0.08018048447317855,0.05747736486018813,0.022450439567478577,-0.0017671511307344773
Base_IL10:92,Base_IL10,10.0,0.0,0.0,0.0,0.00363420113651381,-2.4395910401373047,1.8265457276238521,1.0737163232340068,0.0774393888195591,-0.006778623098626347,-0.046260472611923315,-0.3221639777514389,0.01427168042289544,0.1436667153284999,0.05864980498438608,-0.0011574582236217547,1.8265457276238521,1.0737163232340068,0.0774393888195591,-0.006778623098626347,-0.046260472611923315,-0.3221639777514389,0.3296118787590492,0.01427168042289544,0.1436667153284999,0.05864980498438608,-0.0011574582236217547,-0.08617582392309443,-0.1751240006704157,0.13764323518256352,0.09140642400106562,0.1404378564367104,0.09610746009809082,0.04496359246166809
Base_IL10:93,Base_IL10,10.0,0.0,0.0,0.0,0.022883077837980707,-1.6404855621275694,-2.3793022890454427,-1.7831324183559338,-0.015185020539318772,0.07164296710181983,-0.1311280343527666,-0.25167500935734,0.08201727938270338,0.03994574154530372,0.05628653821453869,0.09304959041409772,-2.3793022890454427,-1.7831324183559338,-0.015185020539318772,0.07164296710181983,-0.1311280343527666,-0.25167500935734,0.25906981909211135,0.08201727938270338,0.03994574154530372,0.05628653821453869,0.09304959041409772,-0.1500562864376766,-0.14111411430872137,0.16318250922940863,0.09635112304050475,0.06929497570702159,0.08164454915467399,0.0871426188808695
Base_IL10:94,Base_IL10,10.0,0.0,0.0,0.0,0.001185245143385754,-2.926191815553481,-2.491398283872292,-0.25011229023256043,-0.09954033738196957,0.05509595091495752,-0.10161218254521631,-0.34833347995706876,-0.017781162062465085,0.0930467131418605,-0.0048189032508349945,-0.06178208415587638,-2.491398283872292,-0.25011229023256043,-0.09954033738196957,0.05509595091495752,-0.10161218254521631,-0.34833347995706876,0.21798918658975086,-0.017781162062465085,0.0930467131418605,-0.0048189032508349945,-0.06178208415587638,-0.16678427698020673,-0.23225618664921124,0.08416370388601464,0.014343201591605787,0.06664622615078715,-0.007029793798409052,-0.043349185476304564
Base_IL10:95,Base_IL10,10.0,0.0,0.0,0.0,0.011014107308048103,-1.958050696597597,-1.7716988984158475,0.34631726875907853,0.003418218503570114,0.017969745997583966,-0.056027997813468844,-0.32880078378928246,-0.0868375118817547,-0.03360499301787849,0.0313891508041702,0.08655146154919519,-1.7716988984158475,0.34631726875907853,0.003418218503570114,0.017969745997583966,-0.056027997813468844,-0.32880078378928246,0.355400136643096,-0.0868375118817547,-0.03360499301787849,0.0313891508041702,0.08655146154919519,-0.13448766778211996,-0.19760615022029826,0.19358498738559068,-0.03816076760676509,-0.022236308693731784,0.038523298912712264,0.07740609286103232
Base_IL10:96,Base_IL10,10.0,0.0,0.0,0.0,0.0017592837319941853,-2.754664113184754,1.8646046896492514,-2.8351446985003412,0.0934146449915143,-0.08277160192793606,0.054042653229442475,-0.29002853990804284,0.006279843927596441,-0.019601269224741466,0.010029246546934246,0.09114776445143119,1.8646046896492514,-2.8351446985003412,0.0934146449915143,-0.08277160192793606,0.054042653229442475,-0.29002853990804284,0.3526844357923611,0.006279843927596441,-0.019601269224741466,0.010029246546934246,0.09114776445143119,-0.04128506789717023,-0.16406480644409832,0.23343870848119858,0.08611268116771373,0.01791908534111304,0.03573718558399099,0.08882943506770527
Base_IL10:97,Base_IL10,10.0,0.0,0.0,0.0,0.0040967358266155674,-2.3875620401332944,-1.6224728642127386,-2.3660107302115376,0.054216759621170875,-0.06439378411172574,0.06405065418078738,-0.25802303025476825,0.05167404188032354,0.06969491924255339,0.08970936616750672,0.0778747179717217,-1.6224728642127386,-2.3660107302115376,0.054216759621170875,-0.06439378411172574,0.06405065418078738,-0.25802303025476825,0.2703627265694424,0.05167404188032354,0.06969491924255339,0.08970936616750672,0.0778747179717217,-0.02558545895730592,-0.13096507766329699,0.18875331318896194,0.09996349369521959,0.10910632554580717,0.11943836247413188,0.0931703133032997
Base_IL10:98,Base_IL10,10.0,0.0,0.0,0.0,0.05604929298268799,-1.251429861314393,0.2935799310598006,1.4101039306782022,0.05813212256342526,0.005738557582060078,-0.0975885091454572,-0.26461797456063374,-0.08822054820132896,0.08012458383857902,-0.01896336691711358,-0.005031316681060594,0.2935799310598006,1.4101039306782022,0.05813212256342526,0.005738557582060078,-0.0975885091454572,-0.26461797456063374,0.38158302051034165,-0.08822054820132896,0.08012458383857902,-0.01896336691711358,-0.005031316681060594,-0.14526097812190217,-0.16725313103270417,0.2178796218068006,0.02202267328256292,0.07250756438948656,0.010071542234839841,0.0053368166462974655
Base_IL10:99,Base_IL10,10.0,0.0,0.0,0.0,0.011984604202458041,-1.9213763041857561,1.4438743406547903,0.46348319276317196,-0.036014192965617635,-0.04109427411546554,0.047378977885086035,-0.35820747163192534,-0.02120236457255824,0.0004262564981747721,0.008350616469209893,0.06937355701713331,1.4438743406547903,0.46348319276317196,-0.036014192965617635,-0.04109427411546554,0.047378977885086035,-0.35820747163192534,0.41795228884482916,-0.02120236457255824,0.0004262564981747721,0.008350616469209893,0.06937355701713331,-0.06242976059866374,-0.19473561643070675,0.2241456393846409,0.06780590314988973,0.030793682500296328,0.033939186010248173,0.06793546984872627
Base_IL10:100,Base_IL10,10.0,0.0,0.0,0.0,0.010535053521871283,-1.977363253677683,-0.032365877407198096,-1.8086456143154046,-0.0081637894415876,0.010338586224039693,-0.052830643785738776,-0.30629520419384854,-0.029770176758143887,0.001079420380268592,0.055673842218653125,-0.07394947280913004,-0.032365877407198096,-1.8086456143154046,-0.0081637894415876,0.010338586224039693,-0.052830643785738776,-0.30629520419384854,0.4618988641885897,-0.029770176758143887,0.001079420380268592,0.055673842218653125,-0.07394947280913004,-0.1060166825469494,-0.13595108361940264,0.25987343596375656,0.058006959623916034,0.03752591005020948,0.03286563240188174,-0.036911101790678184
Base_IL10:101,Base_IL10,10.0,0.0,0.0,0.0,0.023576879873133342,-1.6275136692807903,1.0679952423761268,1.7165693870920748,-0.0754124695632058,-0.023499809597947487,0.00945451001702563,-0.3099187881841403,0.0035358039732781513,0.11371422781171919,0.06020119121195014,-0.03802875472581745,1.0679952423761268,1.7165693870920748,-0.0754124695632058,-0.023499809597947487,0.00945451001702563,-0.3099187881841403,0.36623444491491586,0.0035358039732781513,0.11371422781171919,0.06020119121195014,-0.03802875472581745,-0.07837937149022974,-0.1668994724038911,0.1756370534521365,0.08903382198293804,0.12675084694627348,0.0849891606154547,0.01575007432617887
Base_IL10:102,Base_IL10,10.0,0.0,0.0,0.0,0.0712881591119334,-1.1469826000135035,2.817402924137126,0.5549411211727677,0.0038171951939454107,0.0445314883631732,-0.03211987982281101,-0.2840321336322483,-0.09603749732425072,-0.038239050175711206,-0.04309220974979125,0.07852104031965215,2.817402924137126,0.5549411211727677,0.0038171951939454107,0.0445314883631732,-0.03211987982281101,-0.2840321336322483,0.37960950541841676,-0.09603749732425072,-0.038239050175711206,-0.04309220974979125,0.07852104031965215,-0.08805116916350404,-0.19494853907154397,0.2330247492377601,0.005507303674766502,-0.046848477013713745,-0.04022041005462206,0.05600734994004498
Base_IL10:103,Base_IL10,10.0,0.0,0.0,0.0,0.008127395268930884,-2.0900486181921503,2.635499060470621,-1.5773588815933552,-0.09465322056690029,0.008578655556495394,-0.12850301972258513,-0.33690960324312735,0.011162114107463438,0.04714159453133639,0.09350930829291348,-0.0795424839791785,2.635499060470621,-1.5773588815933552,-0.09465322056690029,0.008578655556495394,-0.12850301972258513,-0.33690960324312735,0.19999999999999996,0.011162114107463438,0.04714159453133639,0.09350930829291348,-0.0795424839791785,-0.16115473625815493,-0.23762798051920112,0.030863197850737937,0.030065600804756485,0.05765241792673564,0.06454066677921708,-0.02322393786643642
Base_IL10:104,Base_IL10,10.0,0.0,0.0,0.0,0.05209296947271045,-1.2832208856301721,2.7026131799738224,-0.30462525707299015,0.07260972271796268,0.015185628070029177,-0.11479281879469042,-0.28233631942660264,0.05535059607237167,0.11233493964269008,0.08869579273676786,-0.05869418253888544,2.7026131799738224,-0.30462525707299015,0.07260972271796268,0.015185628070029177,-0.11479281879469042,-0.28233631942660264,0.20000000000000007,0.05535059607237167,0.11233493964269008,0.08869579273676786,-0.05869418253888544,-0.12854240711998946,-0.20360775475285708,0.05970483103354483,0.08537603078517016,0.12661444589257312,0.09875860989394002,0.0028807088073341796
Base_IL10:105,Base_IL10,10.0,0.0,0.0,0.0,0.0007929166116030131,-3.1007724835839237,-2.953913981905326,-1.1756510831483145,-0.03354240572427999,-0.05570585175216143,0.037703029671498925,-0.3869116590601459,0.027322799520875487,0.009653289657906697,-0.023068954318865777,-0.027626576504952618,-2.953913981905326,-1.1756510831483145,-0.03354240572427999,-0.05570585175216143,0.037703029671498925,-0.3869116590601459,0.3984654337893132,0.027322799520875487,0.009653289657906697,-0.023068954318865777,-0.027626576504952618,-0.08118535338544554,-0.18183662823018987,0.236526817202832,0.05838308930234003,0.022139335631304054,-0.015089998316067338,-0.018967097091843292
Base_IL10:106,Base_IL10,10.0,0.0,0.0,0.0,0.002787597462666843,-2.554769939456448,2.118314482830998,-1.8825011521150266,0.05440442345719654,-0.0966312878018045,0.023965558168107887,-0.25971592384807124,0.07542469302395123,0.013839919755817678,-0.036499797584477266,-0.059803392325475636,2.118314482830998,-1.8825011521150266,0.05440442345719654,-0.0966312878018045,0.023965558168107887,-0.25971592384807124,0.37971500403509795,0.07542469302395123,0.013839919755817678,-0.036499797584477266,-0.059803392325475636,-0.058774585134789344,-0.12090229966699582,0.23173361693176464,0.14441447108539857,0.05682541829028013,-0.017557513658791657,-0.046677986352741715
Base_IL10:107,Base_IL10,10.0,0.0,0.0,0.0,0.01560228624289679,-1.8068117587016583,-1.6056037968771537,-0.43751458625547657,-0.020546942258326574,-0.0035063921527707766,-0.06240246430399749,-0.32803496093714735,0.021966259764907983,0.13424861520386067,-0.044715342751275845,0.019693859839942207,-1.6056037968771537,-0.43751458625547657,-0.020546942258326574,-0.0035063921527707766,-0.06240246430399749,-0.32803496093714735,0.36488516278777117,0.021966259764907983,0.13424861520386067,-0.044715342751275845,0.019693859839942207,-0.12346402721461418,-0.1662987188266495,0.19418771583692387,0.08787610229752142,0.1082929130925994,0.00764179355946255,0.022441072746085644
Base_IL10:108,Base_IL10,10.0,0.0,0.0,0.0,0.0035598652041760274,-2.4485664464627606,0.5159886069198318,2.691441521352857,0.06672237187452133,-0.034945419897034716,-0.022077421562186568,-0.2992270768036013,0.04813862223077217,0.0033593802963876943,0.07202208298214874,-0.07547661880747665,0.5159886069198318,2.691441521352857,0.06672237187452133,-0.034945419897034716,-0.022077421562186568,-0.2992270768036013,0.3780310055458709,0.04813862223077217,0.0033593802963876943,0.07202208298214874,-0.07547661880747665,-0.08488679194440536,-0.16073827458483267,0.2116495903800629,0.11186286819688063,0.06975479206922479,0.06812679370745307,-0.016964940712576412
Base_IL10:109,Base_IL10,10.0,0.0,0.0,0.0,0.0013793445222677414,-2.8603272454759088,1.9526143140132302,2.303105634006041,-0.06827514142259312,0.033346988003525445,0.04644417491493605,-0.215736130256064,-0.014741225858810037,0.06731876100735935,-0.04326178538049666,0.03198996498952949,1.9526143140132302,2.303105634006041,-0.06827514142259312,0.033346988003525445,0.04644417491493605,-0.215736130256064,0.4788858281666859,-0.014741225858810037,0.06731876100735935,-0.04326178538049666,0.03198996498952949,-0.007704502290890405,-0.046714205756364834,0.2642793756165053,0.12066643447111285,0.09282246568691115,0.028650601270499083,0.04317318587266466
Base_IL10:110,Base_IL10,10.0,0.0,0.0,0.0,0.0032253535086560065,-2.491422678410173,-2.1187239284064736,-2.0661110779355796,-0.04687969189550001,-0.05083508123033086,0.026126555727699535,-0.2548494836663965,-0.03321145566882253,0.028341040061760595,0.05117768489543162,0.07600621088115218,-2.1187239284064736,-2.0661110779355796,-0.04687969189550001,-0.05083508123033086,0.026126555727699535,-0.2548494836663965,0.4325727959729062,-0.03321145566882253,0.028341040061760595,0.05117768489543162,0.07600621088115218,-0.0561035338763416,-0.08291975896578166,0.2710380094669316,0.04208354019392186,0.05331672309049086,0.06886346561723432,0.07232004721884651
Base_IL10:111,Base_IL10,10.0,0.0,0.0,0.0,0.012666016915554381,-1.8973599363049876,2.4699256471449207,2.927159080134256,-0.06197122723911102,0.06723574979215825,-0.01813729282873117,-0.3411580629890083,-0.019988013215958157,0.04815647460213038,0.039288751551657564,-0.037369211233684994,2.4699256471449207,2.927159080134256,-0.06197122723911102,0.06723574979215825,-0.01813729282873117,-0.3411580629890083,0.3666952165475601,-0.019988013215958157,0.04815647460213038,0.039288751551657564,-0.037369211233684994,-0.08164791657915338,-0.22465156327761937,0.17651914976405048,0.07353500933974691,0.07897980821364396,0.05841514311192991,0.0024462466523383344
Base_IL10:112,Base_IL10,10.0,0.0,0.0,0.0,0.0005864279106647285,-3.2317853679044166,1.4127621237212016,-0.9561007876036509,0.015210341714231813,0.09180509699851208,-0.09514533080307751,-0.2981852227375051,-0.0933896846216748,-0.02214511558034958,-0.03281297884317518,0.021446148177740532,1.4127621237212016,-0.9561007876036509,0.015210341714231813,0.09180509699851208,-0.09514533080307751,-0.2981852227375051,0.3298600805237334,-0.0933896846216748,-0.02214511558034958,-0.03281297884317518,0.021446148177740532,-0.13640282966492748,-0.21783437034551398,0.17576880210420046,-0.022923884078901394,-0.03598361075083992,-0.03875886902936244,0.004596125633953174
Base_IL10:113,Base_IL10,10.0,0.0,0.0,0.0,0.005129179331306991,-2.2899521164469117,0.7115358908520579,1.5061450419145601,0.07346376412361662,-0.061731223820430094,-0.061116262579150406,-0.37132013975987427,-0.04093277010570162,0.12211888293716493,0.014776257543207707,0.05454069913085441,0.7115358908520579,1.5061450419145601,0.07346376412361662,-0.061731223820430094,-0.061116262579150406,-0.37132013975987427,0.19999999999999996,-0.04093277010570162,0.12211888293716493,0.014776257543207707,0.05454069913085441,-0.13393278023465774,-0.26032493210749535,0.01914539893054354,-0.006889130476810658,0.07603713507694167,0.04387425977015205,0.05282532269577739
Base_IL10:114,Base_IL10,10.0,0.0,0.0,0.0,0.06754245407691291,-1.1704231638264728,1.659538922880162,-1.6104943316163056,-0.0783458360594178,-0.03861716492164469,-0.029520075047051248,-0.35421326924162366,-0.05026041624877492,0.07174903394859944,0.09140698701270811,0.04262413160384831,1.659538922880162,-1.6104943316163056,-0.0783458360594178,-0.03861716492164469,-0.029520075047051248,-0.35421326924162366,0.24326308591633183,-0.05026041624877492,0.07174903394859944,0.09140698701270811,0.04262413160384831,-0.11816240526562391,-0.23499965113896704,0.06655778016330784,0.004360945384282838,0.07024950129365222,0.09616231890374859,0.06635317386133108
Base_IL10:115,Base_IL10,10.0,0.0,0.0,0.0,0.013677811550151976,-1.8639833841746307,2.560569062630732,-2.5832741977742293,0.07803505706495091,-0.00929941798728684,-0.10093505952060744,-0.34692095345128415,0.05841634999170378,-0.005592199050117139,-0.03565800443837507,-0.009375324215103564,2.560569062630732,-2.5832741977742293,0.07803505706495091,-0.00929941798728684,-0.10093505952060744,-0.34692095345128415,0.3557676342805711,0.05841634999170378,-0.005592199050117139,-0.03565800443837507,-0.009375324215103564,-0.13462462492412067,-0.20604315057689104,0.16093631469134895,0.10240482932510359,0.027900618650021514,-0.016543409886810866,-0.01160873023532787
Base_IL10:116,Base_IL10,10.0,0.0,0.0,0.0,0.003163406898374521,-2.4998449426548692,1.7283900022632377,-0.13298917645170938,-0.09502177396892496,0.01521733899595883,0.03923554542661488,-0.24943000053036118,-0.08071678983426339,-0.006713000608512834,-0.08051445288121882,0.08278816139608487,1.7283900022632377,-0.13298917645170938,-0.09502177396892496,0.01521733899595883,0.03923554542661488,-0.24943000053036118,0.35036293635806026,-0.08071678983426339,-0.006713000608512834,-0.08051445288121882,0.08278816139608487,-0.04386276678279745,-0.15696906337334507,0.2536863464134433,0.016341491108039768,-0.022971361328930774,-0.06405487505774789,0.0576702303171758
Base_IL10:117,Base_IL10,10.0,0.0,0.0,0.0,0.004010010572221488,-2.396854482379468,1.6458902021910258,-2.628907112651907,-0.01337155094871172,0.03078887652743352,0.024589092525422525,-0.295420205571521,0.09155988837225576,0.14523108375753235,0.07470957522633917,0.029770059787361358,1.6458902021910258,-2.628907112651907,-0.01337155094871172,0.03078887652743352,0.024589092525422525,-0.295420205571521,0.29455966728342253,0.09155988837225576,0.14523108375753235,0.07470957522633917,0.029770059787361358,-0.033150222093468296,-0.13555806069528498,0.14864231551217896,0.13796609387468797,0.15370652461838635,0.10541281716356521,0.056301337600322396
Base_IL10:118,Base_IL10,10.0,0.0,0.0,0.0,0.017559799127791726,-1.755480456436214,2.6786772889164254,0.793996128268244,-0.03296968175660713,-0.06069931896752123,-0.08092873896881934,-0.2569351821031388,-0.044484591569658706,0.03581055773574569,-0.008999066639671384,0.018131007214149685,2.6786772889164254,0.793996128268244,-0.03296968175660713,-0.06069931896752123,-0.08092873896881934,-0.2569351821031388,0.461041855044688,-0.044484591569658706,0.03581055773574569,-0.008999066639671384,0.018131007214149685,-0.13282636975869516,-0.13721364888021653,0.22526655118629071,0.0742852455633663,0.05046928811742841,0.01887202934501283,0.02313293582440318
Base_IL10:119,Base_IL10,10.0,0.0,0.0,0.0,0.019343861503898507,-1.7134568258871476,-0.6429203171557163,-0.5387760962021362,-0.01903045594200078,-0.035245573860435676,-0.0414219276244088,-0.32680974727864276,0.04195446315076615,-0.02317018792439697,0.07361200129924442,-0.02853504617443441,-0.6429203171557163,-0.5387760962021362,-0.01903045594200078,-0.035245573860435676,-0.0414219276244088,-0.32680974727864276,0.41022059674567,0.04195446315076615,-0.02317018792439697,0.07361200129924442,-0.02853504617443441,-0.11311702556737517,-0.16022497877035002,0.22553166326482774,0.08368739458718029,0.03333521679653292,0.05464007300229229,0.0014207634359016859
Base_IL10:120,Base_IL10,10.0,0.0,0.0,0.0,0.03749421831637373,-1.4260356961891363,2.995121537712319,-1.3203498016371527,-0.04597901290675604,-0.0015943179803065144,-0.13014284182802424,-0.2966440829823392,0.041233388896876694,0.11691908803928375,0.035874025967215006,-0.004678870047263928,2.995121537712319,-1.3203498016371527,-0.04597901290675604,-0.0015943179803065144,-0.13014284182802424,-0.2966440829823392,0.3269343713519346,0.041233388896876694,0.11691908803928375,0.035874025967215006,-0.004678870047263928,-0.14404326028983513,-0.17824452687611533,0.12709923607878928,0.10012467856602222,0.11447938251032129,0.06574048406271793,0.024883042722043086
Base_IL10:121,Base_IL10,10.0,0.0,0.0,0.0,0.07846983613056693,-1.1052972543318282,0.4560627678279443,0.09251101479526169,0.05125250426020671,-0.09348028241152301,-0.04307541890245495,-0.33759391904761293,-0.09252229918113125,0.023765000921858057,0.06260803577048524,0.09570253950472789,0.4560627678279443,0.09251101479526169,0.05125250426020671,-0.09348028241152301,-0.04307541890245495,-0.33759391904761293,0.19999999999999996,-0.09252229918113125,0.023765000921858057,0.06260803577048524,0.09570253950472789,-0.13381567877941067,-0.245635124798093,0.029069656688664017,-0.06080340503299896,0.006010991202330674,0.06223414105273806,0.08812655370782489
Base_IL10:122,Base_IL10,10.0,0.0,0.0,0.0,0.0024448262191092904,-2.6117520055645533,-2.15504141144705,-1.9886153754784375,-0.02625066716563922,-0.07263267321177547,-0.006434069686074243,-0.20847893172701784,-0.0019824752199606444,0.12764358502386025,-0.0621687224626796,0.002202442652075831,-2.15504141144705,-1.9886153754784375,-0.02625066716563922,-0.07263267321177547,-0.006434069686074243,-0.20847893172701784,0.4922064328509169,-0.0019824752199606444,0.12764358502386025,-0.0621687224626796,0.002202442652075831,-0.05970868415442221,-0.033336211789272575,0.2759900108970898,0.08638634074366042,0.09209541931292135,-0.010595223040929217,0.004626859994809748
Base_IL10:123,Base_IL10,10.0,0.0,0.0,0.0,0.0028949715871547507,-2.5383556943208143,-1.5408025931094953,-1.8587754754673127,0.022365513578357057,-0.08599110707822172,-0.03224717906848874,-0.23099970438075562,0.026116192319164556,0.08751302689337574,0.028620634275224478,-0.014014208771420034,-1.5408025931094953,-1.8587754754673127,0.022365513578357057,-0.08599110707822172,-0.03224717906848874,-0.23099970438075562,0.47213243363499213,0.026116192319164556,0.08751302689337574,0.028620634275224478,-0.014014208771420034,-0.07972993119264776,-0.05937814976558004,0.2605758204678969,0.0963217151460866,0.09053371422942812,0.040517382801572875,0.007556527316299205
Base_IL10:124,Base_IL10,10.0,0.0,0.0,0.0,0.037209263909078895,-1.42934892130841,2.739593147755072,-2.773681249142242,0.07383732382111315,-0.04895024825224832,-0.04047547417907392,-0.3724845440059383,0.08415164398531122,-0.018840504485826,0.007118446832911385,0.06987163106395476,2.739593147755072,-2.773681249142242,0.07383732382111315,-0.04895024825224832,-0.04047547417907392,-0.3724845440059383,0.284270183373623,0.08415164398531122,-0.018840504485826,0.007118446832911385,0.06987163106395476,-0.11258114171015123,-0.23675395083502979,0.11679923400984082,0.10308998642072921,0.028743078500558135,0.027579335193528336,0.05863645452428269
Base_IL10:125,Base_IL10,10.0,0.0,0.0,0.0,0.017638264834148275,-1.7535441408606491,-1.1161136348791132,-0.974937697715984,-0.06726884717752256,-0.028700288735529128,-0.10433134525667123,-0.33812117283751514,0.08642571044016545,0.12873301877091003,0.0059880048246261745,0.04043161195706044,-1.1161136348791132,-0.974937697715984,-0.06726884717752256,-0.028700288735529128,-0.10433134525667123,-0.33812117283751514,0.19999999999999984,0.08642571044016545,0.12873301877091003,0.0059880048246261745,0.04043161195706044,-0.1498678409673745,-0.20583811682240477,0.0724201813152523,0.08836009347123526,0.10331452548795485,0.042298743247220466,0.04059755985160308
Base_IL10:126,Base_IL10,10.0,0.0,0.0,0.0,0.06331356548169684,-1.198503228645253,-0.684349491503931,1.8282436485699256,-0.027527609439340107,-0.009625790602616325,-0.127327460418086,-0.2261679034366954,0.094639461900939,-0.031053869353402958,0.08801853675396341,-0.04373664633993777,-0.684349491503931,1.8282436485699256,-0.027527609439340107,-0.009625790602616325,-0.127327460418086,-0.2261679034366954,0.351902721755019,0.094639461900939,-0.031053869353402958,0.08801853675396341,-0.04373664633993777,-0.14999893329035244,-0.12622522946034875,0.19849002254038448,0.11173218263043345,0.042407629058416614,0.0681773380623883,0.000836633906555293
Base_IL10:127,Base_IL10,10.0,0.0,0.0,0.0,0.0016395202854499803,-2.785283205524358,-0.4287402113687069,2.1077000406351103,0.04064319704465891,0.002887042274239282,0.019501546859653135,-0.2046904704392531,0.09366996711840764,0.026124321483492592,0.0786292447984718,-0.07318955217444191,-0.4287402113687069,2.1077000406351103,0.04064319704465891,0.002887042274239282,0.019501546859653135,-0.2046904704392531,0.46066465780738164,0.09366996711840764,0.026124321483492592,0.0786292447984718,-0.07318955217444191,-0.017991393139225872,-0.03172149654877249,0.24707602235100906,0.1417815124026746,0.09315616417395131,0.07599527978911455,0.004187959580845558
Base_IL10:128,Base_IL10,10.0,0.0,0.0,0.0,0.005740385886084313,-2.241058912033378,0.27279287812152697,-2.2231487668205343,0.008525829505295058,-0.0040054183608541965,-0.1098946993773046,-0.22909571823884048,-0.007454230869680623,0.1269920127377144,0.01850531751279334,-0.03958078903724861,0.27279287812152697,-2.2231487668205343,0.008525829505295058,-0.0040054183608541965,-0.1098946993773046,-0.22909571823884048,0.4559459843602687,-0.007454230869680623,0.1269920127377144,0.01850531751279334,-0.03958078903724861,-0.1154191913528137,-0.08316353919740652,0.23820449794559656,0.09489536476710016,0.1129296473309109,0.03985722188637491,-0.007081949955401836
Base_IL10:129,Base_IL10,10.0,0.0,0.0,0.0,0.0009291991542222809,-3.0318911941761106,0.47394161620977404,0.44270443665896075,-0.0796636361946561,0.04146327911886456,-0.003721499389612363,-0.3945254472166838,-0.05084108175360165,0.05483837950777516,0.07119085014484412,-0.06885378914525873,0.47394161620977404,0.44270443665896075,-0.0796636361946561,0.04146327911886456,-0.003721499389612363,-0.3945254472166838,0.23490203752870353,-0.05084108175360165,0.05483837950777516,0.07119085014484412,-0.06885378914525873,-0.10043110707071445,-0.2828061641448849,0.06038404441405917,-0.015306848464019552,0.051105565782873966,0.04990308166002825,-0.03574971490865393
Base_IL10:130,Base_IL10,10.0,0.0,0.0,0.0,0.0023622307387339767,-2.626677683494449,-1.144735799818557,2.7385215020433393,0.0723659131421499,0.006523329743390716,0.01615278778595411,-0.3051108889764659,0.01760825632379768,0.01637030946273435,0.055251628419328846,-0.001668092286869738,-1.144735799818557,2.7385215020433393,0.0723659131421499,0.006523329743390716,0.01615278778595411,-0.3051108889764659,0.5089487938593088,0.01760825632379768,0.01637030946273435,0.055251628419328846,-0.001668092286869738,-0.03623144268832907,-0.0830048040424271,0.26034514036190615,0.09780691550403854,0.070951284250449,0.06811511844328028,0.037250805122235255
Base_IL10:131,Base_IL10,10.0,0.0,0.0,0.0,0.0009333289282410466,-3.029965273140072,2.5735601257270795,2.9465222749299524,-0.027120302958915588,0.0612975622496591,-0.12311186095296892,-0.3143278867492771,-0.07252408874957715,0.0852747382464563,0.01652333249135505,0.031233417226746198,2.5735601257270795,2.9465222749299524,-0.027120302958915588,0.0612975622496591,-0.12311186095296892,-0.3143278867492771,0.2685868103750446,-0.07252408874957715,0.0852747382464563,0.01652333249135505,0.031233417226746198,-0.1595259118207595,-0.2581318848526137,0.061914857449410825,-0.01524633941477501,0.052634248862597474,0.03673691076659261,0.03868300546116661
Base_IL10:132,Base_IL10,10.0,0.0,0.0,0.0,0.002977567067530065,-2.526138447568044,-1.8613189085287374,1.8719889691390323,-0.012185260926524567,0.007208901599776718,-0.049628420693021646,-0.22981665607030854,0.05416830245828368,0.04452577273763591,0.04289183713277622,0.06652182630585582,-1.8613189085287374,1.8719889691390323,-0.012185260926524567,0.007208901599776718,-0.049628420693021646,-0.22981665607030854,0.4930530220758169,0.05416830245828368,0.04452577273763591,0.04289183713277622,0.06652182630585582,-0.07054916933647576,-0.05157845683353331,0.24869868630850006,0.10544455945879055,0.07826927216230498,0.07024932337654248,0.06959092675768176
Base_IL10:133,Base_IL10,10.0,0.0,0.0,0.0,0.024572155411655874,-1.6095567465589236,2.158534735787709,-0.08202119880841763,-0.08485931743961334,0.03156463095072106,0.03441469504765485,-0.2011783849709261,-0.03997723744513885,0.149540223673936,0.034257744192021856,0.08212857956606151,2.158534735787709,-0.08202119880841763,-0.08485931743961334,0.03156463095072106,0.03441469504765485,-0.2011783849709261,0.34207918671392645,-0.03997723744513885,0.149540223673936,0.034257744192021856,0.08212857956606151,-0.01696521300748741,-0.07474695137025018,0.19691597076800452,0.08446431341198092,0.14668405415320607,0.10257610212615328,0.10367994971081121
Base_IL10:134,Base_IL10,10.0,0.0,0.0,0.0,0.0012678406237610679,-2.896935336810287,-1.2640803617372633,2.0790300171904,0.010561808646290262,-0.09800685181389995,-0.003051102219601358,-0.3084277454252245,-0.057488840185198654,-0.016554507144058803,-0.03901561211604132,-0.0308562402299045,-1.2640803617372633,2.0790300171904,0.010561808646290262,-0.09800685181389995,-0.003051102219601358,-0.3084277454252245,0.4360372922197806,-0.057488840185198654,-0.016554507144058803,-0.03901561211604132,-0.0308562402299045,-0.1060828613399485,-0.15761782951485218,0.244330533492071,0.017387891065155973,-0.007594895947985354,-0.03845462398107535,-0.033697143034083665
Base_IL10:135,Base_IL10,10.0,0.0,0.0,0.0,0.017225287432271707,-1.7638335224416417,0.8683101230704042,-2.9280635943778024,-0.05737171909901099,0.016976426963633107,-0.12355274820910839,-0.24701487288650623,0.02882854108979074,0.043185018527795035,0.009049714097645501,0.08533520267832405,0.8683101230704042,-2.9280635943778024,-0.05737171909901099,0.016976426963633107,-0.12355274820910839,-0.24701487288650623,0.38868575644818604,0.02882854108979074,0.043185018527795035,0.009049714097645501,0.08533520267832405,-0.1364457923489305,-0.12101602468857907,0.20951536093452797,0.09675285809888845,0.0642445541367548,0.044301114269826886,0.07015479542417177
Base_IL10:136,Base_IL10,10.0,0.0,0.0,0.0,0.0006029470067397912,-3.219720856503036,-1.5597838931814805,2.6185473547863123,-0.07354270671299698,0.0347645412450782,-0.07126169673635604,-0.2731000593811705,-0.08341357949824033,0.07412359319126102,-0.09450895400178437,0.022412735216138048,-1.5597838931814805,2.6185473547863123,-0.07354270671299698,0.0347645412450782,-0.07126169673635604,-0.2731000593811705,0.27287213401697463,-0.08341357949824033,0.07412359319126102,-0.09450895400178437,0.022412735216138048,-0.15991043079057682,-0.21826038412689133,0.13448717772951072,-0.03266805446762665,0.02485295382165226,-0.07966411953694656,-0.007951491061297566
Base_IL10:137,Base_IL10,10.0,0.0,0.0,0.0,0.002139222941720629,-2.66974395254224,-0.21814189563687603,0.36695576022454857,-0.0813105063433156,0.04503292512766899,0.018246878711565127,-0.24545560600156674,-0.0006090107019430358,0.09502454044999831,-0.07603229341745937,-0.051169630679213256,-0.21814189563687603,0.36695576022454857,-0.0813105063433156,0.04503292512766899,0.018246878711565127,-0.24545560600156674,0.38711860856726954,-0.0006090107019430358,0.09502454044999831,-0.07603229341745937,-0.051169630679213256,-0.043725830541063625,-0.10274239586424173,0.2539287470745566,0.10357730582207723,0.09645047033193699,-0.0323425173872424,-0.04089260373333748
Base_IL10:138,Base_IL10,10.0,0.0,0.0,0.0,0.0027793379146293113,-2.5560586480634964,-2.5481810466263655,-0.5633459014820489,0.034730577276476285,0.03560256319624542,-0.0699591254695558,-0.24619596437299182,-0.03747419220373246,-0.014325249518026342,0.09080887687273159,0.06793639695831442,-2.5481810466263655,-0.5633459014820489,0.034730577276476285,0.03560256319624542,-0.0699591254695558,-0.24619596437299182,0.4029670541319259,-0.03747419220373246,-0.014325249518026342,0.09080887687273159,0.06793639695831442,-0.10769379965785443,-0.094272522053584,0.25170919099559036,0.021439911733575276,0.030347592857795213,0.09223039403970387,0.0742993902274221
Base_IL10:139,Base_IL10,10.0,0.0,0.0,0.0,0.003807651645301969,-2.4193427912338437,1.6956103478709506,-2.669948124402615,0.04379007868624307,0.03385157766013265,-0.1159484402389079,-0.23936239021082334,-0.06927169229020434,0.11872765145564088,0.025290688654390082,0.0469276594638258,1.6956103478709506,-2.669948124402615,0.04379007868624307,0.03385157766013265,-0.1159484402389079,-0.23936239021082334,0.30682982133983194,-0.06927169229020434,0.11872765145564088,0.025290688654390082,0.0469276594638258,-0.145420754915101,-0.16627327777223802,0.16580472770121554,0.03584153442307754,0.11358919436363057,0.07135102455709576,0.0642742623630114
Base_IL10:140,Base_IL10,10.0,0.0,0.0,0.0,0.029833487511563367,-1.5252959749820238,-1.2912619320093972,-1.2695220730200272,-0.05590313503428375,-0.04691444823168992,0.007269529799148994,-0.3320191588656757,-0.005118352182295527,0.15427122043634978,-0.01122773324680717,-0.05818392878343001,-1.2912619320093972,-1.2695220730200272,-0.05590313503428375,-0.04691444823168992,0.007269529799148994,-0.3320191588656757,0.3290924934203192,-0.005118352182295527,0.15427122043634978,-0.01122773324680717,-0.05818392878343001,-0.0917204221766287,-0.1810954282512157,0.17866249180661423,0.07436249248376514,0.13238889680636806,0.015499943373997987,-0.030245114741451928
Base_IL10:141,Base_IL10,10.0,0.0,0.0,0.0,0.0024200475749966963,-2.6161760962693825,-2.04185477955601,-0.8057213215996257,0.03198123801302562,-0.03373493596272994,-0.011401346659698046,-0.2380396139695487,0.07742066546450566,0.11957763214677067,0.039658952691199345,0.0034103152530750914,-2.04185477955601,-0.8057213215996257,0.03198123801302562,-0.03373493596272994,-0.011401346659698046,-0.2380396139695487,0.44477529983944697,0.07742066546450566,0.11957763214677067,0.039658952691199345,0.0034103152530750914,-0.05612802656536194,-0.057629019878467844,0.24340195346961352,0.12301369431865948,0.1153821865313467,0.0587490646521227,0.025928816022853594
Base_IL10:142,Base_IL10,10.0,0.0,0.0,0.0,0.025187491740451963,-1.5988150789297721,1.1291274404273939,2.241636133257746,-0.089190523951902,0.01907316350658013,-0.11053525241118867,-0.2870664634107645,-0.030850999393482917,0.047330308223947244,0.048068904227967994,0.05807660244671223,1.1291274404273939,2.241636133257746,-0.089190523951902,0.01907316350658013,-0.11053525241118867,-0.2870664634107645,0.3098077824274543,-0.030850999393482917,0.047330308223947244,0.048068904227967994,0.05807660244671223,-0.16148069975248294,-0.20592455554834727,0.11612846977103926,0.023827761645113243,0.04895771869109507,0.06187474235454655,0.06700443327388854
Base_IL10:143,Base_IL10,10.0,0.0,0.0,0.0,0.001788192150125545,-2.747585815934108,2.513696682531746,1.9691776363141058,-0.04808167780534039,0.02899236186962877,-0.10027198498886526,-0.36192345208832344,0.001121362629366862,0.055715164984756475,0.00486330985865524,-0.08219734729768004,2.513696682531746,1.9691776363141058,-0.04808167780534039,0.02899236186962877,-0.10027198498886526,-0.36192345208832344,0.3168333384773835,0.001121362629366862,0.055715164984756475,0.00486330985865524,-0.08219734729768004,-0.14648776270277336,-0.24743186687007018,0.0940946743503904,0.04780036620604291,0.052725054951881276,0.005287913896371818,-0.053285673831063196
Base_IL10:144,Base_IL10,10.0,0.0,0.0,0.0,0.001077871018897846,-2.967433204949192,0.2320126958118922,-2.441285010967679,0.03172727472788528,0.0037193014726562227,-0.03597100114533611,-0.27748958029918913,-0.06512195265068271,-0.008405356071689837,-0.05744528049768477,-0.04096076180230897,0.2320126958118922,-2.441285010967679,0.03172727472788528,0.0037193014726562227,-0.03597100114533611,-0.27748958029918913,0.47915949133256697,-0.06512195265068271,-0.008405356071689837,-0.05744528049768477,-0.04096076180230897,-0.08671367862274922,-0.10960953656196888,0.28090981840092694,0.039375936648303675,-0.0013552761132219176,-0.05069691095280776,-0.043098443821793765
Base_IL10:145,Base_IL10,10.0,0.0,0.0,0.0,0.015201698163076517,-1.8181078948408065,-2.9802317559717086,0.04915669083049856,0.07074963523707882,-0.01288611806781599,-0.07891508551824547,-0.35929302694187865,-0.007717437984847864,0.0043933880884153564,-0.06639120559869799,-0.0515236509785474,-2.9802317559717086,0.04915669083049856,0.07074963523707882,-0.01288611806781599,-0.07891508551824547,-0.35929302694187865,0.3481304515844724,-0.007717437984847864,0.0043933880884153564,-0.06639120559869799,-0.0515236509785474,-0.1447936826630315,-0.18999235341903245,0.18600144828201365,0.02230985494138716,-0.0030777258247739318,-0.05908559759101397,-0.04779185821377297
Base_IL10:146,Base_IL10,10.0,0.0,0.0,0.0,0.02705001982291529,-1.5678324122956901,1.2052142478841377,-2.5531663695302385,-0.04673173325854085,-0.07033779793260674,0.028385744518480624,-0.2701504588243459,0.06209175507186076,-0.003470533371678061,-0.06152172484175566,-0.04139290350166383,1.2052142478841377,-2.5531663695302385,-0.04673173325854085,-0.07033779793260674,0.028385744518480624,-0.2701504588243459,0.4159173486790675,0.06209175507186076,-0.003470533371678061,-0.06152172484175566,-0.04139290350166383,-0.057398686937152193,-0.10973709782743948,0.247210578532408,0.12537680036498686,0.030868277578047897,-0.03869589379761678,-0.03930524888226492
Base_IL10:147,Base_IL10,10.0,0.0,0.0,0.0,0.0008424738998282014,-3.0744435448615746,-1.7903677614875733,-2.2589614983888717,0.011289581442584296,0.06488256026310223,0.05968292977322966,-0.3708860298139784,0.03592528150118144,0.056632379428263595,0.007852082819163232,-0.027496759308018506,-1.7903677614875733,-2.2589614983888717,0.011289581442584296,0.06488256026310223,0.05968292977322966,-0.3708860298139784,0.3653523956504787,0.03592528150118144,0.056632379428263595,0.007852082819163232,-0.027496759308018506,-0.03457829061308407,-0.17847707288649556,0.22857765849472844,0.08831141227963364,0.0722004315511755,0.01794247803036493,-0.012221616138654539
Base_IL10:148,Base_IL10,10.0,0.0,0.0,0.0,0.001899696048632219,-2.721315880605899,-0.24181416321732563,-0.32766677199811756,-0.03526360378919661,0.0468332339033116,-0.0356205978944685,-0.31821747985763954,-0.01039850561264316,0.0850432290862822,-0.028738366938283133,-0.017168128174382926,-0.24181416321732563,-0.32766677199811756,-0.03526360378919661,0.0468332339033116,-0.0356205978944685,-0.31821747985763954,0.4227168547437923,-0.01039850561264316,0.0850432290862822,-0.028738366938283133,-0.017168128174382926,-0.09299620552513048,-0.15306226328896383,0.23873359024498864,0.08370351875151658,0.08673442366634791,0.006557833426259197,-0.0037717417860739606
Base_IL10:149,Base_IL10,10.0,0.0,0.0,0.0,0.0016188714153561516,-2.7907876452670157,-2.1252688806531728,-1.6249224298943665,0.0662122932383911,-0.08863888346630863,-0.011905114831041945,-0.2073135981547337,0.03973239383530696,0.07780128953484586,0.06883985687262713,-0.006644415901794931,-2.1252688806531728,-1.6249224298943665,0.0662122932383911,-0.08863888346630863,-0.011905114831041945,-0.2073135981547337,0.43291215416494966,0.03973239383530696,0.07780128953484586,0.06883985687262713,-0.006644415901794931,-0.06227634606170441,-0.047313692480423906,0.25761245665696364,0.0984956100909298,0.09586252609005748,0.06772170295602124,0.018226199709833003
Base_IL10:150,Base_IL10,10.0,0.0,0.0,0.0,0.37429380864279105,-0.4267873566806893,2.3209594660910113,-0.5952225720521441,-0.04354490886788379,-0.03935036685156665,-0.11298182020096355,-0.38084067610469635,0.006992423149258076,-0.03774110144671422,0.00266464181680266,-0.0815373184152835,2.3209594660910113,-0.5952225720521441,-0.04354490886788379,-0.03935036685156665,-0.11298182020096355,-0.38084067610469635,0.2943467431468312,0.006992423149258076,-0.03774110144671422,0.00266464181680266,-0.0815373184152835,-0.16082308400572679,-0.24044735418111918,0.07667266061270754,0.026416182018969583,-0.014745297345587176,-0.022987653276456636,-0.058601335920855015
Base_IL10:151,Base_IL10,10.0,0.0,0.0,0.0,0.0014867186467556496,-2.827771211520186,2.284604567099585,-2.9662062559172746,0.06116802801925956,0.04300088521029293,-0.004391765614240123,-0.32416704362512005,-0.03493417992929239,0.03740463343911507,-0.007569202661625352,0.040652470837798355,2.284604567099585,-2.9662062559172746,0.06116802801925956,0.04300088521029293,-0.004391765614240123,-0.32416704362512005,0.44671179066325617,-0.03493417992929239,0.03740463343911507,-0.007569202661625352,0.040652470837798355,-0.054315712748147324,-0.15364631144418134,0.2503895100916308,0.07983874756355237,0.052776385078243115,0.019742777273262353,0.03589246565867327
Base_IL10:152,Base_IL10,10.0,0.0,0.0,0.0,0.0037250561649266553,-2.4288671747455313,-2.6840142366278545,2.7323731930851243,-0.032057080908474034,0.05341913040373358,0.04544823402122872,-0.2960503412642062,0.09643240152884835,0.11059051214509,0.06477644835529628,-0.09217400307880419,-2.6840142366278545,2.7323731930851243,-0.032057080908474034,0.05341913040373358,0.04544823402122872,-0.2960503412642062,0.20905184829431867,0.09643240152884835,0.11059051214509,0.06477644835529628,-0.09217400307880419,-0.034492703737197476,-0.17774473056550275,0.13804891275905493,0.12932212185786765,0.14633801323727558,0.07666345512550882,-0.03196619653169587
Base_IL10:153,Base_IL10,10.0,0.0,0.0,0.0,0.002572849213691027,-2.5895856656283036,-1.4402826205541015,-1.4146545118719491,0.0760572917475295,0.02742045237604436,-0.038718899807442655,-0.33789064262282764,-0.022543707269673044,0.022899298061398038,0.038261118002957645,0.007032506169404718,-1.4402826205541015,-1.4146545118719491,0.0760572917475295,0.02742045237604436,-0.038718899807442655,-0.33789064262282764,0.42917608394272244,-0.022543707269673044,0.022899298061398038,0.038261118002957645,0.007032506169404718,-0.09700329920026016,-0.15168738608028318,0.2443608996191491,0.04819171712419189,0.04643575346293706,0.04142318763490965,0.019387214501072742
Base_IL10:154,Base_IL10,10.0,0.0,0.0,0.0,0.0007970463856217788,-3.0985164032796995,1.9816153730229062,-0.45511508119023447,-0.05301284817664992,0.047974529330491095,-0.03672550660088594,-0.38568522223526114,0.04470782216285714,0.02982996248599034,0.04859942055224105,-0.06546986294326924,1.9816153730229062,-0.45511508119023447,-0.05301284817664992,0.047974529330491095,-0.03672550660088594,-0.38568522223526114,0.2879948255123541,0.04470782216285714,0.02982996248599034,0.04859942055224105,-0.06546986294326924,-0.10570896787308831,-0.25463765603669286,0.11153914010040263,0.08059911146560064,0.062376648336030155,0.04250554148989702,-0.028726912514623965
Base_IL10:155,Base_IL10,10.0,0.0,0.0,0.0,0.0029403991013611736,-2.5315937186506168,0.5316937795623597,-2.8662594801863754,0.04616819354321844,0.0853507364363738,-0.11481435289302332,-0.27455579552583814,0.026727501710862158,-0.011651972181137435,-0.0012062520920967047,0.02718879259200695,0.5316937795623597,-2.8662594801863754,0.04616819354321844,0.0853507364363738,-0.11481435289302332,-0.27455579552583814,0.41233640302544305,0.026727501710862158,-0.011651972181137435,-0.0012062520920967047,0.02718879259200695,-0.11962272762339947,-0.13061342725623867,0.23662850582323466,0.08998659659250663,0.024029647420635167,0.011690138625765347,0.02245403399594181
Base_IL10:156,Base_IL10,10.0,0.0,0.0,0.0,0.0025769789877097926,-2.588889122605049,-2.896447511874055,-2.521768397503774,-0.02499926852333354,-0.03163344780295614,0.05794388783341256,-0.22364288015409728,-0.07861965717987977,0.0835369178805793,-0.07817572125026495,-0.05188487847215009,-2.896447511874055,-2.521768397503774,-0.02499926852333354,-0.03163344780295614,0.05794388783341256,-0.22364288015409728,0.3695633409033263,-0.07861965717987977,0.0835369178805793,-0.07817572125026495,-0.05188487847215009,-0.026180722861524054,-0.08269685548726294,0.28805727318062957,0.00834457599443131,0.061950170477951476,-0.07495709333041035,-0.05714187813081908
Base_IL10:157,Base_IL10,10.0,0.0,0.0,0.0,0.009861900356812475,-2.006039389830142,0.16884704599460876,1.7836328996927422,-0.03712960149241436,-0.024105104594557104,-0.009345101689565254,-0.37047288315064547,-0.046317910689538916,0.13618426395868405,-0.032370628111849764,0.08947010195798524,0.16884704599460876,1.7836328996927422,-0.03712960149241436,-0.024105104594557104,-0.009345101689565254,-0.37047288315064547,0.25460440435475984,-0.046317910689538916,0.13618426395868405,-0.032370628111849764,0.08947010195798524,-0.11153968644083367,-0.258544342675093,0.07311232259018026,0.00929586383418414,0.09191381172583007,0.025554153198379746,0.07725920243646703
Base_IL10:158,Base_IL10,10.0,0.0,0.0,0.0,0.37442596141139156,-0.42663404640076097,-2.0680556180710026,-2.8156837495082385,-0.0686216257520768,-0.02989820653334098,-0.08898830187000546,-0.38440774749910783,-0.054831940249052434,0.024246367789832707,-0.08870548524760304,0.06030032505898083,-2.0680556180710026,-2.8156837495082385,-0.0686216257520768,-0.02989820653334098,-0.08898830187000546,-0.38440774749910783,0.19999999999999996,-0.054831940249052434,0.024246367789832707,-0.08870548524760304,0.06030032505898083,-0.1636579636248591,-0.2430684350011441,0.059727013590111636,-0.024891439644667755,-0.0067667830624852906,-0.04511682206802785,0.032423739915948865
Base_IL10:159,Base_IL10,10.0,0.0,0.0,0.0,0.003791132549226906,-2.4212310310862306,0.3222752212216773,-2.704963344574116,0.0005030090438633561,-0.08066121584033634,-0.0895933084518808,-0.27082679975531726,-0.04989632555750132,0.03402416907956894,-0.041369950725881934,0.07239033609588806,0.3222752212216773,-2.704963344574116,0.0005030090438633561,-0.08066121584033634,-0.0895933084518808,-0.27082679975531726,0.36073488544976196,-0.04989632555750132,0.03402416907956894,-0.041369950725881934,0.07239033609588806,-0.15695948775883795,-0.16067911030777696,0.19786757394808155,0.032493643623663776,0.029573252451747262,-0.0033045360876027417,0.05424514855882579
Base_IL10:160,Base_IL10,10.0,0.0,0.0,0.0,0.009907327871018898,-2.0040434643196425,2.0919383053143736,2.673140332626705,-0.08807080323981374,-0.09133753462793093,-0.055673567884034054,-0.25045904617251935,-0.05327203524275979,0.010527370397839644,0.061897175696163,-0.09141537350334135,2.0919383053143736,2.673140332626705,-0.08807080323981374,-0.09133753462793093,-0.055673567884034054,-0.25045904617251935,0.29734709323559816,-0.05327203524275979,0.010527370397839644,0.061897175696163,-0.09141537350334135,-0.15340694236344865,-0.19293089270358244,0.10368146008161998,-0.00168061478767032,0.011369957390099505,0.022412826543735213,-0.0587375927838217
Base_IL10:161,Base_IL10,10.0,0.0,0.0,0.0,0.0017262455398440598,-2.762897430512438,-0.7686389582334822,-2.044474580809254,-0.060158146718706056,0.04951513057097681,-0.02260740583951823,-0.2614364487588899,-0.04927195361942546,-0.0038081718339993825,0.0968723088902077,-0.03223197960128484,-0.7686389582334822,-2.044474580809254,-0.060158146718706056,0.04951513057097681,-0.02260740583951823,-0.2614364487588899,0.42409845416699166,-0.04927195361942546,-0.0038081718339993825,0.0968723088902077,-0.03223197960128484,-0.07987251432397978,-0.10971249136249797,0.2755795057341243,0.0361551947102638,0.04120289083106182,0.07697108340577188,0.00011125289275282247
Base_IL10:162,Base_IL10,10.0,0.0,0.0,0.0,0.005657790405709,-2.247353145131066,0.35258445323631404,1.1923115852453443,-0.09762999879606779,0.00030067834844555997,-0.07950621296027804,-0.27813065125317193,0.034752978341400675,0.04085807762460632,-0.06585721450525399,0.013631977237202731,0.35258445323631404,1.1923115852453443,-0.09762999879606779,0.00030067834844555997,-0.07950621296027804,-0.27813065125317193,0.38933221093357295,0.034752978341400675,0.04085807762460632,-0.06585721450525399,0.013631977237202731,-0.1326721861250572,-0.15392315125269987,0.20033084879015417,0.0956811150727522,0.05080365478538719,-0.020485261551371075,0.005708366142555132
Base_IL10:163,Base_IL10,10.0,0.0,0.0,0.0,0.0014991079688119466,-2.8241670872513605,-0.30461016725634493,-0.201184035868179,-0.05904963567175369,-0.05366363401113501,-0.060651407761605,-0.34038150122157224,0.08126063301779006,-0.01518240215018811,0.06974790349796929,-0.08682709185482863,-0.30461016725634493,-0.201184035868179,-0.05904963567175369,-0.05366363401113501,-0.060651407761605,-0.34038150122157224,0.23323579081315793,0.08126063301779006,-0.01518240215018811,0.06974790349796929,-0.08682709185482863,-0.1438406698362658,-0.2288396070607575,0.09532338087893641,0.07075397822310327,0.027328779180631528,0.03525080526459422,-0.04729744171278511
Base_IL10:164,Base_IL10,10.0,0.0,0.0,0.0,0.0004253667239328664,-3.371236487582301,-2.5670175917135714,2.441198988650843,-0.011721608211386347,0.004313882501596611,8.235537144150873e-05,-0.28320035154457596,-0.025740859545501562,0.051660107430960694,-0.07330589356719254,0.02637746222023383,-2.5670175917135714,2.441198988650843,-0.011721608211386347,0.004313882501596611,8.235537144150873e-05,-0.28320035154457596,0.523597479607111,-0.025740859545501562,0.051660107430960694,-0.07330589356719254,0.02637746222023383,-0.06221596747653359,-0.07636690285811593,0.28957053687786766,0.06825145692066063,0.05516188963626515,-0.011742227422522813,0.026201172534582533
Base_IL10:165,Base_IL10,10.0,0.0,0.0,0.0,0.0007061913572089335,-3.1510776018953193,-2.8199849119248337,0.9368415597916935,-0.002041269295388537,-0.07704633399605539,-0.021034205218823415,-0.21315939881003515,0.021285126019935197,-0.02517627987384817,-0.04576543092159117,0.03947083059343235,-2.8199849119248337,0.9368415597916935,-0.002041269295388537,-0.07704633399605539,-0.021034205218823415,-0.21315939881003515,0.5550211252708906,0.021285126019935197,-0.02517627987384817,-0.04576543092159117,0.03947083059343235,-0.06614782989121555,-0.025525387322997528,0.29272290992346783,0.07275576259254433,0.013053246964896386,-0.0035028873198343,0.02840598792742179
Base_IL10:166,Base_IL10,10.0,0.0,0.0,0.0,0.00515808774943835,-2.2875112739133376,-1.3321975497871885,-1.1225141913652985,-0.03385121348140603,-0.06727453146272261,-0.05511431579635734,-0.26008183399280543,-0.01744837224329133,0.1151681267999674,-0.08865523797128819,-0.05701728821674952,-1.3321975497871885,-1.1225141913652985,-0.03385121348140603,-0.06727453146272261,-0.05511431579635734,-0.26008183399280543,0.3053890800354122,-0.01744837224329133,0.1151681267999674,-0.08865523797128819,-0.05701728821674952,-0.1351711521013989,-0.1580916509802294,0.1798688899228866,0.05750164169023854,0.08525168507210214,-0.05882191752071985,-0.054753124227079765
Base_IL10:167,Base_IL10,10.0,0.0,0.0,0.0,0.0057527752081406106,-2.2401225958635096,2.7210622848984056,1.75261016943614,-0.06644112514296162,0.07836317726176656,0.014275020697687033,-0.21503018328656948,0.04138697602842561,0.13948843033814934,-0.022330234353591508,0.07284923578219964,2.7210622848984056,1.75261016943614,-0.06644112514296162,0.07836317726176656,0.014275020697687033,-0.21503018328656948,0.3498356171086492,0.04138697602842561,0.13948843033814934,-0.022330234353591508,0.07284923578219964,-0.013779927294975543,-0.07493708286263719,0.1868247150310359,0.13677212128049218,0.14547150952388543,0.07000952665176854,0.0846393179818964
Base_IL10:168,Base_IL10,10.0,0.0,0.0,0.0,0.37532212237346374,-0.42559583648868077,2.9703254184503525,-2.913658159454023,0.0624918228228197,-0.055364247549426523,-0.1110453579136273,-0.3822292061482877,-0.05367960447293858,0.027352638253109546,0.020879673049321874,-0.08695744979046895,2.9703254184503525,-2.913658159454023,0.0624918228228197,-0.055364247549426523,-0.1110453579136273,-0.3822292061482877,0.19999999999999996,-0.05367960447293858,0.027352638253109546,0.020879673049321874,-0.08695744979046895,-0.15712380838229328,-0.26177101413076326,0.012764422241545233,-0.016918645469963477,0.015158656580653605,0.003449923658773204,-0.05014175664247709
Base_IL10:169,Base_IL10,10.0,0.0,0.0,0.0,0.0003592903396326153,-3.4445544596688547,0.3944882571444599,-2.35728443122938,-0.03986680711340627,0.05880427890603299,-0.09852920315842469,-0.36853532701106373,0.08332626759215933,-0.03962693156204958,-0.04011783139617136,0.04887797983838582,0.3944882571444599,-2.35728443122938,-0.03986680711340627,0.05880427890603299,-0.09852920315842469,-0.36853532701106373,0.22231537342230623,0.08332626759215933,-0.03962693156204958,-0.04011783139617136,0.04887797983838582,-0.14799123963590327,-0.25113450555814,0.08924521099737462,0.07367374640667801,-0.01036647218765844,-0.019689018335438666,0.028503667640053507
Base_IL10:170,Base_IL10,10.0,0.0,0.0,0.0,0.0010489626007664861,-2.9792399956675353,-1.4039163570848854,1.3446740379276279,0.04599397543553044,0.07561687365692565,-0.08069784669545028,-0.3376512152029416,-0.025284330878445026,0.1419873599769923,-0.07100945419089798,-0.021758943962816656,-1.4039163570848854,1.3446740379276279,0.04599397543553044,0.07561687365692565,-0.08069784669545028,-0.3376512152029416,0.20000000000000007,-0.025284330878445026,0.1419873599769923,-0.07100945419089798,-0.021758943962816656,-0.13288430324516196,-0.2459521924810607,0.06822293077095157,0.022939407068721388,0.09643898839065201,-0.035482952570300215,-0.023668193705031038
Base_IL10:171,Base_IL10,10.0,0.0,0.0,0.0,0.0007309700013215277,-3.1361004459256665,1.0001534855926253,-1.234304913920357,0.0426326294683507,-0.01648923947673765,-0.015237486587431352,-0.26612720614776486,0.057936674776460875,-0.024781370695961175,-0.0677105353398958,-0.04475397677513471,1.0001534855926253,-1.234304913920357,0.0426326294683507,-0.01648923947673765,-0.015237486587431352,-0.26612720614776486,0.4643308807322628,0.057936674776460875,-0.024781370695961175,-0.0677105353398958,-0.04475397677513471,-0.06215164875616279,-0.09437643900514366,0.26293509478147,0.12304696698763387,0.019141775576660927,-0.04237792673451706,-0.03994657743852206
Base_IL10:172,Base_IL10,10.0,0.0,0.0,0.0,0.03344703977798335,-1.4756423133214667,-0.6943292406944256,1.69881682058691,-0.05939028177555126,-0.05138759868197018,-0.11569494863161786,-0.237177202023106,0.0015652468261242892,0.0769154937770575,-0.00959267242716342,-0.007415687644944158,-0.6943292406944256,1.69881682058691,-0.05939028177555126,-0.05138759868197018,-0.11569494863161786,-0.237177202023106,0.4408608682124653,0.0015652468261242892,0.0769154937770575,-0.00959267242716342,-0.007415687644944158,-0.14507594521603645,-0.10893573074547039,0.21608439680098443,0.07820978807438148,0.07667911076488738,0.022384864229398713,0.010820996628278868
Base_IL10:173,Base_IL10,10.0,0.0,0.0,0.0,0.001775802828069248,-2.7506052567078867,-2.166211739152849,-0.7833613114420277,0.03628428232020577,-0.03690680045909064,-0.001968566094402893,-0.3213610078851138,0.04633336947990396,0.015858707513150397,0.023821434268213527,-0.08013495299401954,-2.166211739152849,-0.7833613114420277,0.03628428232020577,-0.03690680045909064,-0.001968566094402893,-0.3213610078851138,0.4373308789858995,0.04633336947990396,0.015858707513150397,0.023821434268213527,-0.08013495299401954,-0.07912547738927536,-0.1257147953852528,0.25878471546315457,0.08898919952262531,0.0484476908182971,0.01378337070161582,-0.04292929469193459
Base_IL10:174,Base_IL10,10.0,0.0,0.0,0.0,0.0004460155940266949,-3.3506499568005235,-1.958927509145445,0.25407127047893385,-0.05015356233937188,0.09673078355920801,-0.01339198883343599,-0.20429907205873465,-0.04356876055003414,0.06842777477874364,-0.05296499670168438,-0.055332258074184654,-1.958927509145445,0.25407127047893385,-0.05015356233937188,0.09673078355920801,-0.01339198883343599,-0.20429907205873465,0.4151308031046027,-0.04356876055003414,0.06842777477874364,-0.05296499670168438,-0.055332258074184654,-0.04834760694292008,-0.052619418143469814,0.28757970641275626,0.05908518526021473,0.06959253204628822,-0.029551265324162093,-0.040295354421083104
Base_IL10:175,Base_IL10,10.0,0.0,0.0,0.0,0.0044931941324170745,-2.347444816925312,-1.7044292378930677,-1.4797855782468603,-0.05415027450756478,0.01174904064037976,-0.014555036684384307,-0.31045734523201207,0.010406522742842483,0.027838369189492167,-0.035088142062468755,-0.053732716404958504,-1.7044292378930677,-1.4797855782468603,-0.05415027450756478,0.01174904064037976,-0.014555036684384307,-0.31045734523201207,0.4820225525358972,0.010406522742842483,0.027838369189492167,-0.035088142062468755,-0.053732716404958504,-0.08002742581971976,-0.10758819209353788,0.2727011404835273,0.0761102940025336,0.03949784453725956,-0.02052078037181785,-0.034804779554462935
Base_IL10:176,Base_IL10,10.0,0.0,0.0,0.0,0.016085469803092375,-1.7935662502788898,-0.03998516401783914,2.8532389763326744,-0.03083260190481465,0.08614429080788573,-0.09600735760216644,-0.3568812508694032,0.07617493085618664,-0.020594565333865528,0.06813136058174696,0.016828713947894338,-0.03998516401783914,2.8532389763326744,-0.03083260190481465,0.08614429080788573,-0.09600735760216644,-0.3568812508694032,0.24840492809603654,0.07617493085618664,-0.020594565333865528,0.06813136058174696,0.016828713947894338,-0.13785280390232676,-0.2493020210867476,0.09001736401308215,0.0668507687809377,0.02293035545421444,0.058691815983900886,0.03497803447409129
Base_IL10:177,Base_IL10,10.0,0.0,0.0,0.0,0.07791644641205234,-1.108370862839263,-1.4877386966794637,2.5224815165165584,-0.004737650135464334,0.06014098924714417,0.01373067999514209,-0.3305013594189556,0.005225957795147052,0.03162367181693553,-0.09794546855860081,-0.07840462046987007,-1.4877386966794637,2.5224815165165584,-0.004737650135464334,0.06014098924714417,0.01373067999514209,-0.3305013594189556,0.3776896025627403,0.005225957795147052,0.03162367181693553,-0.09794546855860081,-0.07840462046987007,-0.05667566320153195,-0.1645839580963751,0.22847498670776428,0.07419742030540198,0.03479396437024842,-0.07514148021124913,-0.07532860190124234
Base_IL10:178,Base_IL10,10.0,0.0,0.0,0.0,0.0012802299458173649,-2.8927120184532003,0.5839423194252045,-2.1952077125048444,0.024268928684313407,0.05075214266887334,0.002087060136665049,-0.33129595721646066,-0.024528970151114517,0.03642370615514236,0.04604362419025141,0.06332121883155882,0.5839423194252045,-2.1952077125048444,0.024268928684313407,0.05075214266887334,0.002087060136665049,-0.33129595721646066,0.42127839196562045,-0.024528970151114517,0.03642370615514236,0.04604362419025141,0.06332121883155882,-0.05806204619416048,-0.15429636826702092,0.23808196359398598,0.0677061132248752,0.06261772213858094,0.06660537580546107,0.06838438488940912
Base_IL10:179,Base_IL10,10.0,0.0,0.0,0.0,0.013661292454076913,-1.864508211406964,-1.0228928547323708,-1.6991599130747688,-0.0054781402532362855,-0.0451922909164869,-0.08351038897761504,-0.3172555634077831,0.015056377110791731,0.15551561299455477,0.033394478871634804,0.004193853678844084,-1.0228928547323708,-1.6991599130747688,-0.0054781402532362855,-0.0451922909164869,-0.08351038897761504,-0.3172555634077831,0.3404032937890533,0.015056377110791731,0.15551561299455477,0.033394478871634804,0.004193853678844084,-0.13223949854531697,-0.16046448326561605,0.16308421583263713,0.08105072886206982,0.1297293482560149,0.0591792745598425,0.024916338212111252
Base_IL10:180,Base_IL10,10.0,0.0,0.0,0.0,0.029139685476410732,-1.5355151401637097,-1.9014194087258576,1.9296241596816905,-0.004131459617993871,-0.057889716481026726,-0.08220942487013597,-0.26538346279349173,-0.009171718972737641,0.10589838242361443,0.02682870590453832,-0.06840427427650884,-1.9014194087258576,1.9296241596816905,-0.004131459617993871,-0.057889716481026726,-0.08220942487013597,-0.26538346279349173,0.3800828546599524,-0.009171718972737641,0.10589838242361443,0.02682870590453832,-0.06840427427650884,-0.13969546560680027,-0.13704183182020213,0.20334086647940103,0.06383802474687032,0.10410570317212695,0.03644489645186756,-0.025447111823937843
Base_IL10:181,Base_IL10,10.0,0.0,0.0,0.0,0.008565151314920048,-2.067264960234451,-1.5281098917266667,0.7196302614491319,-0.006388979954935503,-0.06027560164487378,0.031160683556338706,-0.30697316379811546,-0.05301859369382808,0.12535887607141283,-0.016725263553240378,0.030329652510414463,-1.5281098917266667,0.7196302614491319,-0.006388979954935503,-0.06027560164487378,0.031160683556338706,-0.30697316379811546,0.36976918521684077,-0.05301859369382808,0.12535887607141283,-0.016725263553240378,0.030329652510414463,-0.0746511763301838,-0.16663995928299788,0.2250584750695303,0.04575675254195644,0.11697204164290403,0.03150148871486966,0.04269035835249718
Base_IL10:182,Base_IL10,10.0,0.0,0.0,0.0,0.006157493061979649,-2.210596068834479,1.1077184065455457,1.115746751616819,-0.05807998163010364,0.05156761713661693,-0.03308041096131768,-0.3203262481022047,0.04266405303918892,0.058155093540321105,0.05717769535092376,-0.010925994743253776,1.1077184065455457,1.115746751616819,-0.05807998163010364,0.05156761713661693,-0.03308041096131768,-0.3203262481022047,0.3680229054960694,0.04266405303918892,0.058155093540321105,0.05717769535092376,-0.010925994743253776,-0.08616131324774998,-0.17311505270515945,0.18647330718420124,0.1089299723158671,0.09672155516004434,0.07643092487467851,0.029011452918540022
Base_IL10:183,Base_IL10,10.0,0.0,0.0,0.0,0.00940762521474825,-2.0265199925443915,0.8105767016006582,0.7362475041975032,-0.09091770033418396,0.01564862500716582,-0.027406610289750548,-0.29943805276895136,0.05548942742324639,0.1468905077885394,0.013749644919213155,0.0122300339618747,0.8105767016006582,0.7362475041975032,-0.09091770033418396,0.01564862500716582,-0.027406610289750548,-0.29943805276895136,0.3382293975070747,0.05548942742324639,0.1468905077885394,0.013749644919213155,0.0122300339618747,-0.08586978861298253,-0.15340695427851195,0.1585581703476429,0.11692537282849814,0.1398774945558965,0.06592924701348661,0.03949087969152831
Base_IL10:184,Base_IL10,10.0,0.0,0.0,0.0,0.0008094357076780758,-3.091817640930997,-2.4264798486837016,-2.301743307230745,-0.023770093179876786,0.09276876068525373,-0.08034642695338343,-0.32866317267797795,-0.028229603124777614,0.07218335048893906,-0.06520389897635254,-0.031650975828727716,-2.4264798486837016,-2.301743307230745,-0.023770093179876786,0.09276876068525373,-0.08034642695338343,-0.32866317267797795,0.2771837180847112,-0.028229603124777614,0.07218335048893906,-0.06520389897635254,-0.031650975828727716,-0.14855958001316752,-0.21079586171123157,0.16273454888829134,0.0242740930353181,0.049672876842316305,-0.05054539090484416,-0.03275639170469438
Base_IL10:185,Base_IL10,10.0,0.0,0.0,0.0,0.006264867186467556,-2.203088131500743,1.9453043796237766,2.282571162522004,0.09985582554667008,-0.04431611990807142,0.005062368969179165,-0.24417255821732053,-0.08053108136962578,0.08132573211815325,0.03298503395900378,0.06857069224152283,1.9453043796237766,2.282571162522004,0.09985582554667008,-0.04431611990807142,0.005062368969179165,-0.24417255821732053,0.34318058767045323,-0.08053108136962578,0.08132573211815325,0.03298503395900378,0.06857069224152283,-0.052414405957234796,-0.1362899392092148,0.2022034335034948,0.04194589272672011,0.09654770236069567,0.08962772613857095,0.10375062464174646
Base_IL10:186,Base_IL10,10.0,0.0,0.0,0.0,0.01698163076516453,-1.770020606300254,-1.7161601574176713,-2.659365694774903,0.04338597203653789,0.022504048423033843,0.05600607619556705,-0.31527923326960144,-0.06852439200641543,0.0939125184101865,-0.03183308341153344,0.07362258710791902,-1.7161601574176713,-2.659365694774903,0.04338597203653789,0.022504048423033843,0.05600607619556705,-0.31527923326960144,0.29493208913920543,-0.06852439200641543,0.0939125184101865,-0.03183308341153344,0.07362258710791902,-0.03893017411775673,-0.2080407505359446,0.20779705370719306,0.00843349314008498,0.0881950044001367,0.014323824491281783,0.07698546362131813
Base_IL10:187,Base_IL10,10.0,0.0,0.0,0.0,0.0006112065547773226,-3.213811996892516,-2.2040115532725912,1.1519854242269625,-0.09206450129789662,-0.04589988065155029,0.05975898681155502,-0.3986906541854506,0.009433683243271762,-0.026049030215517535,0.02983179343704825,-0.067075531296292,-2.2040115532725912,1.1519854242269625,-0.09206450129789662,-0.04589988065155029,0.05975898681155502,-0.3986906541854506,0.2711959388614179,0.009433683243271762,-0.026049030215517535,0.02983179343704825,-0.067075531296292,-0.08152741685633495,-0.2573058349994399,0.1289521788724413,0.012525968226835127,-0.009022562254433287,-0.0025551828639636875,-0.054912208239609434
Base_IL10:188,Base_IL10,10.0,0.0,0.0,0.0,0.0003716796616889124,-3.429831202848148,-0.5034472664797753,2.8228822061516166,0.016559060737901834,0.03647708107505232,0.04199479811085437,-0.3029182338483222,-0.08770846870404897,-0.010756673123091476,-0.047579516226182395,-0.003867945131268069,-0.5034472664797753,2.8228822061516166,0.016559060737901834,0.03647708107505232,0.04199479811085437,-0.3029182338483222,0.45213822304327833,-0.08770846870404897,-0.010756673123091476,-0.047579516226182395,-0.003867945131268069,-0.025994106181368333,-0.12938083088961014,0.2947200135750447,0.028449050433540107,0.006158316063621462,-0.03060250820156512,-0.006734738788972893
Base_IL10:189,Base_IL10,10.0,0.0,0.0,0.0,0.0021516122637769263,-2.6672359889879487,-0.7324677521101864,-1.3885300310474564,0.08673258263340447,-0.019849588187514002,-0.010596238203635526,-0.2524632225071396,-0.05957272591083545,-0.02378562588195085,0.09771507946188572,0.0485781055996061,-0.7324677521101864,-1.3885300310474564,0.08673258263340447,-0.019849588187514002,-0.010596238203635526,-0.2524632225071396,0.4007068316140283,-0.05957272591083545,-0.02378562588195085,0.09771507946188572,0.0485781055996061,-0.07071991272002513,-0.10913273311446964,0.25957539129733426,0.01980835863904252,0.021816036586246878,0.09477885218983564,0.06781062016515771
Base_IL10:190,Base_IL10,10.0,0.0,0.0,0.0,0.006776959164794503,-2.16896513123438,1.0911983953085207,-2.0229947340891234,0.022761420438775805,-0.06876357715981506,0.029844504929289944,-0.3044221231995358,0.06962089604050284,0.06792206998249328,0.04472321779923005,0.092455126786025,1.0911983953085207,-2.0229947340891234,0.022761420438775805,-0.06876357715981506,0.029844504929289944,-0.3044221231995358,0.2994870636643321,0.06962089604050284,0.06792206998249328,0.04472321779923005,0.092455126786025,-0.06005183493973132,-0.16468742345546777,0.16349044832508705,0.11840354584815785,0.10028772149453885,0.0862326613485374,0.09581988045311467
Base_IL10:191,Base_IL10,10.0,0.0,0.0,0.0,0.002841284524910797,-2.5464852740519617,-1.5112392526608738,0.63837846787664,0.012493114582884846,0.07926337239018931,0.04043505988200283,-0.32716843350800007,-0.012593774736405128,0.09369825596711928,0.053337508597351806,0.008921989486095705,-1.5112392526608738,0.63837846787664,0.012493114582884846,0.07926337239018931,0.04043505988200283,-0.32716843350800007,0.3720884908499511,-0.012593774736405128,0.09369825596711928,0.053337508597351806,0.008921989486095705,-0.02807449942852208,-0.14378178309460665,0.22094622186711466,0.07178466672998782,0.11257701212631506,0.07895278141124117,0.04044589925806828
Base_IL10:192,Base_IL10,10.0,0.0,0.0,0.0,0.020958603145235892,-1.6786376657022226,-2.30659570880391,0.8167654028773885,-0.07155878975228862,-0.03643766994508908,0.04382672943126514,-0.3557997914335417,0.09735974006707832,-0.0012037270308375841,0.02165486719152179,0.08080536915768143,-2.30659570880391,0.8167654028773885,-0.07155878975228862,-0.03643766994508908,0.04382672943126514,-0.3557997914335417,0.29135331599069625,0.09735974006707832,-0.0012037270308375841,0.02165486719152179,0.08080536915768143,-0.07302126279178986,-0.2023408824515011,0.17259235067764142,0.09745189449736293,0.03511689214184967,0.049626035658266406,0.07466725978314506
Base_IL10:193,Base_IL10,10.0,0.0,0.0,0.0,0.37440118276727896,-0.4266627879561245,-2.798354363227677,1.405452153419123,0.051419347768907775,-0.08875708713198985,-0.0628915140455535,-0.3680050383107764,-0.04066424183419975,-0.03900083091457744,-0.08014083948282633,0.06912110051116886,-2.798354363227677,1.405452153419123,0.051419347768907775,-0.08875708713198985,-0.0628915140455535,-0.3680050383107764,0.20000000000000007,-0.04066424183419975,-0.03900083091457744,-0.08014083948282633,0.06912110051116886,-0.14841986565845158,-0.24052800397816237,0.050875298945413185,-0.048175398120758495,-0.06539798955318642,-0.06480574082110742,0.01879637188571263
Base_IL10:194,Base_IL10,10.0,0.0,0.0,0.0,0.3748430685872869,-0.4261505155024764,0.07466510701546536,0.9576569536367452,-0.09701474395054754,-0.004659309001082901,-0.12925870644940912,-0.3663104168633295,0.047609740285822835,0.07887144583203955,-0.049500842699407945,-0.006205983072229526,0.07466510701546536,0.9576569536367452,-0.09701474395054754,-0.004659309001082901,-0.12925870644940912,-0.3663104168633295,0.22056881184613109,0.047609740285822835,0.07887144583203955,-0.049500842699407945,-0.006205983072229526,-0.16873616158921562,-0.23729145716997205,0.043823623639518396,0.04349389378046228,0.046083547925420534,-0.019079581347044496,-0.011750470621377568
Base_IL10:195,Base_IL10,10.0,0.0,0.0,0.0,0.07165157922558478,-1.1447742331605806,0.9590664525411561,-0.21775927979641896,0.013940306648236077,0.09132296919976893,-0.11622714070299757,-0.2793678910956383,-0.018693006900521104,0.14585580796498607,0.06498944861553978,-0.06960342887231233,0.9590664525411561,-0.21775927979641896,0.013940306648236077,0.09132296919976893,-0.11622714070299757,-0.2793678910956383,0.19999999999999984,-0.018693006900521104,0.14585580796498607,0.06498944861553978,-0.06960342887231233,-0.13515960056732418,-0.2124277102704689,0.06648428806856237,0.04083949001656279,0.14040646580769017,0.08231753049883768,-0.019185511765933076
Base_IL10:196,Base_IL10,10.0,0.0,0.0,0.0,0.049610975287432274,-1.304422235213628,-1.077608787704334,2.7091906806364303,0.07085831225428511,-0.06671857089176635,0.0420977925734404,-0.3138435437871718,-0.08299203472401402,0.12159695314059348,0.03858673774550028,-0.06330605488322863,-1.077608787704334,2.7091906806364303,0.07085831225428511,-0.06671857089176635,0.0420977925734404,-0.3138435437871718,0.19999999999999996,-0.08299203472401402,0.12159695314059348,0.03858673774550028,-0.06330605488322863,-0.06988449490334617,-0.2698134631952862,0.07366728273246832,-0.037469770924690456,0.11693591824159705,0.04827952527307648,-0.0423893562843752
Base_IL10:197,Base_IL10,10.0,0.0,0.0,0.0,0.37396755649530855,-0.4271660733242069,-2.6200152439830173,-0.6977858202783589,-0.0364451339205763,0.054394088385171506,-0.11258320279659972,-0.31205561784581276,-0.08260925461639564,0.045562762754873705,-0.09091495142881878,-0.05933910525019647,-2.6200152439830173,-0.6977858202783589,-0.0364451339205763,0.054394088385171506,-0.11258320279659972,-0.31205561784581276,0.20609588300155512,-0.08260925461639564,0.045562762754873705,-0.09091495142881878,-0.05933910525019647,-0.17263103425377158,-0.21978857447582736,0.0750719460370341,-0.04809140792554191,-0.002344859846002664,-0.09250420754062326,-0.06802509634320934
Base_IL10:198,Base_IL10,10.0,0.0,0.0,0.0,0.0013669552002114444,-2.8642457185117545,-0.5247621116241967,-0.8090737178858062,0.03391295700720015,0.008809071300819264,-0.11630453516579588,-0.34463167934131805,0.07690490103526423,0.11909108810852145,-0.06950464178692638,-0.030841126254154576,-0.5247621116241967,-0.8090737178858062,0.03391295700720015,0.008809071300819264,-0.11630453516579588,-0.34463167934131805,0.20000000000000007,0.07690490103526423,0.11909108810852145,-0.06950464178692638,-0.030841126254154576,-0.15422598368870877,-0.22795182892024493,0.071626010975925,0.08865460911115697,0.08913092118151142,-0.024309778004055874,-0.024257199793222134
Base_IL10:199,Base_IL10,10.0,0.0,0.0,0.0,0.03031254129774019,-1.5183776523714025,-2.9221068637621306,1.9964986516450975,0.03306974856831207,0.072078628004722,-0.07233733496734315,-0.37374452779835415,0.008452933988822742,0.13897889332522256,-0.023303201500259496,-0.014584404298440712,-2.9221068637621306,1.9964986516450975,0.03306974856831207,0.072078628004722,-0.07233733496734315,-0.37374452779835415,0.26345032754852316,0.008452933988822742,0.13897889332522256,-0.023303201500259496,-0.014584404298440712,-0.13157409734828635,-0.22456636652168877,0.12242149857049119,0.05252722427835826,0.10628931383615137,0.007591988227842613,0.0004963108242912584
Base_IL10:200,Base_IL10,10.0,0.0,0.0,0.0,0.009874289678868772,-2.0054941361716985,-1.1278629400095266,0.11835873871668956,0.0019732925194959616,0.06597100656741017,0.03790439052402493,-0.2916067466185736,-0.04757243679082454,0.04952181688235825,0.06531920925573076,0.09616147564501697,-1.1278629400095266,0.11835873871668956,0.0019732925194959616,0.06597100656741017,0.03790439052402493,-0.2916067466185736,0.3439696251965647,-0.04757243679082454,0.04952181688235825,0.06531920925573076,0.09616147564501697,-0.02712286288957258,-0.13961044596548536,0.21461302289073886,0.03418463511247316,0.07657804419827981,0.10241040085428671,0.11273718658791931
Base_IL10:201,Base_IL10,10.0,0.0,0.0,0.0,0.03471488040174442,-1.4594843266180548,-1.7365197394975347,-1.4320072125540442,-0.09252960781670594,0.09982087889692888,-0.08158736724404367,-0.2352256733935108,0.055991028892503514,0.10662382722831946,-0.045174772705689085,0.05560497275663863,-1.7365197394975347,-1.4320072125540442,-0.09252960781670594,0.09982087889692888,-0.08158736724404367,-0.2352256733935108,0.22744187106566005,0.055991028892503514,0.10662382722831946,-0.045174772705689085,0.05560497275663863,-0.12835477051475547,-0.15887742783801817,0.16004319828184027,0.11078107315576881,0.1088143722954675,0.010062211788813972,0.05500545836620784
Base_IL10:202,Base_IL10,10.0,0.0,0.0,0.0,0.02801638694330646,-1.5525878730388158,-0.0661957721175579,1.7326215826417088,0.05146791562578748,-0.026317916856752666,-0.034633610847058786,-0.2582301839049283,-0.06778534207687129,0.10107870501614472,0.0994935609029541,0.06163885147237949,-0.0661957721175579,1.7326215826417088,0.05146791562578748,-0.026317916856752666,-0.034633610847058786,-0.2582301839049283,0.29935391329712324,-0.06778534207687129,0.10107870501614472,0.0994935609029541,0.06163885147237949,-0.0934719090280064,-0.15577987804894058,0.149613447621803,0.01915602792888553,0.11184632825671276,0.13145096566388167,0.10232207751782835
Base_IL10:203,Base_IL10,10.0,0.0,0.0,0.0,0.010303786176820404,-1.9870031623280644,-0.7987757393027128,0.1731779237383435,-0.038138644619778644,-0.019071958360528874,-0.06796551953712429,-0.20271330007980204,0.031187320375940478,-0.009164262853530405,0.08003599734324468,0.0981110819871065,-0.7987757393027128,0.1731779237383435,-0.038138644619778644,-0.019071958360528874,-0.06796551953712429,-0.20271330007980204,0.45361191484294416,0.031187320375940478,-0.009164262853530405,0.08003599734324468,0.0981110819871065,-0.08993279831794494,-0.057765820164620084,0.24335937218925408,0.08751663316829807,0.047223461304236304,0.08515915636703585,0.08925659416773918
Base_IL10:204,Base_IL10,10.0,0.0,0.0,0.0,0.07272119069644509,-1.1383390188308877,-1.4652514356226436,-0.5500553593205131,-0.07928266848106844,0.0776618449603982,-0.11027490518315392,-0.22571159297567567,-0.08334279313879621,0.11873959385425073,0.02350499884402587,0.08148160256263104,-1.4652514356226436,-0.5500553593205131,-0.07928266848106844,0.0776618449603982,-0.11027490518315392,-0.22571159297567567,0.19999999999999996,-0.08334279313879621,0.11873959385425073,0.02350499884402587,0.08148160256263104,-0.16601935033572887,-0.18424369101414895,0.09286406986184942,-0.022459747864944774,0.10773721860942656,0.07193721963029327,0.09679781990407173
Base_IL10:205,Base_IL10,10.0,0.0,0.0,0.0,0.10404965640280164,-0.9827593495956857,-2.777454774602747,-0.0009697779687449781,0.08875772034515222,0.04936485596478595,-0.10490781745720275,-0.2698516591385739,0.09604756171080045,0.03790012593577802,-0.0856112785911175,0.035328201977202676,-2.777454774602747,-0.0009697779687449781,0.08875772034515222,0.04936485596478595,-0.10490781745720275,-0.2698516591385739,0.2322307788793866,0.09604756171080045,0.03790012593577802,-0.0856112785911175,0.035328201977202676,-0.14271464162591257,-0.1697506164351163,0.15900915090949153,0.10875818908071902,0.035367447788975166,-0.041613534588578575,0.022244978624302608
Base_IL10:206,Base_IL10,10.0,0.0,0.0,0.0,0.023927910664728425,-1.62109522141973,2.2638968318017993,2.5405397767555513,0.008784114642225038,0.0017088691167030934,0.030684960058397145,-0.37813168860380625,0.05036021554965589,0.06511868405046867,-0.09406400812101934,0.046268040530123546,2.2638968318017993,2.5405397767555513,0.008784114642225038,0.0017088691167030934,0.030684960058397145,-0.37813168860380625,0.324879419327601,0.05036021554965589,0.06511868405046867,-0.09406400812101934,0.046268040530123546,-0.057295138611417364,-0.2416028521758566,0.14785227225945516,0.11596212967240879,0.07934475257942405,-0.02585228734688118,0.0279031831717623
Base_IL10:207,Base_IL10,10.0,0.0,0.0,0.0,0.0024200475749966963,-2.6161760962693825,-0.8681512619385037,2.3619174449986904,0.07883779325511918,-0.022155157721596087,-0.028549679608481378,-0.2361096721021362,0.05288131908195462,0.012868297943087352,-0.09061032941650947,-0.06386655205922241,-0.8681512619385037,2.3619174449986904,0.07883779325511918,-0.022155157721596087,-0.028549679608481378,-0.2361096721021362,0.41412119881189335,0.05288131908195462,0.012868297943087352,-0.09061032941650947,-0.06386655205922241,-0.06756284578868547,-0.0857423131451442,0.25440195208395977,0.12028547665623454,0.04427074390287387,-0.047096652055351074,-0.04748469400267343
Base_IL10:208,Base_IL10,10.0,0.0,0.0,0.0,0.00846603673846967,-2.0723198512317187,2.067810904684432,-0.4774970486838439,-0.05524489856869378,-0.05012511464411554,-0.09817502183462994,-0.2763133259117287,0.036453242029746334,0.05991032785738168,-0.013972011146325748,-0.042718037907529,2.067810904684432,-0.4774970486838439,-0.05524489856869378,-0.05012511464411554,-0.09817502183462994,-0.2763133259117287,0.3670880200998493,0.036453242029746334,0.05991032785738168,-0.013972011146325748,-0.042718037907529,-0.14420640210206073,-0.16264988301868857,0.1710576006498962,0.10067205284784324,0.07372958899951097,0.0110827950065235,-0.020519219246049276
Base_IL10:209,Base_IL10,10.0,0.0,0.0,0.0,0.0139999339236157,-1.853874014084391,-0.5648238385207665,0.5955287541803298,-0.03772581181178293,-0.011782889199399661,0.033142530858974256,-0.31070864426329875,-0.08243755704883982,0.08798584356497897,-0.02439936211096082,-0.015309125139984038,-0.5648238385207665,0.5955287541803298,-0.03772581181178293,-0.011782889199399661,0.033142530858974256,-0.31070864426329875,0.39650823600178076,-0.08243755704883982,0.08798584356497897,-0.02439936211096082,-0.015309125139984038,-0.06729431604811056,-0.17530975710204988,0.25370782839835015,0.0275543305295061,0.08575324595004818,0.0034766251932523626,-0.005199193251254666
Base_IL10:210,Base_IL10,10.0,0.0,0.0,0.0,0.05274134399365667,-1.2778488073906742,1.8873461575837198,1.853196439664199,-0.09359194429542964,-0.0632067198833602,-0.024504340140221265,-0.28991056705508184,-0.06600408256275496,0.15213102550498572,0.07142900836880788,-0.0006205049732940338,1.8873461575837198,1.853196439664199,-0.09359194429542964,-0.0632067198833602,-0.024504340140221265,-0.28991056705508184,0.2386018072160645,-0.06600408256275496,0.15213102550498572,0.07142900836880788,-0.0006205049732940338,-0.12046361970969792,-0.20925272360958988,0.05406206147412455,-0.0007939509441149996,0.11387097867557877,0.09256313740238817,0.039247728321594504
Base_IL10:211,Base_IL10,10.0,0.0,0.0,0.0,0.011385786969737017,-1.9436369461816994,1.0854703229723464,1.326745332219757,0.08592552047817854,-0.05970828113114482,-0.1203611953051851,-0.23908319338687134,-0.009383827958423008,0.1313702072484661,-0.017665358923638286,0.018100274869756138,1.0854703229723464,1.326745332219757,0.08592552047817854,-0.05970828113114482,-0.1203611953051851,-0.23908319338687134,0.3184021406983366,-0.009383827958423008,0.1313702072484661,-0.017665358923638286,0.018100274869756138,-0.1531707562380816,-0.15905478369696807,0.15294492870758164,0.07595915648272124,0.11807729842398373,0.038835068820854364,0.03386669401693104
Base_IL10:212,Base_IL10,10.0,0.0,0.0,0.0,0.0004294964979516321,-3.3670403729886926,-2.1766824614576485,-1.9317225927586157,0.01420380864462123,0.04435449375031393,-0.12104959675762109,-0.33319558858530846,-0.08398663807964657,-0.004540729835847482,-0.015836879837876804,0.0754200475727933,-2.1766824614576485,-1.9317225927586157,0.01420380864462123,0.04435449375031393,-0.12104959675762109,-0.33319558858530846,0.3074122169359711,-0.08398663807964657,-0.004540729835847482,-0.015836879837876804,0.0754200475727933,-0.17700338965250276,-0.2049624741308501,0.152237201889346,-0.03835534542689285,-0.011142595934372806,0.003415131430367976,0.057375070802194235
Base_IL10:213,Base_IL10,10.0,0.0,0.0,0.0,0.024398704902867715,-1.6126332256475613,-0.9330891878987372,1.5404198932953292,-0.07757326803767184,-0.06469285658027163,-0.02768357833700013,-0.3482221343494889,0.06509891865872613,0.10470486044861134,0.04652426555641381,0.06550011803181621,-0.9330891878987372,1.5404198932953292,-0.07757326803767184,-0.06469285658027163,-0.02768357833700013,-0.3482221343494889,0.19999999999999996,0.06509891865872613,0.10470486044861134,0.04652426555641381,0.06550011803181621,-0.11931818614898164,-0.22144119151725533,0.05538138999952948,0.062325908616337994,0.0903604613705225,0.0697007227254786,0.06680881621751798
Base_IL10:214,Base_IL10,10.0,0.0,0.0,0.0,0.024596934055768467,-1.6091190232073347,2.123060799034521,0.542001170525169,-0.06993469036074805,-0.08214646828014081,0.011770702769933,-0.27295399920549746,0.0729322127359389,0.15636922359749617,-0.02943396343914978,0.01375358176302295,2.123060799034521,0.542001170525169,-0.06993469036074805,-0.08214646828014081,0.011770702769933,-0.27295399920549746,0.2907051578480728,0.0729322127359389,0.15636922359749617,-0.02943396343914978,0.01375358176302295,-0.0798393934628412,-0.1538724968431983,0.13253569559493195,0.12840324410463236,0.14632108379585254,0.04449318624880796,0.030919429109440084
Base_IL10:215,Base_IL10,10.0,0.0,0.0,0.0,0.00043775604598916346,-3.358767847022703,-0.38276582852986263,-2.3257960866155267,0.06208985646993437,-0.015021362131830163,0.014893633156597384,-0.28544951432603693,0.013373493591817854,-0.017335537744947865,-0.06881117705013429,0.015452547598724498,-0.38276582852986263,-2.3257960866155267,0.06208985646993437,-0.015021362131830163,0.014893633156597384,-0.28544951432603693,0.5075728779299766,0.013373493591817854,-0.017335537744947865,-0.06881117705013429,0.015452547598724498,-0.046930162461356874,-0.08323347412752254,0.2889889055051337,0.08694647267923697,0.007867344947516224,-0.03604760627277866,-8.9852058490045e-05
Base_IL10:216,Base_IL10,10.0,0.0,0.0,0.0,0.007338608431346636,-2.1343862844821717,1.8126036052369872,-1.509422100925034,-0.06465513505473199,-0.048290758410070356,-0.037995459382563594,-0.34959068914499525,-0.0430496323334298,0.14740603689342024,0.000691410544552329,-0.07964123185300803,1.8126036052369872,-1.509422100925034,-0.06465513505473199,-0.048290758410070356,-0.037995459382563594,-0.34959068914499525,0.22867964638322835,-0.0430496323334298,0.14740603689342024,0.000691410544552329,-0.07964123185300803,-0.1269193252843268,-0.24233536340808823,0.0563667445595553,0.021813323546406325,0.11010403985232277,0.023204984149223777,-0.04553051412359001
Base_IL10:217,Base_IL10,10.0,0.0,0.0,0.0,0.0012719703977798335,-2.895522995787029,-2.2173135330287845,-1.0494332171030814,-0.018386089553976782,0.005464142304340536,-0.12243917457799755,-0.3631698760831743,-0.08459495621438935,0.0647213811128912,0.03474161984725632,0.05011005477434325,-2.2173135330287845,-1.0494332171030814,-0.018386089553976782,0.005464142304340536,-0.12243917457799755,-0.3631698760831743,0.2563727055316306,-0.08459495621438935,0.0647213811128912,0.03474161984725632,0.05011005477434325,-0.17944173444322145,-0.2278465047099843,0.08996354641071982,-0.03351544318815071,0.04513898179783657,0.04220747099689392,0.045472801682536056
Base_IL10:218,Base_IL10,10.0,0.0,0.0,0.0,0.006012950971322849,-2.220912337310455,0.5013103253558078,1.6700700192748654,-0.003615451263032088,-0.03810474564124842,-0.08827383534676894,-0.2094138149536573,0.06842096244335312,0.06121876342425263,0.05886360790460796,0.0002598986567604378,0.5013103253558078,1.6700700192748654,-0.003615451263032088,-0.03810474564124842,-0.08827383534676894,-0.2094138149536573,0.47182892036631907,0.06842096244335312,0.06121876342425263,0.05886360790460796,0.0002598986567604378,-0.09471320728507386,-0.06812832480133153,0.2233806075013409,0.12637543646200014,0.09638036799233915,0.07432334361711038,0.038892274836631116
Base_IL10:219,Base_IL10,10.0,0.0,0.0,0.0,0.016015263644773358,-1.7954659075447865,0.22015205290971096,0.38132016653368295,-0.08319699128332142,-0.029727414002169574,-0.11882565034666671,-0.2099867803358328,0.04337633997924613,0.13269006174033557,-0.07941720457151129,0.005304848143058361,0.22015205290971096,0.38132016653368295,-0.08319699128332142,-0.029727414002169574,-0.11882565034666671,-0.2099867803358328,0.29747470959785816,0.04337633997924613,0.13269006174033557,-0.07941720457151129,0.005304848143058361,-0.15448359666008293,-0.13451583724240287,0.154441534219622,0.10407435350001175,0.1094293433232086,-0.012501360405468391,0.004518327512158018
Base_IL10:220,Base_IL10,10.0,0.0,0.0,0.0,0.0044890643583983085,-2.3478441682011786,-1.8779304622867685,2.585547159491196,-0.016949173354424276,-0.014335657144169057,0.018565794636428296,-0.24194123401242235,0.0660479588222718,0.13095772814084183,0.07017621103960359,-0.032776660009475156,-1.8779304622867685,2.585547159491196,-0.016949173354424276,-0.014335657144169057,0.018565794636428296,-0.24194123401242235,0.4082495828403636,0.0660479588222718,0.13095772814084183,0.07017621103960359,-0.032776660009475156,-0.04017548414384334,-0.06897949127045407,0.2155705162539796,0.12275662281829827,0.13917249587959443,0.09015731046672543,0.02950063530556815
Base_IL10:221,Base_IL10,10.0,0.0,0.0,0.0,0.0005451301704770715,-3.2634997810816233,-0.44901549459458956,-1.4496509521399759,0.030000146664428542,-0.08528459507590219,0.0285796676567822,-0.2090014850028932,0.01942352647590875,0.008770150385767776,0.08617873800541592,-0.08995602011732765,-0.44901549459458956,-1.4496509521399759,0.030000146664428542,-0.08528459507590219,0.0285796676567822,-0.2090014850028932,0.44280567061557374,0.01942352647590875,0.008770150385767776,0.08617873800541592,-0.08995602011732765,-0.04146603240854867,-0.05269000901291565,0.2777580198458544,0.09643524432181197,0.062445445205663946,0.05854564045820523,-0.03701650275257674
Base_IL10:222,Base_IL10,10.0,0.0,0.0,0.0,0.007574005550416281,-2.1206743809534707,1.536773412533842,-2.506007446360817,-0.07084697805437117,-0.08903278139677173,0.06136489894995792,-0.3350687782599748,-0.04118648461496212,0.144916682749559,-0.004190795255923541,-0.018166972298584362,1.536773412533842,-2.506007446360817,-0.07084697805437117,-0.08903278139677173,0.06136489894995792,-0.3350687782599748,0.23522562841989547,-0.04118648461496212,0.144916682749559,-0.004190795255923541,-0.018166972298584362,-0.06724653975688354,-0.2353796562842888,0.09621380212358478,0.038223989428454605,0.1324254532223496,0.03925985162234955,0.0015543622774139808
Base_IL10:223,Base_IL10,10.0,0.0,0.0,0.0,0.0007185806792652306,-3.1435244640048734,-2.931906453078869,2.1461780128438726,0.013538115089016723,-0.01790966212045,0.05531623674864447,-0.28054365711244744,0.08265717845819183,0.11452733297935888,-0.053835294096277825,-0.04832510060555804,-2.931906453078869,2.1461780128438726,0.013538115089016723,-0.01790966212045,0.05531623674864447,-0.28054365711244744,0.3333474227900548,0.08265717845819183,0.11452733297935888,-0.053835294096277825,-0.04832510060555804,-0.031451604318124576,-0.12132695792930746,0.22687681633955156,0.137059292173193,0.11808230003309958,-0.005200943029854965,-0.01753461702448942
Base_IL10:224,Base_IL10,10.0,0.0,0.0,0.0,0.0018253601162944364,-2.7386514429383815,0.048972115601660926,1.4560240613780722,-0.07268554280344214,0.09808710578613163,0.03264445101203907,-0.24010909332164207,0.049133799192835496,0.0024519002858624864,0.061086314765897036,0.0014831547872298234,0.048972115601660926,1.4560240613780722,-0.07268554280344214,0.09808710578613163,0.03264445101203907,-0.24010909332164207,0.4423186380449202,0.049133799192835496,0.0024519002858624864,0.061086314765897036,0.0014831547872298234,-0.009008361203654135,-0.05891876386381336,0.25576228608462365,0.12192879984390081,0.07030677769916016,0.07253624045055043,0.038465048654636944
Base_IL10:225,Base_IL10,10.0,0.0,0.0,0.0,0.008693174309501783,-2.0608216121157863,2.00514902471906,1.5857043961599513,0.08466630897954851,0.05389258716197254,0.04826320752728254,-0.2053171996828474,0.046896123359144906,0.014748762428676211,0.022556376514676527,-0.09737104539016028,2.00514902471906,1.5857043961599513,0.08466630897954851,0.05389258716197254,0.04826320752728254,-0.2053171996828474,0.4262883889556911,0.046896123359144906,0.014748762428676211,0.022556376514676527,-0.09737104539016028,0.02417258599560173,-0.030167494646601473,0.24587230581482597,0.13993650111895364,0.08063738240956878,0.03913672785506521,-0.028726536196396556
Base_IL10:226,Base_IL10,10.0,0.0,0.0,0.0,0.014953911721950574,-1.8252451874704616,1.5426856618429263,-0.2975505342539726,-0.044811449004917875,-0.07249169494528013,-0.044911485181975935,-0.23188299090882925,0.010898744265804462,-0.03500410237007748,-0.04859469972517462,0.010307701876586384,1.5426856618429263,-0.2975505342539726,-0.044811449004917875,-0.07249169494528013,-0.044911485181975935,-0.23188299090882925,0.5010971317213538,0.010898744265804462,-0.03500410237007748,-0.04859469972517462,0.010307701876586384,-0.09571045558092216,-0.08307777801866253,0.2618319352447944,0.09887205553515628,0.010814720338946942,-0.021397386304683255,0.0012129549326037698
Base_IL10:227,Base_IL10,10.0,0.0,0.0,0.0,0.007437723007797013,-2.1285599994679396,1.1838685145478414,0.1940925434024372,-0.012893092510726734,-0.09600777458078324,-0.006971606434649773,-0.2567265343759079,0.0650818413835769,0.04442723112769819,0.06402738106450137,-0.030135168318623475,1.1838685145478414,0.1940925434024372,-0.012893092510726734,-0.09600777458078324,-0.006971606434649773,-0.2567265343759079,0.4237293702035324,0.0650818413835769,0.04442723112769819,0.06402738106450137,-0.030135168318623475,-0.07879838784134417,-0.10500149431620742,0.2198903872128025,0.12716444285768952,0.08981270664053174,0.06929360602861709,0.014369667251507137
Base_IL10:228,Base_IL10,10.0,0.0,0.0,0.0,0.005566935377296155,-2.2543838200881723,1.47750384505016,1.2507691585606877,0.09786236095060474,-0.05636756514257584,-0.07983688976619989,-0.3178898610590877,0.09424727528424276,-0.026858489340836483,-0.08680501797389223,0.004522368531512422,1.47750384505016,1.2507691585606877,0.09786236095060474,-0.05636756514257584,-0.07983688976619989,-0.3178898610590877,0.23561017195104794,0.09424727528424276,-0.026858489340836483,-0.08680501797389223,0.004522368531512422,-0.13789884479029083,-0.23125203829084487,0.09092398820688731,0.09071382006914668,-0.004655940953788573,-0.06546739963199699,-0.024216793594585163
Base_IL10:229,Base_IL10,10.0,0.0,0.0,0.0,0.042321924144310824,-1.3734345955508434,-2.4000910750833238,-1.7199280328973936,0.05770988628120235,-0.07748802577172555,-0.043681196302510106,-0.3058513977578156,-0.03035671263732879,0.13106996157323061,0.06862530977150297,-0.08521750990468395,-2.4000910750833238,-1.7199280328973936,0.05770988628120235,-0.07748802577172555,-0.043681196302510106,-0.3058513977578156,0.20000000000000007,-0.03035671263732879,0.13106996157323061,0.06862530977150297,-0.08521750990468395,-0.1336961849260826,-0.2133641445077399,0.09420508023020469,0.023767371100320133,0.12864282099130414,0.05741779931287527,-0.047280702511111494
Base_IL10:230,Base_IL10,10.0,0.0,0.0,0.0,0.05628469010175763,-1.2496097207531847,0.6637843522492357,0.15191024849060475,0.027531953901781803,-0.07859781440482957,0.008205224880859757,-0.2908787782809756,-0.035897585264155686,0.09862209770805605,-0.05970107138386615,-0.0946444693482132,0.6637843522492357,0.15191024849060475,0.027531953901781803,-0.07859781440482957,0.008205224880859757,-0.2908787782809756,0.30592100482726226,-0.035897585264155686,0.09862209770805605,-0.05970107138386615,-0.0946444693482132,-0.09500518175623607,-0.19991988616508144,0.17319009841404095,0.05169312042560778,0.08758597944814656,-0.04557717899391476,-0.0933496408308568
Base_IL10:231,Base_IL10,10.0,0.0,0.0,0.0,0.020062442183163737,-1.6976162018183614,-1.059305413928048,2.870264145333427,0.08312811911417264,0.06682578544382316,-0.019865427170413348,-0.2969379413723543,0.09540492470379654,0.09552032936340724,-0.06260908570726674,-0.012352547533388304,-1.059305413928048,2.870264145333427,0.08312811911417264,0.06682578544382316,-0.019865427170413348,-0.2969379413723543,0.26735583959137776,0.09540492470379654,0.09552032936340724,-0.06260908570726674,-0.012352547533388304,-0.0534466634679355,-0.15897977601855304,0.1618550897299671,0.13984332660927667,0.1115627611091117,0.002590833251975387,0.007252421436452414
Base_IL10:232,Base_IL10,10.0,0.0,0.0,0.0,0.11997406501916215,-0.920912625922324,-0.16075576253991986,0.9094125320476281,0.0956046297229706,0.08933313874179252,0.04512295401066854,-0.27562517332525255,-0.07578920599775928,0.0782087314105771,-0.003255599754677885,0.08800117641161745,-0.16075576253991986,0.9094125320476281,0.0956046297229706,0.08933313874179252,0.04512295401066854,-0.27562517332525255,0.24905939062468407,-0.07578920599775928,0.0782087314105771,-0.003255599754677885,0.08800117641161745,0.013385960883868571,-0.15842125472269586,0.15008381684092725,0.005195144487785955,0.07857762692869792,0.05200300974996262,0.1033686329265719
Base_IL10:233,Base_IL10,10.0,0.0,0.0,0.0,0.04441571957182503,-1.3524632975639919,2.370604770016992,1.6112036260311138,-0.09598777393575178,-0.002110459548880339,-0.12514172647493435,-0.21128661284465156,0.0028572545963490904,0.13339389884472244,0.01945735222482319,-0.04773098225397298,2.370604770016992,1.6112036260311138,-0.09598777393575178,-0.002110459548880339,-0.12514172647493435,-0.21128661284465156,0.3620339392759142,0.0028572545963490904,0.13339389884472244,0.01945735222482319,-0.04773098225397298,-0.14355664081672556,-0.13097939320263272,0.16213317953964831,0.09303884630089085,0.12419392498169522,0.05753235786642177,-9.967419061030137e-05
Base_IL10:234,Base_IL10,10.0,0.0,0.0,0.0,0.03511546848156469,-1.4545015332109232,0.03583258606780748,2.9808045655039277,0.09864355056993009,0.0837067886484587,0.05242007444250095,-0.26888003748045136,-0.0604523408063699,-0.03184149892440205,-0.09928909237525521,0.07010279362618058,0.03583258606780748,2.9808045655039277,0.09864355056993009,0.0837067886484587,0.05242007444250095,-0.26888003748045136,0.23466382312645118,-0.0604523408063699,-0.03184149892440205,-0.09928909237525521,0.07010279362618058,0.03627253718415193,-0.15777246542434104,0.1557694064943402,-0.008198804877411035,-0.053823714787580045,-0.09222294981919263,0.03236233787669148
Base_IL10:235,Base_IL10,10.0,0.0,0.0,0.0,0.12349263248315052,-0.908358951451738,-2.6622954738656235,1.947185070810951,-0.045035180508113754,0.07446648114178332,0.006478310319342567,-0.3396676708236614,-0.07901640262698754,0.011452796546107126,-0.08718056143841918,-0.04031291302541329,-2.6622954738656235,1.947185070810951,-0.045035180508113754,0.07446648114178332,0.006478310319342567,-0.3396676708236614,0.31638968357017183,-0.07901640262698754,0.011452796546107126,-0.08718056143841918,-0.04031291302541329,-0.08490280840277467,-0.2115092981485013,0.183024428242801,-0.033877875898478245,-0.019581367442494536,-0.09637643369754947,-0.06262290898016379
Base_IL10:236,Base_IL10,10.0,0.0,0.0,0.0,0.0196577243293247,-1.70646675956698,1.3243766050593933,1.4714729398095374,-0.02114418996171621,-0.07878234359100243,-0.09679853048098311,-0.25612895926495816,-0.05666575872850258,0.15777174086289616,0.006085426698589691,0.06598839075539911,1.3243766050593933,1.4714729398095374,-0.02114418996171621,-0.07878234359100243,-0.09679853048098311,-0.25612895926495816,0.26063465965595256,-0.05666575872850258,0.15777174086289616,0.006085426698589691,0.06598839075539911,-0.15964886109021947,-0.18991971906288946,0.08190403095379498,0.017671114117966527,0.11185595316572722,0.05917253151035791,0.0710643169329308
Base_IL10:237,Base_IL10,10.0,0.0,0.0,0.0,0.004617087352980045,-2.3356319087370685,-0.1712584954798847,-1.9630098625164187,-0.0027888924563397866,-0.09957931146992312,-0.125440925382732,-0.33260678305728447,0.07789684547069703,-0.015643713423708794,-0.027420065188752243,-0.0778763246198959,-0.1712584954798847,-1.9630098625164187,-0.0027888924563397866,-0.09957931146992312,-0.125440925382732,-0.33260678305728447,0.24074713893066657,0.07789684547069703,-0.015643713423708794,-0.027420065188752243,-0.0778763246198959,-0.17146465134872585,-0.20631747123913444,0.09341328227073072,0.06663650784864167,0.007233415057527143,-0.029296763438307522,-0.05449978925529018
Base_IL10:238,Base_IL10,10.0,0.0,0.0,0.0,0.007904387471917537,-2.1021317788466485,-1.757776330482748,1.1424025843904817,0.02009520845750126,0.03610154020496734,-0.07659412537146079,-0.3193303857857086,-0.06127953146178531,0.06147359290731031,-0.04436699145752605,-0.06440305020154767,-1.757776330482748,1.1424025843904817,0.02009520845750126,0.03610154020496734,-0.07659412537146079,-0.3193303857857086,0.3163555741521926,-0.06127953146178531,0.06147359290731031,-0.04436699145752605,-0.06440305020154767,-0.14629464052554456,-0.2100865473335353,0.16985675887442003,0.000575733224567313,0.041256274293693405,-0.04528399388155087,-0.06302748973659679
Base_IL10:239,Base_IL10,10.0,0.0,0.0,0.0,0.060666380335668034,-1.2170519164972167,2.6039263895108715,1.0395889571268735,0.028379916984435205,0.043277452948482356,-0.04797450274829234,-0.3512068342006942,0.03775300665492161,0.1219554721074125,-0.020161010889274057,-0.08761843204824202,2.6039263895108715,1.0395889571268735,0.028379916984435205,0.043277452948482356,-0.04797450274829234,-0.3512068342006942,0.26167337141824576,0.03775300665492161,0.1219554721074125,-0.020161010889274057,-0.08761843204824202,-0.09327108698831117,-0.23656495803467692,0.09050075275849341,0.09142827762183822,0.11997606018245865,0.017081765602192944,-0.05362952779222398
Base_IL10:240,Base_IL10,10.0,0.0,0.0,0.0,0.08988040174441654,-1.0463349950536063,-0.7749334758665907,0.20752604307693745,0.09462722181289984,0.04700483072676849,0.015529329203987183,-0.39550783843424697,0.03699639206353607,0.023670458073075343,-0.05097242337804735,0.03356411752556652,-0.7749334758665907,0.20752604307693745,0.09462722181289984,0.04700483072676849,0.015529329203987183,-0.39550783843424697,0.3021273887818723,0.03699639206353607,0.023670458073075343,-0.05097242337804735,0.03356411752556652,-0.061871731033739906,-0.23169077636301721,0.16052316231946714,0.07374907310277151,0.03310395858789565,-0.016985525595599578,0.022970259003376035
Base_IL10:241,Base_IL10,10.0,0.0,0.0,0.0,0.013211147086031452,-1.879059472203366,0.8987367317787562,1.2012850888254585,0.03082381505933307,0.02439088099171807,-0.06301057033544921,-0.33591089848334627,-0.021554447137447766,0.08125794558904766,0.054227061253420875,-0.024079772725377802,0.8987367317787562,1.2012850888254585,0.03082381505933307,0.02439088099171807,-0.06301057033544921,-0.33591089848334627,0.36474460842485923,-0.021554447137447766,0.08125794558904766,0.054227061253420875,-0.024079772725377802,-0.11373086336379792,-0.2008131370416709,0.17393077858809303,0.06338231253469125,0.0965074126916008,0.07081599232314487,0.015866074383124387
Base_IL10:242,Base_IL10,10.0,0.0,0.0,0.0,0.00903181577904057,-2.044224929249836,2.2006569648342875,0.8482996981361266,0.09929759769878542,0.02112626203348944,0.025521674235038358,-0.29751058408861836,0.027562326187740373,0.10524643689329842,0.06308211196430698,0.04956759558669648,2.2006569648342875,0.8482996981361266,0.09929759769878542,0.02112626203348944,0.025521674235038358,-0.29751058408861836,0.31108541131202616,0.027562326187740373,0.10524643689329842,0.06308211196430698,0.04956759558669648,-0.017874011601977588,-0.1383228680664877,0.15176938632210776,0.10435692086618838,0.1275685526779208,0.10746380792985961,0.08419109108763219
Base_IL10:243,Base_IL10,10.0,0.0,0.0,0.0,0.10365319809700013,-0.984417293720117,0.9105538492087537,-2.7329272651826826,0.056396041467451356,0.054627678819424354,0.06364167541665561,-0.3795002252989323,-0.032243241006592996,0.12308317975681081,-0.06276898137587329,0.02773897685825932,0.9105538492087537,-2.7329272651826826,0.056396041467451356,0.054627678819424354,0.06364167541665561,-0.3795002252989323,0.19999999999999996,-0.032243241006592996,0.12308317975681081,-0.06276898137587329,0.02773897685825932,-0.020766803685175153,-0.2779025257947514,0.06980483026268967,0.02728631795255222,0.09955176665841652,-0.014752428422489534,0.02010895237419998
Base_IL10:244,Base_IL10,10.0,0.0,0.0,0.0,0.026025835866261397,-1.5845953134494923,-0.40468084241372904,2.5577776621630317,-0.021873542120211656,0.030524756672457666,-0.0003765032996898496,-0.31278714859916523,-0.07030085962328854,-0.030282231115316707,-0.08440567127982768,0.03787232721479348,-0.40468084241372904,2.5577776621630317,-0.021873542120211656,0.030524756672457666,-0.0003765032996898496,-0.31278714859916523,0.41157696007524924,-0.07030085962328854,-0.030282231115316707,-0.08440567127982768,0.03787232721479348,-0.07943274226919288,-0.1759533624134812,0.2531930134074301,0.013747806003320526,-0.03362201179926033,-0.07132763677951325,0.006371202737054272
Base_IL10:245,Base_IL10,10.0,0.0,0.0,0.0,0.05331951235628386,-1.273113831162595,1.907378314861397,0.7026112541126603,0.02146416627389476,-0.032325135018126665,-0.11440096700208804,-0.2366939019721184,0.09835952460332212,0.0028640577109142404,-0.06975387276805488,-0.06943824585422084,1.907378314861397,0.7026112541126603,0.02146416627389476,-0.032325135018126665,-0.11440096700208804,-0.2366939019721184,0.3547001287972601,0.09835952460332212,0.0028640577109142404,-0.06975387276805488,-0.06943824585422084,-0.13514134650922532,-0.13851377401328366,0.18487951441910305,0.13598236113464518,0.04366309961359159,-0.03939667123570303,-0.05714046233933174
Base_IL10:246,Base_IL10,10.0,0.0,0.0,0.0,0.0026719637901414036,-2.5731694316187728,2.6139119510671556,-0.3813485895602027,0.006954382990373942,0.06520059277732,0.043443494950955064,-0.20657017184402776,-0.0026385862422732,0.07024123965013204,0.09823284946718203,-0.012870910170368732,2.6139119510671556,-0.3813485895602027,0.006954382990373942,0.06520059277732,0.043443494950955064,-0.20657017184402776,0.4938477719073673,-0.0026385862422732,0.07024123965013204,0.09823284946718203,-0.012870910170368732,0.010948879074739605,-0.025804661376827725,0.24938309683027138,0.11643376251794572,0.10207957064331484,0.0943367041753772,0.037552461127908235
Base_IL10:247,Base_IL10,10.0,0.0,0.0,0.0,0.0023663605127527423,-2.625919090320083,-2.4632509414361,0.5072973066173199,-0.07902890626322583,-0.08491506772113461,0.009922924793145521,-0.34339984603730994,0.08101985475859474,0.10004351266356967,0.0005356203741710086,-0.0663706407434621,-2.4632509414361,0.5072973066173199,-0.07902890626322583,-0.08491506772113461,0.009922924793145521,-0.34339984603730994,0.23476362664538653,0.08101985475859474,0.10004351266356967,0.0005356203741710086,-0.0663706407434621,-0.10304570214906768,-0.2098432391974406,0.11831970993819159,0.09129067539377245,0.09124177826775784,0.008566402022036363,-0.03766685161781156
Base_IL10:248,Base_IL10,10.0,0.0,0.0,0.0,0.09518303158451169,-1.0214404670151167,2.5479221105681495,2.763587629638247,0.03530927912821329,0.03297822489796298,-0.09094109383591345,-0.2920364409528769,-0.09300983164721942,0.06233541075411843,0.08514218387123598,0.0813733093899207,2.5479221105681495,2.763587629638247,0.03530927912821329,0.03297822489796298,-0.09094109383591345,-0.2920364409528769,0.22687422552253889,-0.09300983164721942,0.06233541075411843,0.08514218387123598,0.0813733093899207,-0.12487082364113822,-0.23213739160039878,0.042109211737034774,-0.04336688815869819,0.039885287069114636,0.09603695879699592,0.10568105036987203
Base_IL10:249,Base_IL10,10.0,0.0,0.0,0.0,0.010638297872340425,-1.9731278535996988,1.6721352983335378,2.371901249280148,0.03315056496039306,-0.0027513362968147217,-0.034031840055626886,-0.3236520641814112,-0.004302291425982807,0.08974866159549437,-0.05784515820021501,-0.05575733818923509,1.6721352983335378,2.371901249280148,0.03315056496039306,-0.0027513362968147217,-0.034031840055626886,-0.3236520641814112,0.39876074509482695,-0.004302291425982807,0.08974866159549437,-0.05784515820021501,-0.05575733818923509,-0.09304797295084147,-0.18466367932167382,0.20120844587026074,0.09825646801362978,0.09549752160844399,-0.010063343948420941,-0.03739485388774891
Base_IL10:250,Base_IL10,10.0,0.0,0.0,0.0,0.0007103211312276993,-3.148545265379924,1.0212672127553835,1.7692065485311583,-0.0437711736219641,-0.021051884347780627,0.0622809398313733,-0.39421821905646615,0.03420175116236841,0.11441667182191667,-0.07808771963283637,0.0381643357969502,1.0212672127553835,1.7692065485311583,-0.0437711736219641,-0.021051884347780627,0.0622809398313733,-0.39421821905646615,0.2138073047283442,0.03420175116236841,0.11441667182191667,-0.07808771963283637,0.0381643357969502,-0.05914060862044682,-0.28514878762423723,0.058074332485896704,0.06611362132563706,0.09308100071233004,-0.019137300927798084,0.02360435658536651
Base_IL10:251,Base_IL10,10.0,0.0,0.0,0.0,0.3753427712435575,-0.4255719438292057,2.8022134863877084,2.470966289661032,0.03408587496205575,-0.07526235335443673,0.03905034472754457,-0.3756354705614757,-0.09139545759167261,0.01892709953349591,-0.0788411451879598,-0.07264168665744669,2.8022134863877084,2.470966289661032,0.03408587496205575,-0.07526235335443673,0.03905034472754457,-0.3756354705614757,0.2141605674239122,-0.09139545759167261,0.01892709953349591,-0.0788411451879598,-0.07264168665744669,-0.06841559681256332,-0.2516513495888127,0.00825228405749625,-0.0618997800938807,-0.040501757246385904,-0.09807362559667761,-0.10407098516770721
Base_IL10:252,Base_IL10,10.0,0.0,0.0,0.0,0.0013834742962865073,-2.8590289052506277,0.6407046078124516,-2.168086610949489,-0.08697700417794862,-0.058477072651061224,-0.10423005829437289,-0.3603413495536503,0.014429871662244565,0.0631056292928531,0.0019291039626168516,-0.04556405622963933,0.6407046078124516,-2.168086610949489,-0.08697700417794862,-0.058477072651061224,-0.10423005829437289,-0.3603413495536503,0.2649458541756131,0.014429871662244565,0.0631056292928531,0.0019291039626168516,-0.04556405622963933,-0.16111121437609474,-0.22003035062547366,0.0874119171992193,0.04719081611530431,0.056089914571064124,0.010935315041434019,-0.02138920966924389
Base_IL10:253,Base_IL10,10.0,0.0,0.0,0.0,0.0828680454605524,-1.0816129043770937,-0.5814824477609211,2.259192475127316,0.05336240833908404,-0.040399507912460324,-0.02568155971951113,-0.2424603013753726,-0.0855988078619754,0.11158399764908403,-0.04673841614962651,-0.06211080114941336,-0.5814824477609211,2.259192475127316,0.05336240833908404,-0.040399507912460324,-0.02568155971951113,-0.2424603013753726,0.3320641998434726,-0.0855988078619754,0.11158399764908403,-0.04673841614962651,-0.06211080114941336,-0.10797073986999052,-0.16402633464627156,0.22299226301992453,0.020935214576120624,0.1058396250632286,-0.025283291973884566,-0.05849981083163792
Base_IL10:254,Base_IL10,10.0,0.0,0.0,0.0,0.006054248711510506,-2.217939741982364,1.569006270606992,1.8132382411701646,-0.06281699382457245,0.060976881694805356,-0.0660873231588513,-0.2888561413048811,0.03217028445343926,-0.01828454883730843,-0.07435620742690613,0.021141920432645667,1.569006270606992,1.8132382411701646,-0.06281699382457245,0.060976881694805356,-0.0660873231588513,-0.2888561413048811,0.37530969886659027,0.03217028445343926,-0.01828454883730843,-0.07435620742690613,0.021141920432645667,-0.11262729474698947,-0.17935408968872651,0.20972680349292264,0.10187844942809407,0.012538980178434786,-0.045162669162739894,0.00032427327320670507
Base_IL10:255,Base_IL10,10.0,0.0,0.0,0.0,0.007272532047046386,-2.1383143563201963,-2.708694744899936,0.5806688477159789,0.005285431764852522,-0.052187050160608844,-0.09065233779089019,-0.2849187511066089,-0.08955326317843366,0.15026701776921564,0.024984349873121772,0.060461007204541485,-2.708694744899936,0.5806688477159789,0.005285431764852522,-0.052187050160608844,-0.09065233779089019,-0.2849187511066089,0.24169079115172698,-0.08955326317843366,0.15026701776921564,0.024984349873121772,0.060461007204541485,-0.16404141257742877,-0.19367425490303972,0.09923399693351109,-0.020469688670608277,0.11424591210703494,0.05728058291329358,0.06461727759211482
Base_IL10:256,Base_IL10,10.0,0.0,0.0,0.0,0.10521012290207479,-0.9779424720738495,0.7189688264212224,2.831333338132767,0.020863956587153988,0.008326055869748928,-0.03946670732177377,-0.2827728590655269,-0.09100246541561165,0.08857745921795095,-0.0556507831453166,-0.09756246990985908,0.7189688264212224,2.831333338132767,0.020863956587153988,0.008326055869748928,-0.03946670732177377,-0.2827728590655269,0.31577724346705816,-0.09100246541561165,0.08857745921795095,-0.0556507831453166,-0.09756246990985908,-0.11177239502861787,-0.21030344631087505,0.16536812268500603,-0.0002285066594696524,0.06388630907393379,-0.054732924213130627,-0.10735395048628855
Base_IL10:257,Base_IL10,10.0,0.0,0.0,0.0,0.0029899563895863616,-2.5243351460903263,1.347707071177447,-1.2173659161801536,0.06811512297552294,0.027776510314483496,-0.0732193804705516,-0.2248417342675087,-0.03909075306326415,0.053437552512384925,0.0433145469092034,-0.0749118539060584,1.347707071177447,-1.2173659161801536,0.06811512297552294,0.027776510314483496,-0.0732193804705516,-0.2248417342675087,0.39529254558102234,-0.03909075306326415,0.053437552512384925,0.0433145469092034,-0.0749118539060584,-0.09731241152047396,-0.11081736765558188,0.2476811116507129,0.07385604317810184,0.0800135837276716,0.044261860982774244,-0.03684256173914724
Base_IL10:258,Base_IL10,10.0,0.0,0.0,0.0,0.011939176688251618,-1.9230256206168153,-0.008457940515073537,1.6237055459405219,-0.06751626087721974,-0.010522624844348606,0.04970203723340019,-0.3838216426322531,0.0681225661585118,0.09167171455903997,0.03729102548330163,0.044896254430320616,-0.008457940515073537,1.6237055459405219,-0.06751626087721974,-0.010522624844348606,0.04970203723340019,-0.3838216426322531,0.24645587378160427,0.0681225661585118,0.09167171455903997,0.03729102548330163,0.044896254430320616,-0.06238034868079639,-0.23628545290098307,0.09545650085435838,0.08887126721468216,0.10327103411410522,0.07350436416941332,0.06309766983614525
Base_IL10:259,Base_IL10,10.0,0.0,0.0,0.0,0.03686649266552134,-1.433368177513612,1.838578038389372,-2.5490749657775527,-0.02235478814543671,-0.013683206441293762,-0.00753285453235443,-0.3731527564929541,0.08919038075330632,-0.0004958239355201746,-0.006305459058129926,-0.08837928489961927,1.838578038389372,-2.5490749657775527,-0.02235478814543671,-0.013683206441293762,-0.00753285453235443,-0.3731527564929541,0.3989054457413853,0.08919038075330632,-0.0004958239355201746,-0.006305459058129926,-0.08837928489961927,-0.08252475086224237,-0.18444270803710716,0.1971072427580152,0.12883109179156707,0.0464517189435373,-0.005650392321402007,-0.055969478417794816
Base_IL10:260,Base_IL10,10.0,0.0,0.0,0.0,0.05517378089070966,-1.2582672541479463,1.918761519388703,-0.17533542988989925,-0.05838200198565555,0.07708287694493828,-0.09178546599897125,-0.22167091283714774,-0.04001973833168313,0.08248490178192415,-0.011633874252214738,-0.08577034516402693,1.918761519388703,-0.17533542988989925,-0.05838200198565555,0.07708287694493828,-0.09178546599897125,-0.22167091283714774,0.33116988270343817,-0.04001973833168313,0.08248490178192415,-0.011633874252214738,-0.08577034516402693,-0.12585617763305834,-0.15339285295469363,0.20857833578615484,0.06939777292537466,0.09473051974566482,0.004819252650845425,-0.06799775049298036
Base_IL10:261,Base_IL10,10.0,0.0,0.0,0.0,0.004431247522135588,-2.3534739903215223,-2.452932517810658,-1.0294153062826685,0.06507084652617011,0.023862962884025007,0.011316976374957016,-0.33918305942943433,-0.07766946117889693,0.11289108763949257,0.08925157371758546,0.014461946144674376,-2.452932517810658,-1.0294153062826685,0.06507084652617011,0.023862962884025007,0.011316976374957016,-0.33918305942943433,0.2662920861047642,-0.07766946117889693,0.11289108763949257,0.08925157371758546,0.014461946144674376,-0.07792053968294198,-0.21037236986028368,0.14160579332276393,-0.007825239532422791,0.12036665865198126,0.10197211936498156,0.04125570502158587
Base_IL10:262,Base_IL10,10.0,0.0,0.0,0.0,0.020863618342804282,-1.68061037040418,2.919589631119482,-0.6795246438370788,0.038201576886734846,0.08815025233621282,-0.10789271014476996,-0.3417823901817471,0.030267991755405,0.12356094057255118,-0.0028502336849799193,-0.002089126472906422,2.919589631119482,-0.6795246438370788,0.038201576886734846,0.08815025233621282,-0.10789271014476996,-0.3417823901817471,0.26520477796469266,0.030267991755405,0.12356094057255118,-0.0028502336849799193,-0.002089126472906422,-0.11578686910120477,-0.22557191860154707,0.0888076908620486,0.08489367224758286,0.11561813541401987,0.04390965482064491,0.017345906249111507
Base_IL10:263,Base_IL10,10.0,0.0,0.0,0.0,0.05311302365534558,-1.2747989740571781,0.7533199523026297,1.2712803194384714,0.019948482506589295,-0.065310353060717,-0.08330485104732119,-0.27159384498079653,0.09967439022952765,0.15355712942609318,0.02220974898355175,-0.04700579834223248,0.7533199523026297,1.2712803194384714,0.019948482506589295,-0.065310353060717,-0.08330485104732119,-0.27159384498079653,0.23739540142317095,0.09967439022952765,0.15355712942609318,0.02220974898355175,-0.04700579834223248,-0.12801328671592022,-0.17395707126393184,0.09481492816209554,0.11986563771298551,0.14429613577917963,0.060968315506889866,0.0004069502820134469
Base_IL10:264,Base_IL10,10.0,0.0,0.0,0.0,0.038254096735826616,-1.4173220482360953,-0.34996086955363725,1.2216310684314382,-0.07482288922295458,0.029525009367814905,0.02939070684873267,-0.20236432898434678,-0.07643190647028165,-0.03735101076327679,0.07641911846275043,0.08700078135764891,-0.34996086955363725,1.2216310684314382,-0.07482288922295458,0.029525009367814905,0.02939070684873267,-0.20236432898434678,0.38669424852219336,-0.07643190647028165,-0.03735101076327679,0.07641911846275043,0.08700078135764891,-0.030212616622986008,-0.07143472304970615,0.26621835883787454,0.015386415397889219,0.007594799858031157,0.09159663069480853,0.10769065122565817
Base_IL10:265,Base_IL10,10.0,0.0,0.0,0.0,0.005670179727765297,-2.246403175050718,0.4480135808064194,1.9082667151112571,0.03875431321080147,0.0678623982159221,-0.12200869730231849,-0.19916536234969878,0.05096695614642999,0.12887065687516716,0.042253483794017124,-0.04660341619767266,0.4480135808064194,1.9082667151112571,0.03875431321080147,0.0678623982159221,-0.12200869730231849,-0.19916536234969878,0.3035147159079722,0.05096695614642999,0.12887065687516716,0.042253483794017124,-0.04660341619767266,-0.10702899091537554,-0.10634215442326148,0.1687043479697528,0.12201893880446882,0.1468048220381093,0.08119656615968404,0.01242458542207035
Base_IL10:266,Base_IL10,10.0,0.0,0.0,0.0,0.006285516056561385,-2.2016590598529193,0.3829721112892477,0.06623862435201877,-0.07461027288427687,-0.060001381160664856,0.0616803797604739,-0.36944308984420754,-0.00806317779031943,0.12868119487594237,0.003648517551235317,-0.09387198613287984,0.3829721112892477,0.06623862435201877,-0.07461027288427687,-0.060001381160664856,0.0616803797604739,-0.36944308984420754,0.19999999999999984,-0.00806317779031943,0.12868119487594237,0.003648517551235317,-0.09387198613287984,-0.06877630062977527,-0.2602053937769615,0.054280357832570826,0.033764415230921094,0.10849436502822289,0.014116400971869465,-0.06496148360240667
Base_IL10:267,Base_IL10,10.0,0.0,0.0,0.0,0.028470662085370687,-1.5456024332155445,-2.5077308998357095,1.006099153234103,0.04836607384345526,0.06847045269568235,-0.04674915301303338,-0.30086992544526847,-0.03786374945547275,0.025386885493105145,0.05220490971811209,-0.0717611470687238,-2.5077308998357095,1.006099153234103,0.04836607384345526,0.06847045269568235,-0.04674915301303338,-0.30086992544526847,0.3483277032671468,-0.03786374945547275,0.025386885493105145,0.05220490971811209,-0.0717611470687238,-0.10614398402150904,-0.16422928218907237,0.22661383620141898,0.023246721849843378,0.053302205480861765,0.03795897673371381,-0.04193417293916478
Base_IL10:268,Base_IL10,10.0,0.0,0.0,0.0,0.017262455398440596,-1.762897430512438,-1.3172835873010804,0.40291605443568845,-0.07425036069844708,-0.033033531668127815,0.010904067371641124,-0.30343917653858177,0.00607168000400049,0.040238017298795795,-0.012024240830849176,-0.038544627202608144,-1.3172835873010804,0.40291605443568845,-0.07425036069844708,-0.033033531668127815,0.010904067371641124,-0.30343917653858177,0.48149429838694857,0.00607168000400049,0.040238017298795795,-0.012024240830849176,-0.038544627202608144,-0.07284717601272678,-0.11030655893419754,0.26483874382978206,0.08210678366604525,0.05788756954061054,0.0064607045318713285,-0.015132554666784941
Base_IL10:269,Base_IL10,10.0,0.0,0.0,0.0,0.1491963459759482,-0.8262418132032645,-0.47612441031936203,0.6211737492502896,0.0923408319644725,-0.07050198645883587,-0.05852811502118856,-0.3316659249851672,-0.022556367024459952,0.08513633298173376,-0.05825649642331653,-0.08101394514082566,-0.47612441031936203,0.6211737492502896,0.0923408319644725,-0.07050198645883587,-0.05852811502118856,-0.3316659249851672,0.19999999999999996,-0.022556367024459952,0.08513633298173376,-0.05825649642331653,-0.08101394514082566,-0.13876954932643665,-0.24433931089508298,0.056086433086820466,0.008787471630102957,0.048075174035605184,-0.052604245962330744,-0.07793918669509296
Base_IL10:270,Base_IL10,10.0,0.0,0.0,0.0,0.0005616492665521343,-3.2505348039172555,-2.5906948407967243,-0.7245525705812547,0.005819529867025053,-0.01470796276708617,-0.06861741501567664,-0.38483268559154393,-0.02794347400246764,0.0197822466752402,-0.03493280271075604,0.02798128248886336,-2.5906948407967243,-0.7245525705812547,0.005819529867025053,-0.01470796276708617,-0.06861741501567664,-0.38483268559154393,0.41538260088134094,-0.02794347400246764,0.0197822466752402,-0.03493280271075604,0.02798128248886336,-0.14194581560696354,-0.18569720077547153,0.214694476239302,0.022665564942178175,0.017380057312940927,-0.01183117161342542,0.01773856271984039
Base_IL10:271,Base_IL10,10.0,0.0,0.0,0.0,0.02543940795559667,-1.5944930001230477,-2.3439776418922884,0.8708158858029225,-0.08123249646418862,0.05672046464168328,0.041468956013166344,-0.35253718677997636,-0.04428785222204602,-0.04069149846275709,-0.007189486579203064,0.08813070470124865,-2.3439776418922884,0.8708158858029225,-0.08123249646418862,0.05672046464168328,0.041468956013166344,-0.35253718677997636,0.28774135413573054,-0.04428785222204602,-0.04069149846275709,-0.007189486579203064,0.08813070470124865,-0.06800265293764604,-0.23793111629528388,0.17364062986392756,-0.024859884056167795,-0.03953662813785333,0.007189508483315857,0.07638095181907816
Base_IL10:272,Base_IL10,10.0,0.0,0.0,0.0,0.0008011761596405445,-3.096271982357247,-1.976127320137281,0.0207580313369502,-0.02907018065169059,0.07762034538974366,0.06077794903777953,-0.2189564633493119,-0.018229961237874282,0.008986990480227636,-0.0917404430682426,-0.09321041457548677,-1.976127320137281,0.0207580313369502,-0.02907018065169059,0.07762034538974366,0.06077794903777953,-0.2189564633493119,0.401407252209643,-0.018229961237874282,0.008986990480227636,-0.0917404430682426,-0.09321041457548677,0.006665581642592883,-0.049859516366990556,0.27727524228706757,0.059980968275195244,0.01445026701491107,-0.0804417127206989,-0.08326587534011455
Base_IL10:273,Base_IL10,10.0,0.0,0.0,0.0,0.09829688119466103,-1.007460261429679,2.7617494514753775,0.6829632196382158,0.018123307953952627,0.09918827558086085,-0.13309690142815786,-0.2201588086622875,-0.09767002824323605,-0.029587523428064505,0.07926154805743146,0.03591898422440032,2.7617494514753775,0.6829632196382158,0.018123307953952627,0.09918827558086085,-0.13309690142815786,-0.2201588086622875,0.2869946224216089,-0.09767002824323605,-0.029587523428064505,0.07926154805743146,0.03591898422440032,-0.15106812301577982,-0.19280543522643584,0.15677370104464858,-0.030192510245089267,-0.022737205390123597,0.07154092599127652,0.06618640861087652
Base_IL10:274,Base_IL10,10.0,0.0,0.0,0.0,0.00137108497423021,-2.862935628583437,2.146930765383422,0.43063244972440606,0.009941806668213406,-0.04490275538385349,0.007140638851570312,-0.20042800750038198,-0.08585035319423491,0.04333577415746493,0.04112107943537167,0.07738333618519036,2.146930765383422,0.43063244972440606,0.009941806668213406,-0.04490275538385349,0.007140638851570312,-0.20042800750038198,0.48989624862371894,-0.08585035319423491,0.04333577415746493,0.04112107943537167,0.07738333618519036,-0.04529966845626325,-0.05203301790794667,0.2723387866769752,0.06729496358307636,0.06574644153553685,0.07113659253301353,0.08490938778769294
Base_IL10:275,Base_IL10,10.0,0.0,0.0,0.0,0.0182370820668693,-1.7390446475663306,2.0311096299882383,2.127654501874783,-0.07701581083673897,-0.034202507657615226,-0.04264836467394088,-0.19937549085246115,-0.06992629856839881,0.05207655174746677,-0.05366855268481685,-0.039186517846611785,2.0311096299882383,2.127654501874783,-0.07701581083673897,-0.034202507657615226,-0.04264836467394088,-0.19937549085246115,0.43189990513194954,-0.06992629856839881,0.05207655174746677,-0.05366855268481685,-0.039186517846611785,-0.10777394602247936,-0.1024410798637731,0.25014428614430506,0.06501679525813896,0.05516728945221433,-0.022356322825217264,-0.03341487550123956
Base_IL10:276,Base_IL10,10.0,0.0,0.0,0.0,0.05263396986916876,-1.2787338724821868,-0.4657710012094558,-1.3498312546514342,-0.06826641614915764,0.0712876042872949,-0.10491612437416035,-0.25615925194643,0.08845631780449323,0.12588519447575816,-0.037538866125929736,0.04749022483677604,-0.4657710012094558,-1.3498312546514342,-0.06826641614915764,0.0712876042872949,-0.10491612437416035,-0.25615925194643,0.19999999999999984,0.08845631780449323,0.12588519447575816,-0.037538866125929736,0.04749022483677604,-0.1378688886101872,-0.17991685485834016,0.11023397071861085,0.12347418304274901,0.12302976697023084,0.023821224027217147,0.047173236803310134
Base_IL10:277,Base_IL10,10.0,0.0,0.0,0.0,0.017386348619003567,-1.7597916164518048,1.4951298327733755,-0.39628540053757466,-0.010726114036120171,-0.0429996953785739,0.03669536068866455,-0.3637305471105318,-0.034221306600115985,0.10797829667425216,0.06584462700533099,-0.0334462801225243,1.4951298327733755,-0.39628540053757466,-0.010726114036120171,-0.0429996953785739,0.03669536068866455,-0.3637305471105318,0.30435777238388606,-0.034221306600115985,0.10797829667425216,0.06584462700533099,-0.0334462801225243,-0.07290784011112653,-0.23863940549883703,0.13565418748051136,0.047482857220023926,0.11840169580759717,0.08671784281481464,0.00980003711593002
Base_IL10:278,Base_IL10,10.0,0.0,0.0,0.0,0.0005410003964583058,-3.266802416631709,-2.005030459066235,-1.5447265168395266,0.02680190797931925,-0.05256457678606781,0.0556013812249159,-0.20141963178212474,0.03923960410112133,0.08651757181705881,0.02707071902139595,-0.07908698018272313,-2.005030459066235,-1.5447265168395266,0.02680190797931925,-0.05256457678606781,0.0556013812249159,-0.20141963178212474,0.43169762710527315,0.03923960410112133,0.08651757181705881,0.02707071902139595,-0.07908698018272313,-0.013930476952740432,-0.03328693370363883,0.27393420924474676,0.10826735621460469,0.09858774737195171,0.028534829916491065,-0.03643685557458268
Base_IL10:279,Base_IL10,10.0,0.0,0.0,0.0,0.017167470596008986,-1.7652936877812584,0.137259652157661,-1.0644449134346496,-0.014897414357043304,-0.08754696212995762,-0.07508739443377407,-0.22681777963364497,0.08634587611482013,0.03283770955043121,-0.04726672879020447,-0.0939708059683981,0.137259652157661,-1.0644449134346496,-0.014897414357043304,-0.08754696212995762,-0.07508739443377407,-0.22681777963364497,0.3352293290217261,0.08634587611482013,0.03283770955043121,-0.04726672879020447,-0.0939708059683981,-0.12535874802274968,-0.1190570029983976,0.19324818970457225,0.12186088339553533,0.05479083000701272,-0.03058211965794097,-0.06782535284205957
Base_IL10:280,Base_IL10,10.0,0.0,0.0,0.0,0.0010407030527289547,-2.982673171505929,-2.328446402322722,-2.309357867753294,0.05500110719930134,0.025317210676874737,0.0515866849588916,-0.3190724112192069,0.07930060990626114,-0.020077978152222578,-0.03770548744456608,0.058293106329282245,-2.328446402322722,-2.309357867753294,0.05500110719930134,0.025317210676874737,0.0515866849588916,-0.3190724112192069,0.3536454041133934,0.07930060990626114,-0.020077978152222578,-0.03770548744456608,0.058293106329282245,-0.0356751709734216,-0.1463697316121929,0.2504251593140439,0.10124366999779441,0.006434833979392718,-0.007510950898921763,0.042367219150050366
Base_IL10:281,Base_IL10,10.0,0.0,0.0,0.0,0.025901942645698426,-1.5866676626110912,0.6293511717059819,-0.24231211054331747,0.04247189734843824,-0.020545774960221176,-0.053808440890222534,-0.37184996654101105,0.06748231730897618,0.030350828564703086,-0.025176584000804192,-0.025997953969019952,0.6293511717059819,-0.24231211054331747,0.04247189734843824,-0.020545774960221176,-0.053808440890222534,-0.37184996654101105,0.3623162364166036,0.06748231730897618,0.030350828564703086,-0.025176584000804192,-0.025997953969019952,-0.1175274369972732,-0.2080724437410697,0.172394969314464,0.1053212353827178,0.054071689709813006,-0.0019655019792352074,-0.014589191432012535
Base_IL10:282,Base_IL10,10.0,0.0,0.0,0.0,0.030737908021673054,-1.5123256932956015,-1.1777346813796492,-2.6013066393215065,0.07357011936564917,0.07957553414472572,0.013466216055238373,-0.3692974128338681,0.07188702658255729,0.042113078356864744,0.08845924220527278,0.04048750410042046,-1.1777346813796492,-2.6013066393215065,0.07357011936564917,0.07957553414472572,0.013466216055238373,-0.3692974128338681,0.2211438663554034,0.07188702658255729,0.042113078356864744,0.08845924220527278,0.04048750410042046,-0.05798134585806396,-0.21704090775684592,0.11448789647530963,0.08378695974668696,0.07648811719036705,0.09260489510546623,0.05453430166149291
Base_IL10:283,Base_IL10,10.0,0.0,0.0,0.0,0.014425300647548565,-1.8408751266498264,-0.3632195861218037,-0.5071061678519386,0.0748612787252744,-0.0765320095588483,-0.06928924933613549,-0.24359150659373296,0.053322597072291214,0.08404802028528748,0.08084385786089794,0.02358095620038596,-0.3632195861218037,-0.5071061678519386,0.0748612787252744,-0.0765320095588483,-0.06928924933613549,-0.24359150659373296,0.2939305243671463,0.053322597072291214,0.08404802028528748,0.08084385786089794,0.02358095620038596,-0.11721833253866601,-0.13644690856862168,0.16276724474837803,0.10047355329750414,0.11072414088425071,0.09773128113878624,0.053042284481030384
Base_IL10:284,Base_IL10,10.0,0.0,0.0,0.0,0.0013999933923615699,-2.8538740140843912,-1.9268907640496418,-1.1320588018951194,-0.08424183820988258,0.08097937611551889,-0.028023898973179733,-0.23385334766558352,-0.012005892050912138,0.06658261129401936,0.01797965436549771,-0.020665130532228418,-1.9268907640496418,-1.1320588018951194,-0.08424183820988258,0.08097937611551889,-0.028023898973179733,-0.23385334766558352,0.45566825079317763,-0.012005892050912138,0.06658261129401936,0.01797965436549771,-0.020665130532228418,-0.06609764628959038,-0.061891133699447716,0.27924913912454064,0.07367110096404081,0.07884324539708822,0.03103562631581678,0.0007781454253418662
Base_IL10:285,Base_IL10,10.0,0.0,0.0,0.0,0.05688350733447866,-1.2450136336381719,2.0109789426910005,-1.3585855756828382,-0.09148764723993708,0.03973042607405264,-0.04950940301463007,-0.2107755230599624,0.06390122736796387,0.03198778447451278,-0.071663042622453,-0.08089480067573565,2.0109789426910005,-1.3585855756828382,-0.09148764723993708,0.03973042607405264,-0.04950940301463007,-0.2107755230599624,0.36005014547075254,0.06390122736796387,0.03198778447451278,-0.071663042622453,-0.08089480067573565,-0.08158890547088757,-0.10066043616248659,0.2219012272629498,0.13684435982327542,0.05985775664188782,-0.04398012764415921,-0.07071875202266023
Base_IL10:286,Base_IL10,10.0,0.0,0.0,0.0,0.02456802563763711,-1.609629743362508,2.2325491653523937,-2.4756791687070994,-0.06338401704444259,0.08467169802276708,-0.07544857645925582,-0.315640156385175,0.02474071749654614,0.10312258944929417,-0.010256525920972148,0.0840269164242416,2.2325491653523937,-2.4756791687070994,-0.06338401704444259,0.08467169802276708,-0.07544857645925582,-0.315640156385175,0.23870880279730544,0.02474071749654614,0.10312258944929417,-0.010256525920972148,0.0840269164242416,-0.11348196996984218,-0.22111149762665613,0.09701533914163558,0.0811068097371127,0.10478113544402055,0.04982360420440284,0.08120597365781866
Base_IL10:287,Base_IL10,10.0,0.0,0.0,0.0,0.045349048500066075,-1.3434318207429368,0.3088305113720835,2.34373143761388,0.02711158849593629,-0.0865360844916563,0.0228623367948724,-0.35948096760996173,0.07055094671727827,0.008064503658917845,-0.09579660640216309,-0.07025081645961388,0.3088305113720835,2.34373143761388,0.02711158849593629,-0.0865360844916563,0.0228623367948724,-0.35948096760996173,0.2593461493696002,0.07055094671727827,0.008064503658917845,-0.09579660640216309,-0.07025081645961388,-0.08963026561610545,-0.238410592461174,0.10512277589679236,0.07819843953940324,0.010886168698654575,-0.08371604192459531,-0.0842512541569096
Base_IL10:288,Base_IL10,10.0,0.0,0.0,0.0,0.06454423813928901,-1.1901425211125265,0.9542192227277064,1.3101213984757183,0.004455139417372543,0.08691096269096862,0.05629952276196909,-0.35652404974328844,0.07812654310088502,0.050529110748631444,-0.08640952387155035,0.08074514766533462,0.9542192227277064,1.3101213984757183,0.004455139417372543,0.08691096269096862,0.05629952276196909,-0.35652404974328844,0.19999999999999984,0.07812654310088502,0.050529110748631444,-0.08640952387155035,0.08074514766533462,-0.007266584187634591,-0.24853496945180145,0.09501232435864239,0.11142951130532687,0.06499590737068715,-0.025128968648510698,0.0627787793381437
Base_IL10:289,Base_IL10,10.0,0.0,0.0,0.0,0.033430520681908285,-1.4758568591980805,2.219567409308212,-2.464126566849427,0.057408408233431164,0.06313670217250422,0.020613962349893752,-0.37908143121981497,0.0925083136240509,-0.017480274230796664,-0.02623406305783893,0.041747491783403715,2.219567409308212,-2.464126566849427,0.057408408233431164,0.06313670217250422,0.020613962349893752,-0.37908143121981497,0.3017893533282656,0.0925083136240509,-0.017480274230796664,-0.02623406305783893,0.041747491783403715,-0.04199677509558253,-0.22581700275460245,0.15509477238690936,0.12473961845651584,0.02850181276739417,-0.0021005037315008474,0.029786083361192536
Base_IL10:290,Base_IL10,10.0,0.0,0.0,0.0,0.009263083124091449,-2.0332444387045054,-0.9548037068048475,2.1831035365246065,0.04788503011657677,0.09004297291970034,0.02028173266972485,-0.28682316813192266,-0.0014869531631822143,0.07716951568506966,0.0375200582928229,0.07183899934351312,-0.9548037068048475,2.1831035365246065,0.04788503011657677,0.09004297291970034,0.02028173266972485,-0.28682316813192266,0.36695156967748743,-0.0014869531631822143,0.07716951568506966,0.0375200582928229,0.07183899934351312,-0.017274587670104802,-0.10500888218858648,0.2073280096238142,0.08311063105965516,0.10082975794669476,0.0845152785369648,0.08994611308987958
Base_IL10:291,Base_IL10,10.0,0.0,0.0,0.0,0.015321461609620722,-1.8146998026724273,1.780603668884386,0.005458836029234693,-0.006065248049360917,-0.07134324011492897,-0.0737083671442694,-0.2591209460717033,0.009089845432882692,0.10247813426368373,0.08672242557807153,0.01571600450562907,1.780603668884386,0.005458836029234693,-0.006065248049360917,-0.07134324011492897,-0.0737083671442694,-0.2591209460717033,0.3757557888394705,0.009089845432882692,0.10247813426368373,0.08672242557807153,0.01571600450562907,-0.11782439662475785,-0.13427584529878253,0.17086024164236815,0.08947211939759896,0.11278255203718907,0.09983619858854599,0.05310293307636867
Base_IL10:292,Base_IL10,10.0,0.0,0.0,0.0,0.00041710717589533503,-3.3797523385048307,-1.3005972131816452,-1.1943240430497495,-0.007499618772821593,0.03937032312743327,0.017774346448237527,-0.24912134018805823,-0.06191249427161585,0.05845638126009009,0.08332249993527435,-0.06036759146757129,-1.3005972131816452,-1.1943240430497495,-0.007499618772821593,0.03937032312743327,0.017774346448237527,-0.24912134018805823,0.4221754045288979,-0.06191249427161585,0.05845638126009009,0.08332249993527435,-0.06036759146757129,-0.042108469614304374,-0.08760790249037419,0.2807742163348357,0.041263208316269825,0.08934867974676623,0.0740111579602367,-0.019677142204392775
Base_IL10:293,Base_IL10,10.0,0.0,0.0,0.0,0.00035516056561384963,-3.4495752610439054,-0.6233367587392318,0.24354024837962096,0.012753565982491355,-0.022629773232558704,-0.005601959714740683,-0.22300119201071184,-0.07229177080355653,-0.022719869692121156,-0.00020099006429340484,-0.03505367888089849,-0.6233367587392318,0.24354024837962096,0.012753565982491355,-0.022629773232558704,-0.005601959714740683,-0.22300119201071184,0.6057471996186279,-0.07229177080355653,-0.022719869692121156,-0.00020099006429340484,-0.03505367888089849,-0.047687394533770154,-0.025817390221566636,0.31083546598936607,0.05340627307058807,0.018179775096783722,0.004670331903599426,-0.011521991119561686
Base_IL10:294,Base_IL10,10.0,0.0,0.0,0.0,0.0014247720364741641,-2.846254617214199,-1.1992067514002889,-2.041411771568453,0.045008358801546904,-0.027014051407580467,0.04986570253582165,-0.3131804030511281,-0.08705225071850349,0.029188576675482275,0.017297246459911486,0.057001030742025095,-1.1992067514002889,-2.041411771568453,0.045008358801546904,-0.027014051407580467,0.04986570253582165,-0.3131804030511281,0.37439237960800065,-0.08705225071850349,0.029188576675482275,0.017297246459911486,0.057001030742025095,-0.05062114292972162,-0.17585742070833224,0.25823221135771435,-0.006248463280093055,0.0386862148197058,0.04205172092489404,0.06442510177235235
Base_IL10:295,Base_IL10,10.0,0.0,0.0,0.0,0.001792321924144311,-2.7465839827749625,1.4016009939063587,-0.035887876186524226,0.06990401383315763,0.012639569577281696,-0.018467466820815452,-0.24114586319160133,-0.07407367410979286,0.012364761819964556,0.04552685906416614,0.05249261931988811,1.4016009939063587,-0.035887876186524226,0.06990401383315763,0.012639569577281696,-0.018467466820815452,-0.24114586319160133,0.4733851722633322,-0.07407367410979286,0.012364761819964556,0.04552685906416614,0.05249261931988811,-0.05182408497476054,-0.08221579825221166,0.2756750716492028,0.058469018267043885,0.04563506089929074,0.06217566222469177,0.0653710135855791
Base_IL10:296,Base_IL10,10.0,0.0,0.0,0.0,0.03551192678736619,-1.4496257633385032,1.7142404005870389,2.0403127844649465,-0.06424828887017014,-0.0174811210673442,-0.015937975950700848,-0.22532011171469105,-0.07453571904626924,0.11223566143389224,0.09417471569652286,0.03732283403109791,1.7142404005870389,2.0403127844649465,-0.06424828887017014,-0.0174811210673442,-0.015937975950700848,-0.22532011171469105,0.3587435721893115,-0.07453571904626924,0.11223566143389224,0.09417471569652286,0.03732283403109791,-0.0793059538106192,-0.11887319717695317,0.18127591330536832,0.044203082476565854,0.11918022796718769,0.12669907244462972,0.08762981560195114
Base_IL10:297,Base_IL10,10.0,0.0,0.0,0.0,0.0016684287035813401,-2.777692347176868,-2.7509274551436156,-0.11015812306990225,-0.06529320839810758,-0.09853175766565253,0.05466988620426075,-0.3374066214192981,-0.003441077937158832,0.05893779501757228,0.003341309105861834,-0.06106875058826409,-2.7509274551436156,-0.11015812306990225,-0.06529320839810758,-0.09853175766565253,0.05466988620426075,-0.3374066214192981,0.31730959366382405,-0.003441077937158832,0.05893779501757228,0.003341309105861834,-0.06106875058826409,-0.07709354800919398,-0.19609139593206787,0.19324301726451296,0.04259703462331267,0.06230256556945212,0.0004855110914942393,-0.042911799969754444
Base_IL10:298,Base_IL10,10.0,0.0,0.0,0.0,0.0029569181974362364,-2.5291606899796175,0.2594936601573212,2.0135548627606226,-0.03038350339690432,0.05857611428017413,0.02343780647320909,-0.34907890663715635,0.024333529497643405,0.05304919159269405,-0.0856629419903762,0.0559069452568709,0.2594936601573212,2.0135548627606226,-0.03038350339690432,0.05857611428017413,0.02343780647320909,-0.34907890663715635,0.31957106087497156,0.024333529497643405,0.05304919159269405,-0.0856629419903762,0.0559069452568709,-0.05610805008729942,-0.22462194430415805,0.18489294650851443,0.0941505091849799,0.06148027013992651,-0.030316894935987954,0.0411247344220874
Base_IL10:299,Base_IL10,10.0,0.0,0.0,0.0,0.00043362627197039775,-3.362884413217535,-1.8558608107422525,-0.826838996757955,0.015755709293210463,-0.05926367545048242,0.003931535307413976,-0.20591809658293408,0.09089811827494604,0.02165444551115365,-0.09665944618214048,0.047993695547610286,-1.8558608107422525,-0.826838996757955,0.015755709293210463,-0.05926367545048242,0.003931535307413976,-0.20591809658293408,0.4579252778501086,0.09089811827494604,0.02165444551115365,-0.09665944618214048,0.047993695547610286,-0.0488274207946671,-0.03907513998888281,0.27532559295574743,0.1251571314144463,0.037115463377440164,-0.02932464362436394,0.026497104869303987
Base_IL10:300,Base_IL10,10.0,0.0,0.0,0.0,0.0021516122637769263,-2.6672359889879487,1.292259270692018,2.4234218187480665,0.09010673678674806,-0.0778713099918445,0.027721965783003927,-0.24666604687541271,0.09807219944020183,-0.04165901114653049,0.07588125923609812,-0.013194218948997761,1.292259270692018,2.4234218187480665,0.09010673678674806,-0.0778713099918445,0.027721965783003927,-0.24666604687541271,0.32882725179116257,0.09807219944020183,-0.04165901114653049,0.07588125923609812,-0.013194218948997761,-0.04395363983397438,-0.1244489237499853,0.21125944108418102,0.14865902437980397,0.055396839513257176,0.08358161145080821,0.035216060474280525
Base_IL10:301,Base_IL10,10.0,0.0,0.0,0.0,0.004935079952425004,-2.3067058070033166,-0.2873655495375669,2.058099895022595,0.04378815442794152,0.019888231201501193,-0.10887788376738068,-0.3374227045231858,0.07541490075364202,0.09346974237872864,-0.07928783649262351,-0.04185054645499669,-0.2873655495375669,2.058099895022595,0.04378815442794152,0.019888231201501193,-0.10887788376738068,-0.3374227045231858,0.19999999999999996,0.07541490075364202,0.09346974237872864,-0.07928783649262351,-0.04185054645499669,-0.147881490412822,-0.23930861793734642,0.05979079207328168,0.0782017902374931,0.06955954905782964,-0.040879203996718495,-0.04141238652464407
Base_IL10:302,Base_IL10,10.0,0.0,0.0,0.0,0.37487197700541824,-0.4261170234002303,-1.3612953180403766,2.899162712377551,-0.008995781334000408,-0.06858895790928372,-0.09554640161339087,-0.39780670662882517,-0.051446346805048976,0.06436169420807056,-0.03329183353058608,0.002587699811723754,-1.3612953180403766,2.899162712377551,-0.008995781334000408,-0.06858895790928372,-0.09554640161339087,-0.39780670662882517,0.2773745781590705,-0.051446346805048976,0.06436169420807056,-0.03329183353058608,0.002587699811723754,-0.16668379906624747,-0.2480543890889363,0.05796341279096738,-0.02571951082175845,0.013577800045719,-0.027463544103775644,-0.013852449468754371
Base_IL10:303,Base_IL10,10.0,0.0,0.0,0.0,0.0008094357076780758,-3.091817640930997,-1.8034558125391849,-2.3931663992432455,-0.001118691238584746,0.0705847141047157,0.00271631807004849,-0.30134381447128583,0.004384147148644857,0.15588368838600453,-0.06851111621024285,-0.008753115603309047,-1.8034558125391849,-2.3931663992432455,-0.001118691238584746,0.0705847141047157,0.00271631807004849,-0.30134381447128583,0.386704394767164,0.004384147148644857,0.15588368838600453,-0.06851111621024285,-0.008753115603309047,-0.05897735713526946,-0.12499836093258998,0.238159779725083,0.09337462098197546,0.12182937663162735,-0.01854113344814598,-0.0053569418973822116
Base_IL10:304,Base_IL10,10.0,0.0,0.0,0.0,0.009948625611206555,-2.00223691228913,-2.2484749615323993,0.7828373500868218,0.056637675420948955,0.0006723247602006045,-0.1282279526369636,-0.2221046150455026,-0.014218446860961421,0.09009037229760863,0.09033688698456158,0.04522342132006967,-2.2484749615323993,0.7828373500868218,0.056637675420948955,0.0006723247602006045,-0.1282279526369636,-0.2221046150455026,0.3524883046731828,-0.014218446860961421,0.09009037229760863,0.09033688698456158,0.04522342132006967,-0.13851698885188019,-0.09991686651140179,0.19486777121192422,0.05432825300201258,0.10366261418987156,0.1018383071903372,0.06675817232031041
Base_IL10:305,Base_IL10,10.0,0.0,0.0,0.0,0.0006112065547773226,-3.213811996892516,1.2709580491813084,2.994939387300818,0.08579707435721254,-0.09283407881723175,0.04577275706513344,-0.3732814920755448,0.03134763327996552,0.045580693447847376,0.06364174573620136,-0.061744525220863114,1.2709580491813084,2.994939387300818,0.08579707435721254,-0.09283407881723175,0.04577275706513344,-0.3732814920755448,0.20000000000000007,0.03134763327996552,0.045580693447847376,0.06364174573620136,-0.061744525220863114,-0.07146824882067525,-0.2863025466667491,0.04341497787098882,0.04259128516245538,0.06517280958102875,0.05892585288706909,-0.02495485261634077
Base_IL10:306,Base_IL10,10.0,0.0,0.0,0.0,0.006112065547773226,-2.213811996892516,-2.019968006539317,-2.802158592417541,-0.017873612087893776,0.09472381182890935,0.05709720259844636,-0.3536267558325904,-0.02648370115018326,0.10167123017548133,-0.013381063172843122,-0.04573871434704797,-2.019968006539317,-2.802158592417541,-0.017873612087893776,0.09472381182890935,0.05709720259844636,-0.3536267558325904,0.2894039088066045,-0.02648370115018326,0.10167123017548133,-0.013381063172843122,-0.04573871434704797,-0.03644297383890735,-0.21507597401449793,0.1872893401258487,0.04280679916232602,0.09809473424921494,-0.003374278252574384,-0.03581938104883705
Base_IL10:307,Base_IL10,10.0,0.0,0.0,0.0,0.059121844852649666,-1.2282520225695064,2.894834853577395,-1.0925118687901985,0.06936483930631705,0.07064749143602511,0.016740147742752884,-0.2522772245963074,-0.05804318241907408,0.06325824546649651,-0.03021093106649028,-0.08913184917401044,2.894834853577395,-1.0925118687901985,0.06936483930631705,0.07064749143602511,0.016740147742752884,-0.2522772245963074,0.35032608879252625,-0.05804318241907408,0.06325824546649651,-0.03021093106649028,-0.08913184917401044,-0.007913241975172442,-0.13035259580108763,0.23139618935921877,0.06643300478254756,0.07197946047596773,-0.019622981860247142,-0.08265762501856141
Base_IL10:308,Base_IL10,10.0,0.0,0.0,0.0,0.02226361173516585,-1.6524043804588369,1.3772472476204902,0.09526711635058938,0.08005047309323479,-0.028043518922448968,-0.09390086103909423,-0.3292704766416971,-0.07071560925763377,0.08566097671868261,-0.014424756872446536,0.09793332745476194,1.3772472476204902,0.09526711635058938,0.08005047309323479,-0.028043518922448968,-0.09390086103909423,-0.3292704766416971,0.20000000000000007,-0.07071560925763377,0.08566097671868261,-0.014424756872446536,0.09793332745476194,-0.14893638097591616,-0.2513350088325409,0.02871819147176955,-0.02696574278906092,0.04468067226244201,0.02391127566378837,0.0791891275261815
Base_IL10:309,Base_IL10,10.0,0.0,0.0,0.0,0.033029932602088016,-1.4810923124899702,2.7889183670386313,1.02806361391198,0.09570323552857872,0.050052463542936354,0.021093586009290018,-0.21867786325277272,0.07095906250176935,0.1306703290641043,-0.0394272262700928,0.044131077411392286,2.7889183670386313,1.02806361391198,0.09570323552857872,0.050052463542936354,0.021093586009290018,-0.21867786325277272,0.3292851564190634,0.07095906250176935,0.1306703290641043,-0.0394272262700928,0.044131077411392286,0.005440390268842063,-0.06816784123300043,0.18227794246668053,0.15039511715340423,0.1410021734358528,0.05111874969952976,0.05653516585544092
Base_IL10:310,Base_IL10,10.0,0.0,0.0,0.0,0.02957331174838113,-1.5291000385610563,-1.8222504772177737,0.9761680231399505,0.0025292476409320974,-0.06199713724275664,-0.060224612045197023,-0.2623005242752008,0.07147440895492174,0.10402748814994414,-0.06708217145228695,0.06522098310121359,-1.8222504772177737,0.9761680231399505,0.0025292476409320974,-0.06199713724275664,-0.060224612045197023,-0.2623005242752008,0.30514342713754705,0.07147440895492174,0.10402748814994414,-0.06708217145228695,0.06522098310121359,-0.12536741809014745,-0.14860115447322278,0.17997473637410402,0.11321751667276066,0.09388788565557032,0.0014531791903715562,0.0549921707611128
Base_IL10:311,Base_IL10,10.0,0.0,0.0,0.0,0.0026347958239725123,-2.5792530335663106,0.7449260494650902,-2.1238656745626834,0.019186379162524636,0.07609050842981653,-0.030694476748871352,-0.2284852804487914,-0.05903206182396457,-0.03594527889668174,-0.07197468316985055,0.06457916980787377,0.7449260494650902,-2.1238656745626834,0.019186379162524636,0.07609050842981653,-0.030694476748871352,-0.2284852804487914,0.41401216151162545,-0.05903206182396457,-0.03594527889668174,-0.07197468316985055,0.06457916980787377,-0.060907428055099994,-0.09531987469166227,0.2840711914484638,0.03776967346479481,-0.030780675470130716,-0.05271772546801517,0.03501095142835955
Base_IL10:312,Base_IL10,10.0,0.0,0.0,0.0,0.007441852781815779,-2.128318925644429,0.11833318110020974,2.476050991390076,-0.05197636245933987,0.03791726429060241,-0.01233203191269458,-0.22398386188231392,0.06300598780958354,0.11807937028990076,0.08153641339271048,-0.05258054837791905,0.11833318110020974,2.476050991390076,-0.05197636245933987,0.03791726429060241,-0.01233203191269458,-0.22398386188231392,0.3585881595849354,0.06300598780958354,0.11807937028990076,0.08153641339271048,-0.05258054837791905,-0.04913470536416621,-0.084242249169884,0.19273199818880757,0.1301681745683439,0.1453290060475056,0.10417241708086025,0.023426215695757275
Base_IL10:313,Base_IL10,10.0,0.0,0.0,0.0,0.01663472974758821,-1.7789842504058928,-1.6833170072804409,-0.4195601012399359,-0.016516747263540243,0.045686809179280835,-0.07718644786945367,-0.2931018485171098,0.06329914445155385,0.07522436151688658,-0.0811519114006036,-0.05441051104899999,-1.6833170072804409,-0.4195601012399359,-0.016516747263540243,0.045686809179280835,-0.07718644786945367,-0.2931018485171098,0.29342221875257146,0.06329914445155385,0.07522436151688658,-0.0811519114006036,-0.05441051104899999,-0.12973111559226547,-0.17403630212405846,0.18015099269693835,0.10409105118310688,0.06792849678905503,-0.05200037555315647,-0.04873198847897754
Base_IL10:314,Base_IL10,10.0,0.0,0.0,0.0,0.015362759349808379,-1.8135307724055756,2.8339043534048773,-0.7534461013098019,-0.06706458602042638,0.03864186004916044,-0.06524750984693908,-0.3674897897433243,0.06073311999087001,0.09905031597781844,0.057665574722336334,-0.022319823199951128,2.8339043534048773,-0.7534461013098019,-0.06706458602042638,0.03864186004916044,-0.06524750984693908,-0.3674897897433243,0.22178742044917388,0.06073311999087001,0.09905031597781844,0.057665574722336334,-0.022319823199951128,-0.11416594933413075,-0.24206981110983924,0.05142934374535449,0.08065992088673402,0.10597362108017656,0.07394718332960866,0.016374909322329757
Base_IL10:315,Base_IL10,10.0,0.0,0.0,0.0,0.37450029734372936,-0.4265478331455838,-0.20467549227810822,-2.6871019265503815,0.011249484614478323,-0.08349908030565205,-0.05234616164957709,-0.38252736708194823,-0.07949133672131516,-0.028257343320287023,0.0405811041431958,-0.021285570751330286,-0.20467549227810822,-2.6871019265503815,0.011249484614478323,-0.08349908030565205,-0.05234616164957709,-0.38252736708194823,0.3007625514122161,-0.07949133672131516,-0.028257343320287023,0.0405811041431958,-0.021285570751330286,-0.14975707824969492,-0.2439688677675408,0.1183830946085255,-0.032170406188078954,-0.015587287711961498,0.018196148492844483,-0.007408280916477154
Base_IL10:316,Base_IL10,10.0,0.0,0.0,0.0,0.13440762521474825,-0.87157609218435,0.9360630250977962,2.0886724836521804,0.081261105814079,-0.0543527293802065,-0.07783910705145444,-0.32539682768931016,-0.054750503055704426,0.01089334557930928,0.08493988062499097,-0.08324285004914661,0.9360630250977962,2.0886724836521804,0.081261105814079,-0.0543527293802065,-0.07783910705145444,-0.32539682768931016,0.22732365075579863,-0.054750503055704426,0.01089334557930928,0.08493988062499097,-0.08324285004914661,-0.15024040716857728,-0.25590532036861635,0.05010190339067436,-0.03218994228949276,0.00865598352292854,0.03952333971181012,-0.051582484404427115
Base_IL10:317,Base_IL10,10.0,0.0,0.0,0.0,0.10053108893881327,-0.9976996132019902,-2.850081817903401,-1.5282606408292652,0.07938338057759431,0.08208000966396381,0.06305577404061133,-0.23369036565096457,0.08707624277864263,0.09629988651710722,-0.06491687850053539,0.08352207606851328,-2.850081817903401,-1.5282606408292652,0.07938338057759431,0.08208000966396381,0.06305577404061133,-0.23369036565096457,0.20997538620206746,0.08707624277864263,0.09629988651710722,-0.06491687850053539,0.08352207606851328,0.007848629815825577,-0.12022241648260028,0.1770536066454087,0.13224906684947602,0.09464917117060657,-0.002109778783947653,0.0745166826516865
Base_IL10:318,Base_IL10,10.0,0.0,0.0,0.0,0.3737445486982952,-0.42742513308226987,2.8848131467640155,-1.9179059731464463,-0.06121063437554767,-0.06953583167949687,-0.08493219573315802,-0.380058610554864,-0.046911057919791534,-0.027475340591695707,0.05142061818377415,-0.036790046544213854,2.8848131467640155,-1.9179059731464463,-0.06121063437554767,-0.06953583167949687,-0.08493219573315802,-0.380058610554864,0.2416656644174583,-0.046911057919791534,-0.027475340591695707,0.05142061818377415,-0.036790046544213854,-0.15516734046134553,-0.25254995378025263,0.038905183992141996,-0.014772167297554126,-0.014407000652543875,0.017937694191595466,-0.01385782964174243
Base_IL10:319,Base_IL10,10.0,0.0,0.0,0.0,0.000982886216466235,-3.007496755230961,1.1783568052739501,-2.0987211491166184,0.064878106582722,-0.07564178486057903,0.026904105393820626,-0.21476245135633604,-0.07727992342555318,-0.0007925334670638995,-0.09847188140371244,0.059941187933352374,1.1783568052739501,-2.0987211491166184,0.064878106582722,-0.07564178486057903,0.026904105393820626,-0.21476245135633604,0.3813280255768604,-0.07727992342555318,-0.0007925334670638995,-0.09847188140371244,0.059941187933352374,-0.0527913043649259,-0.1037184607490442,0.2874327322567544,0.029391408816448472,-0.016158832411632365,-0.0791223001709298,0.02814362721366734
Base_IL10:seed,Base_IL10,10.0,0.0,0.0,0.0,0.0005533897185146029,-3.2569689139226656,0.0,0.0,0.0,0.0,-0.034,-0.2987,0.0,0.0582,0.0,0.0,0.0,0.0,0.0,0.0,-0.034,-0.2987,0.6091,0.0,0.0582,0.0,0.0,-0.06707361434218222,-0.07117769059654543,0.2755849183253817,0.09984034845096654,0.07182717489513255,0.029270498197012898,0.017216018328047318
IL_Sweep_14dB:0,IL_Sweep_14dB,14.0,0.0,0.0,0.0,0.058019195189639224,-1.2364282997857308,-0.7509287827417446,0.5888335896618164,-0.09787618064092046,0.0013559424661008903,-0.05863983403988063,-0.23744566428558875,0.06781395107980966,-0.03851195287226007,-0.0659211186757926,-0.006652514951851308,-0.7509287827417446,0.5888335896618164,-0.09787618064092046,0.0013559424661008903,-0.05863983403988063,-0.23744566428558875,0.4257828409877956,0.06781395107980966,-0.03851195287226007,-0.0659211186757926,-0.006652514951851308,-0.11490126788649375,-0.09232001489705506,0.22686723023733152,0.12738706248813825,0.01989257535862259,-0.03257421650265426,-0.012524900006603642
IL_Sweep_14dB:1,IL_Sweep_14dB,14.0,0.0,0.0,0.0,0.0030932007400555042,-2.5095918945880067,-1.4789903377334355,0.09602921477775372,0.0903578581022617,-0.02208692300681262,-0.02524083026159995,-0.25442886429630973,-0.043111647668786716,0.002972158214434188,-0.006729186797226261,0.05619610370421094,-1.4789903377334355,0.09602921477775372,0.0903578581022617,-0.02208692300681262,-0.02524083026159995,-0.25442886429630973,0.49887642794835796,-0.043111647668786716,0.002972158214434188,-0.006729186797226261,0.05619610370421094,-0.07360634096320662,-0.058109815658264216,0.27121077860331455,0.08277414695005637,0.04467101419286906,0.030471844185536678,0.05680906858346796
IL_Sweep_14dB:2,IL_Sweep_14dB,14.0,0.0,0.0,0.0,0.0010530923747852517,-2.977533531853518,1.6155824945438313,-2.0245414582860786,0.03049403432663336,-0.007978099214053637,-0.04410896687952924,-0.20236964629478854,-0.029464910906073862,-0.03039750827182272,0.07709846474854731,0.021065369141341918,1.6155824945438313,-2.0245414582860786,0.03049403432663336,-0.007978099214053637,-0.04410896687952924,-0.20236964629478854,0.5570230002172094,-0.029464910906073862,-0.03039750827182272,0.07709846474854731,0.021065369141341918,-0.06276205362749299,-0.026167991798795802,0.269189072901499,0.11392946202992958,0.04904324401343517,0.061917196929845535,0.0453721590779966
IL_Sweep_14dB:3,IL_Sweep_14dB,14.0,0.0,0.0,0.0,0.05664398044139025,-1.2468462358445667,0.9380073117749774,-0.442437201865577,-0.09351700769155535,-0.08856521870187453,0.05579096392367061,-0.21595403658905954,0.034114178053701004,0.026461329597558383,-0.059609518399187406,0.028194735368248038,0.9380073117749774,-0.442437201865577,-0.09351700769155535,-0.08856521870187453,0.05579096392367061,-0.21595403658905954,0.39779301167514514,0.034114178053701004,0.026461329597558383,-0.059609518399187406,0.028194735368248038,-0.05887415566071013,-0.067989691665951,0.22411797984885826,0.13666507515506837,0.06732627611370955,-0.002538961297347308,0.021914712263933243
IL_Sweep_14dB:4,IL_Sweep_14dB,14.0,0.0,0.0,0.0,0.3752023589269195,-0.4257344398406174,0.8584640906821854,1.785043005179233,-0.052279641773688136,-0.06429433747418592,-0.0519259455329622,-0.2686844407753045,-0.0640144405090641,0.06635876079847174,-0.041755309241322126,-0.07307675657084552,0.8584640906821854,1.785043005179233,-0.052279641773688136,-0.06429433747418592,-0.0519259455329622,-0.2686844407753045,0.3176103673241557,-0.0640144405090641,0.06635876079847174,-0.041755309241322126,-0.07307675657084552,-0.16149491432946078,-0.1934074181545171,0.10404595217404222,0.020629956542449365,0.03949506457976458,-0.038605132997914696,-0.07213264608803645
IL_Sweep_14dB:5,IL_Sweep_14dB,14.0,0.0,0.0,0.0,0.009304380864279106,-2.031312520563642,-2.983228359733587,2.7393773437710687,-0.04628100983943875,-0.09763168397643207,0.02028795182913109,-0.2712631563579826,-0.03707952050066223,0.028458574655837735,-0.05025844898417906,0.017039796832510647,-2.983228359733587,2.7393773437710687,-0.04628100983943875,-0.09763168397643207,0.02028795182913109,-0.2712631563579826,0.43169985702382574,-0.03707952050066223,0.028458574655837735,-0.05025844898417906,0.017039796832510647,-0.10849019194797319,-0.11352873315954393,0.23923976894062782,0.05926447087690598,0.0386373292337278,-0.014807998538759769,0.016250819650059894
IL_Sweep_14dB:6,IL_Sweep_14dB,14.0,0.0,0.0,0.0,0.023345612528082465,-1.6317947268273545,-0.08245098615749857,1.1575605526883506,0.055249324421843785,0.07191877906139273,-0.0776257305670438,-0.22070756349724957,0.04649101942997165,0.0007395390129062221,-0.09761367242704873,-0.06042843957723268,-0.08245098615749857,1.1575605526883506,0.055249324421843785,0.07191877906139273,-0.0776257305670438,-0.22070756349724957,0.36922593200531084,0.04649101942997165,0.0007395390129062221,-0.09761367242704873,-0.06042843957723268,-0.07972966317628831,-0.08612221641449788,0.22044170212875006,0.13738820121214224,0.04419363512893137,-0.05851973053493636,-0.06029993309526814
IL_Sweep_14dB:7,IL_Sweep_14dB,14.0,0.0,0.0,0.0,0.01104714550019823,-1.956749925930226,-2.896522827023892,0.7240677050822768,-0.08389936989727803,-0.055137517348632085,-0.06822439881134379,-0.2969421210272986,0.030101045477810853,0.07413981018583916,0.05613468832818032,-0.07977141776384913,-2.896522827023892,0.7240677050822768,-0.08389936989727803,-0.055137517348632085,-0.06822439881134379,-0.2969421210272986,0.255649631159768,0.030101045477810853,0.07413981018583916,0.05613468832818032,-0.07977141776384913,-0.163363670703343,-0.18670623692475177,0.09489431317761719,0.05779115805326915,0.08159546572050567,0.038675435736388715,-0.03362363582799461
IL_Sweep_14dB:8,IL_Sweep_14dB,14.0,0.0,0.0,0.0,0.005186996167569711,-2.285084072886296,0.18900306328530925,-2.8511833267621203,0.017262830506631955,0.04432148574182056,-0.0895435019998174,-0.24455780529919258,0.07616006638832147,-0.036876405371773543,0.07244550959247724,0.01518491972420908,0.18900306328530925,-2.8511833267621203,0.017262830506631955,0.04432148574182056,-0.0895435019998174,-0.24455780529919258,0.4036474753757562,0.07616006638832147,-0.036876405371773543,0.07244550959247724,0.01518491972420908,-0.10581914310213462,-0.09649606139541628,0.2227601933225446,0.13632738389506557,0.05377487420873572,0.06663405276242641,0.04055691937238156
IL_Sweep_14dB:9,IL_Sweep_14dB,14.0,0.0,0.0,0.0,0.007644211708735298,-2.116667293534569,-0.40367331563396636,2.969150234906324,0.041076818011991506,0.014433550241417592,0.06327448697600205,-0.2994088981762015,-0.009144038533091314,-0.022146846528383765,0.09926062537737897,-0.025106236336725842,-0.40367331563396636,2.969150234906324,0.041076818011991506,0.014433550241417592,0.06327448697600205,-0.2994088981762015,0.4261484998188074,-0.009144038533091314,-0.022146846528383765,0.09926062537737897,-0.025106236336725842,-0.010379128694949334,-0.08868262003303821,0.23644506208766797,0.10680315022288568,0.07515115067631523,0.10126504586424294,0.04931422973044937
IL_Sweep_14dB:10,IL_Sweep_14dB,14.0,0.0,0.0,0.0,0.023709032641733845,-1.6250861654198538,-1.0454762161082454,-2.933447705196519,-0.05340038371953124,0.004133303585580817,-0.08598426067772956,-0.2868211820073612,-0.058340536311555495,0.14913107264755276,-0.07812300060834157,-0.0644223138651644,-1.0454762161082454,-2.933447705196519,-0.05340038371953124,0.004133303585580817,-0.08598426067772956,-0.2868211820073612,0.2196439465771829,-0.058340536311555495,0.14913107264755276,-0.07812300060834157,-0.0644223138651644,-0.1701791624943656,-0.21328068262509242,0.06368724219833329,0.025434732326067657,0.09938807250360807,-0.042956301763833596,-0.06007696568439815
IL_Sweep_14dB:11,IL_Sweep_14dB,14.0,0.0,0.0,0.0,0.035156766221752345,-1.453991078895102,2.5375081918509546,-0.8791811632285061,0.0226082912132642,-0.02687126510227743,-0.10324975700488351,-0.2751886943846918,0.04951607870776551,0.01171216197448377,-0.018871485248322696,-0.04266753907939147,2.5375081918509546,-0.8791811632285061,0.0226082912132642,-0.02687126510227743,-0.10324975700488351,-0.2751886943846918,0.4493147272849196,0.04951607870776551,0.01171216197448377,-0.018871485248322696,-0.04266753907939147,-0.1303938744453826,-0.1305801951301158,0.19553926822121412,0.1407982564403912,0.0692656989081549,0.00897753123018598,-0.01673723175389082
IL_Sweep_14dB:12,IL_Sweep_14dB,14.0,0.0,0.0,0.0,0.000673153165058808,-3.171886107883515,1.7634319610073836,-1.9004954513728836,0.007913378375329839,0.03273137447175494,0.030893620234635447,-0.2647251480992922,0.09983667061214559,0.01750647584575013,-0.049776898351070326,0.0026248665034007026,1.7634319610073836,-1.9004954513728836,0.007913378375329839,0.03273137447175494,0.030893620234635447,-0.2647251480992922,0.4939915675066209,0.09983667061214559,0.01750647584575013,-0.049776898351070326,0.0026248665034007026,-0.01915331520200605,-0.04834993559351282,0.23966201130206788,0.17504819589481396,0.08127425627970364,0.008550262426602078,0.007990860440841355
IL_Sweep_14dB:13,IL_Sweep_14dB,14.0,0.0,0.0,0.0,0.009436533632879609,-2.025187507881604,0.047598177713812806,-0.3912081568477984,-0.004754441552449274,0.09750998713791162,-0.018268660636377703,-0.201307236309616,0.03924060492618895,0.12942703451793702,-0.004916756329506245,0.04571524441515987,0.047598177713812806,-0.3912081568477984,-0.004754441552449274,0.09750998713791162,-0.018268660636377703,-0.201307236309616,0.4588600341748533,0.03924060492618895,0.12942703451793702,-0.004916756329506245,0.04571524441515987,-0.02134866064960589,-0.017822398000930304,0.21608220525106617,0.14388040031830066,0.12941457528757086,0.06718250250458752,0.06020969906609714
IL_Sweep_14dB:14,IL_Sweep_14dB,14.0,0.0,0.0,0.0,0.027479516320866922,-1.5609909157546695,0.3366799627563666,2.681779493731648,0.015045932210402868,-0.026371369942973424,-0.1244422639394904,-0.22524275163902177,0.023283821442388032,0.133377492517271,0.051176344255038836,-0.0303659177335599,0.3366799627563666,2.681779493731648,0.015045932210402868,-0.026371369942973424,-0.1244422639394904,-0.22524275163902177,0.3706941063198538,0.023283821442388032,0.133377492517271,0.051176344255038836,-0.0303659177335599,-0.1341196342534913,-0.1156595828113099,0.14220845464042456,0.1107842901654763,0.13894406025395067,0.09287768153720954,0.03988251966513444
IL_Sweep_14dB:15,IL_Sweep_14dB,14.0,0.0,0.0,0.0,0.031080679265230608,-1.5075094983036277,1.0660313075657464,0.1539453170289924,0.07577359524932785,0.07512763594868911,-0.02746812517099247,-0.30942981481823834,0.06838891507691282,0.12479818980058177,0.06958330355239532,0.04943042038286243,1.0660313075657464,0.1539453170289924,0.07577359524932785,0.07512763594868911,-0.02746812517099247,-0.30942981481823834,0.19999999999999996,0.06838891507691282,0.12479818980058177,0.06958330355239532,0.04943042038286243,-0.04833238712453592,-0.16052916059093258,0.05400844051171543,0.09897851909630014,0.13942065722654595,0.11896235937324769,0.09148277177749323
IL_Sweep_14dB:16,IL_Sweep_14dB,14.0,0.0,0.0,0.0,0.010609389454209067,-1.9743096080211269,-2.489942048498163,-0.035197349585061266,0.029177996621469894,-0.036608379590110256,-0.01657916850374989,-0.3551403789070809,0.05935409898646882,-0.019174209824247307,0.08163105490849035,-0.0025011399751620703,-2.489942048498163,-0.035197349585061266,0.029177996621469894,-0.036608379590110256,-0.01657916850374989,-0.3551403789070809,0.3998335726832205,0.05935409898646882,-0.019174209824247307,0.08163105490849035,-0.0025011399751620703,-0.11316971635816418,-0.1579095037868987,0.20637214298711817,0.09822409386572262,0.053515550424150835,0.07119444681522584,0.03211664776239247
IL_Sweep_14dB:17,IL_Sweep_14dB,14.0,0.0,0.0,0.0,0.1000933328928241,-0.9995948494366379,2.262369638834617,-2.725128317649379,0.0601174130562504,0.09526274108946689,0.014200088716310122,-0.23115415994200755,-0.09970628519596704,0.07783684441543612,-0.08241168459483857,0.007303963995295449,2.262369638834617,-2.725128317649379,0.0601174130562504,0.09526274108946689,0.014200088716310122,-0.23115415994200755,0.33200681899442785,-0.09970628519596704,0.07783684441543612,-0.08241168459483857,0.007303963995295449,0.003673954087188623,-0.10761232853727401,0.22644114117256606,0.053068111446415975,0.06334780836692813,-0.050994790709118124,-0.01618987211711978
IL_Sweep_14dB:18,IL_Sweep_14dB,14.0,0.0,0.0,0.0,0.01859224263248315,-1.7306682216229718,1.4321246653347468,-0.6308955974416782,-0.06608033802216476,0.0736072125940116,-0.09883490657602396,-0.31003784234354564,0.005581891128317019,0.12247717968713343,0.03399823220215412,-0.08532957258054304,1.4321246653347468,-0.6308955974416782,-0.06608033802216476,0.0736072125940116,-0.09883490657602396,-0.31003784234354564,0.20405282486610643,0.005581891128317019,0.12247717968713343,0.03399823220215412,-0.08532957258054304,-0.14483025439380728,-0.23370769275935835,0.024229549741403473,0.0527412464659128,0.11574151764139781,0.05333983742047738,-0.032657425767833495
IL_Sweep_14dB:19,IL_Sweep_14dB,14.0,0.0,0.0,0.0,0.37652801638694333,-0.4242027036344052,1.5669271272138725,2.8185106096866965,-0.07744645114925573,-0.05214303476971906,-0.06842664750805008,-0.3195537226000053,-0.07987634051234599,0.10149703038716279,0.026196509649736018,0.07486026342372507,1.5669271272138725,2.8185106096866965,-0.07744645114925573,-0.05214303476971906,-0.06842664750805008,-0.3195537226000053,0.19999999999999996,-0.07987634051234599,0.10149703038716279,0.026196509649736018,0.07486026342372507,-0.15414635682001968,-0.22962886624887957,-0.03877978181806379,-0.05099077743710968,0.024302088598997646,0.032504425964324415,0.055392724357935096
IL_Sweep_14dB:20,IL_Sweep_14dB,14.0,0.0,0.0,0.0,0.0014784590987181182,-2.8301906856435988,0.27709391385388504,-0.527245654542158,-0.0031685900998730033,0.027244872843949677,0.04445517748954125,-0.32446087662911893,-0.030702825915851786,0.07993449307822313,-0.07566724490637888,-0.027395625230561074,0.27709391385388504,-0.527245654542158,-0.0031685900998730033,0.027244872843949677,0.04445517748954125,-0.32446087662911893,0.3869702938065023,-0.030702825915851786,0.07993449307822313,-0.07566724490637888,-0.027395625230561074,-0.047800326451621716,-0.16182489390142346,0.2291190154804854,0.10726357234218951,0.09260534400361639,-0.031606261225172835,-0.02932746542481148
IL_Sweep_14dB:21,IL_Sweep_14dB,14.0,0.0,0.0,0.0,0.37573922954935907,-0.425113459481761,2.8073463836552905,0.8393773366599409,-0.0868171285779976,-0.0004500757348882889,0.005652765175638293,-0.3490981716474867,-0.07569122826836733,0.02463605908298186,-0.05419865008091358,-0.08132026989307857,2.8073463836552905,0.8393773366599409,-0.0868171285779976,-0.0004500757348882889,0.005652765175638293,-0.3490981716474867,0.32213565153864776,-0.07569122826836733,0.02463605908298186,-0.05419865008091358,-0.08132026989307857,-0.10946224888512092,-0.23214018722043342,0.08050198956378268,0.004384417698774133,-0.0031076961448533507,-0.07165984909273404,-0.0982420438245244
IL_Sweep_14dB:22,IL_Sweep_14dB,14.0,0.0,0.0,0.0,0.16366707413770318,-0.7860386813612413,2.77820994780595,2.474906478204189,0.07048056017204184,0.0824708674981066,-0.08815251457675452,-0.3702060517234021,-0.016911392792265927,0.017703882835184145,-0.06728292356407624,0.08679180683816873,2.77820994780595,2.474906478204189,0.07048056017204184,0.0824708674981066,-0.08815251457675452,-0.3702060517234021,0.19999999999999996,-0.016911392792265927,0.017703882835184145,-0.06728292356407624,0.08679180683816873,-0.10299799658949539,-0.26655596749972904,-0.024022056328989044,-0.01177556569355273,-0.015739569171782472,-0.04259857553438243,0.03203602293649509
IL_Sweep_14dB:23,IL_Sweep_14dB,14.0,0.0,0.0,0.0,0.006851295097132285,-2.1642273262631124,-0.5794530240616642,-1.164840341541886,0.08291870803670409,-0.08459280853238534,-0.00388585728870278,-0.33085818103645664,-0.047112837799810875,0.035397534590898755,0.01820973840763591,-0.09302287204262072,-0.5794530240616642,-1.164840341541886,0.08291870803670409,-0.08459280853238534,-0.00388585728870278,-0.33085818103645664,0.30400146226478486,-0.047112837799810875,0.035397534590898755,0.01820973840763591,-0.09302287204262072,-0.13172859900751677,-0.2268322120407465,0.13575296197038544,0.02607829928151867,0.0480108292744477,-0.00208754200609909,-0.07233781413614712
IL_Sweep_14dB:24,IL_Sweep_14dB,14.0,0.0,0.0,0.0,0.04969357076780759,-1.3036997955861638,1.2637783558565625,-2.602759081517935,-0.027603305098592913,-0.01676649273462022,-0.05609024860577719,-0.3166992580932233,0.09204349194050465,-0.011742829981511035,-0.03540819118768549,0.09425332219156989,1.2637783558565625,-2.602759081517935,-0.027603305098592913,-0.01676649273462022,-0.05609024860577719,-0.3166992580932233,0.3493928601665153,0.09204349194050465,-0.011742829981511035,-0.03540819118768549,0.09425332219156989,-0.12556393919916975,-0.17102215172416108,0.15958128208718195,0.13480706371215515,0.04646512769958085,0.015470436054129986,0.06809508723530601
IL_Sweep_14dB:25,IL_Sweep_14dB,14.0,0.0,0.0,0.0,0.05169238139289018,-1.2865734600557865,-2.7878793375654958,-2.1457922465219346,0.0037198742485614836,0.08269404384435011,-0.06460678827098228,-0.3890040955481359,-0.002168640507132014,0.06894198631224568,-0.012819728243052731,-0.012561117153387058,-2.7878793375654958,-2.1457922465219346,0.0037198742485614836,0.08269404384435011,-0.06460678827098228,-0.3890040955481359,0.36348372587215283,-0.002168640507132014,0.06894198631224568,-0.012819728243052731,-0.012561117153387058,-0.13981862185275434,-0.19710023126972515,0.17454671545188968,0.06777049852374252,0.0701857814578669,0.009108437030579484,0.0009078506531295017
IL_Sweep_14dB:26,IL_Sweep_14dB,14.0,0.0,0.0,0.0,0.002841284524910797,-2.5464852740519617,-1.2157570639369788,-2.5890936740649955,0.04771080766657814,-0.041386668749717304,0.047503937623384396,-0.2842009407175652,0.01002569790771466,-0.014111664450243755,0.09005702993222364,0.0693179707568529,-1.2157570639369788,-2.5890936740649955,0.04771080766657814,-0.041386668749717304,0.047503937623384396,-0.2842009407175652,0.39568528219571997,0.01002569790771466,-0.014111664450243755,0.09005702993222364,0.0693179707568529,-0.0481228195592375,-0.10055807512912011,0.23655586194947828,0.09167381846658476,0.05768320815668521,0.10073417522350799,0.09141808416951659
IL_Sweep_14dB:27,IL_Sweep_14dB,14.0,0.0,0.0,0.0,0.0036424606845513415,-2.4386051271556535,2.6632367186530446,-0.29595158387357934,-0.03442589572641126,-0.01304080943913718,0.06016398782896258,-0.2811616114366808,-0.02624443974790247,0.008478250493319156,0.028380918520153276,-0.08976765032078134,2.6632367186530446,-0.29595158387357934,-0.03442589572641126,-0.01304080943913718,0.06016398782896258,-0.2811616114366808,0.4583364364866519,-0.02624443974790247,0.008478250493319156,0.028380918520153276,-0.08976765032078134,-0.03263154483151807,-0.09584991057309372,0.2554914091310128,0.12987031011242534,0.07423522127697536,0.02947654736133323,-0.03947606166822517
IL_Sweep_14dB:28,IL_Sweep_14dB,14.0,0.0,0.0,0.0,0.06262389322056297,-1.203259936533076,0.6236076922792542,0.30186890731173666,0.08019764372993055,0.06376090535518461,0.010333992517581657,-0.3376778239188074,-0.03230537689459386,0.13174334799810575,0.08968622877354923,-0.05429468081224694,0.6236076922792542,0.30186890731173666,0.08019764372993055,0.06376090535518461,0.010333992517581657,-0.3376778239188074,0.19999999999999996,-0.03230537689459386,0.13174334799810575,0.08968622877354923,-0.05429468081224694,-0.04176387023843907,-0.21117303441169702,0.03691075414878009,0.03446901959102324,0.14043928024080893,0.11513984452078468,0.020329275378620896
IL_Sweep_14dB:29,IL_Sweep_14dB,14.0,0.0,0.0,0.0,0.015164530196907625,-1.8191710397582683,-2.360562777282369,1.4567983419790829,-0.06233804110091893,-0.014204089026107904,0.036115061405115015,-0.258173976431769,0.019458695118690608,0.14383917399390694,0.07568808120178216,0.04237427368770022,-2.360562777282369,1.4567983419790829,-0.06233804110091893,-0.014204089026107904,0.036115061405115015,-0.258173976431769,0.34780860803400926,0.019458695118690608,0.14383917399390694,0.07568808120178216,0.04237427368770022,-0.05049208924186299,-0.08468876104951024,0.16514728888910807,0.10436145620796863,0.14855922963876667,0.11605122054790946,0.08494363550285931
IL_Sweep_14dB:30,IL_Sweep_14dB,14.0,0.0,0.0,0.0,0.37514041231663803,-0.4258061485905648,-0.6858983389933585,1.3854474986414054,0.0005977358968464408,-0.07569147829593698,-0.0411418120050526,-0.3592401315869427,-0.05330798038305427,0.1142269612704023,-0.06176767829996144,-0.03795529194899038,-0.6858983389933585,1.3854474986414054,0.0005977358968464408,-0.07569147829593698,-0.0411418120050526,-0.3592401315869427,0.2560709303128128,-0.05330798038305427,0.1142269612704023,-0.06176767829996144,-0.03795529194899038,-0.156944960788211,-0.24595754213182522,0.035712974583469136,-0.0013501167936750562,0.052743857602869655,-0.037678077548819286,-0.04285112615241681
IL_Sweep_14dB:31,IL_Sweep_14dB,14.0,0.0,0.0,0.0,0.05224990088542355,-1.2819145290437879,0.5510397810094332,-1.0925916084910527,-0.07831807671552017,-0.08006388004262562,-0.020773661535139747,-0.22818469120696627,0.06423921014607632,0.14635063040616503,0.039709257696912185,0.05147795112334981,0.5510397810094332,-1.0925916084910527,-0.07831807671552017,-0.08006388004262562,-0.020773661535139747,-0.22818469120696627,0.29088264112724493,0.06423921014607632,0.14635063040616503,0.039709257696912185,0.05147795112334981,-0.09529288378361818,-0.10557117182817131,0.1196537331461788,0.12073482614241951,0.14245727746174233,0.09503974830827752,0.07451714898161206
IL_Sweep_14dB:32,IL_Sweep_14dB,14.0,0.0,0.0,0.0,0.008065448658649398,-2.0933714689996186,2.035939698757727,1.6305112868546738,-0.032205238378716715,0.04068756648855998,0.05811835619615492,-0.3192562016583834,0.024802389205010968,0.09906291891869828,0.044991001963397094,-0.09543576758660606,2.035939698757727,1.6305112868546738,-0.032205238378716715,0.04068756648855998,0.05811835619615492,-0.3192562016583834,0.28544055960447257,0.024802389205010968,0.09906291891869828,0.044991001963397094,-0.09543576758660606,-0.02424779551706268,-0.18198492328971203,0.12788757987634103,0.1255000975581413,0.15741451155478992,0.08917462974377359,-0.02038389243919074
IL_Sweep_14dB:33,IL_Sweep_14dB,14.0,0.0,0.0,0.0,0.004745110347561782,-2.323753683599188,2.139465563967822,-1.2114071996202331,0.05703792650086575,-0.05150882845477607,-0.030917616476355818,-0.23985480505748796,0.029950602368240677,0.09621041919495216,-0.0019230227724072791,-0.050072947762469205,2.139465563967822,-1.2114071996202331,0.05703792650086575,-0.05150882845477607,-0.030917616476355818,-0.23985480505748796,0.4425238314124451,0.029950602368240677,0.09621041919495216,-0.0019230227724072791,-0.050072947762469205,-0.07688273469386153,-0.08059713896548577,0.21174632224776563,0.14985775090187442,0.12415048286637212,0.04574720325948281,-0.002410252820065159
IL_Sweep_14dB:34,IL_Sweep_14dB,14.0,0.0,0.0,0.0,0.07194066340689838,-1.1430255616158287,1.3834680963007524,-1.3908621091138254,-0.03913869670051545,-0.07174174183540914,-0.07087108803077377,-0.2930710012212186,0.09559410898649459,0.05718630024764227,0.06931747620060372,0.024345026370994918,1.3834680963007524,-1.3908621091138254,-0.03913869670051545,-0.07174174183540914,-0.07087108803077377,-0.2930710012212186,0.2787345604063476,0.09559410898649459,0.05718630024764227,0.06931747620060372,0.024345026370994918,-0.13637709363167416,-0.16834935063298667,0.09206798539189617,0.11303268787173049,0.09935847684678997,0.08583493108300959,0.05616313519196093
IL_Sweep_14dB:35,IL_Sweep_14dB,14.0,0.0,0.0,0.0,0.11921831637372803,-0.9236570156617374,-0.3524516501444942,1.2895585956087736,0.012123160240896859,0.05433634883464782,-0.004222890415973228,-0.28977866642377575,-0.09233838473174444,-0.02560419003023337,-0.09308627623970543,0.09748310084065542,-0.3524516501444942,1.2895585956087736,0.012123160240896859,0.05433634883464782,-0.004222890415973228,-0.28977866642377575,0.3310269822423676,-0.09233838473174444,-0.02560419003023337,-0.09308627623970543,0.09748310084065542,-0.08349413659360398,-0.1945873856445199,0.1987551788048643,-0.012340270745314673,-0.06397755374382164,-0.08985378625183679,0.058917369264964985
IL_Sweep_14dB:36,IL_Sweep_14dB,14.0,0.0,0.0,0.0,0.04555966697502312,-1.3414194591196797,1.174565470555656,-1.6120146915359381,0.035641390743113524,-0.05793703211725002,-0.12790675845826763,-0.2147578597102069,-0.07951915005978467,0.09463987884216349,0.006034267265668603,0.004649359053222324,1.174565470555656,-1.6120146915359381,0.035641390743113524,-0.05793703211725002,-0.12790675845826763,-0.2147578597102069,0.37891430375032287,-0.07951915005978467,0.09463987884216349,0.006034267265668603,0.004649359053222324,-0.17586655949479543,-0.1320705029562041,0.1785647226412176,0.05919012818344043,0.09110379358440956,0.0444653724570547,0.027297550806469256
IL_Sweep_14dB:37,IL_Sweep_14dB,14.0,0.0,0.0,0.0,0.04922690630368706,-1.3077974568832555,0.7691248646031503,-2.3954936454621,0.04542867675633684,0.025544731182494496,-0.12261794581045982,-0.277226017851346,-0.08532524573291718,-0.0037791053942952332,0.08827075289763958,0.012011848306584128,0.7691248646031503,-2.3954936454621,0.04542867675633684,0.025544731182494496,-0.12261794581045982,-0.277226017851346,0.3397956760679268,-0.08532524573291718,-0.0037791053942952332,0.08827075289763958,0.012011848306584128,-0.17390901580101406,-0.19157031816501321,0.14869452705479833,0.006599812226290354,0.02499168088227072,0.07821379016844951,0.04927014655998969
IL_Sweep_14dB:38,IL_Sweep_14dB,14.0,0.0,0.0,0.0,0.37295163208669224,-0.42834748797660843,-2.572702834298379,-0.9563780555076556,-0.016432586420892466,-0.09442676049475515,-0.10508834633792531,-0.36066153187127026,-0.06929815167555722,0.08568659828352551,0.025041878599280917,-0.0433641463167933,-2.572702834298379,-0.9563780555076556,-0.016432586420892466,-0.09442676049475515,-0.10508834633792531,-0.36066153187127026,0.19999999999999996,-0.06929815167555722,0.08568659828352551,0.025041878599280917,-0.0433641463167933,-0.1825927772828741,-0.22500597273186765,0.010583336432131989,-0.027610582537385703,0.04174858681160705,0.010179216615487213,-0.020485389301778578
IL_Sweep_14dB:39,IL_Sweep_14dB,14.0,0.0,0.0,0.0,0.004600568256904982,-2.337188521449763,-0.8806417535249584,0.28118953397619406,0.03820712782008047,-0.0035445902356797234,-0.007943738081863189,-0.2120262558840098,0.050873236065665586,0.10392228733078616,-0.027894537623593275,0.03658143870395392,-0.8806417535249584,0.28118953397619406,0.03820712782008047,-0.0035445902356797234,-0.007943738081863189,-0.2120262558840098,0.5190067882543679,0.050873236065665586,0.10392228733078616,-0.027894537623593275,0.03658143870395392,-0.037373466962305125,-0.015603549986137904,0.23621055802124014,0.14462350666920334,0.11227273967399093,0.04751466644523557,0.04823739922255472
IL_Sweep_14dB:40,IL_Sweep_14dB,14.0,0.0,0.0,0.0,0.3763586956521739,-0.4243980452730503,-1.1727419290473158,2.0246684735201192,-0.07171502866223668,0.06030388963996072,-0.09697569433022034,-0.36649225655255296,-0.004851595807880505,0.047684790597972496,-0.037508691064468774,0.07409310428599451,-1.1727419290473158,2.0246684735201192,-0.07171502866223668,0.06030388963996072,-0.09697569433022034,-0.36649225655255296,0.24037494905871304,-0.004851595807880505,0.047684790597972496,-0.037508691064468774,0.07409310428599451,-0.1678925588952843,-0.2555016052424801,0.031534491357371616,0.008766963045222797,0.017821503395421438,-0.007162265014416317,0.043522435494023196
IL_Sweep_14dB:41,IL_Sweep_14dB,14.0,0.0,0.0,0.0,0.37529734372935114,-0.4256245094152355,-0.16260056865483496,1.503055482534212,0.07719456308140234,-0.09296333097373813,-0.03869448406255223,-0.3705054327833789,-0.08212027964386787,0.049246715990247374,-0.03318283315643844,-0.019467519640033494,-0.16260056865483496,1.503055482534212,0.07719456308140234,-0.09296333097373813,-0.03869448406255223,-0.3705054327833789,0.23662484066834133,-0.08212027964386787,0.049246715990247374,-0.03318283315643844,-0.019467519640033494,-0.14807048511464987,-0.25675109962556447,0.007683124422737816,-0.047775512756424277,-0.0046583943888527796,-0.041473944890785486,-0.035766316612792004
IL_Sweep_14dB:42,IL_Sweep_14dB,14.0,0.0,0.0,0.0,0.0011109092110479714,-2.9543214322850653,-1.7102037500935272,2.594697804513887,-0.0691001808151585,0.057974909093165494,-0.11741332826010277,-0.30391669274500765,0.0016583190866286124,-0.03181506187952822,-0.022267983385601,0.0709746400754749,-1.7102037500935272,2.594697804513887,-0.0691001808151585,0.057974909093165494,-0.11741332826010277,-0.30391669274500765,0.3248788846593328,0.0016583190866286124,-0.03181506187952822,-0.022267983385601,0.0709746400754749,-0.18415826604276983,-0.20685725247042733,0.13016303600776746,0.03266478206493175,-0.017922393710815488,-0.009514394484832222,0.046447393833424576
IL_Sweep_14dB:43,IL_Sweep_14dB,14.0,0.0,0.0,0.0,0.0010407030527289547,-2.982673171505929,-2.6872947754050047,-0.16346596954446446,-0.007369472911036701,0.03576243894967795,0.00023346983790886733,-0.34332773876454414,-0.043492206647457676,0.038304445937791136,0.00304583968446277,0.0309644043609405,-2.6872947754050047,-0.16346596954446446,-0.007369472911036701,0.03576243894967795,0.00023346983790886733,-0.34332773876454414,0.49749998290618025,-0.043492206647457676,0.038304445937791136,0.00304583968446277,0.0309644043609405,-0.08379357404992453,-0.11088618258469471,0.2645955783440236,0.07011156191878377,0.06255008842725539,0.03418826432387259,0.042580808279544996
IL_Sweep_14dB:44,IL_Sweep_14dB,14.0,0.0,0.0,0.0,0.17161275934980838,-0.7654504256410901,2.30276705258495,0.9712677623605817,0.0719887560828369,0.08542830670052065,-0.06233434662098784,-0.3733572513168605,0.061928815373599955,-0.016044283013090868,-0.08617683827012848,-0.03626805127774454,2.30276705258495,0.9712677623605817,0.0719887560828369,0.08542830670052065,-0.06233434662098784,-0.3733572513168605,0.20647335134423028,0.061928815373599955,-0.016044283013090868,-0.08617683827012848,-0.03626805127774454,-0.08639880411436877,-0.24755303481434257,0.017253271364647545,0.0553322865590517,-0.0036057564337338747,-0.07637938231126871,-0.06599202043729732
IL_Sweep_14dB:45,IL_Sweep_14dB,14.0,0.0,0.0,0.0,0.003526827012025902,-2.452615841598468,0.498602805541293,2.232196190028491,-0.07496476919373433,0.01990079658856636,-0.07451165162660253,-0.38719790365323337,0.008616608379215629,0.12612887632187397,0.06213048293558592,-0.02231588996067371,0.498602805541293,2.232196190028491,-0.07496476919373433,0.01990079658856636,-0.07451165162660253,-0.38719790365323337,0.22423302134051415,0.008616608379215629,0.12612887632187397,0.06213048293558592,-0.02231588996067371,-0.14351215357799366,-0.24628985839768605,-0.0055272502915936885,0.02252121458162121,0.0880559014831406,0.06574457297093136,0.020268743675774397
IL_Sweep_14dB:46,IL_Sweep_14dB,14.0,0.0,0.0,0.0,0.07341086295757897,-1.1342396706906808,-1.507222452293365,2.1852628230224864,0.08143115444401221,-0.06589659899238527,-0.09631868360649094,-0.29120003252796317,0.04508129763550239,0.09876635795563943,0.05011579991303685,0.0711900749249698,-1.507222452293365,2.1852628230224864,0.08143115444401221,-0.06589659899238527,-0.09631868360649094,-0.29120003252796317,0.19999999999999996,0.04508129763550239,0.09876635795563943,0.05011579991303685,0.0711900749249698,-0.14991193167632438,-0.19583382988621315,0.04056428880785132,0.05711823065564762,0.09450188898549376,0.08543452279049242,0.08548575267363913
IL_Sweep_14dB:47,IL_Sweep_14dB,14.0,0.0,0.0,0.0,0.0162630500858993,-1.7887980004853739,2.4793199264111214,-1.7134005456566395,-0.04845062684628675,0.05057934468483667,-0.012274754230576126,-0.3265987378459055,0.08240402767834494,0.03395849385592347,0.04963300473068806,0.05857269994181078,2.4793199264111214,-1.7134005456566395,-0.04845062684628675,0.05057934468483667,-0.012274754230576126,-0.3265987378459055,0.3375283101856277,0.08240402767834494,0.03395849385592347,0.04963300473068806,0.05857269994181078,-0.07118532512560687,-0.16130285515538278,0.14234468904380104,0.14140513089609577,0.10099613366884747,0.08718443787796026,0.08207888198240453
IL_Sweep_14dB:48,IL_Sweep_14dB,14.0,0.0,0.0,0.0,0.01733679133077838,-1.7610312780410915,-2.278526251313364,1.0331479558229675,-0.08203221911482261,-0.04961636746490538,0.03497937650463806,-0.2340439866450053,-0.05556876390678254,0.006606654827833451,-0.024209865395275122,0.07782129571774138,-2.278526251313364,1.0331479558229675,-0.08203221911482261,-0.04961636746490538,0.03497937650463806,-0.2340439866450053,0.4351214704229962,-0.05556876390678254,0.006606654827833451,-0.024209865395275122,0.07782129571774138,-0.07227531534163335,-0.0690658719632296,0.26178116425835385,0.056377732933876004,0.030795679033694987,0.019147895394802984,0.07276445419983184
IL_Sweep_14dB:49,IL_Sweep_14dB,14.0,0.0,0.0,0.0,0.014701995506805867,-1.832623714314598,-1.3490853618073173,-1.4214136082462812,0.05156767719600322,-0.03254152359515612,-0.11133371469418012,-0.3144825094555871,-0.02292683563460468,0.05476777426262231,0.043233951376851265,-0.09821421689156452,-1.3490853618073173,-1.4214136082462812,0.05156767719600322,-0.03254152359515612,-0.11133371469418012,-0.3144825094555871,0.2709317968934307,-0.02292683563460468,0.05476777426262231,0.043233951376851265,-0.09821421689156452,-0.18210128105614512,-0.211769512402193,0.09371306556602514,0.030701186130417727,0.06267796802743957,0.021774725020154356,-0.05576358159729099
IL_Sweep_14dB:50,IL_Sweep_14dB,14.0,0.0,0.0,0.0,0.04811599709263909,-1.3177105100289785,-1.6000221336749518,-0.7528174126121872,0.08016906355604146,0.0592179548013127,-0.11921014031099746,-0.2323929882687791,0.07927894682047863,0.12244192161179623,-0.041200943371203586,-0.06608804125939087,-1.6000221336749518,-0.7528174126121872,0.08016906355604146,0.0592179548013127,-0.11921014031099746,-0.2323929882687791,0.19999999999999996,0.07927894682047863,0.12244192161179623,-0.041200943371203586,-0.06608804125939087,-0.13525209799116047,-0.15651665983542493,0.10348224675656605,0.12900313608979977,0.12704415589555906,0.0017811773065823813,-0.040170060659969885
IL_Sweep_14dB:51,IL_Sweep_14dB,14.0,0.0,0.0,0.0,0.015309072287564424,-1.8150511262579094,1.8979780994208972,-1.5602544944450742,-0.042584661492291204,-0.03900109015231763,0.041277475219484425,-0.30784133324514806,0.07048111085395302,0.041566585993549336,-0.01567953021185343,-0.0537305969734632,1.8979780994208972,-1.5602544944450742,-0.042584661492291204,-0.03900109015231763,0.041277475219484425,-0.30784133324514806,0.38783761585793974,0.07048111085395302,0.041566585993549336,-0.01567953021185343,-0.0537305969734632,-0.06346340754465643,-0.13389386109533477,0.1966257744852091,0.159045032687176,0.09843735889984181,0.017920459517664123,-0.02279727707237015
IL_Sweep_14dB:52,IL_Sweep_14dB,14.0,0.0,0.0,0.0,0.0020979252015329722,-2.678210000003554,-1.8336920906524936,0.4415478451453383,-0.023961091886229625,0.03917475684168206,0.00832515525996421,-0.33229340086175774,0.042881889854211354,-0.00700938628248704,0.012136688759680103,0.06496363021551872,-1.8336920906524936,0.4415478451453383,-0.023961091886229625,0.03917475684168206,0.00832515525996421,-0.33229340086175774,0.4692540000384692,0.042881889854211354,-0.00700938628248704,0.012136688759680103,0.06496363021551872,-0.06709084014580251,-0.10549524736436773,0.24285822387021822,0.11573016794535211,0.055042794878112554,0.048447892337832976,0.0678637938726134
IL_Sweep_14dB:53,IL_Sweep_14dB,14.0,0.0,0.0,0.0,0.07191175498876702,-1.1432001122668922,-2.1703765578037078,-2.4033094786625284,0.06729100348722228,-0.06716678965572484,-0.04944009565195297,-0.246437814607036,-0.060684582810580756,0.06308222087309598,-0.09533231602247222,-0.047958784187865915,-2.1703765578037078,-2.4033094786625284,0.06729100348722228,-0.06716678965572484,-0.04944009565195297,-0.246437814607036,0.3026063927040491,-0.060684582810580756,0.06308222087309598,-0.09533231602247222,-0.047958784187865915,-0.1508329710642106,-0.15439100493240332,0.18070577956299533,0.027162249471135904,0.03408042437733084,-0.09097561330268993,-0.06735933140302888
IL_Sweep_14dB:54,IL_Sweep_14dB,14.0,0.0,0.0,0.0,0.0026430553720100435,-2.577893738303586,-0.9851016571175629,1.9668382604019985,-0.01731935077378041,-0.046119485523993066,0.017127682182818536,-0.20854778822247527,-0.08854891168431736,0.09037437624517022,0.0071847439730881035,-0.014666850161680511,-0.9851016571175629,1.9668382604019985,-0.01731935077378041,-0.046119485523993066,0.017127682182818536,-0.20854778822247527,0.5101108112326765,-0.08854891168431736,0.09037437624517022,0.0071847439730881035,-0.014666850161680511,-0.05465480491108047,-0.02831010665320871,0.26529851744518945,0.08860498397016894,0.10585814118699029,0.05339547375169167,0.030612693854215285
IL_Sweep_14dB:55,IL_Sweep_14dB,14.0,0.0,0.0,0.0,0.0012224131095546452,-2.9127820012285346,-2.0523494671945874,2.3041143306323595,-0.059384771075562705,0.047632942177019126,0.024948361643648984,-0.37593805491661386,0.07846944633383096,0.05838160230307727,-0.08882345578454842,0.038154114907675396,-2.0523494671945874,2.3041143306323595,-0.059384771075562705,0.047632942177019126,0.024948361643648984,-0.37593805491661386,0.22826725085802324,0.07846944633383096,0.05838160230307727,-0.08882345578454842,0.038154114907675396,-0.0946129804378308,-0.25860348294024804,0.08787541544844425,0.09924823872777787,0.05682385168577645,-0.03630272190689683,0.019697891955208702
IL_Sweep_14dB:56,IL_Sweep_14dB,14.0,0.0,0.0,0.0,0.0060872869036606315,-2.2155762287644407,1.9980254835651086,-1.8950937707719184,0.06382798061511748,0.012225632506509543,0.052008526783084194,-0.3356925584612274,0.015802298709767636,0.10946937222024206,-0.06715583829608343,-0.006921286713187403,1.9980254835651086,-1.8950937707719184,0.06382798061511748,0.012225632506509543,0.052008526783084194,-0.3356925584612274,0.3368965056947808,0.015802298709767636,0.10946937222024206,-0.06715583829608343,-0.006921286713187403,-0.028758943328660996,-0.17341554458028338,0.17126614438250665,0.1360625364842063,0.12906728315242028,0.0036543452375291377,-0.0022811623883314054
IL_Sweep_14dB:57,IL_Sweep_14dB,14.0,0.0,0.0,0.0,0.005476080348883309,-2.261530188218719,-0.2620227633974711,1.897102408225789,0.025356617802141847,0.022450413337808974,0.02829002054360147,-0.3964348834322847,-0.010717933023260906,0.10757611044915158,0.021069813378319948,0.08095998961514404,-0.2620227633974711,1.897102408225789,0.025356617802141847,0.022450413337808974,0.02829002054360147,-0.3964348834322847,0.30714421841828643,-0.010717933023260906,0.10757611044915158,0.021069813378319948,0.08095998961514404,-0.06736819998256884,-0.21500843291277197,0.09712009888831805,0.06315944094146143,0.10929941089002616,0.0840388514184227,0.10221289650289868
IL_Sweep_14dB:58,IL_Sweep_14dB,14.0,0.0,0.0,0.0,0.025216400158583323,-1.5983169123248302,2.920329077187276,-2.267582516924577,-0.021475436879602062,0.07884831385229554,-0.02823491086987399,-0.33911558895025073,-0.01651506515849216,0.0832911399590579,0.06405283921016718,-0.06741498791258592,2.920329077187276,-2.267582516924577,-0.021475436879602062,0.07884831385229554,-0.02823491086987399,-0.33911558895025073,0.30105171720767454,-0.01651506515849216,0.0832911399590579,0.06405283921016718,-0.06741498791258592,-0.08665514342234383,-0.22417128023150076,0.10949531961501607,0.08312732514568268,0.11979770569341962,0.08540282922405697,-0.007170365179476158
IL_Sweep_14dB:59,IL_Sweep_14dB,14.0,0.0,0.0,0.0,0.0115922756706753,-1.935831299653034,-1.9230286531200773,0.6275520826131398,-0.011395261413357139,0.009173075806462339,-0.10761321662013447,-0.2490124053910677,-0.06931149270591323,0.15741510818753146,0.015011243988777623,0.047337651835739174,-1.9230286531200773,0.6275520826131398,-0.011395261413357139,0.009173075806462339,-0.10761321662013447,-0.2490124053910677,0.33373054405101676,-0.06931149270591323,0.15741510818753146,0.015011243988777623,0.047337651835739174,-0.1565195557102517,-0.1392501445600057,0.1473417664853862,0.04779531427719863,0.13424512604589098,0.07523941132308025,0.0719133060722707
IL_Sweep_14dB:seed,IL_Sweep_14dB,14.0,0.0,0.0,0.0,0.002077276331439144,-2.6825057272315456,0.0,0.0,0.0,0.0,-0.034,-0.2987,0.0,0.0582,0.0,0.0,0.0,0.0,0.0,0.0,-0.034,-0.2987,0.6091,0.0,0.0582,0.0,0.0,-0.07127393489765477,-0.05929888738284185,0.2523476135634032,0.12734667548496548,0.08877305185265726,0.04084389467434052,0.027428290829694123
IL_Worst_20dB:0,IL_Worst_20dB,20.0,0.0,0.0,0.0,0.04274729086824369,-1.3690914037019912,0.34109997623622745,-1.8261025581920647,-0.05575375349987847,-0.04005634271492882,0.012730663107435744,-0.20444868070707936,-0.07848070719669795,0.010747932192443278,-0.0020221039019919897,0.012135761648601596,0.34109997623622745,-1.8261025581920647,-0.05575375349987847,-0.04005634271492882,0.012730663107435744,-0.20444868070707936,0.5836240550309428,-0.07848070719669795,0.010747932192443278,-0.0020221039019919897,0.012135761648601596,-0.05937898491535026,0.02795643513666614,0.2649663503255703,0.10934994604236893,0.06383604982148566,0.029622236534209943,0.02510695511574315
IL_Worst_20dB:1,IL_Worst_20dB,20.0,0.0,0.0,0.0,0.0870680256376371,-1.0601413035294793,-2.028614681855341,-2.1716413624885678,0.026564681227266764,0.024688380500829422,-0.11692540763786113,-0.3055782769497082,0.0138325397822618,0.1249222957678352,0.06549757880909253,0.009337018777541162,-2.028614681855341,-2.1716413624885678,0.026564681227266764,0.024688380500829422,-0.11692540763786113,-0.3055782769497082,0.3126538205476038,0.0138325397822618,0.1249222957678352,0.06549757880909253,0.009337018777541162,-0.16062481016956942,-0.13184189755556866,0.10929371014643847,0.09203471256992553,0.13651866977313087,0.09492326404760155,0.05200366176145416
IL_Worst_20dB:2,IL_Worst_20dB,20.0,0.0,0.0,0.0,0.08369400026430554,-1.0773056739720672,-1.4834293428555878,2.2179057142844547,0.04223813879980931,0.08148879814300547,0.02798863831898893,-0.26611325792523516,-0.01202687372371033,0.05580732278142357,0.005310723332714718,-0.0825276334750415,-1.4834293428555878,2.2179057142844547,0.04223813879980931,0.08148879814300547,0.02798863831898893,-0.26611325792523516,0.426498613500071,-0.01202687372371033,0.05580732278142357,0.005310723332714718,-0.0825276334750415,-0.013714494152351354,-0.009558500324064698,0.2259136478101952,0.1329615190509774,0.11906123092186965,0.04533665858120733,-0.005666440985554587
IL_Worst_20dB:3,IL_Worst_20dB,20.0,0.0,0.0,0.0,0.19172062904717854,-0.7173311547309992,-1.350663163278035,1.137281345312733,0.03368289894064687,0.07198782294001989,-0.035813797085401416,-0.3219399971643945,-0.0869771174194823,-0.0337144365124538,0.07075055637573857,-0.03112592825864119,-1.350663163278035,1.137281345312733,0.03368289894064687,0.07198782294001989,-0.035813797085401416,-0.3219399971643945,0.31400744530322156,-0.0869771174194823,-0.0337144365124538,0.07075055637573857,-0.03112592825864119,-0.1534368609128117,-0.20518077772730575,0.13027150188150177,-0.037735580861237045,-0.0018289409602483743,0.03535899469987116,-0.009325527187649089
IL_Worst_20dB:4,IL_Worst_20dB,20.0,0.0,0.0,0.0,0.04803340161226378,-1.3184566565606006,-0.1623612650168681,-0.5465707109176456,-0.01852742781720861,0.07871694059777568,-0.007979883115350375,-0.3047202966300244,-0.024959937201011684,-0.039988000442739174,0.011104077129366896,0.09465958076260737,-0.1623612650168681,-0.5465707109176456,-0.01852742781720861,0.07871694059777568,-0.007979883115350375,-0.3047202966300244,0.4193438563039158,-0.024959937201011684,-0.039988000442739174,0.011104077129366896,0.09465958076260737,-0.08619725313406305,-0.0881770739451775,0.2265093718073789,0.08909177602924068,0.03485845463859406,0.05828540161690543,0.09975627867438953
IL_Worst_20dB:5,IL_Worst_20dB,20.0,0.0,0.0,0.0,0.043688879344522265,-1.3596290951561238,2.049119333911328,1.716716983800919,0.011589363246841945,0.010313769677126095,0.011494534071381596,-0.37937153665859824,-0.08538523842598286,0.03687240188818141,-0.045868060851761566,0.057595219863821524,2.049119333911328,1.716716983800919,0.011589363246841945,0.010313769677126095,0.011494534071381596,-0.37937153665859824,0.36150987531630474,-0.08538523842598286,0.03687240188818141,-0.045868060851761566,0.057595219863821524,-0.1445115481772525,-0.2512396435384501,0.10361512028661347,0.021976425922333197,0.020995436190512255,-0.008980456959551887,0.04365885777095255
IL_Worst_20dB:6,IL_Worst_20dB,20.0,0.0,0.0,0.0,0.13757516188714153,-0.8614599674744589,1.5008213833281054,-2.8740899480485957,0.06697749996481668,0.06823887872051258,-0.06011451209086405,-0.22697823636392558,0.08387234472197057,0.08175050373873188,-0.03533689277492128,0.02503835967171224,1.5008213833281054,-2.8740899480485957,0.06697749996481668,0.06823887872051258,-0.06011451209086405,-0.22697823636392558,0.3516927719525451,0.08387234472197057,0.08175050373873188,-0.03533689277492128,0.02503835967171224,-0.06254375971426594,-0.051414634847627316,0.17912173706885656,0.17172759800235973,0.12647091742576283,0.05057214092210036,0.03674730813792844
IL_Worst_20dB:7,IL_Worst_20dB,20.0,0.0,0.0,0.0,0.10811335403726709,-0.9661206591780268,2.564346224097699,-2.2001835329151884,-0.08156247149732329,-0.0739680096975639,0.0017595090029807955,-0.32980098059633156,0.046773514577109966,0.10960994983130798,-0.026159847976188855,-0.09437500967877493,2.564346224097699,-2.2001835329151884,-0.08156247149732329,-0.0739680096975639,0.0017595090029807955,-0.32980098059633156,0.23599070714241877,0.046773514577109966,0.10960994983130798,-0.026159847976188855,-0.09437500967877493,-0.14418098822733005,-0.18867448908417117,0.03307924021894948,0.08796284255247055,0.10132983710024221,0.011948376614779438,-0.04836189985105565
IL_Worst_20dB:8,IL_Worst_20dB,20.0,0.0,0.0,0.0,0.0773547971455002,-1.1115127484259164,-1.6474118995464646,0.7744892147243834,0.05027310874698896,-0.025966677192145272,-0.052000421947119596,-0.2746011573500799,0.052820412770367,0.06595779104806292,0.09445138487907652,-0.003978040383196602,-1.6474118995464646,0.7744892147243834,0.05027310874698896,-0.025966677192145272,-0.052000421947119596,-0.2746011573500799,0.37995100568296325,0.052820412770367,0.06595779104806292,0.09445138487907652,-0.003978040383196602,-0.10598326555662682,-0.07578956445956811,0.16068799649734913,0.12241725368928152,0.13079340702316966,0.11016195725108453,0.06216611186092266
IL_Worst_20dB:9,IL_Worst_20dB,20.0,0.0,0.0,0.0,0.08985562310030396,-1.0464547398680875,1.2849149064878924,-2.062763757566632,-0.03447253428504208,-0.07887570942738371,0.05119522105838256,-0.23338909232361252,-0.05686627414209318,0.04494155290776268,0.04800798902970804,-0.08620531942094335,1.2849149064878924,-2.062763757566632,-0.03447253428504208,-0.07887570942738371,0.05119522105838256,-0.23338909232361252,0.36604630740507194,-0.05686627414209318,0.04494155290776268,0.04800798902970804,-0.08620531942094335,-0.09433488829325214,-0.07338588346000471,0.21327290498959897,0.10161207181393778,0.1057460225803615,0.04976711160437001,-0.03452153434805686
IL_Worst_20dB:10,IL_Worst_20dB,20.0,0.0,0.0,0.0,0.1954332958900489,-0.7090014437418242,0.21952970525861404,0.5641698621162379,0.02685601970531187,-0.07849295551821564,-0.09937566056417252,-0.23713516703261328,0.08855037996818875,0.11308214090996867,0.08988215748532918,-0.06662551881620014,0.21952970525861404,0.5641698621162379,0.02685601970531187,-0.07849295551821564,-0.09937566056417252,-0.23713516703261328,0.19999999999999996,0.08855037996818875,0.11308214090996867,0.08988215748532918,-0.06662551881620014,-0.15851997464852674,-0.1511531442654735,0.04117524661897748,0.10032180056248295,0.13757178167940995,0.09828885751964808,0.022001041113046512
IL_Worst_20dB:11,IL_Worst_20dB,20.0,0.0,0.0,0.0,0.07672707149464782,-1.1150513775582394,1.0331479004296582,-2.9957694524036618,0.0034063249610208238,0.059364271650066774,-0.11913077949980796,-0.22874129218353192,0.026958735527981115,-0.005611639386539871,-0.05646225481386546,0.08492874239977882,1.0331479004296582,-2.9957694524036618,0.0034063249610208238,0.059364271650066774,-0.11913077949980796,-0.22874129218353192,0.41539595957740727,0.026958735527981115,-0.005611639386539871,-0.05646225481386546,0.08492874239977882,-0.13490304056038685,-0.06969911598299483,0.2158032241530385,0.136114904243793,0.05229071946292264,0.014701005646522533,0.0560325829366755
IL_Worst_20dB:12,IL_Worst_20dB,20.0,0.0,0.0,0.0,0.14121762257169287,-0.8501111042184244,2.4848331595958073,0.819733822298401,-0.001679193897161413,-0.029724635138691027,-0.025913958836842416,-0.24697600118399335,0.0814690486614908,0.02625973369417492,0.03005638197232199,0.08130502764657017,2.4848331595958073,0.819733822298401,-0.001679193897161413,-0.029724635138691027,-0.025913958836842416,-0.24697600118399335,0.47661601896875394,0.0814690486614908,0.02625973369417492,0.03005638197232199,0.08130502764657017,-0.06886566720954311,-0.03824459661750616,0.17346409742537436,0.15304786408265234,0.10897858538740042,0.08992517379333705,0.08881177220564478
IL_Worst_20dB:13,IL_Worst_20dB,20.0,0.0,0.0,0.0,0.06626635390511432,-1.178706924420997,-1.7499667117083566,-1.227789640489251,0.008594713854078062,0.08369276293229554,0.06037719495472006,-0.2373606055313949,-0.004609068877524836,0.10558589158658291,-0.013483752720832888,-0.021356465302932195,-1.7499667117083566,-1.227789640489251,0.008594713854078062,0.08369276293229554,0.06037719495472006,-0.2373606055313949,0.46493954423963857,-0.004609068877524836,0.10558589158658291,-0.013483752720832888,-0.021356465302932195,0.0039061651413904333,0.02507721007586039,0.2325718953752984,0.13537333831767354,0.1224604207970019,0.045388486257659955,0.020041416864140314
IL_Worst_20dB:14,IL_Worst_20dB,20.0,0.0,0.0,0.0,0.08224857935773755,-1.0848715946840513,0.48212419353060576,2.3504990026871235,0.0959696387150701,0.03248721926058815,-0.01927354295057277,-0.25982394301469147,-0.05481693672931164,0.022867106987498116,-0.005327664971052193,-0.06321091598193405,0.48212419353060576,2.3504990026871235,0.0959696387150701,0.03248721926058815,-0.01927354295057277,-0.25982394301469147,0.44622303138928143,-0.05481693672931164,0.022867106987498116,-0.005327664971052193,-0.06321091598193405,-0.049107355009123395,-0.03468185324400384,0.23432687522412463,0.12163437005012152,0.09135971811498093,0.028774179362779484,-0.011188451229989179
IL_Worst_20dB:15,IL_Worst_20dB,20.0,0.0,0.0,0.0,0.16057387339764767,-0.7943251163566847,2.274631029436252,-2.456018771764932,-0.08331753455447324,0.04326350588245116,-0.09372459210056795,-0.29824608101766764,0.0217253042096698,0.11898759964172552,0.06378931897514675,0.07694606361829796,2.274631029436252,-2.456018771764932,-0.08331753455447324,0.04326350588245116,-0.09372459210056795,-0.29824608101766764,0.19999999999999996,0.0217253042096698,0.11898759964172552,0.06378931897514675,0.07694606361829796,-0.13978687430401698,-0.17247419765933905,0.007034132697807051,0.05846406712933634,0.11157221229686395,0.11384372596407447,0.09910715630974348
IL_Worst_20dB:16,IL_Worst_20dB,20.0,0.0,0.0,0.0,0.0855276199286375,-1.0678936133940207,-2.2827420249052968,0.3299371976338148,-0.0446863343448387,0.022295071988070903,-0.05054709837535593,-0.21326958475692676,-0.09193227750219107,-0.014845278988496954,0.09100787310942685,-0.04410597344519555,-2.2827420249052968,0.3299371976338148,-0.0446863343448387,0.022295071988070903,-0.05054709837535593,-0.21326958475692676,0.4273105074894973,-0.09193227750219107,-0.014845278988496954,0.09100787310942685,-0.04410597344519555,-0.1355775060594894,-0.0330468886550749,0.25288090436653915,0.03976283398651722,0.06452187754754604,0.07205248282208007,0.00827770175349806
IL_Worst_20dB:17,IL_Worst_20dB,20.0,0.0,0.0,0.0,0.13271854764107308,-0.8770683795071955,1.324142924925941,0.6765974472793779,0.01551731730300956,-0.09924576746080449,-0.10133587088808338,-0.2547279680165296,0.013327412637209823,0.09664298988519615,0.05393865576897794,-0.09851734595635558,1.324142924925941,0.6765974472793779,0.01551731730300956,-0.09924576746080449,-0.10133587088808338,-0.2547279680165296,0.2667466720838334,0.013327412637209823,0.09664298988519615,0.05393865576897794,-0.09851734595635558,-0.18667591572234835,-0.16943824226903026,0.046856074764255684,0.06738089709134984,0.10281692614195848,0.052968984691171964,-0.02305156830060846
IL_Worst_20dB:18,IL_Worst_20dB,20.0,0.0,0.0,0.0,0.013041826351262059,-1.8846615866151977,-2.62136444902497,-0.9528036236523285,0.08355146170328608,-0.06375169342691271,-0.007136925792484233,-0.19942263116208875,-0.03391680956145252,0.029391879468999654,0.08418447941423174,-0.06960365016157215,-2.62136444902497,-0.9528036236523285,0.08355146170328608,-0.06375169342691271,-0.007136925792484233,-0.19942263116208875,0.4290404693089722,-0.03391680956145252,0.029391879468999654,0.08418447941423174,-0.06960365016157215,-0.07444778788662235,0.0035532400826861175,0.24862787494124647,0.09742458605337806,0.10816051670886256,0.06961927378610099,-0.0008302239239759803
IL_Worst_20dB:19,IL_Worst_20dB,20.0,0.0,0.0,0.0,0.03967886877230078,-1.4014407178926236,-0.7162727396631892,-0.8091973555739094,-0.09077178588857376,0.05217077914646293,-0.03632954016391195,-0.3691411509386598,0.05249703452352066,0.13799972208659889,-0.059750833576555154,-0.001339153675716919,-0.7162727396631892,-0.8091973555739094,-0.09077178588857376,0.05217077914646293,-0.03632954016391195,-0.3691411509386598,0.19999999999999996,0.05249703452352066,0.13799972208659889,-0.059750833576555154,-0.001339153675716919,-0.15465342450821368,-0.22455428654484738,0.0188060782980244,0.08005719978785024,0.1034602042407307,0.013363173968372376,0.005367353570941666
IL_Worst_20dB:20,IL_Worst_20dB,20.0,0.0,0.0,0.0,0.37437640412316636,-0.42669153141372657,-2.358598221766451,2.1820146830209772,-0.07439043712038683,-0.0946376113170307,-0.10596780892821496,-0.2849095377700253,-0.07178479536262661,0.02050833351004764,0.0066725693840704375,-0.01662684742883055,-2.358598221766451,2.1820146830209772,-0.07439043712038683,-0.0946376113170307,-0.10596780892821496,-0.2849095377700253,0.32450205917876696,-0.07178479536262661,0.02050833351004764,0.0066725693840704375,-0.01662684742883055,-0.20372026355355327,-0.15792602372932013,0.046990161440074535,-0.02605498311870328,-0.003782212437499817,-0.018339848113530108,-0.022401884853700024
IL_Worst_20dB:21,IL_Worst_20dB,20.0,0.0,0.0,0.0,0.3751817100568257,-0.42575834144170993,2.7233895783330078,0.1308180950221156,-0.08670903155700557,0.0939042430363646,-0.12219754177807154,-0.3338393056217705,-0.043026752519798546,-0.008281942306802056,0.027600510719740526,0.08444067246044666,2.7233895783330078,0.1308180950221156,-0.08670903155700557,0.0939042430363646,-0.12219754177807154,-0.3338393056217705,0.19999999999999996,-0.043026752519798546,-0.008281942306802056,0.027600510719740526,0.08444067246044666,-0.16881138114541627,-0.23382828932960123,-0.050815500313502106,-0.045072354770771525,-0.02565086484131239,0.020016139506567842,0.055342389576246404
IL_Worst_20dB:22,IL_Worst_20dB,20.0,0.0,0.0,0.0,0.07878782873001189,-1.1035408678360907,-1.2683567226508892,2.763698176494561,0.07657104820059393,-0.0029525850848772465,-0.07430938477491994,-0.37750478517510755,0.019425460631445124,0.08142076308345975,-0.019589187568490964,0.015086278240090479,-1.2683567226508892,2.763698176494561,0.07657104820059393,-0.0029525850848772465,-0.07430938477491994,-0.37750478517510755,0.33314050724101496,0.019425460631445124,0.08142076308345975,-0.019589187568490964,0.015086278240090479,-0.16555061855479433,-0.19815280750235945,0.09020527633576415,0.07770151153797936,0.08991614072076129,0.03666106188875501,0.03382987662268349
IL_Worst_20dB:23,IL_Worst_20dB,20.0,0.0,0.0,0.0,0.10321957182502974,-0.986237946800775,0.08709383607058019,-0.1286566878636577,-0.03116641041999645,0.09664871549555368,-0.07805570598568265,-0.2104031531545703,0.07561661385600063,0.050859333351557554,-0.05911595717194006,0.04332737156306914,0.08709383607058019,-0.1286566878636577,-0.03116641041999645,0.09664871549555368,-0.07805570598568265,-0.2104031531545703,0.3548067390016296,0.07561661385600063,0.050859333351557554,-0.05911595717194006,0.04332737156306914,-0.08786029191825091,-0.049403650987271,0.19747305564465847,0.16855356129870103,0.1070948472867028,0.03778096486517844,0.04746136444221718
IL_Worst_20dB:24,IL_Worst_20dB,20.0,0.0,0.0,0.0,0.1511579886348619,-0.8205688956025506,1.8191174420164153,1.2032065124049647,-0.007826320982630386,-0.013384050229079826,0.038638535263836635,-0.20667939459611867,-0.007232822813928008,0.1566380716751888,0.03863808325606273,-0.037268392290827394,1.8191174420164153,1.2032065124049647,-0.007826320982630386,-0.013384050229079826,0.038638535263836635,-0.20667939459611867,0.49369432889232756,-0.007232822813928008,0.1566380716751888,0.03863808325606273,-0.037268392290827394,-0.021550631895746443,0.009741568908344435,0.1834577649732592,0.1471240751262226,0.1524727678254266,0.09910300477635749,0.051745726695172155
IL_Worst_20dB:25,IL_Worst_20dB,20.0,0.0,0.0,0.0,0.3753592903396326,-0.4255528306479858,2.9964999386721396,-2.522603648513676,-0.042184066279229174,-0.048472699443657966,-0.12102478126458797,-0.35847877077427454,0.06620810385645616,-0.03442680146764873,0.07910801802796148,-0.05009675888618394,2.9964999386721396,-2.522603648513676,-0.042184066279229174,-0.048472699443657966,-0.12102478126458797,-0.35847877077427454,0.19999999999999996,0.06620810385645616,-0.03442680146764873,0.07910801802796148,-0.05009675888618394,-0.1866328336038837,-0.22204424388555785,-0.021760363185391807,0.02569525438455627,0.02062093912732154,0.031208822138510627,-0.004470912283167276
IL_Worst_20dB:26,IL_Worst_20dB,20.0,0.0,0.0,0.0,0.1145392824104665,-0.9410455420726188,0.6902235498481994,-0.47136201515952536,-0.005071511554117303,-0.01256454621827321,-0.05426693741212209,-0.3172207509465921,-0.0011114438130346517,0.14274420776908112,-0.02231253213399196,-0.09228290083017295,0.6902235498481994,-0.47136201515952536,-0.005071511554117303,-0.01256454621827321,-0.05426693741212209,-0.3172207509465921,0.3524251693226146,-0.0011114438130346517,0.14274420776908112,-0.02231253213399196,-0.09228290083017295,-0.1483640986202214,-0.15206143900102279,0.11986520187135817,0.11549042642942853,0.1387985032116818,0.02837692790851905,-0.0371664483563154
IL_Worst_20dB:27,IL_Worst_20dB,20.0,0.0,0.0,0.0,0.03547888859521607,-1.4500299932519478,-1.820491992354843,-2.670219246771107,0.04639113005648268,-0.019336921984062984,0.020035913168128125,-0.2687438959953269,0.03630268459149771,0.0007673974539308959,0.07826062481111701,0.02248292768343914,-1.820491992354843,-2.670219246771107,0.04639113005648268,-0.019336921984062984,0.020035913168128125,-0.2687438959953269,0.5076785042560146,0.03630268459149771,0.0007673974539308959,0.07826062481111701,0.02248292768343914,-0.05309019633111389,-0.004860487756068203,0.2436532596739444,0.12468264572021286,0.09102698409081479,0.07953331795030318,0.05004578619742417
IL_Worst_20dB:28,IL_Worst_20dB,20.0,0.0,0.0,0.0,0.07679727765296683,-1.1146541747764236,-0.20584726496624317,-1.6210070766886164,0.0908255017912481,0.02670068279233171,-0.07353944774997412,-0.3400857231986922,-0.04088070072934892,0.08758183768338343,0.015373947028061741,0.07029312453699495,-0.20584726496624317,-1.6210070766886164,0.0908255017912481,0.02670068279233171,-0.07353944774997412,-0.3400857231986922,0.2547190344899648,-0.04088070072934892,0.08758183768338343,0.015373947028061741,0.07029312453699495,-0.15080132047692807,-0.20163482687335696,0.04239285594655768,0.028765419049218127,0.08364925623896162,0.07251069231905535,0.08371934234366428
IL_Worst_20dB:29,IL_Worst_20dB,20.0,0.0,0.0,0.0,0.052526595744680854,-1.279620744965182,-2.1703449814039204,-1.760047564474162,0.032745677488923784,0.03399367084508487,-0.09650525017814882,-0.32820095348275496,0.008359731382623803,0.00405007704072044,-0.03159487763214688,-0.009696338731499776,-2.1703449814039204,-1.760047564474162,0.032745677488923784,0.03399367084508487,-0.09650525017814882,-0.32820095348275496,0.45485342321809663,0.008359731382623803,0.00405007704072044,-0.03159487763214688,-0.009696338731499776,-0.16204926912214176,-0.10063329665459655,0.21809849222353794,0.09536453118854901,0.04774892817228723,-0.00533030770262814,-0.004679222839518281
IL_Worst_20dB:30,IL_Worst_20dB,20.0,0.0,0.0,0.0,0.37519822915290074,-0.42573922005560216,0.9997557345322918,-1.0675251542567479,-0.07647228179237246,0.05277611460936208,-0.11743238977260666,-0.29658316530119566,-0.07045188439831258,0.09839137553723679,-0.0608360467874542,0.027056741801459682,0.9997557345322918,-1.0675251542567479,-0.07647228179237246,0.05277611460936208,-0.11743238977260666,-0.29658316530119566,0.19999999999999996,-0.07045188439831258,0.09839137553723679,-0.0608360467874542,0.027056741801459682,-0.1945806311461661,-0.22590014291872026,-0.0276137816881918,-0.021900466770333717,0.027430865445830243,-0.017013684127156398,0.003505257707538624
IL_Worst_20dB:31,IL_Worst_20dB,20.0,0.0,0.0,0.0,0.07080497555173781,-1.1499362228365102,-2.501142219722192,-1.9304884045219415,-0.012628942646342168,-0.0882907688524612,-0.04520978904292482,-0.22438299069019813,-0.021002393634107663,0.06843418162213732,0.03483311850999302,-0.04021389546063538,-2.501142219722192,-1.9304884045219415,-0.012628942646342168,-0.0882907688524612,-0.04520978904292482,-0.22438299069019813,0.46500391954120035,-0.021002393634107663,0.06843418162213732,0.03483311850999302,-0.04021389546063538,-0.11960260568389017,-0.022954064488227937,0.22353135979836244,0.10238975453752812,0.10333781827939079,0.04581610114172048,0.006175816747851123
IL_Worst_20dB:32,IL_Worst_20dB,20.0,0.0,0.0,0.0,0.030440564292321923,-1.5165473010877297,-2.7538751083135837,2.982405062043108,-0.02763837839787625,-0.039426600616131346,-0.014959974257815027,-0.37363692471031745,-0.013438958080116659,0.09946726133814403,-0.010183624060526843,-0.03569398091395095,-2.7538751083135837,2.982405062043108,-0.02763837839787625,-0.039426600616131346,-0.014959974257815027,-0.37363692471031745,0.3855542976251214,-0.013438958080116659,0.09946726133814403,-0.010183624060526843,-0.03569398091395095,-0.16954475184785206,-0.17474044832913424,0.1322321452484335,0.07097090223030098,0.09940623343810401,0.023036306433467036,-0.0016488190444047953
IL_Worst_20dB:33,IL_Worst_20dB,20.0,0.0,0.0,0.0,0.21341020219373597,-0.6707848227253551,-0.8163162613887256,-0.08594315944842601,0.03685347036491939,0.08977337268891726,0.016298196978905617,-0.3760154161279991,0.06377683586163581,0.05741353120566823,-0.08657430370407507,0.07329487306787956,-0.8163162613887256,-0.08594315944842601,0.03685347036491939,0.08977337268891726,0.016298196978905617,-0.3760154161279991,0.19999999999999996,0.06377683586163581,0.05741353120566823,-0.08657430370407507,0.07329487306787956,-0.08917942722448177,-0.23058320803211124,0.05463111348484672,0.09117246277984432,0.06255288662637708,-0.0030830621848611196,0.05320828966928115
IL_Worst_20dB:34,IL_Worst_20dB,20.0,0.0,0.0,0.0,0.13668726047310692,-0.8642719606629997,1.7239502252057284,1.8761666984010068,0.07410855736272878,-0.06371565364163144,-0.08164945108256852,-0.3638637782909078,0.021328178140984453,0.14164084813098637,0.018469327983625414,0.035224205366567306,1.7239502252057284,1.8761666984010068,0.07410855736272878,-0.06371565364163144,-0.08164945108256852,-0.3638637782909078,0.19999999999999984,0.021328178140984453,0.14164084813098637,0.018469327983625414,0.035224205366567306,-0.15718283309913267,-0.22141631017701935,-0.03686619541946468,0.028393654102156267,0.08969503363441811,0.06661967713266816,0.05471434343804157
IL_Worst_20dB:35,IL_Worst_20dB,20.0,0.0,0.0,0.0,0.03730011893749174,-1.4282897833705617,-1.5789915399358163,-0.35828254896631373,0.05468600983348422,-0.07251666116477472,-0.0668978421821046,-0.21860110122404974,-0.09584662734949795,0.09456808985589849,0.04242727002805085,-0.07617558552490131,-1.5789915399358163,-0.35828254896631373,0.05468600983348422,-0.07251666116477472,-0.0668978421821046,-0.21860110122404974,0.27828081283723805,-0.09584662734949795,0.09456808985589849,0.04242727002805085,-0.07617558552490131,-0.1965293932661677,-0.14675917897072982,0.11007517701584138,0.013941637548136846,0.11039583379602957,0.039670512237724546,-0.03677809625643888
IL_Worst_20dB:36,IL_Worst_20dB,20.0,0.0,0.0,0.0,0.0572758358662614,-1.2420285641297288,2.6636644826289038,2.460966668320994,-0.01638005416915983,-0.08075011393207282,0.05284427881711168,-0.2387482789144269,-0.018787916595745437,-0.022902921231808093,-0.09918994542035671,0.00015535031583240323,2.6636644826289038,2.460966668320994,-0.01638005416915983,-0.08075011393207282,0.05284427881711168,-0.2387482789144269,0.4702411406034861,-0.018787916595745437,-0.022902921231808093,-0.09918994542035671,0.00015535031583240323,-0.07528015275345498,-0.04133850604553064,0.24069092054471558,0.14824627519673247,0.044021876565434805,-0.03795749552846001,-0.020445294674642234
IL_Worst_20dB:37,IL_Worst_20dB,20.0,0.0,0.0,0.0,0.16474081538258226,-0.7831987888119695,2.3832885573307325,0.4371422758138368,0.09083444151002118,0.08112778054280473,0.005474761423503217,-0.32131735252011384,0.08225908682036598,0.1123787980440439,-0.02554348714108132,-0.08106429199806593,2.3832885573307325,0.4371422758138368,0.09083444151002118,0.08112778054280473,0.005474761423503217,-0.32131735252011384,0.19999999999999996,0.08225908682036598,0.1123787980440439,-0.02554348714108132,-0.08106429199806593,-0.031997255312087046,-0.1539022854304711,0.05689385343181257,0.13573811084493143,0.1474213909278849,0.04339486199722707,-0.026739272404456726
IL_Worst_20dB:38,IL_Worst_20dB,20.0,0.0,0.0,0.0,0.08015065415620458,-1.0960929287649754,-1.9834677938218839,1.4152216140832965,-0.05131402508813576,0.040867471852220394,0.02480567348207388,-0.2507519589645659,-0.02798218528398677,0.05253488922350544,0.024110232107350995,0.07683346374592648,-1.9834677938218839,1.4152216140832965,-0.05131402508813576,0.040867471852220394,0.02480567348207388,-0.2507519589645659,0.4508001002522344,-0.02798218528398677,0.05253488922350544,0.024110232107350995,0.07683346374592648,-0.04898475310429292,-0.01351844584726152,0.21360091669965517,0.10538478370345081,0.1042995140031592,0.09031151925927601,0.09618622313587229
IL_Worst_20dB:39,IL_Worst_20dB,20.0,0.0,0.0,0.0,0.16996910929033962,-0.7696300014674664,1.9925027554453243,-1.3504226126369598,-0.0655189051549669,-0.05408522957320024,-0.08677319209082499,-0.27780569070026623,0.08608886631182422,0.07282392276972778,-0.06650423222178498,0.09039996117740472,1.9925027554453243,-1.3504226126369598,-0.0655189051549669,-0.05408522957320024,-0.08677319209082499,-0.27780569070026623,0.19999999999999996,0.08608886631182422,0.07282392276972778,-0.06650423222178498,0.09039996117740472,-0.17384662027551728,-0.18474020856513293,0.021522631602127786,0.08362296940984919,0.06932272334480884,0.02556114889004419,0.05678513679088197
IL_Worst_20dB:40,IL_Worst_20dB,20.0,0.0,0.0,0.0,0.37531386282542617,-0.42560539392052954,0.16210754768553604,0.2188008920135609,0.022329733636994444,0.007484165706642832,-0.08985971333921547,-0.3717914946507571,-0.09895966516244173,0.09004581859052611,-0.04003772796039706,-0.01984556803278399,0.16210754768553604,0.2188008920135609,0.022329733636994444,0.007484165706642832,-0.08985971333921547,-0.3717914946507571,0.2596461129202412,-0.09895966516244173,0.09004581859052611,-0.04003772796039706,-0.01984556803278399,-0.18494044578728866,-0.23733477049149673,-0.01481400762121257,-0.03898104412196571,0.01704540524739492,-0.029946979399884135,-0.030472454679993984
IL_Worst_20dB:41,IL_Worst_20dB,20.0,0.0,0.0,0.0,0.07434832165983878,-1.1287288308017143,-0.6050667595814343,1.5346125510906283,0.08113885056741071,-0.051746274917239266,-0.002865791489853369,-0.38273264203726465,0.004605378334096422,0.0640029540535129,-0.039628414060436094,-0.058508501828171515,-0.6050667595814343,1.5346125510906283,0.08113885056741071,-0.051746274917239266,-0.002865791489853369,-0.38273264203726465,0.31477119271201504,0.004605378334096422,0.0640029540535129,-0.039628414060436094,-0.058508501828171515,-0.15123544617644183,-0.2197556872714426,0.09223912290211767,0.06990748559012763,0.07012056631764242,-0.020373690358999354,-0.047622235851619565
IL_Worst_20dB:42,IL_Worst_20dB,20.0,0.0,0.0,0.0,0.2087435575525307,-0.6803869192578285,-0.9579023240567301,2.0754423604249537,0.060190430790327314,0.017757021103001747,-0.09934868458687363,-0.35933178999727444,0.002297757263146094,-0.0041680005661869635,-0.07980532933968248,0.06834370018228068,-0.9579023240567301,2.0754423604249537,0.060190430790327314,0.017757021103001747,-0.09934868458687363,-0.35933178999727444,0.30875728617122666,0.002297757263146094,-0.0041680005661869635,-0.07980532933968248,0.06834370018228068,-0.1905507858111159,-0.21985056900122366,0.0713632079659944,0.026925705082377342,-0.01272549745200826,-0.04274894601572694,0.01778031651831953
IL_Worst_20dB:43,IL_Worst_20dB,20.0,0.0,0.0,0.0,0.12907608695652173,-0.8891542090486512,0.8666713091798255,-2.352353970555564,-0.0584495627038201,0.0018838718924849786,-0.012356917396018734,-0.3349334693694358,0.09764854875203631,0.1037460080285772,0.06163412523125751,0.06210733157324127,0.8666713091798255,-2.352353970555564,-0.0584495627038201,0.0018838718924849786,-0.012356917396018734,-0.3349334693694358,0.2672401650531281,0.09764854875203631,0.1037460080285772,0.06163412523125751,0.06210733157324127,-0.10489759536859479,-0.14042777460101544,0.07722809251133826,0.1208176033649448,0.13459230258075183,0.11401018243462076,0.08922072653359926
IL_Worst_20dB:44,IL_Worst_20dB,20.0,0.0,0.0,0.0,0.1034880071362495,-0.9851099761619527,-2.97385200120757,1.608323910625066,0.018588442371197233,0.006409492756761704,0.04344560573653812,-0.279066285855807,0.04576604385811925,0.11738392978900691,0.0893919973145823,-0.04920856398211176,-2.97385200120757,1.608323910625066,0.018588442371197233,0.006409492756761704,0.04344560573653812,-0.279066285855807,0.35073963833587574,0.04576604385811925,0.11738392978900691,0.0893919973145823,-0.04920856398211176,-0.046032679031496056,-0.050158048358290706,0.16907431735895248,0.1323085068239506,0.16272699463166712,0.11084666112534552,0.044080643883602944
IL_Worst_20dB:45,IL_Worst_20dB,20.0,0.0,0.0,0.0,0.03459098718118145,-1.4610370436166873,-0.4234441495565723,0.05616823754348621,-0.02213719818589435,-0.009005984432932613,-0.06091927445339987,-0.22074069065180835,-0.07405157497867194,0.12828396179960455,-0.0075918617929618855,0.005966868258161418,-0.4234441495565723,0.05616823754348621,-0.02213719818589435,-0.009005984432932613,-0.06091927445339987,-0.22074069065180835,0.4713025854465651,-0.07405157497867194,0.12828396179960455,-0.0075918617929618855,0.005966868258161418,-0.11068224846144516,-0.03336345560124078,0.20970881117362183,0.1116547788762214,0.13099458425075491,0.06395094968374165,0.044184793884882154
IL_Worst_20dB:46,IL_Worst_20dB,20.0,0.0,0.0,0.0,0.15102170609224264,-0.8209606278154354,1.4722923880836845,-1.5111804314614146,0.08834678721433356,-0.06053853616700862,0.03194944376913532,-0.2873167917223563,-0.06626485057114505,0.15264232433489683,-0.04834761469103582,-0.06443172954871526,1.4722923880836845,-1.5111804314614146,0.08834678721433356,-0.06053853616700862,0.03194944376913532,-0.2873167917223563,0.20016192198137328,-0.06626485057114505,0.15264232433489683,-0.04834761469103582,-0.06443172954871526,-0.11414535242508335,-0.22745510483750958,0.023431211510179347,0.03607835437817337,0.13552133188015328,-0.005404576071741458,-0.061311059448073024
IL_Worst_20dB:47,IL_Worst_20dB,20.0,0.0,0.0,0.0,0.022924375578168364,-1.6397024849556125,2.1083809985450497,-0.2873821794530116,-0.024076290780781464,-0.0045459506961536555,0.04051863448783043,-0.24511629253566106,-0.06821250420670939,0.03926670007852761,-0.06025651513541058,0.054840793873473494,2.1083809985450497,-0.2873821794530116,-0.024076290780781464,-0.0045459506961536555,0.04051863448783043,-0.24511629253566106,0.4631663182054524,-0.06821250420670939,0.03926670007852761,-0.06025651513541058,0.054840793873473494,-0.05165408748438885,-0.027402052445742127,0.25516030567901365,0.13111680192058062,0.0774700627798366,0.020068468326738857,0.050229677379834005
IL_Worst_20dB:48,IL_Worst_20dB,20.0,0.0,0.0,0.0,0.37492153429364344,-0.4260596143762222,-2.466230414454075,-0.707378585646366,0.05692299571224401,-0.08906542575234476,-0.07796093160130851,-0.3807490074856562,0.04059993917931418,0.03240849577624161,-0.07209292782555687,0.050200276667333954,-2.466230414454075,-0.707378585646366,0.05692299571224401,-0.08906542575234476,-0.07796093160130851,-0.3807490074856562,0.19999999999999996,0.04059993917931418,0.03240849577624161,-0.07209292782555687,0.050200276667333954,-0.1930129350141442,-0.2253071011061016,0.0115302616004508,0.019401749302105715,0.006119499592649451,-0.026896256308715685,0.012847032200361432
IL_Worst_20dB:49,IL_Worst_20dB,20.0,0.0,0.0,0.0,0.10607737544601559,-0.9743772340695201,2.8834178851437837,1.066734240753886,-0.04812482421068697,0.07533753482261091,-0.12261399648999964,-0.35731173701013547,0.0724643452201599,0.014215344368943464,0.0015064942729662524,0.02681098696601099,2.8834178851437837,1.066734240753886,-0.04812482421068697,0.07533753482261091,-0.12261399648999964,-0.35731173701013547,0.28161473663848646,0.0724643452201599,0.014215344368943464,0.0015064942729662524,0.02681098696601099,-0.17395277946726984,-0.22859384326749554,0.028888317623345598,0.07694242899101095,0.05416660600169474,0.03438125206772053,0.03153378168031332
IL_Worst_20dB:50,IL_Worst_20dB,20.0,0.0,0.0,0.0,0.09123083784855293,-1.0398583366309733,-0.5886243616793043,1.3113214520953063,-0.0689292411727832,0.044645329985220285,0.057696892368368516,-0.29101732512979755,0.07951902468382877,-0.0171983009650276,0.05839516117744395,-0.012397554400570377,-0.5886243616793043,1.3113214520953063,-0.0689292411727832,0.044645329985220285,0.057696892368368516,-0.29101732512979755,0.37020117011695985,0.07951902468382877,-0.0171983009650276,0.05839516117744395,-0.012397554400570377,-0.047086550201367414,-0.06699455529104453,0.20329688525249953,0.15114251024200082,0.10127845735166326,0.08599393016220182,0.046900658127246454
IL_Worst_20dB:51,IL_Worst_20dB,20.0,0.0,0.0,0.0,0.3753510307915951,-0.42556238713345,1.165626679270054,2.828089171287064,-0.08400417990248826,-0.031080796443375303,-0.04309670438206798,-0.3011689849921663,0.05876675836766485,-0.029673983151891153,-0.09079867397354187,-0.055547542894904316,1.165626679270054,2.828089171287064,-0.08400417990248826,-0.031080796443375303,-0.04309670438206798,-0.3011689849921663,0.3058623758918999,0.05876675836766485,-0.029673983151891153,-0.09079867397354187,-0.055547542894904316,-0.15740598081923207,-0.17012500192083516,0.06389806243206221,0.05951829539431313,-0.01102105957292912,-0.08088568444972831,-0.08457305264023211
IL_Worst_20dB:52,IL_Worst_20dB,20.0,0.0,0.0,0.0,0.3754914431082331,-0.4253999554726483,-1.0089313682569794,-1.400345651193061,-0.060754253194603904,-0.05548206391880879,0.008423508985185096,-0.34422996505158976,-0.052351460013846635,-0.019617796759412304,-0.09621001925627067,0.04559594503556868,-1.0089313682569794,-1.400345651193061,-0.060754253194603904,-0.05548206391880879,0.008423508985185096,-0.34422996505158976,0.31733498778471425,-0.052351460013846635,-0.019617796759412304,-0.09621001925627067,0.04559594503556868,-0.1674992429321309,-0.1925222269791015,0.09636470053876621,-0.007352987588048869,-0.04838050295325521,-0.08049393712760403,-0.008493988247852007
IL_Worst_20dB:53,IL_Worst_20dB,20.0,0.0,0.0,0.0,0.07377428307123034,-1.1320950022240917,-0.3194862351448011,-2.7058493587371513,-0.03895005124825205,-0.045371035751545385,-0.033598424294989576,-0.29298153923637466,-0.06213881647163782,0.07450568685717464,0.06701391405417244,-0.026662190979403002,-0.3194862351448011,-2.7058493587371513,-0.03895005124825205,-0.045371035751545385,-0.033598424294989576,-0.29298153923637466,0.35877834110645046,-0.06213881647163782,0.07450568685717464,0.06701391405417244,-0.026662190979403002,-0.16111894397069793,-0.136368082293799,0.14259369679365855,0.06147451756162162,0.10938018260555124,0.08121970585219591,0.02670647708629102
IL_Worst_20dB:54,IL_Worst_20dB,20.0,0.0,0.0,0.0,0.006454836791330778,-2.190114734268286,-2.8951637351194415,2.5596507170680063,0.0006887908736361138,0.01560159270962911,0.048001113021380354,-0.3134294081759538,-0.031852183037598424,0.13693934708696548,-0.08204103849220001,0.03652219084032578,-2.8951637351194415,2.5596507170680063,0.0006887908736361138,0.01560159270962911,0.048001113021380354,-0.3134294081759538,0.33492433576231084,-0.031852183037598424,0.13693934708696548,-0.08204103849220001,0.03652219084032578,-0.08460652722714494,-0.1238283912302537,0.18750421544971074,0.11192651904032389,0.1426155972072744,0.02303953337545299,0.05844370896090733
IL_Worst_20dB:55,IL_Worst_20dB,20.0,0.0,0.0,0.0,0.06338790141403462,-1.1979936261960216,-1.143338242772161,0.9243197183235587,-0.06464359862738775,-0.03553279453851861,0.06295773029542115,-0.32361115145847164,-0.039986357749375125,0.041537057538898775,0.020700211354728194,-0.029729917071305248,-1.143338242772161,0.9243197183235587,-0.06464359862738775,-0.03553279453851861,0.06295773029542115,-0.32361115145847164,0.3813011813658935,-0.039986357749375125,0.041537057538898775,0.020700211354728194,-0.029729917071305248,-0.11585226054533923,-0.13957340875051347,0.1962037074801856,0.08054215598701263,0.09174679135173301,0.04295856412200942,0.006861490142288997
IL_Worst_20dB:56,IL_Worst_20dB,20.0,0.0,0.0,0.0,0.3755699088145897,-0.42530921129222676,1.6606943689137457,-1.1597955667284843,-0.07721861728271476,0.036782306961276844,-0.070248450519455,-0.3625662258757069,0.03849370163390131,0.007528468636339991,-0.05189948548043795,0.01997977573479448,1.6606943689137457,-1.1597955667284843,-0.07721861728271476,0.036782306961276844,-0.070248450519455,-0.3625662258757069,0.3352829678753727,0.03849370163390131,0.007528468636339991,-0.05189948548043795,0.01997977573479448,-0.17571750932454022,-0.20695503625210362,0.09179808495504148,0.08680526795149844,0.0366781478697918,-0.011202763050862357,0.00269335519553141
IL_Worst_20dB:57,IL_Worst_20dB,20.0,0.0,0.0,0.0,0.17029536143782212,-0.7687971813350702,0.5517866280720856,1.9347653903260114,0.0650587015443144,0.06625125242887474,0.03474556206188349,-0.2630802915120397,0.06295924269439228,0.13445641116353463,0.045360619594965915,-0.07858328771002089,0.5517866280720856,1.9347653903260114,0.0650587015443144,0.06625125242887474,0.03474556206188349,-0.2630802915120397,0.2495046312899739,0.06295924269439228,0.13445641116353463,0.045360619594965915,-0.07858328771002089,-0.003920239285017505,-0.06304171522915544,0.11448402222067837,0.14563426663469212,0.17502357302288568,0.10642578312074408,0.029552107304745754
IL_Worst_20dB:58,IL_Worst_20dB,20.0,0.0,0.0,0.0,0.022321428571428572,-1.651278013998144,-0.04206537736780114,-0.6155795014567403,0.04797088285101068,-0.021889082113422553,-0.028333018070061118,-0.27541518584382724,0.03176440684844928,0.016165783250404922,-0.08446223482326592,0.04864821578145728,-0.04206537736780114,-0.6155795014567403,0.04797088285101068,-0.021889082113422553,-0.028333018070061118,-0.27541518584382724,0.445351190418101,0.03176440684844928,0.016165783250404922,-0.08446223482326592,0.04864821578145728,-0.10270895437319358,-0.06527518453909409,0.23053445964383043,0.14598180298052618,0.06691969805084626,-0.002057669892665493,0.03074531412752249
IL_Worst_20dB:59,IL_Worst_20dB,20.0,0.0,0.0,0.0,0.10682486454341218,-0.9713276492066323,0.727701135688124,2.6621591526778,0.07188307440228019,0.04894252161453692,-0.02110415272275438,-0.3103590660774281,-0.047721923467265205,-0.025811767217512355,0.05181465187228034,0.06618387486642681,0.727701135688124,2.6621591526778,0.07188307440228019,0.04894252161453692,-0.02110415272275438,-0.3103590660774281,0.35617896775951574,-0.047721923467265205,-0.025811767217512355,0.05181465187228034,0.06618387486642681,-0.08041928281502779,-0.12941332612442025,0.15370508072901473,0.0575962510437809,0.04444676029420578,0.08568836565366333,0.10647338316511594
IL_Worst_20dB:seed,IL_Worst_20dB,20.0,0.0,0.0,0.0,0.058155477732258494,-1.2354093723052368,0.0,0.0,0.0,0.0,-0.034,-0.2987,0.0,0.0582,0.0,0.0,0.0,0.0,0.0,0.0,-0.034,-0.2987,0.6091,0.0,0.0582,0.0,0.0,-0.07823669388808396,-0.022262609791016044,0.23016146126623932,0.1406229554653345,0.10517189581072194,0.054262602490206105,0.035364016380139994
CD_Sweep_15ps:0,CD_Sweep_15ps,10.0,15.0,0.0,0.0,0.003799392097264438,-2.4202858849419178,-0.4413736078728909,0.0010513381994501358,-0.0618669312396519,-0.05664086289619874,-0.0446556245878108,-0.2937176253740754,0.039332069638003425,-0.03904109368605402,-0.03455873266274702,-0.044292709448786174,-0.4413736078728909,0.0010513381994501358,-0.0618669312396519,-0.05664086289619874,-0.0446556245878108,-0.2937176253740754,0.38589435046667253,0.039332069638003425,-0.03904109368605402,-0.03455873266274702,-0.044292709448786174,-0.10484035226879344,-0.18586113153306116,0.19720416242301086,0.09481690618521961,0.0026785732102532628,-0.03161240427550543,-0.0408716376563291
CD_Sweep_15ps:1,CD_Sweep_15ps,10.0,15.0,0.0,0.0,0.003159277124355755,-2.5004122771338557,2.122012252659566,-0.4382522908117763,-0.0949822965773403,-0.0882931871581795,-0.0946050296238851,-0.25328261182197015,-0.024451139497072262,0.010459598615604505,-0.05835483147034968,0.07640690371677035,2.122012252659566,-0.4382522908117763,-0.0949822965773403,-0.0882931871581795,-0.0946050296238851,-0.25328261182197015,0.29916440151882817,-0.024451139497072262,0.010459598615604505,-0.05835483147034968,0.07640690371677035,-0.1533998132600304,-0.20220965903596036,0.1051768179909135,0.0422521086179613,0.009223457475220152,-0.028821086765699236,0.03822055870055443
CD_Sweep_15ps:2,CD_Sweep_15ps,10.0,15.0,0.0,0.0,0.026888958636183426,-1.5704260169405766,-1.0486653189683044,-2.7795795732549826,0.09206103723131905,0.05042666021273763,0.012192116007425743,-0.30042117095450893,0.08242864197386149,0.03144953743413141,-0.07327566409530194,0.011934336409909353,-1.0486653189683044,-2.7795795732549826,0.09206103723131905,0.05042666021273763,0.012192116007425743,-0.30042117095450893,0.3458108356808045,0.08242864197386149,0.03144953743413141,-0.07327566409530194,0.011934336409909353,-0.020364755593187584,-0.16621573710922813,0.20996056874414312,0.13391089541009452,0.05520856835483244,-0.03552601020357927,-0.002972038766769686
CD_Sweep_15ps:3,CD_Sweep_15ps,10.0,15.0,0.0,0.0,0.010188152504294966,-1.991904562797737,-2.552705402610836,0.8266395058329239,-0.06615946591209543,0.03172057124837251,-0.009432096769386871,-0.29729999836783755,-0.005542867797639784,0.023382498490577712,-0.09731974939488891,0.03691699449417312,-2.552705402610836,0.8266395058329239,-0.06615946591209543,0.03172057124837251,-0.009432096769386871,-0.29729999836783755,0.4322257575250281,-0.005542867797639784,0.023382498490577712,-0.09731974939488891,0.03691699449417312,-0.06043939504634326,-0.16183805755092154,0.26325350268855735,0.07364747262656929,0.03115776860888254,-0.052096690724178815,0.01703238093059871
CD_Sweep_15ps:4,CD_Sweep_15ps,10.0,15.0,0.0,0.0,0.1401893088410202,-0.8532851054021187,-1.5330534706794872,-0.10667597992325795,0.055082995403359085,-0.04801796219995538,0.05471104586650602,-0.3086505206046454,0.023529886904971466,-0.0219726506015592,-0.0836071424960042,-0.05807806462292649,-1.5330534706794872,-0.10667597992325795,0.055082995403359085,-0.04801796219995538,0.05471104586650602,-0.3086505206046454,0.34634973130007274,0.023529886904971466,-0.0219726506015592,-0.0836071424960042,-0.05807806462292649,-0.01878200419380444,-0.19500407908739348,0.22504809608959747,0.0876224426456085,-0.00026473421226903745,-0.07992924260259278,-0.07253803049011952
CD_Sweep_15ps:5,CD_Sweep_15ps,10.0,15.0,0.0,0.0,0.0015404057089996035,-2.8123648804787855,-1.3684767775216224,-2.3121966540344063,-0.07961712541434177,-0.0683266161926851,0.04303519943949863,-0.38215071535262246,0.051699222268818144,0.08359096084173102,-0.03894949849961831,0.05263066199068468,-1.3684767775216224,-2.3121966540344063,-0.07961712541434177,-0.0683266161926851,0.04303519943949863,-0.38215071535262246,0.19999999999999996,0.051699222268818144,0.08359096084173102,-0.03894949849961831,0.05263066199068468,-0.057984693003318336,-0.26945566630570233,0.07152909644192587,0.07400935384731784,0.08161397234443855,0.006065608319575089,0.043842155262256204
CD_Sweep_15ps:6,CD_Sweep_15ps,10.0,15.0,0.0,0.0,0.03161754988767015,-1.500071787518686,2.8251264569589716,1.8821671881757815,-0.011902165596830395,0.08328230748745187,0.024193293843986573,-0.21860399748613313,-0.05476077987536071,0.07976646965573042,0.059026047166642684,0.09813903762826821,2.8251264569589716,1.8821671881757815,-0.011902165596830395,0.08328230748745187,0.024193293843986573,-0.21860399748613313,0.37032590125959597,-0.05476077987536071,0.07976646965573042,0.059026047166642684,0.09813903762826821,0.020683095764635794,-0.08673162065983828,0.18924375104281624,0.08780982096207236,0.09785050621972627,0.10682026384088435,0.12631317950208257
CD_Sweep_15ps:7,CD_Sweep_15ps,10.0,15.0,0.0,0.0,0.0029156204572485796,-2.5352690112356693,-2.6584087195244424,0.6474333271973491,-0.07651302026071088,-0.08419279705053047,-0.11009331199379888,-0.30896429551923466,-0.022528427700010158,0.12335730098792472,0.018137883755857166,-0.015819552241204484,-2.6584087195244424,0.6474333271973491,-0.07651302026071088,-0.08419279705053047,-0.11009331199379888,-0.30896429551923466,0.2403934104907286,-0.022528427700010158,0.12335730098792472,0.018137883755857166,-0.015819552241204484,-0.15681364722627383,-0.22140645117861515,0.07825234826542371,0.012898393798482297,0.08422542286436145,0.029390361829001215,-0.00026331598744627164
CD_Sweep_15ps:8,CD_Sweep_15ps,10.0,15.0,0.0,0.0,0.0021309633936830974,-2.671424010660262,0.12384970123595851,-1.7834375740333415,-0.027373847892466788,0.003957347319107618,0.03584583998010574,-0.25545608346796195,0.08801324583061597,0.08682680191905216,0.04005827858151856,-0.09519974667460847,0.12384970123595851,-1.7834375740333415,-0.027373847892466788,0.003957347319107618,0.03584583998010574,-0.25545608346796195,0.36726880833456277,0.08801324583061597,0.08682680191905216,0.04005827858151856,-0.09519974667460847,-0.013468622564902395,-0.11978157108168841,0.20911868266158656,0.15498821512251204,0.1220113571640452,0.05758626944663813,-0.03962445756921534
CD_Sweep_15ps:9,CD_Sweep_15ps,10.0,15.0,0.0,0.0,0.37517345050878814,-0.42576790245048124,1.7109476351305988,1.5061346125715669,-0.02173713288653264,0.03382038643427048,0.048810466284521,-0.3962421023527666,-0.0895806295654952,0.026138403305215878,-0.09626202328259936,0.03040271796902665,1.7109476351305988,1.5061346125715669,-0.02173713288653264,0.03382038643427048,0.048810466284521,-0.3962421023527666,0.25700613791957216,-0.0895806295654952,0.026138403305215878,-0.09626202328259936,0.03040271796902665,-0.01362063012127587,-0.3074032789362002,0.05103400418373289,-0.038441484012694684,-0.023116142906993768,-0.09520310057063847,-0.02402280530905527
CD_Sweep_15ps:10,CD_Sweep_15ps,10.0,15.0,0.0,0.0,0.011674871151050615,-1.9327479037979536,0.07255632598082618,2.769434468282174,0.08125599903862529,-0.01238252791127923,-0.0014791314556898,-0.2346989644540968,0.09639123856433884,0.15491243098201862,0.06672012413539355,0.02416697316754486,0.07255632598082618,2.769434468282174,0.08125599903862529,-0.01238252791127923,-0.0014791314556898,-0.2346989644540968,0.3279926102910129,0.09639123856433884,0.15491243098201862,0.06672012413539355,0.02416697316754486,-0.01961280814929805,-0.09340734322259683,0.14246597999156518,0.13545824183553865,0.1539531563594749,0.11423875908002631,0.0759089502209156
CD_Sweep_15ps:11,CD_Sweep_15ps,10.0,15.0,0.0,0.0,0.04100865600634333,-1.3871244637920919,1.177305139693248,-1.882933372306336,-0.04956478343567519,0.002720161402763455,-0.02786349244559731,-0.26536060156189195,0.028937911232554583,0.13529267576365933,-0.08063224619861198,-0.07348870717407444,1.177305139693248,-1.882933372306336,-0.04956478343567519,0.002720161402763455,-0.02786349244559731,-0.26536060156189195,0.3361394207851718,0.028937911232554583,0.13529267576365933,-0.08063224619861198,-0.07348870717407444,-0.06829757236512968,-0.16820615222016935,0.17570585732382243,0.1238841941056758,0.13243150654941507,-0.01679771833177835,-0.06228136050292936
CD_Sweep_15ps:12,CD_Sweep_15ps,10.0,15.0,0.0,0.0,0.14392675432800317,-0.8418584682106584,0.37034086140706646,-1.4360597466025875,0.06145923926145358,0.09518818031046886,-0.06622005036834097,-0.38249482726508466,0.015235141154454747,0.09888627049709181,-0.014324795496975441,-0.06278583605724597,0.37034086140706646,-1.4360597466025875,0.06145923926145358,0.09518818031046886,-0.06622005036834097,-0.38249482726508466,0.203405659588884,0.015235141154454747,0.09888627049709181,-0.014324795496975441,-0.06278583605724597,-0.07435486650759267,-0.27079880506181037,0.03796439013782608,0.0464401707533598,0.08494099154516618,0.011147710955961735,-0.04067189978695454
CD_Sweep_15ps:13,CD_Sweep_15ps,10.0,15.0,0.0,0.0,0.058535416941984934,-1.2325812838619754,0.7938446958095546,1.1838397580465512,0.050995824968435105,-0.032778015487058026,-0.10037694571669592,-0.3298021407215972,0.06880520638736562,0.12574702042681996,-0.017429357922032308,0.07406548836999592,0.7938446958095546,1.1838397580465512,0.050995824968435105,-0.032778015487058026,-0.10037694571669592,-0.3298021407215972,0.19999999999999996,0.06880520638736562,0.12574702042681996,-0.017429357922032308,0.07406548836999592,-0.12066056913314027,-0.2409079121201721,0.027228204234481534,0.07455958588977543,0.10677895537263665,0.0426700894170005,0.0659995777532883
CD_Sweep_15ps:14,CD_Sweep_15ps,10.0,15.0,0.0,0.0,0.0005410003964583058,-3.266802416631709,1.5544664383145226,-0.2856222903324427,-0.053308974337321714,0.045652272925331805,-0.04745551901420701,-0.2829939706500697,-0.07416501638283657,0.12097200830441739,-0.06446399561646239,0.022351933009063043,1.5544664383145226,-0.2856222903324427,-0.053308974337321714,0.045652272925331805,-0.04745551901420701,-0.2829939706500697,0.2886363097602904,-0.07416501638283657,0.12097200830441739,-0.06446399561646239,0.022351933009063043,-0.09526169875661748,-0.2580801627935667,0.14058662815001652,0.027808918825157767,0.10617248331125856,-0.010258408338274736,0.01423885132798831
CD_Sweep_15ps:15,CD_Sweep_15ps,10.0,15.0,0.0,0.0,0.002300284128452491,-2.6382185171137444,-0.2027219187759436,-1.530521659567343,0.05130503319475419,-0.029508897418264568,-0.018615510241246427,-0.35174179757983176,0.0033201585734584206,0.039223153394090354,-0.04959252744193757,0.014808832042445276,-0.2027219187759436,-1.530521659567343,0.05130503319475419,-0.029508897418264568,-0.018615510241246427,-0.35174179757983176,0.44188409011397145,0.0033201585734584206,0.039223153394090354,-0.04959252744193757,0.014808832042445276,-0.07062581733949885,-0.19804553552615717,0.2258110093926959,0.09548998969294539,0.05392814955119879,-0.013027025783282124,0.00734889550216695
CD_Sweep_15ps:16,CD_Sweep_15ps,10.0,15.0,0.0,0.0,0.002126833619664332,-2.672266483246282,1.921138608995533,-0.6885969999374331,-0.007079968111676705,-0.006896852642893281,-0.0340572542615917,-0.2792519061613639,-0.07947383950613618,0.032794587779444745,0.03787055955313692,-0.040654840467939594,1.921138608995533,-0.6885969999374331,-0.007079968111676705,-0.006896852642893281,-0.0340572542615917,-0.2792519061613639,0.4819201915158169,-0.07947383950613618,0.032794587779444745,0.03787055955313692,-0.040654840467939594,-0.07166053605212061,-0.16093774178025821,0.2564149076932293,0.07813571936251554,0.05265628341291153,0.043516342766430585,-0.006262575527378863
CD_Sweep_15ps:17,CD_Sweep_15ps,10.0,15.0,0.0,0.0,0.37457050350204835,-0.42646642522737793,2.3616739178376953,-0.824471305449196,0.0055074148600075205,-0.08288162919218772,-0.10545541007797835,-0.3291381641623428,-0.059783857386351884,0.06802488929959327,-0.041906219647531974,0.029541421267772195,2.3616739178376953,-0.824471305449196,0.0055074148600075205,-0.08288162919218772,-0.10545541007797835,-0.3291381641623428,0.2777609941062342,-0.059783857386351884,0.06802488929959327,-0.041906219647531974,0.029541421267772195,-0.15509585937181583,-0.2582451206995068,0.05978175122339409,0.009667495692927092,0.03662509105870661,-0.009449899513651319,0.01370653218481212
CD_Sweep_15ps:18,CD_Sweep_15ps,10.0,15.0,0.0,0.0,0.0013958636183428043,-2.8551570120098186,-2.3234459412009563,-1.2656139607858767,0.08896953103875425,-0.06425736195073221,-0.014096011295773953,-0.31453791629562017,-0.009935869908020568,-0.013651761940341303,-0.03267688665302977,-0.006679096951569386,-2.3234459412009563,-1.2656139607858767,0.08896953103875425,-0.06425736195073221,-0.014096011295773953,-0.31453791629562017,0.45519556396615846,-0.009935869908020568,-0.013651761940341303,-0.03267688665302977,-0.006679096951569386,-0.06993616902407236,-0.16259316751543978,0.2658132149247834,0.06335640778090042,0.009757630873802155,-0.020326331137141197,-0.007503690185771489
CD_Sweep_15ps:19,CD_Sweep_15ps,10.0,15.0,0.0,0.0,0.3752519162151447,-0.4256770813644024,-2.757286615710669,1.0275300587612255,0.0017484985384595088,-0.04178261251147156,-0.11396078174236969,-0.393608202457932,-0.04192067404751884,-0.009855587985609135,-0.08684423172581479,-0.05096038358867375,-2.757286615710669,1.0275300587612255,0.0017484985384595088,-0.04178261251147156,-0.11396078174236969,-0.393608202457932,0.25931902740215074,-0.04192067404751884,-0.009855587985609135,-0.08684423172581479,-0.05096038358867375,-0.1434028278416896,-0.25014387137257266,0.06738987033599957,-0.023561677750177337,-0.031946100396187595,-0.07934937022680094,-0.061301939779815295
CD_Sweep_15ps:20,CD_Sweep_15ps,10.0,15.0,0.0,0.0,0.00035516056561384963,-3.4495752610439054,-2.1851030489325463,0.4159406007333901,-0.03435964424384935,0.007031663308084602,0.0180339875225633,-0.20929629616739864,-0.01785935440814196,-0.004656085720335407,-0.0514953734170768,-0.017889561825110156,-2.1851030489325463,0.4159406007333901,-0.03435964424384935,0.007031663308084602,0.0180339875225633,-0.20929629616739864,0.6393780333874398,-0.01785935440814196,-0.004656085720335407,-0.0514953734170768,-0.017889561825110156,-0.01662539584071277,-0.03360537053702336,0.30731736856756836,0.08860200840328711,0.03171599735642605,-0.010865668654459985,-0.004182451421363915
CD_Sweep_15ps:21,CD_Sweep_15ps,10.0,15.0,0.0,0.0,0.008391700806131889,-2.0761500086755915,-0.9838303708043223,-0.07179932131933675,0.04115071275909206,-0.002538367071089476,-0.13257691402166613,-0.24529445112586734,0.035521216350502274,0.01243441782199381,0.022762336529147876,-0.054264733164700166,-0.9838303708043223,-0.07179932131933675,0.04115071275909206,-0.002538367071089476,-0.13257691402166613,-0.24529445112586734,0.4534568511559408,0.035521216350502274,0.01243441782199381,0.022762336529147876,-0.054264733164700166,-0.11997870869579637,-0.13112964076235306,0.23485080231456104,0.10747136808086179,0.052095133934103956,0.026843586323310596,-0.018739493309817234
CD_Sweep_15ps:22,CD_Sweep_15ps,10.0,15.0,0.0,0.0,0.003782873001189375,-2.422178238619623,1.346858547080468,1.728574148994516,0.03147729812273825,-0.026149849531669433,0.06504559119158905,-0.24986963895407824,0.06290153650463946,0.04971914564789323,-0.006155977932980151,0.09197130642286054,1.346858547080468,1.728574148994516,0.03147729812273825,-0.026149849531669433,0.06504559119158905,-0.24986963895407824,0.4167096556915516,0.06290153650463946,0.04971914564789323,-0.006155977932980151,0.09197130642286054,0.008018781473251637,-0.09111696674986364,0.209307058553129,0.15088387793652128,0.09914579244903673,0.05771441060736146,0.08953321823603683
CD_Sweep_15ps:23,CD_Sweep_15ps,10.0,15.0,0.0,0.0,0.03688714153561517,-1.433124997888073,-0.500800637597872,-0.9190527334132231,0.012224197869758625,-0.06718909915468389,-0.06618033906063767,-0.3491733440604543,-0.07409943724264777,0.1192689750808519,0.04249773427627514,0.06936687325469079,-0.500800637597872,-0.9190527334132231,0.012224197869758625,-0.06718909915468389,-0.06618033906063767,-0.3491733440604543,0.19999999999999984,-0.07409943724264777,0.1192689750808519,0.04249773427627514,0.06936687325469079,-0.12317928650530398,-0.2577140133376778,0.02847139933752876,-0.024261876994602607,0.07771334693966583,0.06615837590491193,0.07306737120386408
CD_Sweep_15ps:24,CD_Sweep_15ps,10.0,15.0,0.0,0.0,0.064209726443769,-1.1923991803282443,2.7790366848092862,1.463994903826237,0.09554308400281455,0.09889616990068671,-0.033037976689989486,-0.22003955057270863,-0.032561782873386014,0.08933507273542438,0.033872820544676045,-0.031549824792298745,2.7790366848092862,1.463994903826237,0.09554308400281455,0.09889616990068671,-0.033037976689989486,-0.22003955057270863,0.3651637178880155,-0.032561782873386014,0.08933507273542438,0.033872820544676045,-0.031549824792298745,0.0038028708826730352,-0.10209787879720415,0.1955484076482192,0.10702061459203195,0.11338064448958453,0.08057449893013485,0.024076607283126415
CD_Sweep_15ps:25,CD_Sweep_15ps,10.0,15.0,0.0,0.0,0.01795212765957447,-1.745884072096636,-0.39112750072561897,2.6443366326758633,0.08426911015687683,-0.013501326215652178,-0.08964857760317,-0.3460289706930375,0.0497260912610622,0.11172573524302509,0.026135406870838863,0.004066995243135652,-0.39112750072561897,2.6443366326758633,0.08426911015687683,-0.013501326215652178,-0.08964857760317,-0.3460289706930375,0.27489778671320164,0.0497260912610622,0.11172573524302509,0.026135406870838863,0.004066995243135652,-0.10688944867137758,-0.23511588410966056,0.08402519249544003,0.07980305012631721,0.10812019064756904,0.06282586838867252,0.03410895182329077
CD_Sweep_15ps:26,CD_Sweep_15ps,10.0,15.0,0.0,0.0,0.031704275142064225,-1.4988821716806253,2.683426769483467,1.2935479594848995,0.02833977661314704,0.018802557091173844,-0.07040543063342825,-0.3221544624655124,0.0576545873691354,0.09614749315409754,-0.045111561306699355,-0.06958656990054378,2.683426769483467,1.2935479594848995,0.02833977661314704,0.018802557091173844,-0.07040543063342825,-0.3221544624655124,0.29179756146626246,0.0576545873691354,0.09614749315409754,-0.045111561306699355,-0.06958656990054378,-0.08799620995295113,-0.23415650798938306,0.09262915171201049,0.11585959010683848,0.11200738226192496,0.010279467964254222,-0.04679645715123
CD_Sweep_15ps:27,CD_Sweep_15ps,10.0,15.0,0.0,0.0,0.010985198889916744,-1.959192075656406,-0.7571646225938843,0.3545459732312688,-0.059097866977823314,0.024876340358486806,-0.026518755115279895,-0.29126208547657906,0.009236289087194515,0.14134013846163096,-0.07489191233356975,0.05533774073466316,-0.7571646225938843,0.3545459732312688,-0.059097866977823314,0.024876340358486806,-0.026518755115279895,-0.29126208547657906,0.31743887145477256,0.009236289087194515,0.14134013846163096,-0.07489191233356975,0.05533774073466316,-0.0753506473098212,-0.20182234429191895,0.17053207134667178,0.09398751475831633,0.13317018466352615,0.0016881134960008545,0.048819233199075295
CD_Sweep_15ps:28,CD_Sweep_15ps,10.0,15.0,0.0,0.0,0.004914431082331175,-2.3085267508949423,1.0975593848927023,-1.6165440623188232,0.00978059789012702,-0.03166424690185893,-0.05313530355060396,-0.30370648909755027,0.01929475778673395,0.002686091771236798,0.05197520893753463,-0.06347439372743023,1.0975593848927023,-1.6165440623188232,0.00978059789012702,-0.03166424690185893,-0.05313530355060396,-0.30370648909755027,0.46428291033692415,0.01929475778673395,0.002686091771236798,0.05197520893753463,-0.06347439372743023,-0.0861472380597122,-0.1647355529222325,0.22585848487968224,0.11554724874714731,0.05114331229354578,0.0421729396745201,-0.020198598590440996
CD_Sweep_15ps:29,CD_Sweep_15ps,10.0,15.0,0.0,0.0,0.017489592969472712,-1.7572202976207474,2.25619571491698,-0.3871638779436919,0.019893766644428792,-0.052676230402887006,-0.012201845648036651,-0.37237764077407975,-0.0274952099836975,0.006585795012598539,0.05598286847164429,0.019901867061052084,2.25619571491698,-0.3871638779436919,0.019893766644428792,-0.052676230402887006,-0.012201845648036651,-0.37237764077407975,0.4328847760015754,-0.0274952099836975,0.006585795012598539,0.05598286847164429,0.019901867061052084,-0.07819766872720198,-0.23044721695666504,0.1802279938400748,0.08227681221755397,0.039973020107371214,0.05599707110057507,0.0426342966329591
CD_Sweep_15ps:30,CD_Sweep_15ps,10.0,15.0,0.0,0.0,0.004802927183824501,-2.318493997559025,-1.9342980103046306,0.9721836815205804,0.03825638024072151,-0.006570866156977007,-0.12114940532005643,-0.34213586034262194,0.06951999845387616,0.11099010270580334,-0.00252945500518067,-0.09187323234230846,-1.9342980103046306,0.9721836815205804,0.03825638024072151,-0.006570866156977007,-0.12114940532005643,-0.34213586034262194,0.2169746994324545,0.06951999845387616,0.11099010270580334,-0.00252945500518067,-0.09187323234230846,-0.13849014158354994,-0.2413855920221956,0.06661275252340097,0.07461845834130505,0.09480897512471616,0.013653630578187964,-0.05356615491738919
CD_Sweep_15ps:31,CD_Sweep_15ps,10.0,15.0,0.0,0.0,0.00041710717589533503,-3.3797523385048307,0.6286307427608784,-1.1573396077036953,-0.06827668750694348,0.011294900275315302,-0.09361987345926906,-0.35776520872080253,-0.06140686135223475,0.1166724760032469,0.003402593638127671,-0.011442978668002302,0.6286307427608784,-1.1573396077036953,-0.06827668750694348,0.011294900275315302,-0.09361987345926906,-0.35776520872080253,0.27611842037605805,-0.06140686135223475,0.1166724760032469,0.003402593638127671,-0.011442978668002302,-0.13196334948772132,-0.26457452048343927,0.07405810161991745,0.010018036307930203,0.0826690275056897,0.032484432525904536,0.004947742473549244
CD_Sweep_15ps:32,CD_Sweep_15ps,10.0,15.0,0.0,0.0,0.030965045592705166,-1.5091282762019413,0.5821798744327171,0.7886712820626196,-0.0910800878120072,0.03670125394407935,-0.10378511463886532,-0.26549321947867355,0.021436529171259513,0.07745381405482589,0.08358715975956912,-0.07189631708579546,0.5821798744327171,0.7886712820626196,-0.0910800878120072,0.03670125394407935,-0.10378511463886532,-0.26549321947867355,0.24856650405492453,0.021436529171259513,0.07745381405482589,0.08358715975956912,-0.07189631708579546,-0.13125394968326531,-0.22017155360389987,0.09009013908289376,0.06806860389960909,0.09567559135156557,0.08934537166663127,-0.014392645304733196
CD_Sweep_15ps:33,CD_Sweep_15ps,10.0,15.0,0.0,0.0,0.017179859918065282,-1.7649803816607303,0.889039583559253,1.9573876244151627,-0.08918439052855219,-0.09833482001068528,0.05851601884029099,-0.3344556018876855,0.010054284353582243,0.04519516418075367,0.07271243983485112,-0.00030392840561571655,0.889039583559253,1.9573876244151627,-0.08918439052855219,-0.09833482001068528,0.05851601884029099,-0.3344556018876855,0.29124335195798323,0.010054284353582243,0.04519516418075367,0.07271243983485112,-0.00030392840561571655,-0.06226668344495199,-0.23537996351865773,0.09987260192436456,0.059864461140164915,0.06508875846930866,0.07943935929688611,0.03756042855471948
CD_Sweep_15ps:34,CD_Sweep_15ps,10.0,15.0,0.0,0.0,0.022825261001717986,-1.641584247705698,2.9882270300701173,2.9180476741471253,-0.019127737056718743,0.04111305315742491,-0.043843095636225675,-0.36968369028193004,0.03221578266896907,-0.026936152202077665,0.013369689097115313,0.07222809302824203,2.9882270300701173,2.9180476741471253,-0.019127737056718743,0.04111305315742491,-0.043843095636225675,-0.36968369028193004,0.3814827068712965,0.03221578266896907,-0.026936152202077665,0.013369689097115313,0.07222809302824203,-0.07069765228700618,-0.24720349567197103,0.12781396419260255,0.10585657891461897,0.027522367999927497,0.027340848333693782,0.06861329785982072
CD_Sweep_15ps:35,CD_Sweep_15ps,10.0,15.0,0.0,0.0,0.07058609752874323,-1.1512808281423141,1.4745729258022584,-2.8194615077145118,-0.0732265623759969,0.07000342013226278,0.04051223110860963,-0.27440414435542315,-0.0647708024871594,0.05716118886766292,0.09230213624369708,-0.08822664562147818,1.4745729258022584,-2.8194615077145118,-0.0732265623759969,0.07000342013226278,0.04051223110860963,-0.27440414435542315,0.23939286880770994,-0.0647708024871594,0.05716118886766292,0.09230213624369708,-0.08822664562147818,0.007611580878070813,-0.24536712676607453,0.1416462528801924,0.015346059724756174,0.08602561294275915,0.11661562616954431,-0.04814891454575342
CD_Sweep_15ps:36,CD_Sweep_15ps,10.0,15.0,0.0,0.0,0.008015891370424211,-2.09604817689911,-2.0701404304013797,-2.1184685535472707,-0.001217442569869709,0.02030272565363289,0.05249622129312083,-0.2134290678180525,-0.04870211196490806,0.14710959462352316,0.08694913496573682,0.0664809406378424,-2.0701404304013797,-2.1184685535472707,-0.001217442569869709,0.02030272565363289,0.05249622129312083,-0.2134290678180525,0.3633127604733136,-0.04870211196490806,0.14710959462352316,0.08694913496573682,0.0664809406378424,0.008311355779259141,-0.08808981648483126,0.2298798527463304,0.056263614799617424,0.14346127845474407,0.11663215911668093,0.08665324679196466
CD_Sweep_15ps:37,CD_Sweep_15ps,10.0,15.0,0.0,0.0,0.07018137967490419,-1.1537780983704264,-2.433565176443939,-0.5407811622661259,-0.05625596562353468,-0.09603164947667515,0.014416157756152313,-0.2018947274103461,-0.06963493669374923,0.12553018854167558,0.07595691210501179,0.060969673993748336,-2.433565176443939,-0.5407811622661259,-0.05625596562353468,-0.09603164947667515,0.014416157756152313,-0.2018947274103461,0.2993097883991068,-0.06963493669374923,0.12553018854167558,0.07595691210501179,0.060969673993748336,-0.05917273538043276,-0.12686180513949963,0.18841506987232062,0.01754958009889351,0.1266552495848863,0.11112976564419691,0.08905281185255813
CD_Sweep_15ps:38,CD_Sweep_15ps,10.0,15.0,0.0,0.0,0.375652504294965,-0.4252137115816864,2.4531429534193956,1.3652841745885282,-0.045539719013792807,-0.07789633271400631,-0.07078378356786069,-0.33544167745554193,-0.0510056665938986,0.06044007388956036,0.030907044331922953,-0.09845513317734753,2.4531429534193956,1.3652841745885282,-0.045539719013792807,-0.07789633271400631,-0.07078378356786069,-0.33544167745554193,0.22953056925606874,-0.0510056665938986,0.06044007388956036,0.030907044331922953,-0.09845513317734753,-0.13370965529620768,-0.25739090779750723,0.007369152661958488,-0.014612005414812529,0.024645140010128283,0.013647695245641517,-0.06199470462663417
CD_Sweep_15ps:39,CD_Sweep_15ps,10.0,15.0,0.0,0.0,0.0003716796616889124,-3.429831202848148,1.8457189108667278,2.1095667052062925,-0.031074075934064638,0.047220853475642734,0.03809577285622891,-0.22721926725368652,-0.039971305549806706,-0.03315747494389472,-0.01119386529878813,0.04231515360363434,1.8457189108667278,2.1095667052062925,-0.031074075934064638,0.047220853475642734,0.03809577285622891,-0.22721926725368652,0.5297522310842534,-0.039971305549806706,-0.03315747494389472,-0.01119386529878813,0.04231515360363434,0.00878262282059868,-0.06725205608298117,0.27884515212422356,0.12226350291975047,0.03389705193036102,0.01891328500071299,0.04434547517376767
CD_Sweep_15ps:40,CD_Sweep_15ps,10.0,15.0,0.0,0.0,0.08634944495837188,-1.063740449669088,-2.968383746912188,-2.2317374673680668,0.071763946613693,0.06632103198168864,0.029876323870065793,-0.3173626882368282,-0.09245422325663352,0.06390000528355455,-0.019989514133515088,0.06678665549050762,-2.968383746912188,-2.2317374673680668,0.071763946613693,0.06632103198168864,0.029876323870065793,-0.3173626882368282,0.2715456111335136,-0.09245422325663352,0.06390000528355455,-0.019989514133515088,0.06678665549050762,-0.02152707006083248,-0.24338002528022062,0.17858692891104333,-0.03552121333158756,0.05263906868685085,0.006474230398317551,0.06832163540289675
CD_Sweep_15ps:41,CD_Sweep_15ps,10.0,15.0,0.0,0.0,0.0032914298929562573,-2.4826153908913606,0.20451683406991417,-1.9697648767478628,0.023731466171388372,0.06686458787152245,0.028026526260124793,-0.2691674857614029,0.00447388214566864,0.05315582319637498,-0.09185688562905835,-0.07980986800210688,0.20451683406991417,-1.9697648767478628,0.023731466171388372,0.06686458787152245,0.028026526260124793,-0.2691674857614029,0.3829134749623526,0.00447388214566864,0.05315582319637498,-0.09185688562905835,-0.07980986800210688,0.0021125176283668754,-0.1381437744068709,0.23453698863812902,0.10718703988241965,0.06344071753468516,-0.0607029166836287,-0.08303570856567973
CD_Sweep_15ps:42,CD_Sweep_15ps,10.0,15.0,0.0,0.0,0.043308940134795824,-1.3634224442831313,-1.4015564578421316,2.027692946912576,-0.04055036207805113,0.07430801197970809,-0.1179715673433975,-0.35050066293221527,0.0751847048136573,0.042701670408224625,0.0629960994314181,0.03578692101332808,-1.4015564578421316,2.027692946912576,-0.04055036207805113,0.07430801197970809,-0.1179715673433975,-0.35050066293221527,0.19999999999999984,0.0751847048136573,0.042701670408224625,0.0629960994314181,0.03578692101332808,-0.12817998208469913,-0.25849504389175454,0.04303475724395399,0.062230332179679,0.056332771196828856,0.06550218438937686,0.05008520346726953
CD_Sweep_15ps:43,CD_Sweep_15ps,10.0,15.0,0.0,0.0,0.05326582529403991,-1.2735513396861502,-1.2201989374511393,-2.483182997774162,0.07380505554801219,0.07763743407928646,0.059775612787387605,-0.20685554622776658,0.053427954835067085,0.034909195676687425,0.008880725507026966,0.09348973142244638,-1.2201989374511393,-2.483182997774162,0.07380505554801219,0.07763743407928646,0.059775612787387605,-0.20685554622776658,0.3912187439163193,0.053427954835067085,0.034909195676687425,0.008880725507026966,0.09348973142244638,0.03466735946541042,-0.06391637170622298,0.24553912503014247,0.120280736946195,0.06516066957290927,0.03993871376607081,0.07510715858926523
CD_Sweep_15ps:44,CD_Sweep_15ps,10.0,15.0,0.0,0.0,0.008226509845381261,-2.0847843781997932,-1.8212907119487678,-2.045224421761059,0.09674047340280921,-0.017899866707811917,0.005087194728235232,-0.24034949973458808,0.09185768450814538,0.15378514600838591,0.062244927853211986,0.044081806306965614,-1.8212907119487678,-2.045224421761059,0.09674047340280921,-0.017899866707811917,0.005087194728235232,-0.24034949973458808,0.28795340074984666,0.09185768450814538,0.15378514600838591,0.062244927853211986,0.044081806306965614,-0.030007996003974136,-0.12014875754056707,0.16506329916913623,0.13204692618616265,0.15268997958530722,0.09475714026522696,0.061106549474602055
CD_Sweep_15ps:45,CD_Sweep_15ps,10.0,15.0,0.0,0.0,0.001466069776661821,-2.833845359232379,0.9660741667120787,-2.6696849555944806,-0.006127831872769163,-0.03468808601229515,-0.0230115254322339,-0.2294361902860214,-0.07266998891606928,0.06963646896078068,-0.02409743432061824,-0.048374687300039854,0.9660741667120787,-2.6696849555944806,-0.006127831872769163,-0.03468808601229515,-0.0230115254322339,-0.2294361902860214,0.49195778689917224,-0.07266998891606928,0.06963646896078068,-0.02409743432061824,-0.048374687300039854,-0.06173684040292301,-0.10733894369628623,0.2799011016352833,0.08139551173512502,0.06869455383745492,0.0016404192419539867,-0.032147258687770706
CD_Sweep_15ps:46,CD_Sweep_15ps,10.0,15.0,0.0,0.0,0.18840855028412845,-0.724899392111317,1.6387224091414665,0.2000922839978554,0.06752376517105589,0.08630924207605886,-0.12941093350053978,-0.2883129294891876,0.04414142940485584,-0.020810952234425223,-0.0698130124022565,-0.08234418630617787,1.6387224091414665,0.2000922839978554,0.06752376517105589,0.08630924207605886,-0.12941093350053978,-0.2883129294891876,0.21133354941544247,0.04414142940485584,-0.020810952234425223,-0.0698130124022565,-0.08234418630617787,-0.10552258349894134,-0.2327600321161045,0.055767650991345515,0.06415661977445253,-0.0016650585951231273,-0.0705014232927745,-0.09428816426412344
CD_Sweep_15ps:47,CD_Sweep_15ps,10.0,15.0,0.0,0.0,0.021730870886745076,-1.662922868537789,1.2126228030328596,0.5372510994694752,-0.023485354002131288,0.09007038628612568,-0.055170470600614946,-0.34046925596584776,0.04042341047361819,0.0003600011112772014,-0.07806709177812547,0.04762289860044189,1.2126228030328596,0.5372510994694752,-0.023485354002131288,0.09007038628612568,-0.055170470600614946,-0.34046925596584776,0.32433113118181756,0.04042341047361819,0.0003600011112772014,-0.07806709177812547,0.04762289860044189,-0.07184558848937854,-0.24724421507041863,0.14491270622266691,0.10565463946930773,0.02948922026404335,-0.04398590019161785,0.01841202409274232
CD_Sweep_15ps:48,CD_Sweep_15ps,10.0,15.0,0.0,0.0,0.0004047178538390379,-3.3928476365949782,-1.7929893822171952,2.8798987188004275,0.010130929264949497,0.02742159776448594,3.254063147913738e-05,-0.2379833894397722,-0.014511678594720447,0.1061094073711008,-0.06127932753418025,-0.03929789351148081,-1.7929893822171952,2.8798987188004275,0.010130929264949497,0.02742159776448594,3.254063147913738e-05,-0.2379833894397722,0.5032332358878309,-0.014511678594720447,0.1061094073711008,-0.06127932753418025,-0.03929789351148081,-0.024562709584972735,-0.08089201646951472,0.27113158716676516,0.10803537720914394,0.1100131214526395,0.011063419591656859,-0.0032615988808727377
CD_Sweep_15ps:49,CD_Sweep_15ps,10.0,15.0,0.0,0.0,0.016585172459363022,-1.7802800081505104,2.5830149703302827,2.5305886837414313,0.049667508073050565,0.08983743600937302,0.009248228627466777,-0.3600585476829653,0.08372792796846816,-0.03019922654590383,0.012831566116655126,0.0011076631869688213,2.5830149703302827,2.5305886837414313,0.049667508073050565,0.08983743600937302,0.009248228627466777,-0.3600585476829653,0.3633218957891483,0.08372792796846816,-0.03019922654590383,0.012831566116655126,0.0011076631869688213,0.006316184568979732,-0.1956326062787366,0.15420231007184632,0.15305962860811537,0.055957532592070224,0.03509223842607608,0.026022803781748014
CD_Sweep_15ps:50,CD_Sweep_15ps,10.0,15.0,0.0,0.0,0.04218977137571032,-1.3747928280321142,-0.17278920507373008,-2.5813589499234633,-0.08583704016933137,0.0625833845076803,-0.0860167768610095,-0.24628323528193002,-0.09609174635820951,0.09282962245005316,0.09901209009095394,-0.02558447528286514,-0.17278920507373008,-2.5813589499234633,-0.08583704016933137,0.0625833845076803,-0.0860167768610095,-0.24628323528193002,0.20576162899796713,-0.09609174635820951,0.09282962245005316,0.09901209009095394,-0.02558447528286514,-0.12472238689051633,-0.22946907931769767,0.08508105506204489,-0.03362451972770659,0.09360589249133407,0.12006701458141374,0.022681456898869946
CD_Sweep_15ps:51,CD_Sweep_15ps,10.0,15.0,0.0,0.0,0.025315514735033698,-1.596613237769058,-1.130715068389241,1.6848138967542416,0.07827119298700368,-0.057096940208103644,-0.07863960063149272,-0.27754301713386775,0.09921722457449603,-0.01734775392563609,-0.026764517975823122,-0.004663708838735281,-1.130715068389241,1.6848138967542416,0.07827119298700368,-0.057096940208103644,-0.07863960063149272,-0.27754301713386775,0.36045604372484163,0.09921722457449603,-0.01734775392563609,-0.026764517975823122,-0.004663708838735281,-0.10874412892818403,-0.17685534438986356,0.19138800493204355,0.13330287708634958,0.03695943811231418,-0.0021120784501212236,0.0016498604536209498
CD_Sweep_15ps:52,CD_Sweep_15ps,10.0,15.0,0.0,0.0,0.3753840689837452,-0.4255241624532495,-1.6256979131917413,2.4716128861214717,0.06401469152334441,-0.0632491162773005,-0.039339488420461824,-0.37847070475827516,-0.0446056329601085,-0.0368010118092298,0.027700132054303175,-0.08597735303904935,-1.6256979131917413,2.4716128861214717,0.06401469152334441,-0.0632491162773005,-0.039339488420461824,-0.37847070475827516,0.2598418691579273,-0.0446056329601085,-0.0368010118092298,0.027700132054303175,-0.08597735303904935,-0.10584341746197846,-0.2749568607511151,0.0710241999683869,-0.027651595187819244,-0.039850546439018635,-0.019469802174090372,-0.07681489641324156
CD_Sweep_15ps:53,CD_Sweep_15ps,10.0,15.0,0.0,0.0,0.0011480771772168627,-2.9400289163693967,-2.802337975142075,-0.7359743228300726,0.04634384295209126,-0.04537954971952316,-0.09930414349647289,-0.3283088588277597,-0.036545495011798816,0.10456492745506255,-0.008122899434344267,-0.02189094322598394,-2.802337975142075,-0.7359743228300726,0.04634384295209126,-0.04537954971952316,-0.09930414349647289,-0.3283088588277597,0.30953933987696347,-0.036545495011798816,0.10456492745506255,-0.008122899434344267,-0.02189094322598394,-0.14429323452623558,-0.227928635578529,0.153945689980324,0.024639849230154085,0.0845730740985948,0.011474193889493547,-0.009020007139613267
CD_Sweep_15ps:54,CD_Sweep_15ps,10.0,15.0,0.0,0.0,0.05847760010572221,-1.233010458933723,0.4254080976136041,-1.3344560212506762,-0.014509145670811506,-0.02204550966776656,-0.1208083962156095,-0.3124520306430051,0.06164831506536083,0.12741821231399725,-0.054478046466452254,0.08664034395699705,0.4254080976136041,-1.3344560212506762,-0.014509145670811506,-0.02204550966776656,-0.1208083962156095,-0.3124520306430051,0.19999999999999996,0.06164831506536083,0.12741821231399725,-0.054478046466452254,0.08664034395699705,-0.13943036036220868,-0.23223590692242024,0.04563372718974974,0.0801576648181105,0.10569306086674904,0.01693878664256037,0.06282572505665049
CD_Sweep_15ps:55,CD_Sweep_15ps,10.0,15.0,0.0,0.0,0.004695553059336593,-2.3283132475997386,-0.8299749629283126,0.13078629484133564,-0.03786686389885753,0.013358816085636516,0.019506320250198855,-0.2596290842849086,-0.08335093189316592,0.15125095638159286,0.0017851880042155212,0.08081445511702062,-0.8299749629283126,0.13078629484133564,-0.03786686389885753,0.013358816085636516,0.019506320250198855,-0.2596290842849086,0.3524373840844035,-0.08335093189316592,0.15125095638159286,0.0017851880042155212,0.08081445511702062,-0.032467137285989,-0.16012300641770955,0.21288420650955692,0.0378829293544596,0.14112618497121568,0.07022288042461718,0.09901895381729295
CD_Sweep_15ps:56,CD_Sweep_15ps,10.0,15.0,0.0,0.0,0.01577573675168495,-1.8020103493757644,-0.02464855624620277,2.2886362029345593,-0.07714392296897316,-0.07123522756726348,-0.004306345503995928,-0.20403911261329247,-0.012479720036081034,-0.00742592378344667,0.07843687069233088,-0.035439816017626156,-0.02464855624620277,2.2886362029345593,-0.07714392296897316,-0.07123522756726348,-0.004306345503995928,-0.20403911261329247,0.5094930608169903,-0.012479720036081034,-0.00742592378344667,0.07843687069233088,-0.035439816017626156,-0.061720736397721625,-0.08460050532460255,0.254849554808756,0.10270095215104089,0.051652699608013726,0.06811213070801009,0.017846865069283898
CD_Sweep_15ps:57,CD_Sweep_15ps,10.0,15.0,0.0,0.0,0.08221141139156865,-1.085067895836836,2.0331812434860668,-1.0609052686643428,0.03234527715955246,0.0529904545262635,-0.07614140282024007,-0.33651875763523453,-0.09040556768877037,0.06782245133982129,0.08906870816095955,0.05470738066915836,2.0331812434860668,-1.0609052686643428,0.03234527715955246,0.0529904545262635,-0.07614140282024007,-0.33651875763523453,0.19999999999999984,-0.09040556768877037,0.06782245133982129,0.08906870816095955,0.05470738066915836,-0.08961741384004364,-0.2645216954706099,0.012912985081791369,-0.03819076589004988,0.0418733246309974,0.09401327503364444,0.08372614386671776
CD_Sweep_15ps:58,CD_Sweep_15ps,10.0,15.0,0.0,0.0,0.03397152107836659,-1.468885007114317,-0.6608558558649684,-2.9650102334383135,-0.09803992356358403,-0.09290577848007886,-0.06226542982798057,-0.22520167476280575,0.07055917490132409,0.016515473994774627,0.044249613298458806,-0.02800462869440481,-0.6608558558649684,-2.9650102334383135,-0.09803992356358403,-0.09290577848007886,-0.06226542982798057,-0.22520167476280575,0.3622583024765884,0.07055917490132409,0.016515473994774627,0.044249613298458806,-0.02800462869440481,-0.1048481956205562,-0.12465374521247344,0.19842597929602812,0.11746251632773357,0.0584836970566706,0.04351149490874518,-0.000840567533285841
CD_Sweep_15ps:59,CD_Sweep_15ps,10.0,15.0,0.0,0.0,0.005789943174309501,-2.2373256986568335,-2.254087689495959,2.3744330276880286,0.021870575923206827,0.05364808846342415,-0.058656180653320074,-0.3678094846246002,-0.0006257887952434649,0.02143917592311148,0.08135611992084345,0.007073969859344587,-2.254087689495959,2.3744330276880286,0.021870575923206827,0.05364808846342415,-0.058656180653320074,-0.3678094846246002,0.3875206158369058,-0.0006257887952434649,0.02143917592311148,0.08135611992084345,0.007073969859344587,-0.08694872487810049,-0.22024462447260815,0.1879358965264756,0.05736570312680953,0.052388167771890454,0.0774919225930286,0.03879165371794288
CD_Sweep_15ps:seed,CD_Sweep_15ps,10.0,15.0,0.0,0.0,0.0006566340689837452,-3.1826765879670216,0.0,0.0,0.0,0.0,-0.034,-0.2987,0.0,0.0582,0.0,0.0,0.0,0.0,0.0,0.0,-0.034,-0.2987,0.6091,0.0,0.0582,0.0,0.0,-0.052188405945489916,-0.10382377427059077,0.26491358977406954,0.11599723138381955,0.0761699149305459,0.03230847320985559,0.018608578004748293
CD_Sweep_28ps:0,CD_Sweep_28ps,10.0,28.0,0.0,0.0,0.0020814061054579094,-2.681643175841948,-1.1784264848368573,2.976683170691198,0.0920642171826162,-0.03907935283637335,-0.035073964420819934,-0.2352507465213154,0.03086551122069117,-0.009993993308107088,-0.060691840894220334,-0.056676388690729156,-1.1784264848368573,2.976683170691198,0.0920642171826162,-0.03907935283637335,-0.035073964420819934,-0.2352507465213154,0.44030398492512735,0.03086551122069117,-0.009993993308107088,-0.060691840894220334,-0.056676388690729156,-0.059120396012766106,-0.11419152008579049,0.2554083193204844,0.12132332181495487,0.041887898767896004,-0.024124752330954423,-0.037568874906456794
CD_Sweep_28ps:1,CD_Sweep_28ps,10.0,28.0,0.0,0.0,0.02855738733976477,-1.5442815278421438,-1.7020490361383498,1.1916004693733762,-0.05338487231202898,0.015518403835256357,-0.11456757796914654,-0.28553015921877056,0.015883245868918427,-0.026175196649152604,0.05427611093689504,0.016105926518079496,-1.7020490361383498,1.1916004693733762,-0.05338487231202898,0.015518403835256357,-0.11456757796914654,-0.28553015921877056,0.4185585066917521,0.015883245868918427,-0.026175196649152604,0.05427611093689504,0.016105926518079496,-0.13138103596956263,-0.17486268683311812,0.21442325813716487,0.07374287044125034,0.019256108879671836,0.04641808374471241,0.03125753596573515
CD_Sweep_28ps:2,CD_Sweep_28ps,10.0,28.0,0.0,0.0,0.0038117814193207346,-2.418872011261561,-0.4588921732852398,-0.8681923075267443,0.016190603019531437,-0.027742288106675672,-0.0288424576618401,-0.22280299157769545,-0.004058902957817023,0.1321720770560494,0.03608401698509596,0.07120328916566594,-0.4588921732852398,-0.8681923075267443,0.016190603019531437,-0.027742288106675672,-0.0288424576618401,-0.22280299157769545,0.46090337346962895,-0.004058902957817023,0.1321720770560494,0.03608401698509596,0.07120328916566594,-0.05236371143721088,-0.0881336660512749,0.23283591122885028,0.10333526110831343,0.120955228698292,0.07673626866435254,0.07449314896309975
CD_Sweep_28ps:3,CD_Sweep_28ps,10.0,28.0,0.0,0.0,0.008346273291925466,-2.078507398772169,0.5090588003716443,-1.9418911041210158,-0.08437603087063009,0.08312863543331082,-0.015527626905314056,-0.24041233923819616,0.09972695218549286,0.03828947455789934,0.08234939399843325,0.01913148111831824,0.5090588003716443,-1.9418911041210158,-0.08437603087063009,0.08312863543331082,-0.015527626905314056,-0.24041233923819616,0.33705806569240515,0.09972695218549286,0.03828947455789934,0.08234939399843325,0.01913148111831824,-0.031146656067729397,-0.12455084079901811,0.19059714194004337,0.15338150232817163,0.09666934353991949,0.09357735475088695,0.05107998219416737
CD_Sweep_28ps:4,CD_Sweep_28ps,10.0,28.0,0.0,0.0,0.001238932205629708,-2.9069524575678107,2.421007287638807,-1.2659061958791469,-0.01377349625616543,0.040993448466927256,-0.031044651036115707,-0.22063622753114576,0.042369159707471266,0.1058718374095364,-0.038145083168994225,-0.06634404319826716,2.421007287638807,-1.2659061958791469,-0.01377349625616543,0.040993448466927256,-0.031044651036115707,-0.22063622753114576,0.4408220532253768,0.042369159707471266,0.1058718374095364,-0.038145083168994225,-0.06634404319826716,-0.036022143388067855,-0.09631597325208463,0.22381469684759164,0.15411140477460078,0.12012591113635587,0.020757539851578702,-0.032295473201038656
CD_Sweep_28ps:5,CD_Sweep_28ps,10.0,28.0,0.0,0.0,0.01328135324435047,-1.8767576722110595,-0.2791671948478308,-1.415479029548941,-0.09423071820704032,0.08650280078206385,0.018617764081364514,-0.39743680708102724,-0.0031363532138279694,0.12693879376088707,0.03898433533390884,-0.00020799550716100735,-0.2791671948478308,-1.415479029548941,-0.09423071820704032,0.08650280078206385,0.018617764081364514,-0.39743680708102724,0.2339444320327192,-0.0031363532138279694,0.12693879376088707,0.03898433533390884,-0.00020799550716100735,-0.036222424372660156,-0.26964955763352955,0.06972454541613236,0.046672450907132984,0.11782337092357208,0.07098575438142422,0.027558092363619884
CD_Sweep_28ps:6,CD_Sweep_28ps,10.0,28.0,0.0,0.0,0.055227467952953614,-1.2578448676810492,2.123354758692532,-2.234489255839592,0.07878932026828778,0.08859588212855019,0.02070502324816742,-0.268980638076887,0.03393672504774501,0.09735084233994834,-0.04160026784073048,-0.04507934769647906,2.123354758692532,-2.234489255839592,0.07878932026828778,0.08859588212855019,0.02070502324816742,-0.268980638076887,0.32496195335320477,0.03393672504774501,0.09735084233994834,-0.04160026784073048,-0.04507934769647906,0.018584282471213097,-0.1455573305014276,0.177991425211291,0.13196030591035304,0.11641065094729265,0.008482006345311367,-0.034165972139250135
CD_Sweep_28ps:7,CD_Sweep_28ps,10.0,28.0,0.0,0.0,0.003687888198757764,-2.4332222533989265,-2.0523910166674213,-2.8531053111637354,-0.037737309135569067,0.023471907778288937,-0.04695581893877197,-0.2952969922533752,0.01764847720776308,0.08552025600157284,-0.020250233449794097,-0.02023622094468255,-2.0523910166674213,-2.8531053111637354,-0.037737309135569067,0.023471907778288937,-0.04695581893877197,-0.2952969922533752,0.45288278429018225,0.01764847720776308,0.08552025600157284,-0.020250233449794097,-0.02023622094468255,-0.07611527474611966,-0.1410734564251719,0.2541691210487305,0.09559285405729952,0.0838401452189134,0.007308876557858305,-0.008400698730246514
CD_Sweep_28ps:8,CD_Sweep_28ps,10.0,28.0,0.0,0.0,0.03058923615699749,-1.5144313676358785,0.4416937401150156,2.3250955538085307,-0.07324583453955609,-0.09686073103422409,0.0474803523267501,-0.2166739177820031,0.07686602834958237,-0.0005050639814540639,-0.06762143026966297,0.07671464270347605,0.4416937401150156,2.3250955538085307,-0.07324583453955609,-0.09686073103422409,0.0474803523267501,-0.2166739177820031,0.3440319990132912,0.07686602834958237,-0.0005050639814540639,-0.06762143026966297,0.07671464270347605,-0.04761251921774872,-0.12924219457077726,0.19790739346806602,0.14511014625395277,0.052989935955882264,-0.012383192869695548,0.05607501022042916
CD_Sweep_28ps:9,CD_Sweep_28ps,10.0,28.0,0.0,0.0,0.009919717193075194,-2.003500709220586,-0.3364901970429771,-0.6841262237754674,-0.008925679821241395,-0.02603684786890194,-0.08359797161306914,-0.37504614031621397,-0.04147831416355996,-0.03494683567212732,0.08446562092941892,0.05688381140851271,-0.3364901970429771,-0.6841262237754674,-0.008925679821241395,-0.02603684786890194,-0.08359797161306914,-0.37504614031621397,0.2886187782069547,-0.04147831416355996,-0.03494683567212732,0.08446562092941892,0.05688381140851271,-0.13028543349714755,-0.2648912021623769,0.08858491442892243,-0.001741413586864823,-0.01468007799585999,0.05761526868759388,0.06174663409461634
CD_Sweep_28ps:10,CD_Sweep_28ps,10.0,28.0,0.0,0.0,0.37467787762653626,-0.4263419485084205,0.6572210815041166,0.9185182296922139,-0.041027847251216804,-0.05092125392465328,-0.10314979959386432,-0.37840190380909533,0.05818168789643605,-0.024572167539267387,-0.07003440180469608,-0.016333032953998596,0.6572210815041166,0.9185182296922139,-0.041027847251216804,-0.05092125392465328,-0.10314979959386432,-0.37840190380909533,0.2573779052267722,0.05818168789643605,-0.024572167539267387,-0.07003440180469608,-0.016333032953998596,-0.1387745422631422,-0.2577488766636751,0.04299616738942698,0.04926973442786609,-0.009558311438362067,-0.055662679814701854,-0.03722854989001087
CD_Sweep_28ps:11,CD_Sweep_28ps,10.0,28.0,0.0,0.0,0.0032666512488436633,-2.4858972287897965,-1.5176938402291353,0.7482162680306461,0.008081730255490726,0.053337613533497155,-0.009075206870929924,-0.25249828560643617,0.07584026106272553,0.11386596194490317,0.06089815740446687,-0.0740183402432575,-1.5176938402291353,0.7482162680306461,0.008081730255490726,0.053337613533497155,-0.009075206870929924,-0.25249828560643617,0.352384443078293,0.07584026106272553,0.11386596194490317,0.06089815740446687,-0.0740183402432575,-0.030093629220856476,-0.1208843191499983,0.19988057674896093,0.13636717657633712,0.13838886132864098,0.0836041121135126,-0.008533338343786988
CD_Sweep_28ps:12,CD_Sweep_28ps,10.0,28.0,0.0,0.0,0.0006070767807585569,-3.216756377539297,0.8717668176521018,1.636482808683003,0.0019062248166785258,0.06842546200410758,-0.0536593191510589,-0.383824468772428,-0.0612213238921088,0.06090216396166097,0.00473714697178278,-0.008668767194297834,0.8717668176521018,1.636482808683003,0.0019062248166785258,0.06842546200410758,-0.0536593191510589,-0.383824468772428,0.35665512323587667,-0.0612213238921088,0.06090216396166097,0.00473714697178278,-0.008668767194297834,-0.081429234464385,-0.27770392702046154,0.1348655268360177,0.029432933398584386,0.05411884448476779,0.0237527824921322,0.0051344669125821165
CD_Sweep_28ps:13,CD_Sweep_28ps,10.0,28.0,0.0,0.0,0.0004460155940266949,-3.3506499568005235,1.2002180641479938,0.4884645263721017,-0.06602201695905913,0.0267461772247148,0.050415945484526686,-0.20068187854456068,0.05228177681529034,0.01573428597659418,-0.07475665618304932,0.007379855602639452,1.2002180641479938,0.4884645263721017,-0.06602201695905913,0.0267461772247148,0.050415945484526686,-0.20068187854456068,0.5059814072095654,0.05228177681529034,0.01573428597659418,-0.07475665618304932,0.007379855602639452,0.0067754010178422966,-0.048500550614229934,0.2617804728212316,0.1556721366653135,0.06726179598653823,-0.008914035794769355,0.005509448011481932
CD_Sweep_28ps:14,CD_Sweep_28ps,10.0,28.0,0.0,0.0,0.007049524250033038,-2.1518401911727394,0.7267080218014697,-0.9720266453890567,-0.02968098421911737,0.07200481498664933,-0.0748343372483467,-0.23631006755396147,-0.026829639423460373,0.11818893902000649,0.02293056464044292,-0.08191130766579997,0.7267080218014697,-0.9720266453890567,-0.02968098421911737,0.07200481498664933,-0.0748343372483467,-0.23631006755396147,0.33730934524221534,-0.026829639423460373,0.11818893902000649,0.02293056464044292,-0.08191130766579997,-0.08445681592179344,-0.16785708225183726,0.19594954408952092,0.08682608091715775,0.1307575171229235,0.05756996882234456,-0.040774095774082586
CD_Sweep_28ps:15,CD_Sweep_28ps,10.0,28.0,0.0,0.0,0.0027999867847231397,-2.55284401842041,-2.310478743926871,-0.5594820759883834,0.056936961042576534,-0.08026542733120288,-0.11799387813358472,-0.2652615253423622,-0.024655151930750144,0.03312117052002278,-0.09222484315422383,0.010506137206455013,-2.310478743926871,-0.5594820759883834,0.056936961042576534,-0.08026542733120288,-0.11799387813358472,-0.2652615253423622,0.31903490533882195,-0.024655151930750144,0.03312117052002278,-0.09222484315422383,0.010506137206455013,-0.15980303464982054,-0.19379707200896307,0.1742907975338651,0.03135791632412192,0.019367591613801388,-0.06405811913232298,-0.009555739742313265
CD_Sweep_28ps:16,CD_Sweep_28ps,10.0,28.0,0.0,0.0,0.02261051275274217,-1.6456895887753171,2.571816962503605,1.3812959117004062,-0.06190190896687045,0.052729765222177205,0.014148313226609886,-0.39136921079064574,0.07111734601346234,-0.01529368062081203,0.02658744387514225,0.05498626958418343,2.571816962503605,1.3812959117004062,-0.06190190896687045,0.052729765222177205,0.014148313226609886,-0.39136921079064574,0.3118660617000968,0.07111734601346234,-0.01529368062081203,0.02658744387514225,0.05498626958418343,-0.03592738227515675,-0.2613238309098893,0.09780130750775909,0.11513196502125718,0.04248100378503027,0.04147613395601116,0.06330578831807795
CD_Sweep_28ps:17,CD_Sweep_28ps,10.0,28.0,0.0,0.0,0.07768104929298268,-1.1096849167370944,2.662681228426649,-1.8332599746322242,-0.06995030621889249,0.012147867293872783,-0.10539819380091804,-0.3054109360113243,-0.09466411388989703,0.012518837011765052,0.07619519703491683,0.06669294109792175,2.662681228426649,-1.8332599746322242,-0.06995030621889249,0.012147867293872783,-0.10539819380091804,-0.3054109360113243,0.25702160764049176,-0.09466411388989703,0.012518837011765052,0.07619519703491683,0.06669294109792175,-0.13538300558885158,-0.24949593781171572,0.05838254644094019,-0.02310123458056733,0.0021810478160480024,0.06738945838754294,0.08312734312650506
CD_Sweep_28ps:18,CD_Sweep_28ps,10.0,28.0,0.0,0.0,0.0018583983084445618,-2.7308611985121294,1.6364681361341338,1.719779246269325,0.028259253076628667,0.03734255103406985,0.04362367219702282,-0.33486972206943,-0.03565184841853332,0.06489366828038229,0.016448473479724734,-0.08341978712469954,1.6364681361341338,1.719779246269325,0.028259253076628667,0.03734255103406985,0.04362367219702282,-0.33486972206943,0.35549102431950885,-0.03565184841853332,0.06489366828038229,0.016448473479724734,-0.08341978712469954,0.006116409874317353,-0.22259263485722966,0.18868532175164965,0.08551945126824469,0.09396564730491094,0.04516630567610431,-0.04618627409839158
CD_Sweep_28ps:19,CD_Sweep_28ps,10.0,28.0,0.0,0.0,0.0016808180256376371,-2.774479303062253,1.898475098315593,-1.7560972623097189,-0.019046211479900346,0.09504813149740808,-0.004235550931692072,-0.25108421252084673,-0.037702787429469746,0.13701829734606424,-0.06523366278176689,-0.03261870666787147,1.898475098315593,-1.7560972623097189,-0.019046211479900346,0.09504813149740808,-0.004235550931692072,-0.25108421252084673,0.3580124393449804,-0.037702787429469746,0.13701829734606424,-0.06523366278176689,-0.03261870666787147,-0.010682998152434758,-0.1532392567632756,0.2177954904005297,0.10217698790627476,0.13744889936808066,-0.00039387349421281075,-0.03086197298002301
CD_Sweep_28ps:20,CD_Sweep_28ps,10.0,28.0,0.0,0.0,0.022796352583586626,-1.6421346345582744,-1.3182987809594469,-2.121292810219826,0.0428150731703211,-0.005630352125213712,-0.057358470184648194,-0.3197926877967501,0.0672569574684208,0.018694501443729056,0.029285185975312156,-0.09134065652906798,-1.3182987809594469,-2.121292810219826,0.0428150731703211,-0.005630352125213712,-0.057358470184648194,-0.3197926877967501,0.36782611530653697,0.0672569574684208,0.018694501443729056,0.029285185975312156,-0.09134065652906798,-0.09150421058540943,-0.18955660743763286,0.20045492228228126,0.11281871199943685,0.05621583107403226,0.022951848572763275,-0.052894965146439536
CD_Sweep_28ps:21,CD_Sweep_28ps,10.0,28.0,0.0,0.0,0.0024035284789216335,-2.6191507276375847,2.028681400807761,-2.553320343773893,0.07181228687496742,-0.007154837368186596,-0.037538362024897694,-0.3023921945591456,0.04664565983338405,-0.014745342243545345,0.01325428856963622,-0.07141962167922539,2.028681400807761,-2.553320343773893,0.07181228687496742,-0.007154837368186596,-0.037538362024897694,-0.3023921945591456,0.43503740684701175,0.04664565983338405,-0.014745342243545345,0.01325428856963622,-0.07141962167922539,-0.06223524754579822,-0.16601121444362674,0.21599202625035696,0.1363671192116324,0.04224280252916199,0.010458317070571703,-0.04159093723701675
CD_Sweep_28ps:22,CD_Sweep_28ps,10.0,28.0,0.0,0.0,0.0006277256508523853,-3.2022301243427007,-2.6115174542176867,0.5148875898305179,-0.012524378691555638,-0.08352971374085827,-0.04261894359572306,-0.33940405228479875,-0.09287675768552318,-0.01925797942057489,-0.03259345999696737,-0.005597653625181942,-2.6115174542176867,0.5148875898305179,-0.012524378691555638,-0.08352971374085827,-0.04261894359572306,-0.33940405228479875,0.37159706095881684,-0.09287675768552318,-0.01925797942057489,-0.03259345999696737,-0.005597653625181942,-0.119549445443771,-0.22815832034174519,0.18516551339842877,-0.031033417538781593,-0.028631740236952752,-0.039816925953278105,-0.01819371105882
CD_Sweep_28ps:23,CD_Sweep_28ps,10.0,28.0,0.0,0.0,0.011670741377031849,-1.9329015547749333,-0.9214295741170837,-2.770395003123226,0.019590161302610244,0.046978872811997044,-0.12398799806266905,-0.23092823633595255,-0.08263550560420486,0.10192510289626872,0.04581238893108002,-0.08796990353031153,-0.9214295741170837,-2.770395003123226,0.019590161302610244,0.046978872811997044,-0.12398799806266905,-0.23092823633595255,0.2601718305249059,-0.08263550560420486,0.10192510289626872,0.04581238893108002,-0.08796990353031153,-0.15276763108638106,-0.20628304432619923,0.1497218644979891,-0.0022725976146212926,0.10215308465790102,0.05596747483954691,-0.05886336918589
CD_Sweep_28ps:24,CD_Sweep_28ps,10.0,28.0,0.0,0.0,0.01336807849874455,-1.8739310128849,-1.839803507777241,-2.9050373393275333,0.06339970639879093,-0.07010791594470958,0.05341019478062206,-0.2958545777314528,-0.05362273956818289,0.1440085556604977,-0.04449477019324919,0.028878408286035807,-1.839803507777241,-2.9050373393275333,0.06339970639879093,-0.07010791594470958,0.05341019478062206,-0.2958545777314528,0.24622313143645902,-0.05362273956818289,0.1440085556604977,-0.04449477019324919,0.028878408286035807,-0.030081920806042606,-0.25078876341618783,0.1646287922767227,0.025694770173155943,0.1470169041669075,0.0033315529839358145,0.033830559926710094
CD_Sweep_28ps:25,CD_Sweep_28ps,10.0,28.0,0.0,0.0,0.0013999933923615699,-2.8538740140843912,2.9942326616424584,1.4033954196101739,-0.052803993638146876,-0.059560496677827306,0.0567295726117972,-0.20609134097194132,-0.009905770061824594,-0.03905994722153093,0.009238651907878693,0.06326467033272583,2.9942326616424584,1.4033954196101739,-0.052803993638146876,-0.059560496677827306,0.0567295726117972,-0.20609134097194132,0.5033455565763273,-0.009905770061824594,-0.03905994722153093,0.009238651907878693,0.06326467033272583,-0.016923594819378593,-0.06998748152366378,0.25656974800113375,0.13541259640445533,0.03482013594684211,0.029405102906231037,0.059900857242358115
CD_Sweep_28ps:26,CD_Sweep_28ps,10.0,28.0,0.0,0.0,0.04951599048500066,-1.3052545291886244,1.5013864734595062,1.8137566117246469,0.08040827158097918,-0.013097808423856506,-0.11044634709884735,-0.31821220024121444,0.09073260829296617,0.0020981216687757445,0.06791252108930193,0.08394926280855289,1.5013864734595062,1.8137566117246469,0.08040827158097918,-0.013097808423856506,-0.11044634709884735,-0.31821220024121444,0.23314285879550578,0.09073260829296617,0.0020981216687757445,0.06791252108930193,0.08394926280855289,-0.11371163027905141,-0.23138028026667595,0.049874536246466886,0.08792918759554945,0.046958501273238064,0.07256828580970227,0.09099005497007541
CD_Sweep_28ps:27,CD_Sweep_28ps,10.0,28.0,0.0,0.0,0.0075450971322849215,-2.1223351649349356,0.9541454106411635,-2.6715942038814537,-0.03426794800215712,-0.021296242945320523,-0.09751570328791216,-0.29982422108585327,-0.014157697034654172,0.09232012868833676,-0.011319680907391595,-0.05563901321542293,0.9541454106411635,-2.6715942038814537,-0.03426794800215712,-0.021296242945320523,-0.09751570328791216,-0.29982422108585327,0.3736593648329515,-0.014157697034654172,0.09232012868833676,-0.011319680907391595,-0.05563901321542293,-0.12607097257664635,-0.1987353807669398,0.17220278161829322,0.0826375905827883,0.09008000022908713,0.018532035580158333,-0.03020257833780434
CD_Sweep_28ps:28,CD_Sweep_28ps,10.0,28.0,0.0,0.0,0.0036507202325888727,-2.4376214472744,-2.2513098002957466,0.33658677572702356,0.023029816590385235,0.009929875346820483,0.01049998829658546,-0.38165573378412426,0.02640668717852921,0.057329296882254785,0.09878822672701291,0.03153698671847871,-2.2513098002957466,0.33658677572702356,0.023029816590385235,0.009929875346820483,0.01049998829658546,-0.38165573378412426,0.36082338847580897,0.02640668717852921,0.057329296882254785,0.09878822672701291,0.03153698671847871,-0.04942917932456113,-0.21424093364254976,0.17847939520226824,0.07575505875174988,0.08290529233627852,0.0994906698308852,0.05908922616957981
CD_Sweep_28ps:29,CD_Sweep_28ps,10.0,28.0,0.0,0.0,0.024254162812210916,-1.615213711444516,1.3392598278498646,0.13699385710455791,0.049299475389514937,0.07781309861349713,-0.07992108194437217,-0.26831825229922557,0.037217541152776916,-0.0030495804838810286,-0.09467946442179312,-0.028153661079349548,1.3392598278498646,0.13699385710455791,0.049299475389514937,0.07781309861349713,-0.07992108194437217,-0.26831825229922557,0.36154784461558953,0.037217541152776916,-0.0030495804838810286,-0.09467946442179312,-0.028153661079349548,-0.06925186460198673,-0.17447028378263854,0.1931919490283127,0.12341446469618045,0.033226923953473875,-0.06186255842376208,-0.04650314026924384
CD_Sweep_28ps:30,CD_Sweep_28ps,10.0,28.0,0.0,0.0,0.09129691423285317,-1.0395439010450194,0.2908734892872742,2.551995265173336,-0.04499583950896155,0.06407826284251338,-0.013148970528333276,-0.3504534807909924,-0.045071803785614886,0.023181090905401186,-0.059649296512068566,-0.06913729969943645,0.2908734892872742,2.551995265173336,-0.04499583950896155,0.06407826284251338,-0.013148970528333276,-0.3504534807909924,0.3302839554266783,-0.045071803785614886,0.023181090905401186,-0.059649296512068566,-0.06913729969943645,-0.05805036644190935,-0.26159022096563167,0.14335633130553352,0.030982005550937736,0.016738129527465954,-0.059078463083501606,-0.08507947411257384
CD_Sweep_28ps:31,CD_Sweep_28ps,10.0,28.0,0.0,0.0,0.0008383441258094357,-3.0765776743742603,-2.44493271627279,0.6705691781931873,0.034468137551555866,-0.017446987915450785,0.005236509014785812,-0.32762820144701216,0.061063054971494495,0.027649126846838595,0.04841683620611088,-0.04137554511307865,-2.44493271627279,0.6705691781931873,0.034468137551555866,-0.017446987915450785,0.005236509014785812,-0.32762820144701216,0.4367156009336727,0.061063054971494495,0.027649126846838595,0.04841683620611088,-0.04137554511307865,-0.047977960615728295,-0.15934234123954544,0.24196499289786716,0.11321135393359591,0.06915416769773797,0.052127360491920724,-0.0020850715776000927
CD_Sweep_28ps:32,CD_Sweep_28ps,10.0,28.0,0.0,0.0,0.033855887405841154,-1.4703657983069902,-1.4178223734036988,-2.3903134690098695,-0.020973462013041302,0.04514722737438284,-0.0959370128262676,-0.3633126260909704,0.08547806002471861,-0.006696214669465517,-0.0021965903130423572,0.08179384998292394,-1.4178223734036988,-2.3903134690098695,-0.020973462013041302,0.04514722737438284,-0.0959370128262676,-0.3633126260909704,0.29846495670518747,0.08547806002471861,-0.006696214669465517,-0.0021965903130423572,0.08179384998292394,-0.1181011935430039,-0.23365828617115653,0.1382606092570182,0.09873048604204293,0.028535253251268388,0.020079822685261844,0.0631802385247859
CD_Sweep_28ps:33,CD_Sweep_28ps,10.0,28.0,0.0,0.0,0.01760522664199815,-1.754358379640341,0.08076332919778029,-1.5859761681364106,-0.04852808543594406,-0.06416206164573918,0.06155855626623287,-0.3359105448859752,0.0821726727430274,0.07386920646388082,-0.0526351355619752,0.039093713814719516,0.08076332919778029,-1.5859761681364106,-0.04852808543594406,-0.06416206164573918,0.06155855626623287,-0.3359105448859752,0.2420700231825058,0.0821726727430274,0.07386920646388082,-0.0526351355619752,0.039093713814719516,-0.03497430109758737,-0.240364282432246,0.11509138526618154,0.12674810420167099,0.09867047942891066,0.00021229395776051403,0.032293131087057544
CD_Sweep_28ps:34,CD_Sweep_28ps,10.0,28.0,0.0,0.0,0.02678158451169552,-1.5721637318673742,1.1775334059856006,-0.29940018091339826,-0.02484011859226544,-0.08781013230995577,-0.02110315068054726,-0.3313340053100809,-0.020680994530936272,0.13145292131094088,-0.0238374469389137,0.0755222023012398,1.1775334059856006,-0.29940018091339826,-0.02484011859226544,-0.08781013230995577,-0.02110315068054726,-0.3313340053100809,0.2834190280251201,-0.020680994530936272,0.13145292131094088,-0.0238374469389137,0.0755222023012398,-0.10200789133694403,-0.23787786972262318,0.09062681357920627,0.05043995182842528,0.10643459790741422,0.038696486422343274,0.06946799649186944
CD_Sweep_28ps:35,CD_Sweep_28ps,10.0,28.0,0.0,0.0,0.01871613585304612,-1.7277838110961135,-1.9888637633822364,-2.421434493336876,0.07508618580414497,0.09839501038295458,0.023786243275923144,-0.21026607340916326,0.008367689614413342,0.08468264510630871,-0.03576366326276335,-0.05287063379524313,-1.9888637633822364,-2.421434493336876,0.07508618580414497,0.09839501038295458,0.023786243275923144,-0.21026607340916326,0.4107818553490855,0.008367689614413342,0.08468264510630871,-0.03576366326276335,-0.05287063379524313,0.010001665919556594,-0.07168452974190542,0.2618707296980424,0.09514073917809941,0.08385824726817848,-0.00953325506266105,-0.037239886790713314
CD_Sweep_28ps:36,CD_Sweep_28ps,10.0,28.0,0.0,0.0,0.12953036209858595,-0.88762842041412,1.9105831316931008,0.8634594033027043,0.05415953159118786,0.07539872390430286,-0.07564146477612319,-0.3195783702657635,-0.08079221984755013,0.09697780469780437,-0.0693734030321645,0.028078481885103677,1.9105831316931008,0.8634594033027043,0.05415953159118786,0.07539872390430286,-0.07564146477612319,-0.3195783702657635,0.19999999999999984,-0.08079221984755013,0.09697780469780437,-0.0693734030321645,0.028078481885103677,-0.08264186086455674,-0.2850735648499972,0.02031494278716004,-0.031509516190335346,0.04862018027152078,-0.034283702494256225,0.0032450838429592893
CD_Sweep_28ps:37,CD_Sweep_28ps,10.0,28.0,0.0,0.0,0.029387471917536673,-1.5318377728755856,-0.15034500840675935,1.2619483987451339,-0.003140383280200854,-0.014890082099729862,0.03728348358216978,-0.36113477197068355,-0.0475242304348953,0.06330227179548702,0.05265267093830182,0.09358019356364267,-0.15034500840675935,1.2619483987451339,-0.003140383280200854,-0.014890082099729862,0.03728348358216978,-0.36113477197068355,0.3264919123348893,-0.0475242304348953,0.06330227179548702,0.05265267093830182,0.09358019356364267,-0.0371534927508813,-0.2424891709034905,0.14277791945030646,0.03160524291946736,0.06938399462171162,0.08430909396355707,0.11182224945448924
CD_Sweep_28ps:38,CD_Sweep_28ps,10.0,28.0,0.0,0.0,0.009651281881855425,-2.0154149998952464,-0.590564269303932,-1.6209559993680267,-0.07344803814660354,0.07374544547187774,0.033301276834301716,-0.323841755573454,-0.013223694118296658,0.03562626855159323,-0.08038054527059219,0.0005788887813607202,-0.590564269303932,-1.6209559993680267,-0.07344803814660354,0.07374544547187774,0.033301276834301716,-0.323841755573454,0.36585408725192026,-0.013223694118296658,0.03562626855159323,-0.08038054527059219,0.0005788887813607202,-0.01649710245740677,-0.20823233715738942,0.2293480591846393,0.07953761460781962,0.044002526408449684,-0.05347463598203955,-0.016587367350194594
CD_Sweep_28ps:39,CD_Sweep_28ps,10.0,28.0,0.0,0.0,0.05637554513017048,-1.2489092456305182,1.0240945743916492,-0.4205149861493135,0.03815481651319,-0.07407353678967653,0.028548083778451597,-0.27440940955792087,-0.0730928849544426,0.10924339157905613,0.08816530757962536,0.052095942991729774,1.0240945743916492,-0.4205149861493135,0.03815481651319,-0.07407353678967653,0.028548083778451597,-0.27440940955792087,0.26221662625590714,-0.0730928849544426,0.10924339157905613,0.08816530757962536,0.052095942991729774,-0.0487231717568941,-0.20840351669693657,0.11963063127584889,0.01493703725720613,0.11210336514330206,0.133751806203294,0.1040231478959576
CD_Sweep_28ps:40,CD_Sweep_28ps,10.0,28.0,0.0,0.0,0.011315580811418,-1.9463231494670852,-0.6226289363830091,-1.1130947749439681,-0.03240867422663155,0.06319481743093024,-0.01892406283150731,-0.36900984143722554,-0.05010321293035104,0.08881189718743966,0.07194279527328909,-0.09996553111629772,-0.6226289363830091,-1.1130947749439681,-0.03240867422663155,0.06319481743093024,-0.01892406283150731,-0.36900984143722554,0.20563916756632783,-0.05010321293035104,0.08881189718743966,0.07194279527328909,-0.09996553111629772,-0.06917135903593001,-0.28818465551807576,0.05094384801581451,-0.006739987622813845,0.08204255895064612,0.06685378576420135,-0.056176975890834736
CD_Sweep_28ps:41,CD_Sweep_28ps,10.0,28.0,0.0,0.0,0.3764082529403991,-0.4243408630152862,-2.7392510351434614,1.0035912917600842,-0.0870021083852966,-0.03535310724322458,-0.06101353001677755,-0.3657504597087156,-0.05888510286256268,0.0522248496346563,-0.02772285632389411,0.024126834176492775,-2.7392510351434614,1.0035912917600842,-0.0870021083852966,-0.03535310724322458,-0.06101353001677755,-0.3657504597087156,0.2879211516483797,-0.05888510286256268,0.0522248496346563,-0.02772285632389411,0.024126834176492775,-0.13181306025998507,-0.2601548015227197,0.10793821794061174,-0.018642877217732525,0.023106457899100298,-0.01675556066715633,0.010296429712342865
CD_Sweep_28ps:42,CD_Sweep_28ps,10.0,28.0,0.0,0.0,0.031501916215144705,-1.5016630279135053,0.3817418165505022,1.523301608717396,0.09964923671709558,0.017099413029991694,-0.02488841539255237,-0.2918406045186998,-0.07510588156344751,0.07119564120846916,0.0004555606053093797,0.06562784646256258,0.3817418165505022,1.523301608717396,0.09964923671709558,0.017099413029991694,-0.02488841539255237,-0.2918406045186998,0.3541374005018719,-0.07510588156344751,0.07119564120846916,0.0004555606053093797,0.06562784646256258,-0.04853887817676445,-0.1978981072935363,0.19315738143256742,0.04025548131141535,0.07492405254545084,0.046401259175988606,0.08007676436341504
CD_Sweep_28ps:43,CD_Sweep_28ps,10.0,28.0,0.0,0.0,0.09914348486850799,-1.0037358198209827,-2.850337719812598,-1.3861242234483324,0.011915772955069293,-0.06988895478492647,-0.002273309726407373,-0.3586728219531507,-0.0798692595773263,-0.02859644300227436,0.09472750478779633,0.08877175471923918,-2.850337719812598,-1.3861242234483324,0.011915772955069293,-0.06988895478492647,-0.002273309726407373,-0.3586728219531507,0.26528417849381003,-0.0798692595773263,-0.02859644300227436,0.09472750478779633,0.08877175471923918,-0.08695720179458738,-0.2562393923155918,0.12248909007847358,-0.04527529215208516,-0.013871085104732688,0.08445933072892428,0.09267796137464475
CD_Sweep_28ps:44,CD_Sweep_28ps,10.0,28.0,0.0,0.0,0.005934485264966301,-2.2266169441532475,-2.901721005428506,-0.04871153952307139,-0.004043636725821365,-0.04896497663069613,-0.131099262545785,-0.2594690339187091,0.005932893213069024,0.07902883406772962,-0.04981614366318979,-0.039306228797263844,-2.901721005428506,-0.04871153952307139,-0.004043636725821365,-0.04896497663069613,-0.131099262545785,-0.2594690339187091,0.3823389904377361,0.005932893213069024,0.07902883406772962,-0.04981614366318979,-0.039306228797263844,-0.14953996872353564,-0.15744366976740917,0.20872295810165623,0.06646338356955077,0.06816448627568772,-0.020113413400621123,-0.02714037735294269
CD_Sweep_28ps:45,CD_Sweep_28ps,10.0,28.0,0.0,0.0,0.026257103211312277,-1.580753188708719,2.236547054547459,2.6387366619513526,-0.07547285196333986,0.003934648252681934,-0.11454982455528209,-0.25760909025315465,0.08619046288231082,0.1385780467818282,-0.09104597406952644,-0.03261910124187614,2.236547054547459,2.6387366619513526,-0.07547285196333986,0.003934648252681934,-0.11454982455528209,-0.25760909025315465,0.19999999999999984,0.08619046288231082,0.1385780467818282,-0.09104597406952644,-0.03261910124187614,-0.13548614393205638,-0.22194971573333283,0.02543930260219194,0.09344553104372989,0.12029577229226154,-0.00993701529827291,-0.033026029138849326
CD_Sweep_28ps:46,CD_Sweep_28ps,10.0,28.0,0.0,0.0,0.0003592903396326153,-3.4445544596688547,-1.2916121962204627,-2.073714866542921,0.004134749054760612,0.0024340285557427955,0.0001964447880086692,-0.20276374691874238,-0.06460050295139678,0.1384117043851879,-0.017343701483406592,-0.026267485013598015,-1.2916121962204627,-2.073714866542921,0.004134749054760612,0.0024340285557427955,0.0001964447880086692,-0.20276374691874238,0.5438476368491563,-0.06460050295139678,0.1384117043851879,-0.017343701483406592,-0.026267485013598015,-0.026673735906811557,-0.05245475236335542,0.2931138964425438,0.07701816017200304,0.10710223635053176,0.020934403130144653,-0.005404540313811168
CD_Sweep_28ps:47,CD_Sweep_28ps,10.0,28.0,0.0,0.0,0.07082149464781287,-1.1498349119404063,-0.048608064623006375,0.22008382438118135,-0.08635360390711982,-0.07499140150232049,-0.06314904934623748,-0.36275228708310175,0.000326560700043636,0.03958360375277992,0.08697389781268582,0.08586959589571119,-0.048608064623006375,0.22008382438118135,-0.08635360390711982,-0.07499140150232049,-0.06314904934623748,-0.36275228708310175,0.19999999999999984,0.000326560700043636,0.03958360375277992,0.08697389781268582,0.08586959589571119,-0.1217427044549037,-0.24410012958264024,0.016245941099630866,0.008035093575219355,0.033211861726532066,0.07201996087091429,0.07958734546259462
CD_Sweep_28ps:48,CD_Sweep_28ps,10.0,28.0,0.0,0.0,0.045216895731465576,-1.344699256518999,2.352108707444503,-0.702712163933088,0.08493999588207415,-0.0005244534240987364,-0.08785023410244158,-0.3426855367048731,0.08993138429710018,0.030128004100181075,0.03126172631119491,0.09926871838866565,2.352108707444503,-0.702712163933088,0.08493999588207415,-0.0005244534240987364,-0.08785023410244158,-0.3426855367048731,0.23340994678937066,0.08993138429710018,0.030128004100181075,0.03126172631119491,0.09926871838866565,-0.09588598633521186,-0.23611664676537322,0.04974997110190885,0.0981342907497894,0.06551244620772453,0.05818208095025305,0.09064326125605703
CD_Sweep_28ps:49,CD_Sweep_28ps,10.0,28.0,0.0,0.0,0.018806990881458967,-1.7256806860083491,-1.6462459265141796,2.7530186486168366,0.05428213373629667,-0.05562753440665805,-0.048645162767386965,-0.27555470039281776,0.022400248913415965,0.12291991879116146,0.07859666259299347,-0.062425634862295076,-1.6462459265141796,2.7530186486168366,0.05428213373629667,-0.05562753440665805,-0.048645162767386965,-0.27555470039281776,0.2795480035369746,0.022400248913415965,0.12291991879116146,0.07859666259299347,-0.062425634862295076,-0.09700012450046172,-0.19715039235629295,0.1319770881790009,0.07760656902786621,0.1352013433760589,0.10124974741868716,0.0015469386477222431
CD_Sweep_28ps:50,CD_Sweep_28ps,10.0,28.0,0.0,0.0,0.0917511893749174,-1.0373882972598996,1.7847003039272094,2.038022479075509,0.09498685087408094,0.035975658603749565,0.06466095262794483,-0.22655391564958816,-0.08922561373654836,-0.03639101947430279,-0.089784134479148,0.04481578006053795,1.7847003039272094,2.038022479075509,0.09498685087408094,0.035975658603749565,0.06466095262794483,-0.22655391564958816,0.3176060744940994,-0.08922561373654836,-0.03639101947430279,-0.089784134479148,0.04481578006053795,0.07049964187372232,-0.11928382678289079,0.2329637709777297,0.03707843695048621,-0.03975200410329254,-0.09485514354692293,0.0027332135605874453
CD_Sweep_28ps:51,CD_Sweep_28ps,10.0,28.0,0.0,0.0,0.0070619135720893355,-2.1510776018953193,-0.7496522566825825,-0.1007728377262267,0.02581193160906894,0.05999245784826366,-0.13041986901349295,-0.25758471468533567,0.027788136365360573,0.150195833231536,0.018510619924913475,0.04903234455960573,-0.7496522566825825,-0.1007728377262267,0.02581193160906894,0.05999245784826366,-0.13041986901349295,-0.25758471468533567,0.280664092762423,0.027788136365360573,0.150195833231536,0.018510619924913475,0.04903234455960573,-0.11738181037796147,-0.17648644821250165,0.1289872644326174,0.08911953455104146,0.13875905133829108,0.07232764534859591,0.06504649123219367
CD_Sweep_28ps:52,CD_Sweep_28ps,10.0,28.0,0.0,0.0,0.02951549491211841,-1.529949930186306,-2.1192109258618634,-1.0368620241903834,-0.05727497800422873,-0.06318722435825326,0.041386540097654065,-0.3107450668132095,-0.03176286480610048,0.15624405769966349,0.06539135550033981,0.021343795083169217,-2.1192109258618634,-1.0368620241903834,-0.05727497800422873,-0.06318722435825326,0.041386540097654065,-0.3107450668132095,0.2526641176373814,-0.03176286480610048,0.15624405769966349,0.06539135550033981,0.021343795083169217,-0.04679430391682948,-0.21396434207670856,0.12639513580517697,0.03617437569027759,0.14900650159671538,0.09989046709303157,0.052480440662572125
CD_Sweep_28ps:53,CD_Sweep_28ps,10.0,28.0,0.0,0.0,0.0015817034491872606,-2.8008749383188505,2.894847225286726,0.0504893146660268,0.030408023221064662,-0.09065387834181689,-0.11369616711941563,-0.24215347297379133,-0.0846536241359948,0.0064906017207691236,0.04022526151208253,-0.011499286639606844,2.894847225286726,0.0504893146660268,0.030408023221064662,-0.09065387834181689,-0.11369616711941563,-0.24215347297379133,0.38021968433545816,-0.0846536241359948,0.0064906017207691236,0.04022526151208253,-0.011499286639606844,-0.16052435759668235,-0.20090151562928246,0.1676329723049553,0.036424756836414156,0.01239247988032214,0.03150327926181961,0.009233485845569834
CD_Sweep_28ps:54,CD_Sweep_28ps,10.0,28.0,0.0,0.0,0.0027793379146293113,-2.5560586480634964,-0.8662859186058005,2.4269238429925215,0.044368426079591954,-0.03067816625730271,-0.07336856376767201,-0.34867670266708933,0.01085366553304672,0.04888584700821114,-0.014988773966499015,-0.04789684393403353,-0.8662859186058005,2.4269238429925215,0.044368426079591954,-0.03067816625730271,-0.07336856376767201,-0.34867670266708933,0.3802830107865536,0.01085366553304672,0.04888584700821114,-0.014988773966499015,-0.04789684393403353,-0.11435357160343436,-0.2318524976678068,0.16661488809795344,0.07514371591179302,0.06059422828755518,0.005643488647142815,-0.027066303538105033
CD_Sweep_28ps:55,CD_Sweep_28ps,10.0,28.0,0.0,0.0,0.07205216730540505,-1.1423529512188795,1.433824955287505,2.8935233274299446,0.08829794543341261,-0.04305791869995351,-0.08588119677663353,-0.2810005560813385,0.06418669803252185,0.010562662776643875,-0.055972118043396524,-0.017366190408722504,1.433824955287505,2.8935233274299446,0.08829794543341261,-0.04305791869995351,-0.08588119677663353,-0.2810005560813385,0.353674713747377,0.06418669803252185,0.010562662776643875,-0.055972118043396524,-0.017366190408722504,-0.10802632232481903,-0.20114859535261026,0.15611215891606328,0.130330875374321,0.05773995621033494,-0.015551840123192098,-0.016485880650166002
CD_Sweep_28ps:56,CD_Sweep_28ps,10.0,28.0,0.0,0.0,0.003981102154090128,-2.3999966783846425,-2.5952702024641,1.9316571097787725,0.05009828276016264,-0.04369447626693351,-0.06894895741572335,-0.21426744444300577,0.05456557584975026,0.07562466538954228,0.058966246203918465,0.005147208332653564,-2.5952702024641,1.9316571097787725,0.05009828276016264,-0.04369447626693351,-0.06894895741572335,-0.21426744444300577,0.42868714333831015,0.05456557584975026,0.07562466538954228,0.058966246203918465,0.005147208332653564,-0.07951016547165965,-0.09357190885265712,0.2299576989971418,0.11299328765639094,0.10046768902765355,0.07802415463683177,0.041990299814644735
CD_Sweep_28ps:57,CD_Sweep_28ps,10.0,28.0,0.0,0.0,0.0027834676886480773,-2.555413815752153,-1.0610903813803902,2.220900785959684,-0.07676388727693825,0.022927712768263532,0.006273882796351778,-0.3544850032309672,0.04982592815555829,0.046676554939787944,-0.07783992623615683,0.04282099872423642,-1.0610903813803902,2.220900785959684,-0.07676388727693825,0.022927712768263532,0.006273882796351778,-0.3544850032309672,0.32238610587173977,0.04982592815555829,0.046676554939787944,-0.07783992623615683,0.04282099872423642,-0.06362094622963585,-0.24679286901031416,0.15461584413977436,0.09887392619989677,0.06043145389154709,-0.02978537087387708,0.02522809488551241
CD_Sweep_28ps:58,CD_Sweep_28ps,10.0,28.0,0.0,0.0,0.024650621118012424,-1.6081721333957988,0.1661414020737484,2.128420726737325,-0.0986449359123823,0.03136768418017921,-0.05457173979941666,-0.3121810267393972,-0.06824852278417096,0.14706585063899685,-0.008385356843777603,-0.07894412249794969,0.1661414020737484,2.128420726737325,-0.0986449359123823,0.03136768418017921,-0.05457173979941666,-0.3121810267393972,0.2005907606037296,-0.06824852278417096,0.14706585063899685,-0.008385356843777603,-0.07894412249794969,-0.10883227068341124,-0.26451738254118295,0.020318272902106485,-0.02609207992447412,0.09273862025618732,0.013138996222302924,-0.060415849968027034
CD_Sweep_28ps:59,CD_Sweep_28ps,10.0,28.0,0.0,0.0,0.00816869300911854,-2.0878474250263124,2.7430253087459064,-0.34274507430347456,0.06269528435239642,-0.09370637405983474,0.030862665804055223,-0.24596160062250105,-0.01823903599947815,0.09970356887998583,-0.005880866853764044,-0.09580297218151645,2.7430253087459064,-0.34274507430347456,0.06269528435239642,-0.09370637405983474,0.030862665804055223,-0.24596160062250105,0.3471476312464681,-0.01823903599947815,0.09970356887998583,-0.005880866853764044,-0.09580297218151645,-0.04392986970923832,-0.16136668077879524,0.19812275679413383,0.11308781408174706,0.12308313587430036,0.03733837225147205,-0.061818598630461005
CD_Sweep_28ps:seed,CD_Sweep_28ps,10.0,28.0,0.0,0.0,0.0006938020351526364,-3.1587644305616105,0.0,0.0,0.0,0.0,-0.034,-0.2987,0.0,0.0582,0.0,0.0,0.0,0.0,0.0,0.0,-0.034,-0.2987,0.6091,0.0,0.0582,0.0,0.0,-0.052188405945489916,-0.10382377427059077,0.26491358977406954,0.11599723138381955,0.0761699149305459,0.03230847320985559,0.018608578004748293
DGD_Sweep_2ps:0,DGD_Sweep_2ps,10.0,0.0,2.0,45.0,0.0011645962732919255,-2.933824603968112,-1.4373624392764466,-1.379132290026417,0.07738022563819169,-0.04850390651933439,0.04518703934348854,-0.21648151068825977,-0.07439563399255927,0.11689948662944943,-0.009337668932141196,-0.046969338799972275,-1.4373624392764466,-1.379132290026417,0.07738022563819169,-0.04850390651933439,0.04518703934348854,-0.21648151068825977,0.3648451894566034,-0.07439563399255927,0.11689948662944943,-0.009337668932141196,-0.046969338799972275,-0.00800179806713538,-0.12110427053668486,0.2765995011189832,0.04697614621646982,0.12427179719220646,0.022427944176145246,-0.03031783722690582
DGD_Sweep_2ps:1,DGD_Sweep_2ps,10.0,0.0,2.0,45.0,0.005410003964583058,-2.266802416631709,2.212147725791641,1.68381045613942,0.010804428451438808,-0.028679916797934246,-0.07110249277605604,-0.1998994822771692,0.02709731715834194,0.03493955627681987,0.07430939618094164,0.07946375673004871,2.212147725791641,1.68381045613942,0.010804428451438808,-0.028679916797934246,-0.07110249277605604,-0.1998994822771692,0.47370365335124953,0.02709731715834194,0.03493955627681987,0.07430939618094164,0.07946375673004871,-0.06921948858522584,-0.08936443012133906,0.20367480751238232,0.1283690393553992,0.0827062041701569,0.0887905422442342,0.09212413971981932
DGD_Sweep_2ps:2,DGD_Sweep_2ps,10.0,0.0,2.0,45.0,0.0015693141271309633,-2.804290115670663,2.499715930678457,0.5538378723199164,0.008868709955163935,-0.004510741888280756,-0.05196050826579027,-0.24575324773027699,-0.09061836019744235,0.015683653147122695,0.0797471654140854,-0.05797577879311211,2.499715930678457,0.5538378723199164,0.008868709955163935,-0.004510741888280756,-0.05196050826579027,-0.24575324773027699,0.44488183460872555,-0.09061836019744235,0.015683653147122695,0.0797471654140854,-0.05797577879311211,-0.08306367862466586,-0.1623660746317138,0.24765114170401242,0.06935652455893224,0.0431792510473872,0.07332511777913739,-0.0037716939095308964
DGD_Sweep_2ps:3,DGD_Sweep_2ps,10.0,0.0,2.0,45.0,0.001172855821329457,-2.9307553722404354,-0.8670793352143381,-2.79742709039058,-0.003622831816884209,0.06988592576284283,0.026626415738610916,-0.2627209469015522,0.07729600825498109,0.11397212081528435,-0.02600172225342028,-0.05147316630418608,-0.8670793352143381,-2.79742709039058,-0.003622831816884209,0.06988592576284283,0.026626415738610916,-0.2627209469015522,0.3684008621522381,0.07729600825498109,0.11397212081528435,-0.02600172225342028,-0.05147316630418608,-0.004710390984311417,-0.12144047307701496,0.22065726084207007,0.14518151846253138,0.12252359755016345,0.013186528386304056,-0.030408913916608805
DGD_Sweep_2ps:4,DGD_Sweep_2ps,10.0,0.0,2.0,45.0,0.005087881591119334,-2.2934630044590665,-0.507103351672861,-2.6471896979344747,0.06264176535279649,0.027896282947900766,-0.04761035242452204,-0.28358353525268437,0.026128903448906685,-0.027688284997130524,0.08964307107418064,-0.08814827540913572,-0.507103351672861,-2.6471896979344747,0.06264176535279649,0.027896282947900766,-0.04761035242452204,-0.28358353525268437,0.3466595290927428,0.026128903448906685,-0.027688284997130524,0.08964307107418064,-0.08814827540913572,-0.07716633630637731,-0.18907463228362253,0.21209506011682117,0.0923777695272721,0.026298090611108195,0.061445586462975356,-0.046735322900927044
DGD_Sweep_2ps:5,DGD_Sweep_2ps,10.0,0.0,2.0,45.0,0.006904982159376239,-2.1608374391844754,-1.515016700457841,0.9351516971414513,-0.029622362562027174,0.05410131874727928,-0.11891371257553549,-0.29843705599455783,0.08170006751530566,0.034005252459827356,0.032860101170999294,-0.09272571178036845,-1.515016700457841,0.9351516971414513,-0.029622362562027174,0.05410131874727928,-0.11891371257553549,-0.29843705599455783,0.2576344171940994,0.08170006751530566,0.034005252459827356,0.032860101170999294,-0.09272571178036845,-0.1354332580476823,-0.225719329168895,0.11797298591213926,0.09967178417153924,0.06467048356805327,0.030488827835963943,-0.05461160630435595
DGD_Sweep_2ps:6,DGD_Sweep_2ps,10.0,0.0,2.0,45.0,0.0007640081934716532,-3.116901983884459,-0.7935898815173118,0.4242940056126814,0.07379179096168363,-0.024197639597092514,-0.013173102701324449,-0.27242392705612567,-0.030123056945304583,-0.037386836076438695,-0.02810564311638011,-0.06317060059712347,-0.7935898815173118,0.4242940056126814,0.07379179096168363,-0.024197639597092514,-0.013173102701324449,-0.27242392705612567,0.4576274029485269,-0.030123056945304583,-0.037386836076438695,-0.02810564311638011,-0.06317060059712347,-0.052606763555177787,-0.1406638698364179,0.2716202411544844,0.0746711120911021,0.00010534631708180026,-0.029014768997614838,-0.05179830779831456
DGD_Sweep_2ps:7,DGD_Sweep_2ps,10.0,0.0,2.0,45.0,0.03353789480639619,-1.4744642017973044,1.5757694346084332,-1.9316589450875508,0.02405875574345802,-0.03227970478840091,-0.1131926786320225,-0.2030498896526394,0.08680833107798565,-0.011084707051140313,-0.09945137909908337,0.0698991460742104,1.5757694346084332,-1.9316589450875508,0.02405875574345802,-0.03227970478840091,-0.1131926786320225,-0.2030498896526394,0.3601754078810595,0.08680833107798565,-0.011084707051140313,-0.09945137909908337,0.0698991460742104,-0.11954124994695967,-0.13692563838739863,0.19682246766201192,0.15030952737792683,0.036700946451875945,-0.04643634671399763,0.027075049789658655
DGD_Sweep_2ps:8,DGD_Sweep_2ps,10.0,0.0,2.0,45.0,0.0038943768996960487,-2.409562019550145,-1.1841894079289048,0.30619787240371843,-0.09293596006608784,0.048152548280687026,0.03707528294708691,-0.2103888621830237,-0.03488944924713807,0.09669617029629334,0.018206281658658497,0.00711697689472084,-1.1841894079289048,0.30619787240371843,-0.09293596006608784,0.048152548280687026,0.03707528294708691,-0.2103888621830237,0.45453846842630374,-0.03488944924713807,0.09669617029629334,0.018206281658658497,0.00711697689472084,-0.003441313715694653,-0.07165881213230994,0.2705559779741578,0.08952881033145973,0.10606993099774702,0.056093314211239906,0.03369715333611388
DGD_Sweep_2ps:9,DGD_Sweep_2ps,10.0,0.0,2.0,45.0,0.028780395136778117,-1.5409032477675753,1.992263407208283,-1.8390204185801553,0.034005544309919845,0.05316667910080606,-0.12827725428999026,-0.2897071564657022,0.06959665659209406,-0.008360217532755426,0.07049483445180067,-0.004775746651100688,1.992263407208283,-1.8390204185801553,0.034005544309919845,0.05316667910080606,-0.12827725428999026,-0.2897071564657022,0.34161591060583074,0.06959665659209406,-0.008360217532755426,0.07049483445180067,-0.004775746651100688,-0.11247041846487647,-0.199452092754949,0.15050893967108075,0.12549546281016014,0.05333031620913775,0.06443226998985922,0.026865299550524607
DGD_Sweep_2ps:10,DGD_Sweep_2ps,10.0,0.0,2.0,45.0,0.0202111140478393,-1.6944097472717028,-1.3314321418351667,-2.0096837636786056,0.005986380560824323,-0.09127175563510635,-0.038863398597230356,-0.26201048727722204,-0.001451106867151053,0.05798106342856599,-0.07120764765054398,-0.06822750577209102,-1.3314321418351667,-2.0096837636786056,0.005986380560824323,-0.09127175563510635,-0.038863398597230356,-0.26201048727722204,0.40300065421126485,-0.001451106867151053,0.05798106342856599,-0.07120764765054398,-0.06822750577209102,-0.09449687138647907,-0.1485273485673126,0.23237401737541824,0.08259130747073433,0.05820155837020384,-0.04246203336563163,-0.0587576091342901
DGD_Sweep_2ps:11,DGD_Sweep_2ps,10.0,0.0,2.0,45.0,0.04425465838509317,-1.3540410073513018,1.6913274277587957,1.8323437079875486,-0.04092836964791346,-0.0475138484939564,0.053790113725434255,-0.3408250020560517,-0.09401031744576319,0.07809115781120558,0.09433370265564482,-0.050507488164030695,1.6913274277587957,1.8323437079875486,-0.04092836964791346,-0.0475138484939564,0.053790113725434255,-0.3408250020560517,0.19999999999999996,-0.09401031744576319,0.07809115781120558,0.09433370265564482,-0.050507488164030695,-0.04470513683541583,-0.29157065462003556,0.009252107561884892,-0.06023959427689766,0.04697842243879358,0.09289167995839451,-0.0035802371143899103
DGD_Sweep_2ps:12,DGD_Sweep_2ps,10.0,0.0,2.0,45.0,0.002465475089203119,-2.608099381158104,0.6000379453526565,2.88730220151782,-0.03051522645317356,0.06613784301887833,-0.02192089934193601,-0.30876937884270295,0.07346048928710198,0.07584363994169496,-0.02213156018667515,-0.03929758028853691,0.6000379453526565,2.88730220151782,-0.03051522645317356,0.06613784301887833,-0.02192089934193601,-0.30876937884270295,0.36192338263930013,0.07346048928710198,0.07584363994169496,-0.02213156018667515,-0.03929758028853691,-0.04351923421711972,-0.18172850679736485,0.17204595721048743,0.14640035416136624,0.11701865149724545,0.03653356800559131,-0.002254047630163628
DGD_Sweep_2ps:13,DGD_Sweep_2ps,10.0,0.0,2.0,45.0,0.02478690366063169,-1.6057777211986393,-2.58125831395779,-0.5667441067697817,-0.050087546825297445,0.0670836945433837,-0.04031294012416776,-0.37056603372089036,0.045058573250556073,0.14995765060337776,0.04442763431418633,-0.03250592661814051,-2.58125831395779,-0.5667441067697817,-0.050087546825297445,0.0670836945433837,-0.04031294012416776,-0.37056603372089036,0.20000000000000007,0.045058573250556073,0.14995765060337776,0.04442763431418633,-0.03250592661814051,-0.08405123842232531,-0.25065386709466353,0.07302699408056788,0.06939154739975453,0.1331861864310401,0.06329329603456291,0.0003554202342407707
DGD_Sweep_2ps:14,DGD_Sweep_2ps,10.0,0.0,2.0,45.0,0.08075360116294436,-1.0928381014386854,2.514206521600271,-0.3792347614336621,-0.07875093465272966,-0.07563270013863993,-0.06748363495046811,-0.2189597757414046,-0.04887588673628318,0.14952253287665654,0.08261374825096156,0.033743837428164496,2.514206521600271,-0.3792347614336621,-0.07875093465272966,-0.07563270013863993,-0.06748363495046811,-0.2189597757414046,0.24441694922469193,-0.04887588673628318,0.14952253287665654,0.08261374825096156,0.033743837428164496,-0.12008481808699437,-0.1706816349273431,0.0749235326286732,0.03218346542451721,0.11920908125542623,0.11723673817431814,0.0762389915750922
DGD_Sweep_2ps:15,DGD_Sweep_2ps,10.0,0.0,2.0,45.0,0.06506045989163473,-1.1866828711541757,0.14752593746954723,-1.6571090822768366,-0.020416947820660305,-0.07286871367806409,0.021369208963043534,-0.25472585686160354,-0.0725160831884332,0.12278926265563994,-0.055230381711469594,-0.09504642734632945,0.14752593746954723,-1.6571090822768366,-0.020416947820660305,-0.07286871367806409,0.021369208963043534,-0.25472585686160354,0.2850371177747564,-0.0725160831884332,0.12278926265563994,-0.055230381711469594,-0.09504642734632945,-0.06501538010655515,-0.2071786945087933,0.17475564789740775,0.027819395493309442,0.113767865582092,-0.029944752426915442,-0.1016835860558368
DGD_Sweep_2ps:16,DGD_Sweep_2ps,10.0,0.0,2.0,45.0,0.0004212369499141007,-3.375473540525556,-0.15536147423142654,-0.7334337641732525,-0.026607346293742364,-0.06010751197141964,-0.13350380506611778,-0.38177617066012703,-0.00577788978975794,0.041885480061226436,-0.014796145864367961,-0.01899949511306838,-0.15536147423142654,-0.7334337641732525,-0.026607346293742364,-0.06010751197141964,-0.13350380506611778,-0.38177617066012703,0.3165461551801725,-0.00577788978975794,0.041885480061226436,-0.014796145864367961,-0.01899949511306838,-0.15726734978257345,-0.24889697931892335,0.08948156126178085,0.0358506985979043,0.03352856026877233,-0.001863913503913131,-0.011884771064166376
DGD_Sweep_2ps:17,DGD_Sweep_2ps,10.0,0.0,2.0,45.0,0.0065704704638562175,-2.1824035326408917,-2.4607726313134424,-2.1411473460765196,-0.08742637002822748,-0.09628464914409642,-0.07778334804626186,-0.20820788297822307,-0.029944209327852966,0.06993654837875937,-0.010784775226433696,-0.06529872285323308,-2.4607726313134424,-2.1411473460765196,-0.08742637002822748,-0.09628464914409642,-0.07778334804626186,-0.20820788297822307,0.35433349401691205,-0.029944209327852966,0.06993654837875937,-0.010784775226433696,-0.06529872285323308,-0.12458463863335839,-0.12454772435960451,0.21445277713165034,0.04628970179651013,0.066526993849474,-0.0004933989961263805,-0.04335962438496667
DGD_Sweep_2ps:18,DGD_Sweep_2ps,10.0,0.0,2.0,45.0,0.002069016783401612,-2.6842359864202274,1.0306734280205263,-1.5407004663857107,0.047555192274813,-0.012778714880402376,-0.08649425040402625,-0.23219922494201262,0.05027251458661737,0.060521396515469054,-0.01969877570123102,0.038942895230059255,1.0306734280205263,-1.5407004663857107,0.047555192274813,-0.012778714880402376,-0.08649425040402625,-0.23219922494201262,0.45153703546536905,0.05027251458661737,0.060521396515469054,-0.01969877570123102,0.038942895230059255,-0.08415504790655845,-0.11555324822499873,0.22614354528250732,0.13875748406637342,0.0860913380297758,0.02652909376180382,0.035088045939668654
DGD_Sweep_2ps:19,DGD_Sweep_2ps,10.0,0.0,2.0,45.0,0.003427712435575525,-2.464995619911399,-1.7055280220679743,-2.9267272476859927,-0.04543814232650433,-0.04252982712782454,-0.09662637208955553,-0.37738450917544497,-0.03862814552124812,0.04994226196701334,0.05111732547816453,0.04395583729180257,-1.7055280220679743,-2.9267272476859927,-0.04543814232650433,-0.04252982712782454,-0.09662637208955553,-0.37738450917544497,0.25437757902244207,-0.03862814552124812,0.04994226196701334,0.05111732547816453,0.04395583729180257,-0.14097210926792,-0.2523027100565596,0.08635069512767003,0.006924918874297138,0.04656854916700101,0.05513923155406842,0.04931732947029453
DGD_Sweep_2ps:20,DGD_Sweep_2ps,10.0,0.0,2.0,45.0,0.016424111272631162,-1.7845181213014927,0.76040278777123,-2.3214328648427003,0.08939888953207505,0.06203122984543235,0.018330673637315498,-0.2267139753157324,-0.021090883589272493,-0.03154613714236473,-0.08760538684131296,-0.0123538937628083,0.76040278777123,-2.3214328648427003,0.08939888953207505,0.06203122984543235,0.018330673637315498,-0.2267139753157324,0.4509289303336862,-0.021090883589272493,-0.03154613714236473,-0.08760538684131296,-0.0123538937628083,0.008177336413347292,-0.08518340013162388,0.26734312245615527,0.0937445399749673,-0.00325341362185042,-0.06674914123411195,-0.03453650764930535
DGD_Sweep_2ps:21,DGD_Sweep_2ps,10.0,0.0,2.0,45.0,0.036185079952425,-1.4414704634453166,-2.2619715497229413,-1.2576257481415491,-0.03834346446071445,-0.05931262047246876,-0.04452104342213073,-0.2418515736049425,-0.04011178005062101,-0.020897710465667824,-0.0658912030905923,-0.07644221567173921,-2.2619715497229413,-1.2576257481415491,-0.03834346446071445,-0.05931262047246876,-0.04452104342213073,-0.2418515736049425,0.4126283887611232,-0.04011178005062101,-0.020897710465667824,-0.0658912030905923,-0.07644221567173921,-0.09514901380316475,-0.13370816844686084,0.25169544815365136,0.03628363897201971,-0.010947741511144329,-0.06498373963558485,-0.07276587085735278
DGD_Sweep_2ps:22,DGD_Sweep_2ps,10.0,0.0,2.0,45.0,0.003134498480243161,-2.5038319363919928,2.361175822006576,-2.2862145400804774,0.08583288763503932,-0.009620027052038606,0.023623168900249764,-0.3024248143783301,0.021450027106525372,0.03963514958933391,0.03706129177062261,0.04934182507215008,2.361175822006576,-2.2862145400804774,0.08583288763503932,-0.009620027052038606,0.023623168900249764,-0.3024248143783301,0.4310108084957103,0.021450027106525372,0.03963514958933391,0.03706129177062261,0.04934182507215008,-0.01701338032432922,-0.1481637338871062,0.2153757352150157,0.1308001775861822,0.07899234610037494,0.0605382206393758,0.058700580554430726
DGD_Sweep_2ps:23,DGD_Sweep_2ps,10.0,0.0,2.0,45.0,0.013871910929033964,-1.857863708445809,-2.6523322961365166,-0.6328902626693668,-0.07322033074936991,0.009662220519641052,-6.79231027926816e-05,-0.32901212873467656,0.018932939842138976,0.13878060724036118,-0.09208663550676674,0.07297897820601085,-2.6523322961365166,-0.6328902626693668,-0.07322033074936991,0.009662220519641052,-6.79231027926816e-05,-0.32901212873467656,0.26525823609824206,0.018932939842138976,0.13878060724036118,-0.09208663550676674,0.07297897820601085,-0.0705962859140227,-0.23482750003081054,0.1476176992191408,0.07527008416001045,0.11796970366236537,-0.026400788034672117,0.057020776148092506
DGD_Sweep_2ps:24,DGD_Sweep_2ps,10.0,0.0,2.0,45.0,0.0034813994978194793,-2.458246137662731,0.31858462635602436,-0.408584468913224,0.08331760314031196,-0.08753897033846372,0.010997598503833111,-0.2367539338509845,0.09557361562148,0.08816765991245136,0.0016722644724315395,-0.002718914965367836,0.31858462635602436,-0.408584468913224,0.08331760314031196,-0.08753897033846372,0.010997598503833111,-0.2367539338509845,0.393259439194676,0.09557361562148,0.08816765991245136,0.0016722644724315395,-0.002718914965367836,-0.03925314691806591,-0.10678966327414884,0.20812152495044456,0.15821233329706635,0.11791263831309674,0.04920678667255435,0.02234556689756008
DGD_Sweep_2ps:25,DGD_Sweep_2ps,10.0,0.0,2.0,45.0,0.08873645434121845,-1.0518979284570498,-2.847478759156353,0.7263341876348943,0.015843725676353348,0.09519100680967463,0.0479513368181233,-0.39343873365984755,0.05542899280578915,0.045711633615283284,-0.05251726791344938,0.08780834406139262,-2.847478759156353,0.7263341876348943,0.015843725676353348,0.09519100680967463,0.0479513368181233,-0.39343873365984755,0.20610895864008671,0.05542899280578915,0.045711633615283284,-0.05251726791344938,0.08780834406139262,-0.008591235405525697,-0.27418171725375934,0.09762959958092073,0.0717352521513327,0.049486094340737856,-0.010220645955312982,0.07139890401407545
DGD_Sweep_2ps:26,DGD_Sweep_2ps,10.0,0.0,2.0,45.0,0.0009291991542222809,-3.0318911941761106,-0.31400638512263,0.6196768362415557,-0.06179211805806704,0.039640890782678184,-0.08738899497237451,-0.27832856955971674,-0.06398969034340322,-0.002012141208738605,-0.04833480500660756,0.08000169860875093,-0.31400638512263,0.6196768362415557,-0.06179211805806704,0.039640890782678184,-0.08738899497237451,-0.27832856955971674,0.3385110914596632,-0.06398969034340322,-0.002012141208738605,-0.04833480500660756,0.08000169860875093,-0.13028739519434865,-0.22724117003543814,0.18011530352817018,0.014355968966030887,-0.009047520792121368,-0.033241964718920734,0.05542135875924556
DGD_Sweep_2ps:27,DGD_Sweep_2ps,10.0,0.0,2.0,45.0,0.000619466102814854,-3.207982453231792,-2.7264498535473214,-2.5073413022786677,0.06969506512140425,-0.06693176185324416,-0.09863025151365665,-0.267738193256668,-0.06970736877210303,0.05482891753096182,-0.037931921051132814,0.01230419898350681,-2.7264498535473214,-2.5073413022786677,0.06969506512140425,-0.06693176185324416,-0.09863025151365665,-0.267738193256668,0.32223232191732243,-0.06970736877210303,0.05482891753096182,-0.037931921051132814,0.01230419898350681,-0.1513338845901641,-0.19586027480220936,0.19881388589561147,0.0001814022750245409,0.042322182648590445,-0.01904429596112321,0.008598727976626062
DGD_Sweep_2ps:28,DGD_Sweep_2ps,10.0,0.0,2.0,45.0,0.0504864873794106,-1.2968248444918153,0.2696631180343094,1.058771624433768,-0.0660576231535163,-0.06664575612919721,-0.0243035169442002,-0.2228985926197406,0.0639250739928715,0.12146378918192431,-0.06974330393176734,0.09184478499273335,0.2696631180343094,1.058771624433768,-0.0660576231535163,-0.06664575612919721,-0.0243035169442002,-0.2228985926197406,0.2731175590540492,0.0639250739928715,0.12146378918192431,-0.06974330393176734,0.09184478499273335,-0.08947297118503818,-0.15952097485050304,0.13480390258556119,0.12168035930600014,0.12593110347774236,0.017180759832641893,0.0768272398914866
DGD_Sweep_2ps:29,DGD_Sweep_2ps,10.0,0.0,2.0,45.0,0.003163406898374521,-2.4998449426548692,1.4719590280074724,1.7498242210211332,0.03328636904606879,-0.09784284936269928,0.014727689548892975,-0.25046780706891186,0.03921604175653786,0.014658762858549793,0.02031641109319773,0.07543809541371232,1.4719590280074724,1.7498242210211332,0.03328636904606879,-0.09784284936269928,0.014727689548892975,-0.25046780706891186,0.4540459738514294,0.03921604175653786,0.014658762858549793,0.02031641109319773,0.07543809541371232,-0.048672012086224355,-0.11546602639742823,0.21703098897216463,0.13579062696807342,0.07152805205339681,0.05640553291750792,0.07872265534122304
DGD_Sweep_2ps:30,DGD_Sweep_2ps,10.0,0.0,2.0,45.0,0.004501453680454606,-2.3466472143468495,2.7848512838273405,-1.7580993162266016,0.026798947603070736,0.023908283181852254,0.06448062146013431,-0.34899896088474813,-0.056857890618704776,0.00850019450311295,0.061925955021790685,0.06157343905765181,2.7848512838273405,-1.7580993162266016,0.026798947603070736,0.023908283181852254,0.06448062146013431,-0.34899896088474813,0.34695570766893424,-0.056857890618704776,0.00850019450311295,0.061925955021790685,0.06157343905765181,0.015756682257300446,-0.2379109196621482,0.17388679403390536,0.055500397917222714,0.031830771764918296,0.0769853664562858,0.09261136265162553
DGD_Sweep_2ps:31,DGD_Sweep_2ps,10.0,0.0,2.0,45.0,0.04393253601162944,-1.3572137263029118,1.7573539755830574,-1.4947524439775748,0.020571234593936574,-0.08592238449479361,-0.02052527882555121,-0.3831746470561918,0.015547837840254332,0.14256215288139354,-0.004098400808332059,0.09567856151989294,1.7573539755830574,-1.4947524439775748,0.020571234593936574,-0.08592238449479361,-0.02052527882555121,-0.3831746470561918,0.23191950197965394,0.015547837840254332,0.14256215288139354,-0.004098400808332059,0.09567856151989294,-0.08982884100600701,-0.2494179503203976,0.035971880035873864,0.05527304153698375,0.110986674081595,0.057149200149387985,0.08307465060787152
DGD_Sweep_2ps:32,DGD_Sweep_2ps,10.0,0.0,2.0,45.0,0.00357638430025109,-2.4465558202701265,0.48791714337863556,1.9621985546434046,-0.04553944170901797,0.06905804690266733,0.048810840865795214,-0.361938115134755,0.03148658614187912,0.14059695001284442,0.05187458695078693,0.050695432282254,0.48791714337863556,1.9621985546434046,-0.04553944170901797,0.06905804690266733,0.048810840865795214,-0.361938115134755,0.19999999999999996,0.03148658614187912,0.14059695001284442,0.05187458695078693,0.050695432282254,-0.0002696414769821382,-0.2313941595801379,0.04105824147712153,0.06464867832784013,0.13605828282673058,0.10509922256208935,0.08679412333767496
DGD_Sweep_2ps:33,DGD_Sweep_2ps,10.0,0.0,2.0,45.0,0.049119532179199156,-1.3087457781242144,-1.8270336791762745,2.214442714111949,0.04082660685828243,0.043052160433394465,-0.07628012290353685,-0.21207102545468298,-0.07673199087352263,0.023735366074520432,-0.0954310268655798,-0.040331132307147355,-1.8270336791762745,2.214442714111949,0.04082660685828243,0.043052160433394465,-0.07628012290353685,-0.21207102545468298,0.39154056822933303,-0.07673199087352263,0.023735366074520432,-0.0954310268655798,-0.040331132307147355,-0.08912221054296865,-0.13145203145712223,0.26385245140125385,0.03214586452037943,0.021584075961838495,-0.07682276151596062,-0.05564954382526548
DGD_Sweep_2ps:34,DGD_Sweep_2ps,10.0,0.0,2.0,45.0,0.008445387868375842,-2.0733803999441127,0.08100871753265881,0.8302774827087762,-0.036472531118097486,-0.05410210675166963,-0.12675956902101293,-0.29359426908371855,-0.013518447263843903,0.13789554963670275,0.05472006377905612,-0.04564085242457055,0.08100871753265881,0.8302774827087762,-0.036472531118097486,-0.05410210675166963,-0.12675956902101293,-0.29359426908371855,0.23729661092132803,-0.013518447263843903,0.13789554963670275,0.05472006377905612,-0.04564085242457055,-0.15559520041293085,-0.2260535068807761,0.05283999422925591,0.02888096577568125,0.1034011114945274,0.06798097178243853,-0.0018913228250590061
DGD_Sweep_2ps:35,DGD_Sweep_2ps,10.0,0.0,2.0,45.0,0.0010820007929166116,-2.9657724209677276,-2.065699004504796,2.084186824684795,0.05402230483120532,-0.0017004821263991944,0.004296213655715114,-0.369963413270975,-0.017383154893842345,0.029116489252918258,0.026341335837552715,0.0011979335747045905,-2.065699004504796,2.084186824684795,0.05402230483120532,-0.0017004821263991944,0.004296213655715114,-0.369963413270975,0.4959786725566875,-0.017383154893842345,0.029116489252918258,0.026341335837552715,0.0011979335747045905,-0.04633592582046799,-0.17718803600249924,0.2516751539215406,0.07505492899691586,0.058183686466890004,0.04287247082404529,0.02553356903518193
DGD_Sweep_2ps:36,DGD_Sweep_2ps,10.0,0.0,2.0,45.0,0.004253667239328664,-2.371236487582301,1.375441624295534,1.484660022179048,0.018545839535278774,-0.021152978651488054,-0.03531827446537223,-0.24471914445206888,0.0026600083837389657,0.12827594984504048,0.04565227944785699,0.02378466446508505,1.375441624295534,1.484660022179048,0.018545839535278774,-0.021152978651488054,-0.03531827446537223,-0.24471914445206888,0.4798908607540706,0.0026600083837389657,0.12827594984504048,0.04565227944785699,0.02378466446508505,-0.05194814689162026,-0.10202553244210591,0.2075219075980684,0.12043508880151392,0.12643310252985965,0.08937877263205894,0.06087589764789792
DGD_Sweep_2ps:37,DGD_Sweep_2ps,10.0,0.0,2.0,45.0,0.0019575128848949384,-2.708295370613388,-1.9293636026105108,-2.833954762695134,-0.010836663897982868,0.04341724099415072,-0.004954865112993492,-0.35803725813221177,0.0327021728760706,0.14790207780305956,0.010034568357248742,0.013725610624759122,-1.9293636026105108,-2.833954762695134,-0.010836663897982868,0.04341724099415072,-0.004954865112993492,-0.35803725813221177,0.3783895422015231,0.0327021728760706,0.14790207780305956,0.010034568357248742,0.013725610624759122,-0.05141230445364484,-0.18823239431613398,0.19665869827579796,0.09960355543169563,0.13057226478733283,0.04604039738576001,0.025031439265850816
DGD_Sweep_2ps:38,DGD_Sweep_2ps,10.0,0.0,2.0,45.0,0.0028082463327606714,-2.5515647995812367,-2.183833218742196,1.3160562307226658,0.08990238330161493,-0.014459024662319523,-0.12172105266005846,-0.323517263565817,0.056767608375564195,0.10360589836186232,-0.06227992147492135,-0.02774684759784224,-2.183833218742196,1.3160562307226658,0.08990238330161493,-0.014459024662319523,-0.12172105266005846,-0.323517263565817,0.20000000000000007,0.056767608375564195,0.10360589836186232,-0.06227992147492135,-0.02774684759784224,-0.14169338577384927,-0.24438471486994345,0.06463245893390797,0.06684129070282252,0.08163079223648939,-0.024583011694876096,-0.02556640348555442
DGD_Sweep_2ps:39,DGD_Sweep_2ps,10.0,0.0,2.0,45.0,0.0005120919783269459,-3.290652027125238,1.1684076759655677,-0.011355044317719942,-0.019554346700136685,0.03531715106928581,0.05971613047855083,-0.34848481393677255,0.004909792759644139,0.06787600541376093,-0.07607941921773043,0.017955232599321504,1.1684076759655677,-0.011355044317719942,-0.019554346700136685,0.03531715106928581,0.05971613047855083,-0.34848481393677255,0.37010710782479705,0.004909792759644139,0.06787600541376093,-0.07607941921773043,0.017955232599321504,0.0039641265273244585,-0.21791235201538114,0.20100870507670185,0.11465439473287359,0.0880080480703167,-0.021716918071322495,0.006527092050699989
DGD_Sweep_2ps:40,DGD_Sweep_2ps,10.0,0.0,2.0,45.0,0.0008589929959032642,-3.0660103773247114,-0.29632991467036385,-0.15931100846893487,-0.05371842157834231,-0.03790875890443594,-0.057482755832298844,-0.30821581524846187,-0.053676156296059443,0.09985186581059462,-0.04587762619487863,-0.022860682391531984,-0.29632991467036385,-0.15931100846893487,-0.05371842157834231,-0.03790875890443594,-0.057482755832298844,-0.30821581524846187,0.3204079177433964,-0.053676156296059443,0.09985186581059462,-0.04587762619487863,-0.022860682391531984,-0.12508619393734613,-0.23694773267074662,0.14586970331410687,0.02987299779187606,0.07861167775226996,-0.012519733173016646,-0.021924747214552853
DGD_Sweep_2ps:41,DGD_Sweep_2ps,10.0,0.0,2.0,45.0,0.00786308973172988,-2.1044067682390177,1.2947959933515842,1.2350266217526622,-0.07486194516072646,0.05936024323833065,-0.028963494715114852,-0.3002370753715896,-0.00687451712227003,0.09114314348694057,-0.04182943513489806,0.05081750025131542,1.2947959933515842,1.2350266217526622,-0.07486194516072646,0.05936024323833065,-0.028963494715114852,-0.3002370753715896,0.3459126455188144,-0.00687451712227003,0.09114314348694057,-0.04182943513489806,0.05081750025131542,-0.06521976805053317,-0.21389794205180288,0.16910127786141024,0.0956691714843861,0.10307004771709947,0.02178546528170568,0.052247339799773786
DGD_Sweep_2ps:42,DGD_Sweep_2ps,10.0,0.0,2.0,45.0,0.08598189507070172,-1.065592987112956,-2.941155695893613,2.420478317757002,0.03694762455936188,0.08650290141095372,-0.062321861884261615,-0.3320873441572249,0.08618537569551109,0.10075232183502518,-0.07524152196244482,0.019961048495216866,-2.941155695893613,2.420478317757002,0.03694762455936188,0.08650290141095372,-0.062321861884261615,-0.3320873441572249,0.19999999999999996,0.08618537569551109,0.10075232183502518,-0.07524152196244482,0.019961048495216866,-0.08544807797406502,-0.24400887028393714,0.0918772865109339,0.10157635248452239,0.09636624148976661,-0.022104502029680406,0.016320530692005553
DGD_Sweep_2ps:43,DGD_Sweep_2ps,10.0,0.0,2.0,45.0,0.09098305140742699,-1.0410395018082754,0.5984766611579324,-0.9591799439320255,0.04326366505934389,0.08014866698479446,-0.08970814736774987,-0.35629828962148224,-0.08395422391804766,0.1066554714424231,-0.03254422888284102,-0.007427306723317859,0.5984766611579324,-0.9591799439320255,0.04326366505934389,0.08014866698479446,-0.08970814736774987,-0.35629828962148224,0.19999999999999984,-0.08395422391804766,0.1066554714424231,-0.03254422888284102,-0.007427306723317859,-0.10187046402102987,-0.28579465836391055,0.02151785572096522,-0.032700739623731566,0.06003345351046773,-0.003990793019152763,-0.008741972107890723
DGD_Sweep_2ps:44,DGD_Sweep_2ps,10.0,0.0,2.0,45.0,0.0275786308973173,-1.5594272975691212,-0.046649304305448225,0.20540371544511093,-0.06816467368317967,0.08092130413604824,-0.008340374696615586,-0.2697956745546858,-0.06017456448868901,-0.01473089393527266,0.0918024784480067,0.06613932604257222,-0.046649304305448225,0.20540371544511093,-0.06816467368317967,0.08092130413604824,-0.008340374696615586,-0.2697956745546858,0.33993071001493014,-0.06017456448868901,-0.01473089393527266,0.0918024784480067,0.06613932604257222,-0.04018054723354721,-0.18803583947809058,0.20858416797059195,0.030606421933287633,0.015993162344841418,0.09921331838406862,0.10259924015557334
DGD_Sweep_2ps:45,DGD_Sweep_2ps,10.0,0.0,2.0,45.0,0.00033451169552002114,-3.4755886934088234,-2.334703359720054,-1.1859573801173258,0.0026968962097500882,0.020458026908880433,0.04230399955183037,-0.2580757904902851,-0.05282637951167283,-0.03274408512631091,0.041817300251979675,0.03069837641110995,-2.334703359720054,-1.1859573801173258,0.0026968962097500882,0.020458026908880433,0.04230399955183037,-0.2580757904902851,0.5183791455381807,-0.05282637951167283,-0.03274408512631091,0.041817300251979675,0.03069837641110995,-0.00660524471434139,-0.0894451596491527,0.3119342904294707,0.04841266908765088,0.008018046947802362,0.036878348460224045,0.03522882850702944
DGD_Sweep_2ps:46,DGD_Sweep_2ps,10.0,0.0,2.0,45.0,0.00357638430025109,-2.4465558202701265,-0.4660622735296026,2.9232936410722528,-0.08570022317908062,0.00627930179537346,-0.016801715783318145,-0.22876327100699517,-0.010457652924181528,0.06310047153305062,-0.0027134881137426017,0.05828437236464266,-0.4660622735296026,2.9232936410722528,-0.08570022317908062,0.00627930179537346,-0.016801715783318145,-0.22876327100699517,0.5278995032996152,-0.010457652924181528,0.06310047153305062,-0.0027134881137426017,0.05828437236464266,-0.048734551432321874,-0.08509916900585833,0.24711260946994257,0.10830008016273272,0.08589495987550695,0.049940599582027734,0.06508922343390279
DGD_Sweep_2ps:47,DGD_Sweep_2ps,10.0,0.0,2.0,45.0,0.003427712435575525,-2.464995619911399,0.9428796166105511,1.1153876903752968,-0.09738585069314887,-0.017521162234779477,-0.10580529211984334,-0.3195163075587111,0.04511710350971401,-0.023804724521844664,0.08626212160600816,0.028238426789425744,0.9428796166105511,1.1153876903752968,-0.09738585069314887,-0.017521162234779477,-0.10580529211984334,-0.3195163075587111,0.27634901096652464,0.04511710350971401,-0.023804724521844664,0.08626212160600816,0.028238426789425744,-0.1414197184385884,-0.23694652364812724,0.07229661534046045,0.05861863740974164,0.01502605604020339,0.060279982451661066,0.045603289970425336
DGD_Sweep_2ps:48,DGD_Sweep_2ps,10.0,0.0,2.0,45.0,0.07186219770054182,-1.1434995052690886,-1.0051953476669897,-1.0375819528152217,0.06393908071404089,0.08825373344267824,0.007216678707996235,-0.2881430730846985,0.07029780928742602,0.12801325288989246,-0.07760838488256015,-0.07275472080313398,-1.0051953476669897,-1.0375819528152217,0.06393908071404089,0.08825373344267824,0.007216678707996235,-0.2881430730846985,0.20377326618757352,0.07029780928742602,0.12801325288989246,-0.07760838488256015,-0.07275472080313398,-0.012114469162089138,-0.1969970607215764,0.10898329774581898,0.11838108463490148,0.13176642572720917,-0.029995428482038806,-0.0663282468077933
DGD_Sweep_2ps:49,DGD_Sweep_2ps,10.0,0.0,2.0,45.0,0.121510340954143,-0.9153867605165679,2.699302330144569,0.12445579179649835,0.09682910437661639,0.0993112576490145,-0.0009315249911523368,-0.34089507003860103,-0.08184575236303424,-0.015932737297442448,0.0695596489531028,-0.08618149709747003,2.699302330144569,0.12445579179649835,0.09682910437661639,0.0993112576490145,-0.0009315249911523368,-0.34089507003860103,0.20851340723356626,-0.08184575236303424,-0.015932737297442448,0.0695596489531028,-0.08618149709747003,0.007778326171031724,-0.25403264312837637,0.032898783831540906,-0.03680115237985322,-0.02675367385178468,0.029793745106987037,-0.05593849867598489
DGD_Sweep_2ps:50,DGD_Sweep_2ps,10.0,0.0,2.0,45.0,0.37433510638297873,-0.4267394414042772,-0.9493530261272255,-0.8575390141861275,-0.07596773475940972,-0.062420961629705674,-0.09346126733437238,-0.2926957191378618,-0.06937534792621099,0.05785695125586753,-0.06809021345801908,-0.08013180449855288,-0.9493530261272255,-0.8575390141861275,-0.07596773475940972,-0.062420961629705674,-0.09346126733437238,-0.2926957191378618,0.19999999999999996,-0.06937534792621099,0.05785695125586753,-0.06809021345801908,-0.08013180449855288,-0.14728111611820124,-0.23109205173522765,0.04488421389368439,-0.02905396376760134,0.01666986287629688,-0.060117313736291964,-0.07951869531895835
DGD_Sweep_2ps:51,DGD_Sweep_2ps,10.0,0.0,2.0,45.0,0.0020979252015329722,-2.678210000003554,2.8038347994266095,2.3448291286115115,-0.007047871159304786,-0.03495561772280286,-0.10140943919156477,-0.3144997576697975,0.06030419554988897,0.0938231661526949,-0.058367146210171354,-0.026129884847988696,2.8038347994266095,2.3448291286115115,-0.007047871159304786,-0.03495561772280286,-0.10140943919156477,-0.3144997576697975,0.30346292149578624,0.06030419554988897,0.0938231661526949,-0.058367146210171354,-0.026129884847988696,-0.12945257075443412,-0.23617207851065342,0.07459281685995055,0.100966761576421,0.09537094973209503,0.0029381260684169753,-0.019135734836042504
DGD_Sweep_2ps:52,DGD_Sweep_2ps,10.0,0.0,2.0,45.0,0.014582232060261663,-1.836175994724376,-1.6171070994669448,2.1892630523776226,0.05680867941294115,0.03132148530445884,0.05207522886395896,-0.2809156917710865,0.011787592177492524,-0.039145872069032195,0.09619593906548435,-0.08185935039416481,-1.6171070994669448,2.1892630523776226,0.05680867941294115,0.03132148530445884,0.05207522886395896,-0.2809156917710865,0.3498901609413807,0.011787592177492524,-0.039145872069032195,0.09619593906548435,-0.08185935039416481,0.015059843359799223,-0.16048874912027059,0.2449047543168839,0.09228774229182082,0.030739774766987835,0.0848384109562046,-0.028200765556639668
DGD_Sweep_2ps:53,DGD_Sweep_2ps,10.0,0.0,2.0,45.0,0.008527983348751156,-2.0691536562950534,1.8104734995469312,1.5256819014800804,-0.0015221944359910867,0.07838267548951738,-0.06172017208679659,-0.3381969710493771,-0.09533319968884868,0.0037836056267546714,0.009181002088354151,0.08532600819937829,1.8104734995469312,1.5256819014800804,-0.0015221944359910867,0.07838267548951738,-0.06172017208679659,-0.3381969710493771,0.326554171334982,-0.09533319968884868,0.0037836056267546714,0.009181002088354151,0.08532600819937829,-0.08015974398113358,-0.2717010929927927,0.12320361094881842,-0.008253542839033358,-0.01067262213906945,0.014085554472355773,0.0798860415722102
DGD_Sweep_2ps:54,DGD_Sweep_2ps,10.0,0.0,2.0,45.0,0.0004997026562706489,-3.301288341971023,0.8692730400076736,-0.27842590292255687,0.0706061847726764,-0.043557291763493745,-0.03110186344409564,-0.38815817826814625,-0.025581560864589514,0.13440988322293015,-0.03211007824656351,-0.03044618436047343,0.8692730400076736,-0.27842590292255687,0.0706061847726764,-0.043557291763493745,-0.03110186344409564,-0.38815817826814625,0.24402877505703136,-0.025581560864589514,0.13440988322293015,-0.03211007824656351,-0.03044618436047343,-0.09116305256167806,-0.2833668110574307,0.04888811752675036,0.028622212991745718,0.10038390395515136,0.011915211367208446,-0.018824253768571608
DGD_Sweep_2ps:55,DGD_Sweep_2ps,10.0,0.0,2.0,45.0,0.012443009118541034,-1.905074580614116,2.08144963190274,2.7723300768130184,-0.05728889960484616,0.0005759281872260713,0.03353138982317119,-0.3666541190253072,-0.04636418428454058,0.019509454686023657,0.005699472539536399,-0.015854491260193615,2.08144963190274,2.7723300768130184,-0.05728889960484616,0.0005759281872260713,0.03353138982317119,-0.3666541190253072,0.4545220605891551,-0.04636418428454058,0.019509454686023657,0.005699472539536399,-0.015854491260193615,-0.04099621121023081,-0.22829734883028166,0.20591858261716284,0.08725192446539663,0.04800340735076055,0.024680307304153812,0.004995946378698767
DGD_Sweep_2ps:56,DGD_Sweep_2ps,10.0,0.0,2.0,45.0,0.027735562310030396,-1.5569630248214619,-0.6244199476913409,2.6225547905013373,-0.01662773533695108,0.010166077985699308,-0.08186596954518481,-0.34296717064745696,0.09812845549969328,0.08043051692942249,0.036035361233809994,0.04004882284328348,-0.6244199476913409,2.6225547905013373,-0.01662773533695108,0.010166077985699308,-0.08186596954518481,-0.34296717064745696,0.2937298899784986,0.09812845549969328,0.08043051692942249,0.036035361233809994,0.04004882284328348,-0.10488878419589734,-0.22104253605549393,0.0987264494091534,0.10681574686146751,0.09694376898429247,0.06827604932784026,0.05910755869625459
DGD_Sweep_2ps:57,DGD_Sweep_2ps,10.0,0.0,2.0,45.0,0.0267361569974891,-1.5729010172209188,-1.2770283883736586,0.047976988611158955,0.05236380609061271,-0.08300070661886282,-0.05604128511593402,-0.33233390000714713,0.008165986225188493,0.0010404916760225827,0.015308420562620518,0.09909815207524064,-1.2770283883736586,0.047976988611158955,0.05236380609061271,-0.08300070661886282,-0.05604128511593402,-0.33233390000714713,0.3526472516283711,0.008165986225188493,0.0010404916760225827,0.015308420562620518,0.09909815207524064,-0.11377198535785252,-0.21749010196878427,0.1677683317747885,0.05909279322544557,0.024253758422852347,0.03395293083397721,0.08385849509820009
DGD_Sweep_2ps:58,DGD_Sweep_2ps,10.0,0.0,2.0,45.0,0.0068678141932073476,-2.163181463067954,2.937653383920039,-2.441390763562557,0.095042143920631,0.015268819311668569,-0.1086614836011947,-0.3276665749018651,0.04202161288478228,0.0253997310852103,0.06337668605321119,-0.07854044871995211,2.937653383920039,-2.441390763562557,0.095042143920631,0.015268819311668569,-0.1086614836011947,-0.3276665749018651,0.2440224995214847,0.04202161288478228,0.0253997310852103,0.06337668605321119,-0.07854044871995211,-0.11212565783370707,-0.2507894495568708,0.06066876452947138,0.08058109905218322,0.05909444239231729,0.05573165569259792,-0.029259763930690075
DGD_Sweep_2ps:59,DGD_Sweep_2ps,10.0,0.0,2.0,45.0,0.006661325492269063,-2.1764393448985118,2.178507565275898,2.546416958663887,-0.08186251460357075,0.01766317397533759,0.029960190007815482,-0.31542170572416256,0.08433769998018342,0.007602976788171581,0.028858974488219415,0.005065736106436436,2.178507565275898,2.546416958663887,-0.08186251460357075,0.01766317397533759,0.029960190007815482,-0.31542170572416256,0.4292270283261028,0.08433769998018342,0.007602976788171581,0.028858974488219415,0.005065736106436436,-0.027327937035355927,-0.15546948957346435,0.18619937114441898,0.15908663303149212,0.08319114731903625,0.059216223421317514,0.04009417086171463
DGD_Sweep_2ps:seed,DGD_Sweep_2ps,10.0,0.0,2.0,45.0,0.00044188582000792917,-3.3546899346022636,0.0,0.0,0.0,0.0,-0.034,-0.2987,0.0,0.0582,0.0,0.0,0.0,0.0,0.0,0.0,-0.034,-0.2987,0.6091,0.0,0.0582,0.0,0.0,-0.052188405945489916,-0.10382377427059077,0.26491358977406954,0.11599723138381955,0.0761699149305459,0.03230847320985559,0.018608578004748293
DGD_Sweep_5ps:0,DGD_Sweep_5ps,10.0,0.0,5.0,45.0,0.026529668296550814,-1.5762681800168485,-0.22828797218192798,-0.08397714749854224,-0.07244032746309306,-0.08300067887577278,0.05016903681856008,-0.21831311849263357,0.00924181329215672,0.07908310175006274,-0.08216265217360974,-0.014276174125180752,-0.22828797218192798,-0.08397714749854224,-0.07244032746309306,-0.08300067887577278,0.05016903681856008,-0.21831311849263357,0.3913130970089306,0.00924181329215672,0.07908310175006274,-0.08216265217360974,-0.014276174125180752,-0.032544446502431074,-0.10988247461849573,0.24207386589872018,0.1149487501439684,0.08990570242737501,-0.026194535869329502,-0.01655729648616717
DGD_Sweep_5ps:1,DGD_Sweep_5ps,10.0,0.0,5.0,45.0,0.03590425531914894,-1.444854076432655,1.4877406482679116,-2.6425472396254066,-0.08405325248227774,0.015388473425932792,-0.08538604627039763,-0.2663916706787535,0.08881882549881029,-0.027612089624035163,-0.0311010119592683,-0.09849028238098323,1.4877406482679116,-2.6425472396254066,-0.08405325248227774,0.015388473425932792,-0.08538604627039763,-0.2663916706787535,0.30275834767954135,0.08881882549881029,-0.027612089624035163,-0.0311010119592683,-0.09849028238098323,-0.10962336604813047,-0.18787626255863296,0.1477156034254637,0.13131531896243426,0.027230229205896517,-0.030322865463574034,-0.08089121531218896
DGD_Sweep_5ps:2,DGD_Sweep_5ps,10.0,0.0,5.0,45.0,0.08797657592176555,-1.0556329449190656,-0.1352331420136259,-0.32252994337666796,0.03410202842590555,0.09054782265334266,-0.11182644650757825,-0.31955269050758045,0.044223438851883116,-0.00950395247372833,-0.040739583790995515,0.01544553186363573,-0.1352331420136259,-0.32252994337666796,0.03410202842590555,0.09054782265334266,-0.11182644650757825,-0.31955269050758045,0.3340585049253504,0.044223438851883116,-0.00950395247372833,-0.040739583790995515,0.01544553186363573,-0.10799039699640517,-0.2221412161264339,0.16313874624637698,0.09674812810830657,0.022836874283261633,-0.020325256394244418,0.005468068640669327
DGD_Sweep_5ps:3,DGD_Sweep_5ps,10.0,0.0,5.0,45.0,0.004526232324567199,-2.344263158139123,-1.0601874176815687,2.500285070542311,0.0733869149663728,-0.0952897145092569,0.033010533991240945,-0.2033506930862083,-0.022956271544368512,0.07568023031617432,-0.09488925664495229,-0.06107176108456888,-1.0601874176815687,2.500285070542311,0.0733869149663728,-0.0952897145092569,0.033010533991240945,-0.2033506930862083,0.3403646238568572,-0.022956271544368512,0.07568023031617432,-0.09488925664495229,-0.06107176108456888,-0.032995089025897865,-0.1271550543078407,0.24819590031288008,0.09169419869880602,0.09204215080740948,-0.054554676260204306,-0.06695690667650393
DGD_Sweep_5ps:4,DGD_Sweep_5ps,10.0,0.0,5.0,45.0,0.00040058807982027225,-3.397301978021228,-0.3599589736623868,-2.3852471821498358,0.05766381832517871,-0.03644933081400261,0.00833819729849311,-0.22087111200418696,0.07731909121704268,-0.03445312602182801,0.04056570641974893,-0.0884592571789358,-0.3599589736623868,-2.3852471821498358,0.05766381832517871,-0.03644933081400261,0.00833819729849311,-0.22087111200418696,0.4358803607205832,0.07731909121704268,-0.03445312602182801,0.04056570641974893,-0.0884592571789358,-0.03080671836410986,-0.09000218306481692,0.26239582724585914,0.14146339436969885,0.033662260586693776,0.02292741443958585,-0.04807332548556415
DGD_Sweep_5ps:5,DGD_Sweep_5ps,10.0,0.0,5.0,45.0,0.06931825690498215,-1.1591523667034418,2.597746745829193,-1.7446895366006394,0.05626324946175614,-0.015623603301841406,0.03817833970294483,-0.3294132650891146,-0.07202179037150783,0.10554982373843314,-0.06328492158754698,0.045343506151114266,2.597746745829193,-1.7446895366006394,0.05626324946175614,-0.015623603301841406,0.03817833970294483,-0.3294132650891146,0.2743215005957409,-0.07202179037150783,0.10554982373843314,-0.06328492158754698,0.045343506151114266,-0.02322519419146454,-0.28724371995519793,0.12233579964500915,0.027680114585469193,0.09612550262786901,-0.010088161123827596,0.03658644305803481
DGD_Sweep_5ps:6,DGD_Sweep_5ps,10.0,0.0,5.0,45.0,0.014768071891106118,-1.8306762021635932,0.10641083531184803,2.767540665643227,-0.07730886689299793,0.07755319342179455,-0.033185758669137394,-0.3013423403275797,0.06606965951844689,0.1437637627379739,0.07003692250374571,-0.002129812623224936,0.10641083531184803,2.767540665643227,-0.07730886689299793,0.07755319342179455,-0.033185758669137394,-0.3013423403275797,0.228609683305099,0.06606965951844689,0.1437637627379739,0.07003692250374571,-0.002129812623224936,-0.056526326101026675,-0.19909885121083576,0.07011846003657067,0.09525187831065804,0.14783215296197996,0.11383637940460545,0.055699215112955704
DGD_Sweep_5ps:7,DGD_Sweep_5ps,10.0,0.0,5.0,45.0,0.1207752411788027,-0.9180220865881321,2.7109374140162545,-2.9803321532565263,0.0776848777998359,0.08778850173621924,-0.11679136457308581,-0.27933114901166833,0.07543688293107556,0.009750190858373439,-0.06240521611510845,0.09081181697463331,2.7109374140162545,-2.9803321532565263,0.0776848777998359,0.08778850173621924,-0.11679136457308581,-0.27933114901166833,0.19999999999999996,0.07543688293107556,0.009750190858373439,-0.06240521611510845,0.09081181697463331,-0.09777577803106967,-0.23518629942522298,0.059605087677441264,0.1040360653333937,0.04122486570805172,-0.021722086952144306,0.05808155890231004
DGD_Sweep_5ps:8,DGD_Sweep_5ps,10.0,0.0,5.0,45.0,0.002258986388264834,-2.6460863859540424,-2.2500361896912993,-1.3221298323163695,-0.05561660694480756,0.02722805941090576,0.04885730626925598,-0.3459996002232657,-0.04799044312020302,0.1136950253518417,-0.03596873531155995,-0.022342385856802663,-2.2500361896912993,-1.3221298323163695,-0.05561660694480756,0.02722805941090576,0.04885730626925598,-0.3459996002232657,0.30230183751135764,-0.04799044312020302,0.1136950253518417,-0.03596873531155995,-0.022342385856802663,-0.0269867602958118,-0.25609439229761627,0.18825154782887601,0.029910944765499253,0.10871524186948538,-0.0072343291927843365,-0.01786587291628426
DGD_Sweep_5ps:9,DGD_Sweep_5ps,10.0,0.0,5.0,45.0,0.00044188582000792917,-3.3546899346022636,1.1631520940910287,-1.8749993078790905,-0.059699110144111514,0.060564298615253365,-0.010507286128011276,-0.24691747754342416,-0.03576632942897571,-0.016549042369135625,0.04334168633998812,0.02786252344400324,1.1631520940910287,-1.8749993078790905,-0.059699110144111514,0.060564298615253365,-0.010507286128011276,-0.24691747754342416,0.49879224598709704,-0.03576632942897571,-0.016549042369135625,0.04334168633998812,0.02786252344400324,-0.030377080202586577,-0.105932194653363,0.27911440277771304,0.0993239674453322,0.02902921286445068,0.041757299994673314,0.03859515803491924
DGD_Sweep_5ps:10,DGD_Sweep_5ps,10.0,0.0,5.0,45.0,0.01203416149068323,-1.9195841648535017,-2.4901104966621848,-0.25024488205391315,-0.03850612892840364,0.06482766451290053,0.05404611985315969,-0.3421460881179514,0.015912286375576568,0.12494854241759991,0.08846894242893111,-0.07114422736547717,-2.4901104966621848,-0.25024488205391315,-0.03850612892840364,0.06482766451290053,0.05404611985315969,-0.3421460881179514,0.19999999999999996,0.015912286375576568,0.12494854241759991,0.08846894242893111,-0.07114422736547717,-0.007713298557735247,-0.2456209287833781,0.09680616664424203,0.05917719134024307,0.14160483018307163,0.10108435624030453,-0.023113936458448187
DGD_Sweep_5ps:11,DGD_Sweep_5ps,10.0,0.0,5.0,45.0,0.00035516056561384963,-3.4495752610439054,-2.8135439361677337,-0.484085723541434,0.002153382697232642,-0.0032036532472709657,0.020148520492309828,-0.20048362451828428,-0.07334770470655853,0.05044300762275207,-0.05302993371468121,0.07958364899867117,-2.8135439361677337,-0.484085723541434,0.002153382697232642,-0.0032036532472709657,0.020148520492309828,-0.20048362451828428,0.5176065240022393,-0.07334770470655853,0.05044300762275207,-0.05302993371468121,0.07958364899867117,-0.018370601297244975,-0.053100564526240575,0.31395642443347194,0.04585331971904384,0.04941060590467888,-0.004291593710989836,0.05832202117453226
DGD_Sweep_5ps:12,DGD_Sweep_5ps,10.0,0.0,5.0,45.0,0.002837154750892031,-2.547116975227923,-0.7946130390969779,0.8100977698419498,-0.023502052273393872,0.07048546532227953,-0.10047917707068037,-0.3532372568602021,-0.09134116863937083,0.03713845750749531,0.07889672809492161,0.0028805301017787114,-0.7946130390969779,0.8100977698419498,-0.023502052273393872,0.07048546532227953,-0.10047917707068037,-0.3532372568602021,0.2420391641298777,-0.09134116863937083,0.03713845750749531,0.07889672809492161,0.0028805301017787114,-0.12677333849414532,-0.27930552158926536,0.057685997559946287,-0.048312321666319026,0.018201528164960335,0.06111147034372849,0.023921568686736807
DGD_Sweep_5ps:13,DGD_Sweep_5ps,10.0,0.0,5.0,45.0,0.004356911589797806,-2.3608212526537615,0.6267250868422385,-0.19155611315942656,0.06165973146191135,0.02563443573451456,-0.019904896591492964,-0.3331213314734245,0.03091454034734329,0.11042860873013755,-0.002715693244197237,-0.07304199301923885,0.6267250868422385,-0.19155611315942656,0.06165973146191135,0.02563443573451456,-0.019904896591492964,-0.3331213314734245,0.3425787693977398,0.03091454034734329,0.11042860873013755,-0.002715693244197237,-0.07304199301923885,-0.04967121849606138,-0.20488155758370555,0.16026699997520427,0.11240956107130698,0.1229396077334965,0.03755361768187573,-0.03393984291507713
DGD_Sweep_5ps:14,DGD_Sweep_5ps,10.0,0.0,5.0,45.0,0.013112032509581076,-1.8823299826594786,0.5092351999252185,2.8681200986601114,-0.007931514015991526,0.046715922660325315,-0.0499645480793076,-0.3437108473663383,-0.06200401587872857,0.018766742714357347,0.03662855117666275,-0.004233515467979532,0.5092351999252185,2.8681200986601114,-0.007931514015991526,0.046715922660325315,-0.0499645480793076,-0.3437108473663383,0.4300443426403091,-0.06200401587872857,0.018766742714357347,0.03662855117666275,-0.004233515467979532,-0.08081763113120337,-0.23056671416028998,0.2041452475877857,0.053386511075956766,0.04004248413596613,0.045097541024132645,0.022916235898209333
DGD_Sweep_5ps:15,DGD_Sweep_5ps,10.0,0.0,5.0,45.0,0.10564374917404519,-0.9761561945845105,1.6288264480628463,-1.4974386030421984,0.024915049861330796,-0.02775232229613992,0.028352585450882935,-0.3911932068093165,-0.08816121163618877,0.046067325148676966,0.08842796695853504,0.07534944143119025,1.6288264480628463,-1.4974386030421984,0.024915049861330796,-0.02775232229613992,0.028352585450882935,-0.3911932068093165,0.22978089040773886,-0.08816121163618877,0.046067325148676966,0.08842796695853504,0.07534944143119025,-0.0467665497509945,-0.2827813138673354,0.033616417526765634,-0.03322922591138299,0.030998585264940145,0.09285658506996085,0.09959395077944658
DGD_Sweep_5ps:16,DGD_Sweep_5ps,10.0,0.0,5.0,45.0,0.028127890841813136,-1.5508628320048645,-1.9543899613798301,0.70374385718099,0.045097209266206396,-0.056703693788438425,-0.08939789589257575,-0.30234155455341266,-0.01815880824459076,0.13990422327962002,0.058791292222784106,-0.08960532275237183,-1.9543899613798301,0.70374385718099,0.045097209266206396,-0.056703693788438425,-0.08939789589257575,-0.30234155455341266,0.20000000000000007,-0.01815880824459076,0.13990422327962002,0.058791292222784106,-0.08960532275237183,-0.1366748377720544,-0.23903870368491348,0.05995990282813666,0.019580456386894297,0.11749526161335089,0.0629293807057381,-0.043199343135434325
DGD_Sweep_5ps:17,DGD_Sweep_5ps,10.0,0.0,5.0,45.0,0.10182370820668693,-0.992151090913129,-2.3532351132116194,-1.0412535488535972,0.029871262172059224,0.03278907193918006,-0.023152755735607725,-0.3685135017641343,0.04114427252114448,0.02516377757719291,-0.07403204070165897,-0.056525684762705454,-2.3532351132116194,-1.0412535488535972,0.029871262172059224,0.03278907193918006,-0.023152755735607725,-0.3685135017641343,0.348807632826317,0.04114427252114448,0.02516377757719291,-0.07403204070165897,-0.056525684762705454,-0.07210756576737255,-0.22503628439760678,0.19137850277891677,0.08356728377505875,0.0337410387420288,-0.05310213065902719,-0.05345180877302905
DGD_Sweep_5ps:18,DGD_Sweep_5ps,10.0,0.0,5.0,45.0,0.0007392295493590591,-3.13122068130758,-2.5840195730902953,0.5570688292179791,-0.005020656705879323,-0.08409164323738277,0.022878635278825242,-0.23224411549949125,0.021231137940328628,0.012978661086142741,-0.09804330976524078,0.01114069675314735,-2.5840195730902953,0.5570688292179791,-0.005020656705879323,-0.08409164323738277,0.022878635278825242,-0.23224411549949125,0.512371143733562,0.021231137940328628,0.012978661086142741,-0.09804330976524078,0.01114069675314735,-0.0372434125762275,-0.07977521393169608,0.2885319193103151,0.09840718662140417,0.03436681936986131,-0.04109023421400905,0.0019585509232808713
DGD_Sweep_5ps:19,DGD_Sweep_5ps,10.0,0.0,5.0,45.0,0.0025232919254658385,-2.598032502044919,1.939996238766315,0.001352091446764625,-0.010062525446576154,-0.01910482902618338,-0.060762140369329976,-0.2743165494598527,-0.032215811502247664,0.02421553756832035,-0.01564256684988821,-0.03679677957779065,1.939996238766315,0.001352091446764625,-0.010062525446576154,-0.01910482902618338,-0.060762140369329976,-0.2743165494598527,0.5268832601998109,-0.032215811502247664,0.02421553756832035,-0.01564256684988821,-0.03679677957779065,-0.08257279446760864,-0.13943106521904028,0.2488695695589594,0.11062142305201125,0.053557313169955274,0.008913096922198873,-0.015222468313507122
DGD_Sweep_5ps:20,DGD_Sweep_5ps,10.0,0.0,5.0,45.0,0.37423599180652833,-0.42685444695013447,-2.9581828688077434,1.004822918392174,-0.037171954131192265,-0.06735679863275466,-0.050625894440638586,-0.3653496081144354,-0.06618215135714461,0.11857157800885451,-0.08642477835887485,-0.008317236956105131,-2.9581828688077434,1.004822918392174,-0.037171954131192265,-0.06735679863275466,-0.050625894440638586,-0.3653496081144354,0.19999999999999996,-0.06618215135714461,0.11857157800885451,-0.08642477835887485,-0.008317236956105131,-0.12495508335721188,-0.2707311403137416,0.04251468439046136,-0.03357730690653744,0.05276357470047727,-0.058355609179756816,-0.025778385452886507
DGD_Sweep_5ps:21,DGD_Sweep_5ps,10.0,0.0,5.0,45.0,0.008115005946874587,-2.0907111575760275,-0.4579396030151771,2.2341348961302345,0.0309346812355676,-0.06334923212049329,0.0014102055273291156,-0.35131164748127486,0.037023240982290886,0.14017315591472665,0.008360961383484767,0.061911836175048474,-0.4579396030151771,2.2341348961302345,0.0309346812355676,-0.06334923212049329,0.0014102055273291156,-0.35131164748127486,0.30552503917978435,0.037023240982290886,0.14017315591472665,0.008360961383484767,0.061911836175048474,-0.06708809276640766,-0.21882639368879672,0.1123876400248216,0.0872912040007479,0.12900794356943646,0.06872669522434925,0.0759525857228229
DGD_Sweep_5ps:22,DGD_Sweep_5ps,10.0,0.0,5.0,45.0,0.0023498414166776794,-2.628961445892402,0.8751160531655371,-1.6098680934887244,0.07231249721278901,0.01907873242051783,0.05591353607823778,-0.3385986183811822,0.005737816095053816,0.006158080030477887,0.05952021884670322,0.037710784545998015,0.8751160531655371,-1.6098680934887244,0.07231249721278901,0.01907873242051783,0.05591353607823778,-0.3385986183811822,0.4049697163890402,0.005737816095053816,0.006158080030477887,0.05952021884670322,0.037710784545998015,0.006405228696758452,-0.17986922589569318,0.21878401289785526,0.10370270068219634,0.05232504380796776,0.06760366480622862,0.05752602084050324
DGD_Sweep_5ps:23,DGD_Sweep_5ps,10.0,0.0,5.0,45.0,0.00699996696180785,-2.154904009748372,-1.1334818361578924,-0.5399152717485962,0.06832948791991321,-0.09910555469032965,0.01766580086884629,-0.2895129533540748,-0.029077331083078074,0.0867079350176786,0.025001946754911675,0.08298403753161632,-1.1334818361578924,-0.5399152717485962,0.06832948791991321,-0.09910555469032965,0.01766580086884629,-0.2895129533540748,0.3016149527795514,-0.029077331083078074,0.0867079350176786,0.025001946754911675,0.08298403753161632,-0.0632868922109887,-0.20625426789381415,0.17169897164509546,0.049155235720821096,0.09565742418418957,0.06973608499333059,0.09771429920582303
DGD_Sweep_5ps:24,DGD_Sweep_5ps,10.0,0.0,5.0,45.0,0.0015982225452623232,-2.796362747268562,-1.8811338029278188,1.7063880803975828,0.009442790337200547,-0.07834597783998432,-0.04549552092361689,-0.3974479605751321,0.07058942718924606,-0.03595812313215371,-0.045591150979197206,-0.04417879027213966,-1.8811338029278188,1.7063880803975828,0.009442790337200547,-0.07834597783998432,-0.04549552092361689,-0.3974479605751321,0.2729502587513295,0.07058942718924606,-0.03595812313215371,-0.045591150979197206,-0.04417879027213966,-0.1144149133915192,-0.2643264670720823,0.08864039277358422,0.056671596849726,-0.01588235040748873,-0.04768808345756978,-0.04910186290989511
DGD_Sweep_5ps:25,DGD_Sweep_5ps,10.0,0.0,5.0,45.0,0.027429959032641733,-1.5617748410251067,-0.9537895351013479,-1.2442209070466441,0.045357343788035354,-0.030357993891258695,-0.029892812196967173,-0.29611342368698984,-0.09814786049572038,0.10117213644601383,-0.023322827273070904,0.07116500319448074,-0.9537895351013479,-1.2442209070466441,0.045357343788035354,-0.030357993891258695,-0.029892812196967173,-0.29611342368698984,0.3044705990274631,-0.09814786049572038,0.10117213644601383,-0.023322827273070904,0.07116500319448074,-0.09744283066378887,-0.24205682631165243,0.17283620749918893,-0.010291223926517108,0.08476857858541235,0.0211282519105199,0.07550971444822573
DGD_Sweep_5ps:26,DGD_Sweep_5ps,10.0,0.0,5.0,45.0,0.036209858596537595,-1.4411731711471794,2.829797428692212,-2.7837153364578953,0.012321953045932976,0.08202794092314047,-0.0659504310039973,-0.28705233448509504,-0.05402384800254872,0.14946160201424435,-0.07106618783857539,-0.031573017964190764,2.829797428692212,-2.7837153364578953,0.012321953045932976,0.08202794092314047,-0.0659504310039973,-0.28705233448509504,0.246522684722275,-0.05402384800254872,0.14946160201424435,-0.07106618783857539,-0.031573017964190764,-0.07678761327384409,-0.2530404857908513,0.09236561885734298,0.04242139903579483,0.1315428135536625,-0.008265369424202005,-0.039664520066717376
DGD_Sweep_5ps:27,DGD_Sweep_5ps,10.0,0.0,5.0,45.0,0.0056082331174838115,-2.2511739423429904,1.2462225979047608,0.1326311472400239,0.041012251848353685,0.0431127564024091,-0.078720716528398,-0.36764665297873467,0.0471482856805844,0.05782804563723106,0.08389749368709207,-0.08063379723719703,1.2462225979047608,0.1326311472400239,0.041012251848353685,0.0431127564024091,-0.078720716528398,-0.36764665297873467,0.19999999999999996,0.0471482856805844,0.05782804563723106,0.08389749368709207,-0.08063379723719703,-0.09375972707762276,-0.2709142112362354,0.022902453574071262,0.05846626534285546,0.07482735856172472,0.07558329026617569,-0.022918529454533845
DGD_Sweep_5ps:28,DGD_Sweep_5ps,10.0,0.0,5.0,45.0,0.0007763975155279503,-3.1099158630237933,-1.5151924839163409,-0.9436251814684578,-0.06560002760376969,-0.041286652097434665,-0.011306261387475206,-0.381907112261823,-0.02416558946411811,0.0701601761204317,-0.036919987586774686,-0.04839404898590575,-1.5151924839163409,-0.9436251814684578,-0.06560002760376969,-0.041286652097434665,-0.011306261387475206,-0.381907112261823,0.32026014449226725,-0.02416558946411811,0.0701601761204317,-0.036919987586774686,-0.04839404898590575,-0.09379797416469564,-0.2588960647225335,0.14272029630219457,0.035279553630836485,0.057510569178764764,-0.019057975789085493,-0.039957485735195135
DGD_Sweep_5ps:29,DGD_Sweep_5ps,10.0,0.0,5.0,45.0,0.011303191489361703,-1.9467989148773495,-0.5566572050324473,1.3337329850034456,-0.020473894866704714,-0.06686302105780857,0.011690218536131641,-0.2644858477880805,0.08613122927921822,0.12730091026543522,0.05178274799627865,0.08943498548790166,-0.5566572050324473,1.3337329850034456,-0.020473894866704714,-0.06686302105780857,0.011690218536131641,-0.2644858477880805,0.2818371447224408,0.08613122927921822,0.12730091026543522,0.05178274799627865,0.08943498548790166,-0.05122586729047339,-0.14819170738617435,0.12467227018870553,0.11832439342070816,0.13429468459888186,0.10075148481057987,0.10316890801777001
DGD_Sweep_5ps:30,DGD_Sweep_5ps,10.0,0.0,5.0,45.0,0.011096702788423417,-1.9548060458543046,1.7832934990163207,2.477156770425192,-0.09536423526587662,0.07373808912480366,-0.034320257586588805,-0.2541852473791032,0.0001588983867988336,0.10189850195365391,-0.06658818179980165,-0.01276363203744495,1.7832934990163207,2.477156770425192,-0.09536423526587662,0.07373808912480366,-0.034320257586588805,-0.2541852473791032,0.3609829564659284,0.0001588983867988336,0.10189850195365391,-0.06658818179980165,-0.01276363203744495,-0.058734125246668246,-0.17455053670789458,0.18920560350521504,0.12027599043581015,0.12126438506259771,0.007172730886382381,-0.003822583454091507
DGD_Sweep_5ps:31,DGD_Sweep_5ps,10.0,0.0,5.0,45.0,0.0007598784194528875,-3.1192558892779365,-2.0591677619563855,-0.7174800438253671,-0.019976193945729193,-0.02202694473671616,0.06396326524178905,-0.28248128467314954,-0.014290200557276977,0.033525924031707004,0.09622862430650564,-0.01915238491616448,-2.0591677619563855,-0.7174800438253671,-0.019976193945729193,-0.02202694473671616,0.06396326524178905,-0.28248128467314954,0.448355177590962,-0.014290200557276977,0.033525924031707004,0.09622862430650564,-0.01915238491616448,-0.006316230968035868,-0.12519010290476673,0.2734245623839114,0.07721786539212763,0.0712653526663534,0.08889960118086988,0.020251855056151614
DGD_Sweep_5ps:32,DGD_Sweep_5ps,10.0,0.0,5.0,45.0,0.038658814589665656,-1.4127514670446601,-0.8515296882460713,2.071522083635743,0.087499569698095,-0.04333783097807225,-0.06340649416845102,-0.3494001183342876,-0.009074992827484252,0.1281827741009488,0.029194114890706127,0.089904105001955,-0.8515296882460713,2.071522083635743,0.087499569698095,-0.04333783097807225,-0.06340649416845102,-0.3494001183342876,0.19999999999999996,-0.009074992827484252,0.1281827741009488,0.029194114890706127,0.089904105001955,-0.10252489262379555,-0.2509282553761384,0.03033027680633972,0.016981850184675455,0.09334181510283455,0.0664305266660965,0.08966954391840459
DGD_Sweep_5ps:33,DGD_Sweep_5ps,10.0,0.0,5.0,45.0,0.015172789744945157,-1.8189345603176836,2.9514786458151088,0.6169188286385783,-0.09223148212897743,-0.04714178701343258,-0.1318763570180641,-0.22997293923995998,-0.005780939485248915,-0.004038913673504049,-0.07771483544591407,-0.036110139282301924,2.9514786458151088,0.6169188286385783,-0.09223148212897743,-0.04714178701343258,-0.1318763570180641,-0.22997293923995998,0.37513260671259696,-0.005780939485248915,-0.004038913673504049,-0.07771483544591407,-0.036110139282301924,-0.15241402760484515,-0.17602623118101907,0.1444696071486611,0.07970477923606001,0.0138207443876016,-0.0518973655000131,-0.04967792341090195
DGD_Sweep_5ps:34,DGD_Sweep_5ps,10.0,0.0,5.0,45.0,0.004534491872604731,-2.3434713721734,-2.618159093432542,2.921035718947638,-0.0817491011932943,0.06412104934053431,-0.014008109590536902,-0.22436616581436114,0.07426811830601657,0.11510357621853332,-0.08465814406818199,-0.024878598062378243,-2.618159093432542,2.921035718947638,-0.0817491011932943,0.06412104934053431,-0.014008109590536902,-0.22436616581436114,0.3168471374061632,0.07426811830601657,0.11510357621853332,-0.08465814406818199,-0.024878598062378243,-0.047195298710327516,-0.1312359582621085,0.20726546275499227,0.1411194717756956,0.13072395769920545,-0.01352295195885781,-0.007392034441408464
DGD_Sweep_5ps:35,DGD_Sweep_5ps,10.0,0.0,5.0,45.0,0.3755451301704771,-0.4253378653008739,-0.634862640562994,1.204765884019843,-0.028291760078325557,-0.0792789048960286,-0.11296829902832985,-0.29256827984658573,-0.05256119824010014,0.13888520299383955,-0.05013008324779709,-0.045316271668993574,-0.634862640562994,1.204765884019843,-0.028291760078325557,-0.0792789048960286,-0.11296829902832985,-0.29256827984658573,0.19999999999999996,-0.05256119824010014,0.13888520299383955,-0.05013008324779709,-0.045316271668993574,-0.16063589997921143,-0.23951569953880866,0.026475368368828748,-0.014088439975048495,0.0740026558888256,-0.019834757175094725,-0.04220399890880853
DGD_Sweep_5ps:36,DGD_Sweep_5ps,10.0,0.0,5.0,45.0,0.0093291595083917,-2.03015748136711,0.7254933534317456,0.9543514525656183,-0.02689325317254883,0.08477578537659997,-0.040072223163832126,-0.33966312995710674,0.012881366272126993,0.05390445978286393,0.08230626095115126,-0.04091027572773745,0.7254933534317456,0.9543514525656183,-0.02689325317254883,0.08477578537659997,-0.040072223163832126,-0.33966312995710674,0.31859324559603275,0.012881366272126993,0.05390445978286393,0.08230626095115126,-0.04091027572773745,-0.061663560217247955,-0.23580844742236579,0.1376554453522881,0.08452305852039402,0.08796822794884984,0.0930888052688283,0.01342141564710449
DGD_Sweep_5ps:37,DGD_Sweep_5ps,10.0,0.0,5.0,45.0,0.06832711114047839,-1.1654069407916012,0.36591499951801065,1.6191808147812572,-0.06268183365214164,0.055845535035479135,-0.08803952811926191,-0.25540227288953576,-0.09616200356868271,0.08289312405402051,0.06943574537990009,0.023641854633788786,0.36591499951801065,1.6191808147812572,-0.06268183365214164,0.055845535035479135,-0.08803952811926191,-0.25540227288953576,0.2658981026671895,-0.09616200356868271,0.08289312405402051,0.06943574537990009,0.023641854633788786,-0.12583458808520404,-0.2370386504086558,0.1100633972553152,-0.023335918550005625,0.0699710765951643,0.09396077065356429,0.06320425717472193
DGD_Sweep_5ps:38,DGD_Sweep_5ps,10.0,0.0,5.0,45.0,0.028730837848552928,-1.5416517089298234,0.45447143598547224,0.33529220658504966,0.0945040925927983,-0.06271601163871046,-0.09676194742497186,-0.2700333839109633,0.025240977975109602,0.05947012771636048,-0.012502133419212203,0.006183726576309146,0.45447143598547224,0.33529220658504966,0.0945040925927983,-0.06271601163871046,-0.09676194742497186,-0.2700333839109633,0.3725875987455647,0.025240977975109602,0.05947012771636048,-0.012502133419212203,0.006183726576309146,-0.11992468279130804,-0.1800526404154962,0.18055573886891524,0.10512881416689762,0.07974522958771098,0.02510843518770148,0.017935691904309378
DGD_Sweep_5ps:39,DGD_Sweep_5ps,10.0,0.0,5.0,45.0,0.0020235892691951897,-2.6938776322589595,-0.033647875115144554,-2.5887763712630965,-0.05327661804801181,-0.0035077444251320534,0.03970131777937852,-0.2920647367554304,-0.044711817665292836,0.07391244885627851,0.03736253562104559,0.023129583433003045,-0.033647875115144554,-2.5887763712630965,-0.05327661804801181,-0.0035077444251320534,0.03970131777937852,-0.2920647367554304,0.4323331974164273,-0.044711817665292836,0.07391244885627851,0.03736253562104559,0.023129583433003045,-0.023060687416495747,-0.151954001544401,0.2553128046978043,0.0778228147100045,0.08790294363808614,0.06191361718007206,0.041283622398196225
DGD_Sweep_5ps:40,DGD_Sweep_5ps,10.0,0.0,5.0,45.0,0.021251817100568258,-1.6726039304131453,-1.3587732029930506,-0.8807215702768673,-0.09698859403842115,-0.007870557775263853,-0.10733938714919315,-0.23900263475979688,0.0513022574357509,-0.0299202071494689,0.09736179224195343,-0.0863894184164362,-1.3587732029930506,-0.8807215702768673,-0.09698859403842115,-0.007870557775263853,-0.10733938714919315,-0.23900263475979688,0.28382515103371553,0.0513022574357509,-0.0299202071494689,0.09736179224195343,-0.0863894184164362,-0.1444433139867636,-0.18231346821364894,0.1590074583712257,0.08303705052158217,0.022960319762560112,0.06569346863907738,-0.04143333939730836
DGD_Sweep_5ps:41,DGD_Sweep_5ps,10.0,0.0,5.0,45.0,0.0008589929959032642,-3.0660103773247114,-2.7749270012523426,1.8349983985667184,0.016103075925338464,0.004767766712412059,0.04557896081172094,-0.3022189251410914,0.09587482915661985,0.06566059861700728,-0.05823411354045638,-0.06688789663393045,-2.7749270012523426,1.8349983985667184,0.016103075925338464,0.004767766712412059,0.04557896081172094,-0.3022189251410914,0.3446738334614232,0.09587482915661985,0.06566059861700728,-0.05823411354045638,-0.06688789663393045,-0.014142481405649106,-0.163821941207644,0.21808046301614029,0.14352711914775196,0.09325047958260917,-0.0153591048289687,-0.04148070455907774
DGD_Sweep_5ps:42,DGD_Sweep_5ps,10.0,0.0,5.0,45.0,0.0016642989295625743,-2.7787686661463638,0.9876839707353062,0.4311501564974025,-0.07344600503456358,-0.07621984175395174,0.01570022559093104,-0.28013770940314286,-0.0006495200681408742,-0.039260698835015845,-0.08957042384398146,0.09241836069051011,0.9876839707353062,0.4311501564974025,-0.07344600503456358,-0.07621984175395174,0.01570022559093104,-0.28013770940314286,0.33259721477976245,-0.0006495200681408742,-0.039260698835015845,-0.08957042384398146,0.09241836069051011,-0.07900601010675863,-0.2048397989135936,0.171824473633595,0.07220204591720593,-0.022138951498898284,-0.07072761950599336,0.044079406911221045
DGD_Sweep_5ps:43,DGD_Sweep_5ps,10.0,0.0,5.0,45.0,0.0004212369499141007,-3.375473540525556,1.3235408102205197,-2.81004343457121,-0.0033317765414041193,0.0972864366542199,-0.12223218501056125,-0.3159348585405121,-0.08540738275678397,-0.012310837519841814,0.021623208050153366,-0.05805498245526367,1.3235408102205197,-2.81004343457121,-0.0033317765414041193,0.0972864366542199,-0.12223218501056125,-0.3159348585405121,0.28381833247125976,-0.08540738275678397,-0.012310837519841814,0.021623208050153366,-0.05805498245526367,-0.12850173981771382,-0.2658602033463523,0.10754940072482555,-0.014390597135779263,-0.017131249360921218,-0.0002730598748101036,-0.044317001666687034
DGD_Sweep_5ps:44,DGD_Sweep_5ps,10.0,0.0,5.0,45.0,0.03988535747323906,-1.3991865112231456,2.2179867149356713,-0.6864405683419701,0.03958549133575098,0.02149247726006547,-0.10226497270738286,-0.36186127566595716,0.053842117354069234,-0.007970558928359156,0.07559667773501011,0.06477680785397688,2.2179867149356713,-0.6864405683419701,0.03958549133575098,0.02149247726006547,-0.10226497270738286,-0.36186127566595716,0.2726096211594281,0.053842117354069234,-0.007970558928359156,0.07559667773501011,0.06477680785397688,-0.10899770090014387,-0.2522139914324089,0.06577296900242297,0.0780385425150748,0.03569219539201104,0.06896554367693436,0.07569371751230934
DGD_Sweep_5ps:45,DGD_Sweep_5ps,10.0,0.0,5.0,45.0,0.0018377494383507334,-2.735713701306542,0.24864706528753455,1.9970298224831275,0.022736581884003182,0.05062092608384228,-0.040856806856347176,-0.24991662656971753,-0.037798719283942156,-0.024215356383098824,0.016449428618187902,0.08611720183303717,0.24864706528753455,1.9970298224831275,0.022736581884003182,0.05062092608384228,-0.040856806856347176,-0.24991662656971753,0.47128835248782375,-0.037798719283942156,-0.024215356383098824,0.016449428618187902,0.08611720183303717,-0.045451867884871,-0.11843181423374562,0.25737199084439893,0.08962984965626732,0.026932972608021216,0.0394253562673302,0.08373647864648615
DGD_Sweep_5ps:46,DGD_Sweep_5ps,10.0,0.0,5.0,45.0,0.0003592903396326153,-3.4445544596688547,1.8995289392039638,-2.4747756035276653,0.06556959053625269,-0.050522097254277414,-0.0024266916011498676,-0.21337088032865748,-0.011897122454376387,0.002984329436504951,-0.04839440600510134,0.0190474369090875,1.8995289392039638,-2.4747756035276653,0.06556959053625269,-0.050522097254277414,-0.0024266916011498676,-0.21337088032865748,0.5857874454745924,-0.011897122454376387,0.002984329436504951,-0.04839440600510134,0.0190474369090875,-0.032084730373033096,-0.061169583232974806,0.2818958948503108,0.12549557244898243,0.03863320304942492,-0.01207553856920905,0.004664763881462553
DGD_Sweep_5ps:47,DGD_Sweep_5ps,10.0,0.0,5.0,45.0,0.00637637108497423,-2.1954264162877557,1.0920239023957437,-2.2376000264315152,0.07871780930875841,-0.05403018676341992,0.06050049472368488,-0.24241841057350427,0.05826511583428358,0.1328474393850016,0.04972738368377377,0.009449693031242812,1.0920239023957437,-2.2376000264315152,0.07871780930875841,-0.05403018676341992,0.06050049472368488,-0.24241841057350427,0.31404346669633076,0.05826511583428358,0.1328474393850016,0.04972738368377377,0.009449693031242812,0.0012045925436853359,-0.11986024127530272,0.17571972582859768,0.1393095935443227,0.1533510534471974,0.09584005836986247,0.04397498683898192
DGD_Sweep_5ps:48,DGD_Sweep_5ps,10.0,0.0,5.0,45.0,0.3744383507334479,-0.4266196763363399,-2.1318752813300086,2.1671642575947647,-0.04523844240184873,-0.09234780788430226,-0.11957274139050482,-0.37543724710422716,0.02712564909818546,0.08929249156773278,-0.018914843682636448,0.03207077687056247,-2.1318752813300086,2.1671642575947647,-0.04523844240184873,-0.09234780788430226,-0.11957274139050482,-0.37543724710422716,0.19999999999999984,0.02712564909818546,0.08929249156773278,-0.018914843682636448,0.03207077687056247,-0.1552274316363639,-0.2530714216508979,0.017524649954946906,0.013794190007984708,0.04269000336140367,-0.0013605625298673456,0.014393236569411508
DGD_Sweep_5ps:49,DGD_Sweep_5ps,10.0,0.0,5.0,45.0,0.0010654816968415487,-2.972454006324243,2.0903899473434344,1.4934169209584451,-0.08814542812933068,0.08873353614615567,-0.08191129899548281,-0.2782086881579558,-0.08162360857936218,0.12060266000741099,0.004201538718135556,0.03379761663504788,2.0903899473434344,1.4934169209584451,-0.08814542812933068,0.08873353614615567,-0.08191129899548281,-0.2782086881579558,0.22277562463111844,-0.08162360857936218,0.12060266000741099,0.004201538718135556,0.03379761663504788,-0.1075768781049302,-0.2670180784203893,0.045991503534521055,-0.018955929584403956,0.08720573180186492,0.05061504715218166,0.050706728374566266
DGD_Sweep_5ps:50,DGD_Sweep_5ps,10.0,0.0,5.0,45.0,0.000685542487115105,-3.163965624247418,-1.7732336550613432,-2.04472158358097,0.05069339133907742,0.0003145657845366801,-0.0729357543943967,-0.20708139917017968,-0.04102556538336685,0.04278475767341484,0.05634869163765302,0.05297850042653627,-1.7732336550613432,-2.04472158358097,0.05069339133907742,0.0003145657845366801,-0.0729357543943967,-0.20708139917017968,0.4758373741908386,-0.04102556538336685,0.04278475767341484,0.05634869163765302,0.05297850042653627,-0.07862890943840684,-0.08451260244999229,0.2757230212724709,0.06341983574431896,0.060230929562652254,0.06315088265778257,0.05690241943079271
DGD_Sweep_5ps:51,DGD_Sweep_5ps,10.0,0.0,5.0,45.0,0.0064837452094621386,-2.1881740598782393,1.574703774450059,-1.5038285068044281,0.0816929218826835,0.04062334139380719,0.0033213364847975158,-0.25873958933175356,-0.0503983805239697,0.0292580392383531,-0.024235037852221954,0.04332701505500889,1.574703774450059,-1.5038285068044281,0.0816929218826835,0.04062334139380719,0.0033213364847975158,-0.25873958933175356,0.46840433823740457,-0.0503983805239697,0.0292580392383531,-0.024235037852221954,0.04332701505500889,-0.011092900849977291,-0.117671103965375,0.26660066119616926,0.09618582008262254,0.04938438317980372,0.008506060927356025,0.03542302646928709
DGD_Sweep_5ps:52,DGD_Sweep_5ps,10.0,0.0,5.0,45.0,0.00479466763578697,-2.3192414925488993,2.155763682947689,0.22101250044495613,-0.049971116928538506,0.057476327377434314,-0.025658207920659086,-0.39356545665513626,0.09875878351878037,-0.01866645082542155,0.029435370721046697,-0.02742791962346013,2.155763682947689,0.22101250044495613,-0.049971116928538506,0.057476327377434314,-0.025658207920659086,-0.39356545665513626,0.29904036642952314,0.09875878351878037,-0.01866645082542155,0.029435370721046697,-0.02742791962346013,-0.06297360944010764,-0.26599988272188085,0.09200050444307141,0.12423056014514378,0.04404693975871502,0.03011310973955135,-0.0037007567089385658
DGD_Sweep_5ps:53,DGD_Sweep_5ps,10.0,0.0,5.0,45.0,0.01096867979384168,-1.9598456415914933,-1.6097750692831203,-1.1603621119427938,-0.06915926253229171,0.03676508423038547,-0.10647368557442988,-0.22752935560969195,-0.06660437229136583,-0.0017324711721952712,0.010143113469709975,-0.09539530540675151,-1.6097750692831203,-1.1603621119427938,-0.06915926253229171,0.03676508423038547,-0.10647368557442988,-0.22752935560969195,0.38619734971317843,-0.06660437229136583,-0.0017324711721952712,0.010143113469709975,-0.09539530540675151,-0.13117578538375366,-0.15137196653020205,0.24158857574033865,0.02183450464694191,0.010537374748295957,-0.007556276957370417,-0.07556374344345855
DGD_Sweep_5ps:54,DGD_Sweep_5ps,10.0,0.0,5.0,45.0,0.009527388661292454,-2.0210261177663797,2.400218773742419,2.3094915556394984,0.08928347705766329,-0.0109817753243458,-0.05726374001405311,-0.23822909705641826,0.09028303770209185,0.09394648038258277,-0.004640029177302585,0.06864015499061482,2.400218773742419,2.3094915556394984,0.08928347705766329,-0.0109817753243458,-0.05726374001405311,-0.23822909705641826,0.34673220829492746,0.09028303770209185,0.09394648038258277,-0.004640029177302585,0.06864015499061482,-0.05319402757541116,-0.12534028513169185,0.1463074288050212,0.1495562054812435,0.12650671394223853,0.07078046462411777,0.08064167547199942
DGD_Sweep_5ps:55,DGD_Sweep_5ps,10.0,0.0,5.0,45.0,0.0066241575261001715,-2.1788693483393287,2.686967414295,1.5173199208076042,0.004416374187577343,-0.026409720777007196,0.029367646291863975,-0.21008922011881515,0.06177602841558345,0.1548026183915566,-0.007967307449878436,0.0498279617955169,2.686967414295,1.5173199208076042,0.004416374187577343,-0.026409720777007196,0.029367646291863975,-0.21008922011881515,0.4553431225722009,0.06177602841558345,0.1548026183915566,-0.007967307449878436,0.0498279617955169,-0.01140462888445401,-0.06230790801297537,0.19096482958583627,0.15262738271734383,0.1454633702043094,0.0768031523951559,0.06627030289539351
DGD_Sweep_5ps:56,DGD_Sweep_5ps,10.0,0.0,5.0,45.0,0.0044849345843795425,-2.348243887034645,0.032165769995448956,-1.9486260652205025,0.018021181501957396,0.03523396031543276,-0.0745313981886454,-0.311253185580029,0.034577620415381705,0.0629906006595639,-0.027433951410319013,0.05783346126619178,0.032165769995448956,-1.9486260652205025,0.018021181501957396,0.03523396031543276,-0.0745313981886454,-0.311253185580029,0.378124640662479,0.034577620415381705,0.0629906006595639,-0.027433951410319013,0.05783346126619178,-0.09175991266448505,-0.19143774048083492,0.19274983138262086,0.11062314817325992,0.07948703963323309,0.018001118414268838,0.04796426857542883
DGD_Sweep_5ps:57,DGD_Sweep_5ps,10.0,0.0,5.0,45.0,0.006876073741244879,-2.1626594744451344,-1.4809883111285174,-2.107750871147847,-0.03623118156741234,0.006716375922399999,-0.0596849267330439,-0.38394108680952077,-0.07633511655243606,0.09462216805457405,0.06514428401910938,-0.0773248603415037,-1.4809883111285174,-2.107750871147847,-0.03623118156741234,0.006716375922399999,-0.0596849267330439,-0.38394108680952077,0.19999999999999973,-0.07633511655243606,0.09462216805457405,0.06514428401910938,-0.0773248603415037,-0.11459907627943752,-0.28163160611675647,0.040936153120647495,-0.029300822953288137,0.07139467612236385,0.05476704614588461,-0.036416674399729544
DGD_Sweep_5ps:58,DGD_Sweep_5ps,10.0,0.0,5.0,45.0,0.04612544601559403,-1.3360594213494184,-1.2847350356326128,2.693959271498696,0.09764368439898903,-0.038097973292951476,-0.11479074235341027,-0.32355485474388535,0.017115577156514638,0.04070024008914779,0.01756522609939546,0.053429639782024065,-1.2847350356326128,2.693959271498696,0.09764368439898903,-0.038097973292951476,-0.11479074235341027,-0.32355485474388535,0.29710206208368195,0.017115577156514638,0.04070024008914779,0.01756522609939546,0.053429639782024065,-0.13743144707763402,-0.23563135901690432,0.11279224171663031,0.05198153514024791,0.048500899659067634,0.03742548558949062,0.05520821552596654
DGD_Sweep_5ps:59,DGD_Sweep_5ps,10.0,0.0,5.0,45.0,0.004398209329985464,-2.3567241045127165,2.309399264120577,1.1683446006250897,-0.014727883523008623,0.010208039430112793,-0.006979962232276454,-0.3643108301000102,0.06864222544600658,0.015956359804856483,0.0021232328140686763,-0.06659973269581505,2.309399264120577,1.1683446006250897,-0.014727883523008623,0.010208039430112793,-0.006979962232276454,-0.3643108301000102,0.4504517339538452,0.06864222544600658,0.015956359804856483,0.0021232328140686763,-0.06659973269581505,-0.049135407026725454,-0.19304884305233763,0.18492649306966782,0.14945120882724486,0.07517694120069805,0.02598551354812852,-0.024843624016834983
DGD_Sweep_5ps:seed,DGD_Sweep_5ps,10.0,0.0,5.0,45.0,0.000470794238139289,-3.3271688609510006,0.0,0.0,0.0,0.0,-0.034,-0.2987,0.0,0.0582,0.0,0.0,0.0,0.0,0.0,0.0,-0.034,-0.2987,0.6091,0.0,0.0582,0.0,0.0,-0.052188405945489916,-0.10382377427059077,0.26491358977406954,0.11599723138381955,0.0761699149305459,0.03230847320985559,0.018608578004748293
Combined_Stress:0,Combined_Stress,20.0,15.0,5.0,45.0,0.06808345447337122,-1.1669584167797893,-2.6398376113369775,-2.0573800042062267,0.009056389807773879,0.013632496755759772,-0.0800643830624606,-0.3563417529154693,-0.04944951315604745,0.09518461572549833,0.002385875676733873,0.03368987601962055,-2.6398376113369775,-2.0573800042062267,0.009056389807773879,0.013632496755759772,-0.0800643830624606,-0.3563417529154693,0.3601950968806362,-0.04944951315604745,0.09518461572549833,0.002385875676733873,0.03368987601962055,-0.1647985299755758,-0.19644846462447993,0.11662025099996184,0.059687468875575085,0.0915579310974968,0.05197193833437461,0.04943737981381313
Combined_Stress:1,Combined_Stress,20.0,15.0,5.0,45.0,0.08761315580811418,-1.0574306761848384,-0.6931594515154642,-0.7385821893966001,-0.08397165939310013,0.06721269914691522,0.016382554880624643,-0.20695563537812356,-0.08516114063288294,-0.0024962213641010547,0.0606797342287301,-0.016889943335434945,-0.6931594515154642,-0.7385821893966001,-0.08397165939310013,0.06721269914691522,0.016382554880624643,-0.20695563537812356,0.4602504116400874,-0.08516114063288294,-0.0024962213641010547,0.0606797342287301,-0.016889943335434945,-0.031225170374352188,-0.0148406928079688,0.2617578802586031,0.10949713676600119,0.06634784565341605,0.07056757088950016,0.0349083401026024
Combined_Stress:2,Combined_Stress,20.0,15.0,5.0,45.0,0.37484719836130564,-0.4261457307583042,-2.455138513328182,2.45877374458538,0.08860192063898185,-0.054222061801153236,-0.06062169296574999,-0.3838637678471529,-0.07767893668217829,0.06027984599389113,-0.0026075843597658244,-0.008975961768977048,-2.455138513328182,2.45877374458538,0.08860192063898185,-0.054222061801153236,-0.06062169296574999,-0.3838637678471529,0.26314822794214965,-0.07767893668217829,0.06027984599389113,-0.0026075843597658244,-0.008975961768977048,-0.162149246075166,-0.252308724169959,-0.009738877532683664,-0.03869004021536556,0.007624558381501794,-0.012389726212071774,-0.015108891659482055
Combined_Stress:3,Combined_Stress,20.0,15.0,5.0,45.0,0.08230639619400026,-1.0845664135869855,0.03530770302309416,-2.2183836373279107,-0.0703077478022812,0.048161862602099294,0.010903859537102274,-0.29203331620067674,0.0419323761716554,0.025512652842597468,-0.055322958048687844,-0.039330250428140735,0.03530770302309416,-2.2183836373279107,-0.0703077478022812,0.048161862602099294,0.010903859537102274,-0.29203331620067674,0.41649497636675903,0.0419323761716554,0.025512652842597468,-0.055322958048687844,-0.039330250428140735,-0.06333728844262668,-0.09786001254679877,0.20616491822423724,0.17111295203290017,0.08614732981581455,-0.004203626683743491,-0.029392021622687645
Combined_Stress:4,Combined_Stress,20.0,15.0,5.0,45.0,0.04432073476939342,-1.3533930482875718,-0.046447734780662775,-1.3723121307068409,0.06196770902441391,-0.04157602943269322,0.02731624101980866,-0.33958185722006756,-0.07644582011782926,0.015011470675311112,0.01813560744290892,0.016771135426071337,-0.046447734780662775,-1.3723121307068409,0.06196770902441391,-0.04157602943269322,0.02731624101980866,-0.33958185722006756,0.40319412964089607,-0.07644582011782926,0.015011470675311112,0.01813560744290892,0.016771135426071337,-0.10318651172333979,-0.18935988833011938,0.18819181186293205,0.07978097408806484,0.052910756390038165,0.04469885087664533,0.04570833289832852
Combined_Stress:5,Combined_Stress,20.0,15.0,5.0,45.0,0.12146491343993657,-0.9155491549877703,-0.21652216197496232,-0.6164410036927429,0.05082134926338331,0.03654965706487208,0.02062796186154315,-0.30903270739071337,-0.03203482075352628,0.14722978911252846,0.07376133004887522,0.07528471468731873,-0.21652216197496232,-0.6164410036927429,0.05082134926338331,0.03654965706487208,0.02062796186154315,-0.30903270739071337,0.25465766981723936,-0.03203482075352628,0.14722978911252846,0.07376133004887522,0.07528471468731873,-0.03619269503477224,-0.1316409188608915,0.05458799401609324,0.0682531243584201,0.14079963754053132,0.144083381942353,0.12712638884846955
Combined_Stress:6,Combined_Stress,20.0,15.0,5.0,45.0,0.37531386282542617,-0.42560539392052954,2.486433236218286,0.4839264824775782,-0.029395240762097066,-0.08065422181568738,-0.04692258283051025,-0.32106816906635305,0.0309850571429529,0.09055074081726233,-0.02243286064119017,-0.09088768060363162,2.486433236218286,0.4839264824775782,-0.029395240762097066,-0.08065422181568738,-0.04692258283051025,-0.32106816906635305,0.28710344632031526,0.0309850571429529,0.09055074081726233,-0.02243286064119017,-0.09088768060363162,-0.15566804667024323,-0.20763452795260043,0.01760956553406297,0.07963921262716353,0.08498342738516883,0.017140440632896273,-0.04644909753165653
Combined_Stress:7,Combined_Stress,20.0,15.0,5.0,45.0,0.048244020087220826,-1.316556510383798,-2.5943976876377364,-1.2027853670083042,-0.007660368086674896,-0.08347659771081245,-0.015968915382882226,-0.21508772460741268,-0.09216222068826428,0.04292630492592226,-0.019525154016056125,0.036745890120901084,-2.5943976876377364,-1.2027853670083042,-0.007660368086674896,-0.08347659771081245,-0.015968915382882226,-0.21508772460741268,0.486446824461074,-0.09216222068826428,0.04292630492592226,-0.019525154016056125,0.036745890120901084,-0.105742576248548,-0.04049474901733883,0.25209186210191314,0.0854729156718427,0.0637104893913323,0.026328563273225875,0.04266600526783174
Combined_Stress:8,Combined_Stress,20.0,15.0,5.0,45.0,0.08088988370556363,-1.0921057889633474,-0.3747339474621987,-0.9203502325325751,0.04733101219046294,0.03140252714206084,-0.04288853728772208,-0.3495847379950662,-0.04211560287154567,0.03443320303881513,0.05126440061355397,0.08235297537322633,-0.3747339474621987,-0.9203502325325751,0.04733101219046294,0.03140252714206084,-0.04288853728772208,-0.3495847379950662,0.3186270034875469,-0.04211560287154567,0.03443320303881513,0.05126440061355397,0.08235297537322633,-0.1143098565103728,-0.2052531373229126,0.07634771685721817,0.047245871405659806,0.06174472938136984,0.09131321799464928,0.11007970197795819
Combined_Stress:9,Combined_Stress,20.0,15.0,5.0,45.0,0.13772796352583586,-0.8609778740349054,-2.971034581460029,-0.0764274384956265,0.04083994239416877,-0.05889389716475788,0.06136159242533147,-0.24048646013593317,-0.03399844279054703,0.13725357098276425,0.056459390381654685,0.08940016703697029,-2.971034581460029,-0.0764274384956265,0.04083994239416877,-0.05889389716475788,0.06136159242533147,-0.24048646013593317,0.28130653668787253,-0.03399844279054703,0.13725357098276425,0.056459390381654685,0.08940016703697029,-0.037187394055409065,-0.08153020415279179,0.12314674932622934,0.08424198708061413,0.14925791233881322,0.13502568671353332,0.13192134645486875
Combined_Stress:10,Combined_Stress,20.0,15.0,5.0,45.0,0.08758837716400159,-1.057553520183933,0.4742360333134208,1.6427619688728847,-0.0553492832195974,-0.02253175982167125,0.05410639331710819,-0.2691240421788526,0.05229452487718411,0.057878573122199246,-0.03330823144930221,-0.03647597309927705,0.4742360333134208,1.6427619688728847,-0.0553492832195974,-0.02253175982167125,0.05410639331710819,-0.2691240421788526,0.418931218914808,0.05229452487718411,0.057878573122199246,-0.03330823144930221,-0.03647597309927705,-0.04978154199052965,-0.07268657792353442,0.18375662939062282,0.17831506443656495,0.12615104324771673,0.04879371037092039,0.012654083580907763
Combined_Stress:11,Combined_Stress,20.0,15.0,5.0,45.0,0.17374785251751024,-0.7600805544820722,0.7706428276932555,1.726189790879606,0.07254928346823429,0.07737536398831857,-0.007429759836860044,-0.26154299536615583,-0.09568421955536514,0.1009927391445003,0.09424599599814212,0.051011427056914506,0.7706428276932555,1.726189790879606,0.07254928346823429,0.07737536398831857,-0.007429759836860044,-0.26154299536615583,0.23916821558550916,-0.09568421955536514,0.1009927391445003,0.09424599599814212,0.051011427056914506,-0.010270083108646872,-0.11277718608575968,0.04825356521320834,0.021773739356933993,0.09982560399528423,0.14573067651790106,0.13029913155449904
Combined_Stress:12,Combined_Stress,20.0,15.0,5.0,45.0,0.2859579423813929,-0.543697836573124,-2.358645657396597,2.594423761397832,0.08072003105504032,0.0269250475130278,-0.09852865935067312,-0.24340946451346213,-0.022186405994024317,0.07209376173038888,-0.09713623643104974,-0.08325253664251815,-2.358645657396597,2.594423761397832,0.08072003105504032,0.0269250475130278,-0.09852865935067312,-0.24340946451346213,0.2757478567698155,-0.022186405994024317,0.07209376173038888,-0.09713623643104974,-0.08325253664251815,-0.13651947665063566,-0.16177138970063834,0.10519270768617252,0.07065998904570835,0.055966335903276564,-0.07465794649476964,-0.10407378428023246
Combined_Stress:13,Combined_Stress,20.0,15.0,5.0,45.0,0.09352699220298666,-1.0290630321963268,-1.5943300255619164,-1.0427254803333432,0.09628197928649639,-0.06553331583039783,-0.13028707386620467,-0.23308745124204788,-0.007027973263041287,-0.006378138452337714,0.09302970354915018,-0.06814999004532139,-1.5943300255619164,-1.0427254803333432,0.09628197928649639,-0.06553331583039783,-0.13028707386620467,-0.23308745124204788,0.3002243744650027,-0.007027973263041287,-0.006378138452337714,0.09302970354915018,-0.06814999004532139,-0.1921135173762499,-0.16636149322130428,0.11126986047485496,0.06310515582770351,0.055514177719180706,0.06346847885491376,-0.008770543865450424
Combined_Stress:14,Combined_Stress,20.0,15.0,5.0,45.0,0.3753675498876701,-0.42554327437280387,-1.083694954039657,-2.7151502475703104,-0.08295000257600132,0.0798404908567557,-0.0754675266825694,-0.3513531147116662,-0.04150327703766157,0.06305170656525508,-0.049182344546029474,-0.05665153702406134,-1.083694954039657,-2.7151502475703104,-0.08295000257600132,0.0798404908567557,-0.0754675266825694,-0.3513531147116662,0.19999999999999996,-0.04150327703766157,0.06305170656525508,-0.049182344546029474,-0.05665153702406134,-0.15210727724478448,-0.25085540712513277,-0.02034106513351303,-0.005042132698566305,0.020483133167148556,-0.0382599214454641,-0.059314247341434784
Combined_Stress:15,Combined_Stress,20.0,15.0,5.0,45.0,0.16281221091581868,-0.7883130261391605,0.9298310623630373,1.1775625921126864,0.06997563875367381,0.07312769541971245,-0.053292575272042314,-0.2456261752919151,0.09214949877875003,0.05104538933792459,0.06686399517331554,-0.05016272764221672,0.9298310623630373,1.1775625921126864,0.06997563875367381,0.07312769541971245,-0.053292575272042314,-0.2456261752919151,0.2977563043304494,0.09214949877875003,0.05104538933792459,0.06686399517331554,-0.05016272764221672,-0.03919666804632811,-0.08923769266672452,0.11974168072809938,0.15945444744080475,0.14088809540130393,0.10962948542167623,0.04474339240051719
Combined_Stress:16,Combined_Stress,20.0,15.0,5.0,45.0,0.1373893220562971,-0.8620470194761236,0.6532875743915725,-1.1302995241597922,0.0905470212136596,0.005691315175067846,0.057441866078886655,-0.2244189043413929,0.04921100744055762,-0.036844206037605506,-0.0631867994887992,0.09421428864141135,0.6532875743915725,-1.1302995241597922,0.0905470212136596,0.005691315175067846,0.057441866078886655,-0.2244189043413929,0.37844459158261934,0.04921100744055762,-0.036844206037605506,-0.0631867994887992,0.09421428864141135,0.013395834476082235,-0.0234322442037708,0.21684974057225873,0.1683723565737657,0.05434760780224423,0.009741346708188079,0.06444024625235854
Combined_Stress:17,Combined_Stress,20.0,15.0,5.0,45.0,0.014718514602880931,-1.832136016922636,0.3710839976246656,-2.528090684906286,0.00016882381313039209,0.04643307167462039,0.06341021947353415,-0.33604893978577205,-0.05734329005438055,-0.011828395880244272,-0.012303989673739657,-0.044486983990589195,0.3710839976246656,-2.528090684906286,0.00016882381313039209,0.04643307167462039,0.06341021947353415,-0.33604893978577205,0.4279762856539894,-0.05734329005438055,-0.011828395880244272,-0.012303989673739657,-0.044486983990589195,-0.024544590707164794,-0.1325001867823723,0.2386064379912599,0.11769200746400628,0.034199228964295315,-0.01576639579985653,-0.04233039986588569
Combined_Stress:18,Combined_Stress,20.0,15.0,5.0,45.0,0.09581901678340161,-1.018548289830764,2.0755596983811095,1.5393222174832328,0.028017195592400658,-0.04777916286498664,-0.04924066204819865,-0.3156454425863666,0.04524731593129945,0.06785782491525069,-0.02963864722458013,-0.0035697558909086437,2.0755596983811095,1.5393222174832328,0.028017195592400658,-0.04777916286498664,-0.04924066204819865,-0.3156454425863666,0.41300399294600854,0.04524731593129945,0.06785782491525069,-0.02963864722458013,-0.0035697558909086437,-0.1203059817658763,-0.15440574444466212,0.11971454281140784,0.1521734675119338,0.1170017354323817,0.05366568740903659,0.02918064102451722
Combined_Stress:19,Combined_Stress,20.0,15.0,5.0,45.0,0.040116624818289946,-1.3966756131504559,-1.9077404861711746,-0.3539183324451499,-0.03818755030693443,-0.010095072115513483,0.038188703551539346,-0.3475598859186581,-0.06436986242838566,0.0524128867024016,0.040085465107342594,0.02424630954259064,-1.9077404861711746,-0.3539183324451499,-0.03818755030693443,-0.010095072115513483,0.038188703551539346,-0.3475598859186581,0.38485426432663417,-0.06436986242838566,0.0524128867024016,0.040085465107342594,0.02424630954259064,-0.10255047163428146,-0.17995672349174413,0.166603270081521,0.068936805017109,0.08834877458188935,0.08134078566928354,0.0679267869239948
Combined_Stress:20,Combined_Stress,20.0,15.0,5.0,45.0,0.06512240650191621,-1.1862695591140635,2.944922011928244,0.5232513633663705,-0.025599421600287033,0.0009367637460876655,0.03280730582644749,-0.3120894718002614,0.08465412617760237,-0.023214204827327084,-0.049128657278768355,-0.04912534998307631,2.944922011928244,0.5232513633663705,-0.025599421600287033,0.0009367637460876655,0.03280730582644749,-0.3120894718002614,0.42244469876014223,0.08465412617760237,-0.023214204827327084,-0.049128657278768355,-0.04912534998307631,-0.055788495549726,-0.11223515810987454,0.17355630043522385,0.19947782869014657,0.08978524916404156,0.0038319953103213267,-0.02860130939638773
Combined_Stress:21,Combined_Stress,20.0,15.0,5.0,45.0,0.08171170873529801,-1.0877157075460824,0.22893228378527652,2.7342509155850894,0.05794326104221226,0.00985250719066022,-0.09289079227576133,-0.2835795710920679,0.014006699413117142,-0.03297936119567703,-0.044931074776015135,-0.022512281102935773,0.22893228378527652,2.7342509155850894,0.05794326104221226,0.00985250719066022,-0.09289079227576133,-0.2835795710920679,0.4413044519115532,0.014006699413117142,-0.03297936119567703,-0.044931074776015135,-0.022512281102935773,-0.12666995491274805,-0.13968037416747095,0.1848736247885187,0.14349259286584953,0.04766853846773004,-0.011112597577548048,-0.018510773888681244
Combined_Stress:22,Combined_Stress,20.0,15.0,5.0,45.0,0.10632516188714154,-0.9733639473711576,-2.8289740482573698,-1.9525898572457718,-0.06781304144184412,0.05919178144304502,-0.02360013452643301,-0.2945813271186264,0.0066065154866505665,0.12028690960303123,0.016091513265205703,-0.09496827007715797,-2.8289740482573698,-1.9525898572457718,-0.06781304144184412,0.05919178144304502,-0.02360013452643301,-0.2945813271186264,0.31686050703800595,0.0066065154866505665,0.12028690960303123,0.016091513265205703,-0.09496827007715797,-0.10599298274268917,-0.14589988183788216,0.1488676486235537,0.12100504627841172,0.14539471927934983,0.04654622443199342,-0.040393984834500865
Combined_Stress:23,Combined_Stress,20.0,15.0,5.0,45.0,0.375123893220563,-0.42582527292373545,-1.1233007047279995,0.8724587006279276,-0.07514183900869655,-0.033123175840862426,-0.03520264138591811,-0.33358482696942343,-0.09662043290550965,0.15520962021305115,0.05758160900547926,-0.013535854671059415,-1.1233007047279995,0.8724587006279276,-0.07514183900869655,-0.033123175840862426,-0.03520264138591811,-0.33358482696942343,0.19999999999999996,-0.09662043290550965,0.15520962021305115,0.05758160900547926,-0.013535854671059415,-0.14766264000685775,-0.2239486298298897,-0.04906864164813494,-0.036190984007072706,0.0726994751626415,0.06704470531943234,0.02746464047522591
Combined_Stress:24,Combined_Stress,20.0,15.0,5.0,45.0,0.15129840095149993,-0.8201656619411866,-1.7830821592990107,0.11748101168543701,0.09632712666559673,-0.008927824649542665,-0.09381621000270465,-0.31875174924280797,0.009091748408356439,0.11377277231728042,0.08375049741607535,0.07556207129763587,-1.7830821592990107,0.11748101168543701,0.09632712666559673,-0.008927824649542665,-0.09381621000270465,-0.31875174924280797,0.19999999999999996,0.009091748408356439,0.11377277231728042,0.08375049741607535,0.07556207129763587,-0.12531873594401807,-0.18624496186368525,0.0035748851468978154,0.04080810551082408,0.10293707943734487,0.11481905427426414,0.10313081783158677
Combined_Stress:25,Combined_Stress,20.0,15.0,5.0,45.0,0.10047740187656931,-0.9979316033566547,1.8813001425435236,1.0322268413295552,0.022772660275879188,0.08882420420750943,-0.10644223814010413,-0.21076273495367326,-0.06313176372050829,0.008982952875282404,0.02315823011004048,0.0315423453985858,1.8813001425435236,1.0322268413295552,0.022772660275879188,0.08882420420750943,-0.10644223814010413,-0.21076273495367326,0.44438287031841706,-0.06313176372050829,0.008982952875282404,0.02315823011004048,0.0315423453985858,-0.07817933715554644,-0.07377521461474466,0.20470079899884938,0.1321396915186459,0.07590597466199658,0.07034249986890423,0.06732399202525714
Combined_Stress:26,Combined_Stress,20.0,15.0,5.0,45.0,0.3752395268930884,-0.4256914202732693,-1.3032320221782503,-1.6448632153502132,0.05078018097828167,-0.06507458680554443,-0.1184426172156282,-0.33392592102003965,0.08444848583308708,0.09363071673264298,-0.05093969975414848,0.002757791660627648,-1.3032320221782503,-1.6448632153502132,0.05078018097828167,-0.06507458680554443,-0.1184426172156282,-0.33392592102003965,0.19999999999999984,0.08444848583308708,0.09363071673264298,-0.05093969975414848,0.002757791660627648,-0.17603161841404766,-0.21954720882403594,0.006604201576400713,0.07830473233116068,0.0789568291060844,0.011182557785148891,0.004755042314767779
Combined_Stress:27,Combined_Stress,20.0,15.0,5.0,45.0,0.0873818884630633,-1.058578573723209,1.6583171507448502,2.9581600422162904,0.03465519125320602,-0.0038959282566126798,-0.1253679823425149,-0.2542121642677623,-0.016037365986525942,-0.029159465702810333,-0.08515079263903148,0.02285232192765472,1.6583171507448502,2.9581600422162904,0.03465519125320602,-0.0038959282566126798,-0.1253679823425149,-0.2542121642677623,0.4286687876238816,-0.016037365986525942,-0.029159465702810333,-0.08515079263903148,0.02285232192765472,-0.16251634696679587,-0.163401817951769,0.15474933649908046,0.12095323432864012,0.01951374823481519,-0.04475931425572248,-0.01881603883214815
Combined_Stress:28,Combined_Stress,20.0,15.0,5.0,45.0,0.09834643848288621,-1.0072413629966661,2.8721611290873987,-2.44708897102109,-0.05010225192596146,-0.07774628912735876,0.051089447963630824,-0.20453210566985153,-0.004393187025643885,0.002213002699851002,0.04775124913849156,-0.08643392761982593,2.8721611290873987,-2.44708897102109,-0.05010225192596146,-0.07774628912735876,0.051089447963630824,-0.20453210566985153,0.475738538829385,-0.004393187025643885,0.002213002699851002,0.04775124913849156,-0.08643392761982593,-0.05178788357355794,-0.025357381136870513,0.2169496265214609,0.1656563780595929,0.08932796436263171,0.04971969266344175,-0.01295530353719259
Combined_Stress:29,Combined_Stress,20.0,15.0,5.0,45.0,0.13002593498083784,-0.8859700146493915,1.396409572700046,-2.9028635353612717,-0.01065725447386261,-0.06315674823894091,0.0396365542465707,-0.3679110060557669,0.09839066088171532,0.08364682742938602,0.07093307057115654,-0.054112999635249626,1.396409572700046,-2.9028635353612717,-0.01065725447386261,-0.06315674823894091,0.0396365542465707,-0.3679110060557669,0.21155487846735133,0.09839066088171532,0.08364682742938602,0.07093307057115654,-0.054112999635249626,-0.09584246949126,-0.20680416435563914,0.012721114562748418,0.11236812363398556,0.1331472958242053,0.09927412645606702,0.02549897428959833
Combined_Stress:30,Combined_Stress,20.0,15.0,5.0,45.0,0.062190266948592574,-1.206277578995258,-0.7185765795946907,2.3623472939172245,-0.043385607047394484,-0.0151421612379546,0.015726696716000764,-0.389107793849759,0.029468703431261335,0.01928748587738032,0.01253156973929266,0.027735559706357483,-0.7185765795946907,2.3623472939172245,-0.043385607047394484,-0.0151421612379546,0.015726696716000764,-0.389107793849759,0.44761442239459936,0.029468703431261335,0.01928748587738032,0.01253156973929266,0.027735559706357483,-0.1066692332456184,-0.16885927812105914,0.14487779374714102,0.12598664410186225,0.08427594804199698,0.06011376432005879,0.056981464486414855
Combined_Stress:31,Combined_Stress,20.0,15.0,5.0,45.0,0.08630401744416545,-1.0639689874455933,-1.2074599499725163,0.9486027431211943,-0.01930150714744714,0.09910582485118709,0.005316705146339695,-0.2744850249086826,0.0682041991267125,0.14205740241192266,-0.07459544717143578,-0.042943760793725805,-1.2074599499725163,0.9486027431211943,-0.01930150714744714,0.09910582485118709,0.005316705146339695,-0.2744850249086826,0.2739901284425468,0.0682041991267125,0.14205740241192266,-0.07459544717143578,-0.042943760793725805,-0.03236927927385606,-0.11287387259213616,0.13021249128217197,0.17322464982173427,0.16840255036061413,0.03710674839607449,-0.006030413037457224
Combined_Stress:32,Combined_Stress,20.0,15.0,5.0,45.0,0.11356878551605656,-0.9447410184572105,-0.8242900301197921,-0.8391493316394476,-0.031731563365492266,-0.09090148802823808,0.0016122326537012996,-0.36214098145481516,0.03458856340881054,0.04547839839879682,0.034195417340766435,0.06178708373150304,-0.8242900301197921,-0.8391493316394476,-0.031731563365492266,-0.09090148802823808,0.0016122326537012996,-0.36214098145481516,0.3375642716178764,0.03458856340881054,0.04547839839879682,0.034195417340766435,0.06178708373150304,-0.13400291646514947,-0.18494545776620985,0.08356705542056685,0.09021834716995011,0.08111136564990032,0.07314662536042851,0.07643450937105002
Combined_Stress:33,Combined_Stress,20.0,15.0,5.0,45.0,0.15770368045460553,-0.8021581710815324,-1.6052750753772935,0.34925267297680773,-0.06390000084381467,0.06498887268316382,-0.10282306017144187,-0.26205267895732964,0.07406119166436147,-0.02027827616139659,0.07718286014716871,0.05719734313277811,-1.6052750753772935,0.34925267297680773,-0.06390000084381467,0.06498887268316382,-0.10282306017144187,-0.26205267895732964,0.2775157162385451,0.07406119166436147,-0.02027827616139659,0.07718286014716871,0.05719734313277811,-0.14381289657959154,-0.16280176376921549,0.09855311634889283,0.10333085501659693,0.06477026965221701,0.09645717318668297,0.09038160314460202
Combined_Stress:34,Combined_Stress,20.0,15.0,5.0,45.0,0.3747604731069116,-0.4262462214577104,2.6781024800179223,1.2573389834486906,-0.09288385867868858,-0.0746465287992727,-0.06469875189773303,-0.23071634533769675,-0.06960367670181754,0.021833855940013976,-0.06368890689535711,0.06632236556629789,2.6781024800179223,1.2573389834486906,-0.09288385867868858,-0.0746465287992727,-0.06469875189773303,-0.23071634533769675,0.31560571018312245,-0.06960367670181754,0.021833855940013976,-0.06368890689535711,0.06632236556629789,-0.18069388533535238,-0.1790825402839032,0.0441641016168073,0.022638246432640834,-0.009429369826655789,-0.031787851785836596,0.01172894960227609
Combined_Stress:35,Combined_Stress,20.0,15.0,5.0,45.0,0.1632458371877891,-0.7871578845363371,2.125047451758518,-1.5865037409838252,0.07225072400804683,0.0338539173681889,-0.09349043052642865,-0.2525297264551491,0.0759696132216586,0.12957022508777333,-0.06019810764554985,-0.08213725568720477,2.125047451758518,-1.5865037409838252,0.07225072400804683,0.0338539173681889,-0.09349043052642865,-0.2525297264551491,0.19999999999999996,0.0759696132216586,0.12957022508777333,-0.06019810764554985,-0.08213725568720477,-0.10732169124925486,-0.18054330492426288,0.033215250414398954,0.13230732830662792,0.14592513986185243,0.026002547049412593,-0.05103612175200108
Combined_Stress:36,Combined_Stress,20.0,15.0,5.0,45.0,0.08932288225188317,-1.0490372716519591,0.8452880369944753,-1.7926723174929677,-0.0003851770865683335,0.017745565950262422,-0.08853032625866969,-0.342294562355157,0.01752901657794901,0.030363075552688138,-0.06720713242926679,0.006294449632580013,0.8452880369944753,-1.7926723174929677,-0.0003851770865683335,0.017745565950262422,-0.08853032625866969,-0.342294562355157,0.42965069415685864,0.01752901657794901,0.030363075552688138,-0.06720713242926679,0.006294449632580013,-0.14432563045102176,-0.17658139163866346,0.14583479966182664,0.134008522803269,0.06754063255080016,-0.00550218526969565,-0.003974938329886463
Combined_Stress:37,Combined_Stress,20.0,15.0,5.0,45.0,0.06999141007004096,-1.154955256958521,1.7132147506276465,1.3548402277199731,0.0034909957850077556,0.025831892645324574,0.04596717395551296,-0.2577276411520265,-0.012611795319165998,0.1279974181729382,-0.07989568422626661,-0.07692634296935336,1.7132147506276465,1.3548402277199731,0.0034909957850077556,0.025831892645324574,0.04596717395551296,-0.2577276411520265,0.36955105577440395,-0.012611795319165998,0.1279974181729382,-0.07989568422626661,-0.07692634296935336,-0.013519332135977197,-0.07162815965467982,0.17690168559057887,0.17390497563705684,0.15799610420369561,0.031487071173213345,-0.03620813941865096
Combined_Stress:38,Combined_Stress,20.0,15.0,5.0,45.0,0.07686748381128584,-1.1142573349416494,1.0264470105107144,2.0713008091744527,0.012672896919222954,0.061282788154507786,-0.03277422723250176,-0.37475656668891905,0.08175577783201811,-0.008599467470413194,0.03118654293498964,-0.03166821614399636,1.0264470105107144,2.0713008091744527,0.012672896919222954,0.061282788154507786,-0.03277422723250176,-0.37475656668891905,0.3653035166234312,0.08175577783201811,-0.008599467470413194,0.03118654293498964,-0.03166821614399636,-0.08746311003815377,-0.19252186785479894,0.10824026757737566,0.15072009878621573,0.09318281870007102,0.06226239865025675,0.02332065707662962
Combined_Stress:39,Combined_Stress,20.0,15.0,5.0,45.0,0.11954869829522928,-0.9224551483334572,1.1868923212254243,2.8392800199654165,-0.021763421097484383,-0.016696113100734433,-0.011909678099925661,-0.30257901517661184,0.02292343641607746,0.11386891154290006,-0.08206941293081277,-0.08669984265635873,1.1868923212254243,2.8392800199654165,-0.021763421097484383,-0.016696113100734433,-0.011909678099925661,-0.30257901517661184,0.3414901689790947,0.02292343641607746,0.11386891154290006,-0.08206941293081277,-0.08669984265635873,-0.11169231639068755,-0.1739093813086215,0.09738158793651953,0.13814711670094906,0.12848576478298623,0.00584602750957745,-0.05983432812261328
Combined_Stress:40,Combined_Stress,20.0,15.0,5.0,45.0,0.14391436500594687,-0.8418958542117922,1.293032813047735,-2.10840897117639,0.033198628841861665,-0.03539468212203946,0.04693795745030728,-0.3604347100967705,-0.027085527266359113,0.007672532520704212,-0.0880580178850227,-0.06616452573755391,1.293032813047735,-2.10840897117639,0.033198628841861665,-0.03539468212203946,0.04693795745030728,-0.3604347100967705,0.33505341807938116,-0.027085527266359113,0.007672532520704212,-0.0880580178850227,-0.06616452573755391,-0.08701207900573033,-0.21322005798347968,0.10429036611985615,0.08015544147300349,0.009856656350162698,-0.09274431964760452,-0.10810185645980189
Combined_Stress:41,Combined_Stress,20.0,15.0,5.0,45.0,0.37553687062243957,-0.4253474170572256,1.5470825301310234,-0.2806755771315764,-0.016485295296711756,-0.0504219872603765,-0.1155216932778664,-0.3311632224157434,-0.023836364032822077,0.08745885216766251,0.09681657320155901,-0.07053805497130537,1.5470825301310234,-0.2806755771315764,-0.016485295296711756,-0.0504219872603765,-0.1155216932778664,-0.3311632224157434,0.20775795737595293,-0.023836364032822077,0.08745885216766251,0.09681657320155901,-0.07053805497130537,-0.16944091448005894,-0.22611657305155766,-0.04967586718686499,-0.001290077758308567,0.05609234536843436,0.0661720010828684,0.004604570465854393
Combined_Stress:42,Combined_Stress,20.0,15.0,5.0,45.0,0.16251899696048633,-0.78909586672878,2.347223148815269,-0.19714167638934454,-0.08501014735766106,-0.08404520703876409,-0.06092105045586316,-0.34433983268933965,0.02254750467126968,0.1348440709151118,0.005149494848475383,0.06314269202351507,2.347223148815269,-0.19714167638934454,-0.08501014735766106,-0.08404520703876409,-0.06092105045586316,-0.34433983268933965,0.20000000000000018,0.02254750467126968,0.1348440709151118,0.005149494848475383,0.06314269202351507,-0.14968482911730438,-0.20598893480010486,-0.048064007021508086,0.02636791405208092,0.07287350253347022,0.059994796313457055,0.05827380422437198
Combined_Stress:43,Combined_Stress,20.0,15.0,5.0,45.0,0.3752064887009383,-0.42572965967824705,1.4821513992263757,2.663188139917679,-0.08168072727133849,-0.03670554396775022,-0.06219308874296403,-0.2372854538872999,-0.019728656327533147,-0.039632649251200636,-0.09342976912254732,0.0498522090763786,1.4821513992263757,2.663188139917679,-0.08168072727133849,-0.03670554396775022,-0.06219308874296403,-0.2372854538872999,0.3794919023529876,-0.019728656327533147,-0.039632649251200636,-0.09342976912254732,0.0498522090763786,-0.16579413926756462,-0.15997390941432643,0.115728857888777,0.07982929681482888,-0.01731703728743107,-0.06722608682198046,-0.018057004528847988
Combined_Stress:44,Combined_Stress,20.0,15.0,5.0,45.0,0.014569842738205366,-1.836545135827691,0.12481830091976454,-2.3493005905708886,-0.04122292542659311,0.05300133472110507,0.02292858994731336,-0.2789179914085229,-0.08703192888288958,0.014837331205290329,-0.0035456744655808616,-0.0002687331156287498,0.12481830091976454,-2.3493005905708886,-0.04122292542659311,0.05300133472110507,0.02292858994731336,-0.2789179914085229,0.49824549082707603,-0.08703192888288958,0.014837331205290329,-0.0035456744655808616,-0.0002687331156287498,-0.04292107573569346,-0.06112160815034651,0.26605103086741394,0.12275871194613139,0.05989210191222696,0.026145824881651424,0.01640582508728205
Combined_Stress:45,Combined_Stress,20.0,15.0,5.0,45.0,0.10415703052728954,-0.9823114101506478,-2.7596675197481453,-1.8574742928275232,-0.033690121310723145,0.09157738274001309,0.009003525980735644,-0.2198976885837295,0.0705889353079457,0.13459716029315738,-0.025421003506567588,0.015537873405850756,-2.7596675197481453,-1.8574742928275232,-0.033690121310723145,0.09157738274001309,0.009003525980735644,-0.2198976885837295,0.3996863088712772,0.0705889353079457,0.13459716029315738,-0.025421003506567588,0.015537873405850756,-0.019504018491946048,-0.018646146737242093,0.19943523565056734,0.16611149300949649,0.14141693566096486,0.06007516926429304,0.0398069655674327
Combined_Stress:46,Combined_Stress,20.0,15.0,5.0,45.0,0.17518914365005947,-0.7564928102624463,2.5222509302828344,1.9063370763094831,0.07743660002164064,0.07563859778481832,-0.0728426886222325,-0.22664373082976436,0.07864155488859703,0.07562606545096444,-0.01570168141920616,-0.01327767749588068,2.5222509302828344,1.9063370763094831,0.07743660002164064,0.07563859778481832,-0.0728426886222325,-0.22664373082976436,0.3641914034868958,0.07864155488859703,0.07562606545096444,-0.01570168141920616,-0.01327767749588068,-0.031106430976010065,-0.06112482539523823,0.1386154836109436,0.17291373700029203,0.14131751121305208,0.08250809846367335,0.046342686601536516
Combined_Stress:47,Combined_Stress,20.0,15.0,5.0,45.0,0.3756359851988899,-0.42523280984386647,2.2811120750361127,0.0719272172565606,-0.058856632986389414,0.05350735930796444,-0.05494168471899458,-0.39374073691527056,-0.08160629472175131,-0.01828215677527542,-0.009335951445899238,0.05637863376884791,2.2811120750361127,0.0719272172565606,-0.058856632986389414,0.05350735930796444,-0.05494168471899458,-0.39374073691527056,0.2733505493596071,-0.08160629472175131,-0.01828215677527542,-0.009335951445899238,0.05637863376884791,-0.13389051542106742,-0.26147641552866724,-0.040996048490731275,-0.04395646166342218,-0.05525739818609039,-0.02822653166656836,0.01561147338880672
Combined_Stress:48,Combined_Stress,20.0,15.0,5.0,45.0,0.37484719836130564,-0.4261457307583042,2.771955243639446,-0.5277032957855133,0.01402349613465439,-0.08844746845778728,-0.12291378163048518,-0.2864583422705233,-0.07032146859771791,0.07832829695954018,0.025381778718210346,0.013039880747512923,2.771955243639446,-0.5277032957855133,0.01402349613465439,-0.08844746845778728,-0.12291378163048518,-0.2864583422705233,0.3010854864835685,-0.07032146859771791,0.07832829695954018,0.025381778718210346,0.013039880747512923,-0.19107900606876385,-0.21185371523661237,0.00810846364755685,0.018930879211855545,0.04625947406615609,0.04691954698678438,0.03334825094097557
Combined_Stress:49,Combined_Stress,20.0,15.0,5.0,45.0,0.04624520946213823,-1.3349332491285082,-2.2376713122310363,-2.645104778833861,0.04615482339479742,-0.027228432937698135,-0.029970801948822595,-0.2013049662778445,-0.002140202522762169,0.0374279580930067,0.007750036795470261,-0.05894187182432034,-2.2376713122310363,-2.645104778833861,0.04615482339479742,-0.027228432937698135,-0.029970801948822595,-0.2013049662778445,0.5890809062052779,-0.002140202522762169,0.0374279580930067,0.007750036795470261,-0.05894187182432034,-0.05253013768386507,0.010601918249643351,0.25593599992255134,0.13930745838319417,0.08416370949686579,0.02763438940993764,-0.008436905056344523
Combined_Stress:50,Combined_Stress,20.0,15.0,5.0,45.0,0.10909211047971455,-0.9622066563687547,-0.9654159539127861,-1.4144576190380298,-0.062989074550909,-0.0007601486553361902,-0.01771621079585745,-0.3230814749304797,-0.03706081391177226,0.1303558032508284,0.06503682492072103,-0.02633021503509855,-0.9654159539127861,-1.4144576190380298,-0.062989074550909,-0.0007601486553361902,-0.01771621079585745,-0.3230814749304797,0.3366694339489974,-0.03706081391177226,0.1303558032508284,0.06503682492072103,-0.02633021503509855,-0.11894093166722083,-0.16705003298656826,0.09979440306984756,0.0844454163670892,0.13882954414623883,0.10654978078720362,0.04280641041284039
Combined_Stress:51,Combined_Stress,20.0,15.0,5.0,45.0,0.12497935112990617,-0.903161734440836,1.9652400263375804,2.1002698464673877,-0.047380865584957715,-0.06753765374898472,-0.0052157628032514156,-0.3786552280767774,0.03749928911590208,0.10665834189428741,0.03985615766020163,0.009671716224058735,1.9652400263375804,2.1002698464673877,-0.047380865584957715,-0.06753765374898472,-0.0052157628032514156,-0.3786552280767774,0.30752498489157887,0.03749928911590208,0.10665834189428741,0.03985615766020163,0.009671716224058735,-0.12967466507934106,-0.20750027486070488,0.007466644078516077,0.0735086338470958,0.10111052450834589,0.0847320816492608,0.05724464044358146
Combined_Stress:52,Combined_Stress,20.0,15.0,5.0,45.0,0.1107109818950707,-0.9558092974602581,-0.5985081622067768,-0.4907893766820113,0.03722418665702052,0.09384557624125707,-0.024225952967547343,-0.27854600597511164,0.054831988979393634,0.09449579060004434,-0.09165202219540416,0.0905073101593835,-0.5985081622067768,-0.4907893766820113,0.03722418665702052,0.09384557624125707,-0.024225952967547343,-0.27854600597511164,0.23467116622483775,0.054831988979393634,0.09449579060004434,-0.09165202219540416,0.0905073101593835,-0.05164965260451093,-0.15624828356868165,0.0961147995504387,0.14197538789164366,0.12046134180256662,0.030560025698424323,0.07985101354247677
Combined_Stress:53,Combined_Stress,20.0,15.0,5.0,45.0,0.18588938813268138,-0.7307454020891255,-0.189426087404182,0.6943344222929249,0.07574458979417681,0.04154023088324635,-0.11340015593997259,-0.21550241355308924,0.0643067512229215,0.0004908933831847262,0.08879934511000981,0.09970126998069005,-0.189426087404182,0.6943344222929249,0.07574458979417681,0.04154023088324635,-0.11340015593997259,-0.21550241355308924,0.3005143501327089,0.0643067512229215,0.0004908933831847262,0.08879934511000981,0.09970126998069005,-0.0873416771462905,-0.09537621052892224,0.10997489186037154,0.11413289516199668,0.08813742462944558,0.11764532593675739,0.12536982424831442
Combined_Stress:54,Combined_Stress,20.0,15.0,5.0,45.0,0.03286061186731862,-1.4833243542263936,-2.005388560337048,1.862406856630257,0.018835621657153603,0.022367994274059333,-0.0020007835259873777,-0.3054089841273396,-0.05018328500482927,0.06276151116317767,-0.04097734379772943,0.08450853723586549,-2.005388560337048,1.862406856630257,0.018835621657153603,0.022367994274059333,-0.0020007835259873777,-0.3054089841273396,0.4129559392138582,-0.05018328500482927,0.06276151116317767,-0.04097734379772943,0.08450853723586549,-0.07970995764300992,-0.12027075303892759,0.195119141587938,0.1048608519268479,0.09002900351427873,0.049726644741386085,0.09398926709577848
Combined_Stress:55,Combined_Stress,20.0,15.0,5.0,45.0,0.08869515660103079,-1.0521000951499766,-1.855838163024722,2.230644133857516,-0.004747965568038104,-0.0259031667338155,-0.08452488376759171,-0.35294026449550187,0.05898014038804105,0.040333166623773314,-0.034897538375864436,0.041021946959572446,-1.855838163024722,2.230644133857516,-0.004747965568038104,-0.0259031667338155,-0.08452488376759171,-0.35294026449550187,0.35665092708780155,0.05898014038804105,0.040333166623773314,-0.034897538375864436,0.041021946959572446,-0.1664207442501634,-0.20134398713250284,0.0914348326120027,0.09898716160852171,0.06601124723725312,0.022551562272960485,0.036575694007213735
Combined_Stress:56,Combined_Stress,20.0,15.0,5.0,45.0,0.07192414431082331,-1.1431252962544352,0.553624990019139,0.7294388451703533,0.06535301823265663,0.012211973656034459,0.029536107274746218,-0.3980592404832419,0.0019315434669782362,0.11056292004853505,0.04605170285743154,0.06695799127800439,0.553624990019139,0.7294388451703533,0.06535301823265663,0.012211973656034459,0.029536107274746218,-0.3980592404832419,0.2693355027023715,0.0019315434669782362,0.11056292004853505,0.04605170285743154,0.06695799127800439,-0.05638979095880063,-0.1947737705555139,0.02330430872886526,0.06732705307838176,0.1145746497225137,0.11281590150321359,0.10843603839162157
Combined_Stress:57,Combined_Stress,20.0,15.0,5.0,45.0,0.1317191423285318,-0.8803511058009938,-1.4802434317099125,1.4550887811840987,-0.07838534738465835,-0.0458585741668393,-0.03841016187346146,-0.25131031280295224,-0.05561356056923024,0.13952685773157428,0.027468710666830345,-0.07558245336023234,-1.4802434317099125,1.4550887811840987,-0.07838534738465835,-0.0458585741668393,-0.03841016187346146,-0.25131031280295224,0.2878440214442214,-0.05561356056923024,0.13952685773157428,0.027468710666830345,-0.07558245336023234,-0.15686369408801168,-0.17083142410958527,0.06827028177393804,0.050570209161120185,0.11922835935075926,0.05940159114183384,-0.01644130809395189
Combined_Stress:58,Combined_Stress,20.0,15.0,5.0,45.0,0.19369053125412977,-0.7128916096608342,-2.174928607034236,0.27209893747968295,0.025461126345310267,-0.09478323849985307,-0.11551277975305403,-0.26113795426640235,0.058403482848038826,0.12120036481268495,0.07867778653887293,0.044823266935783625,-2.174928607034236,0.27209893747968295,0.025461126345310267,-0.09478323849985307,-0.11551277975305403,-0.26113795426640235,0.19999999999999996,0.058403482848038826,0.12120036481268495,0.07867778653887293,0.044823266935783625,-0.15865943045693892,-0.16559881089675985,0.018842291839097317,0.06714296112583817,0.11052603796289623,0.10242499435412185,0.07685466175956417
Combined_Stress:59,Combined_Stress,20.0,15.0,5.0,45.0,0.08472231399497819,-1.0720021909845416,-0.46298302302658323,-2.8678949265936176,-0.09725568429079591,0.08195969721533161,-0.07679106544139244,-0.30053500514757714,0.011826713465999528,-0.02615243268239581,-0.037582116472601096,-0.027371642838718416,-0.46298302302658323,-2.8678949265936176,-0.09725568429079591,0.08195969721533161,-0.07679106544139244,-0.30053500514757714,0.3405256424451881,0.011826713465999528,-0.02615243268239581,-0.037582116472601096,-0.027371642838718416,-0.14935283937476113,-0.18713118746015076,0.1421063923900837,0.09911735190265195,0.01409330048058989,-0.034414317893834936,-0.0396924400939903
Combined_Stress:seed,Combined_Stress,20.0,15.0,5.0,45.0,0.07717721686269327,-1.1125108868551676,0.0,0.0,0.0,0.0,-0.034,-0.2987,0.0,0.0582,0.0,0.0,0.0,0.0,0.0,0.0,-0.034,-0.2987,0.6091,0.0,0.0582,0.0,0.0,-0.06832284997371187,-0.049822980911519266,0.21472425105283144,0.15698513028490274,0.10700123695897856,0.05984588568195273,0.03789628609793186
