sample_id,ctle_dc,mlse_ber,log10_ber,ffe_tap_0,ffe_tap_1,ffe_tap_2,ffe_tap_3,ffe_tap_4,ffe_tap_5,ffe_tap_6,ffe_tap_7,ffe_tap_8,tx_fir_0,tx_fir_1,tx_fir_2,tx_fir_3,tx_fir_4,tx_fir_5,tx_fir_6
0,-6.521281136326758,0.32961502448862,-0.48199300054353045,0.1871323180328969,-0.13671504108024476,-0.09899848054796595,-0.16114223215447207,0.19999999999999996,-0.07145200863381941,-0.053098602932701564,-0.08423967019545466,0.007221646422444735,-0.00039686296632351166,-0.02845320605687695,-0.03698892680069522,0.008089946698851326,0.005334674286770479,-0.01574630291723462,-0.021926513487825733
1,-12.19063817256104,0.34606381446269086,-0.4608438095494553,0.05025149069286655,-0.12167982078618512,0.18321404140916522,0.08239167049930057,0.20000000000000007,0.007931523008961303,0.09407862952080216,0.16973061644796442,-0.09072220763475458,-0.010750288789953464,0.017849368488591564,0.023995857559977542,0.030674032481842986,0.012763488426067468,0.014004118503821062,0.026626574293557335
2,-9.024667210037272,0.3287687265917603,-0.4831095004829031,0.013712968373057523,-0.03959197744491352,0.1567160293692156,-0.14202660702002984,0.19999999999999996,-0.07726716220042748,-0.031512668774994555,0.1396261160807895,-0.19954647073657195,-0.002520206458897126,0.017638534640361907,-0.004671599709411282,0.017612324250204314,0.004867695146306904,-0.006726193723804123,0.015131700974384382
3,-18.631894713590842,0.3286156727167963,-0.48331172753484325,0.04434777625023908,-0.14913794833240326,-0.13133870361318706,0.051073998336008904,0.19999999999999996,0.19076225362166196,-0.060043377071241875,0.07197678109150613,0.10131916168375175,-0.017503421247715457,-0.01829272302761117,0.00872830035716869,0.031026656692182766,0.02581412567900326,-0.0074505125366551034,0.0005396947357263712
4,-1.258322598013951,0.2911804955344281,-0.5358377192129309,0.011871297435101342,-0.05403983928158978,-0.14288029009532452,0.1273461294284828,0.19999999999999996,0.14186435361540078,0.10018519170104728,0.13877524097793836,0.08303765746511522,-0.01092628916151888,-0.040137923945820185,-0.008203812261153975,0.05858621669021106,0.08377163631652651,0.07863341622355335,0.07944126262780966
5,-14.216648508565921,0.32334881878421207,-0.49032872122200016,0.07700960655779514,0.11341848737329774,-0.19820029302570685,0.004180067009283258,0.19999999999999996,-0.18642527200352446,-0.13568325923032526,0.019646414986565882,-0.06543659981350147,0.01489015584889501,-0.02063732458414516,-0.007373859035797333,0.024318531316585363,-0.014817812285413788,-0.026534233469121322,-0.003202610410653438
6,-7.185652361064815,0.3398876404494382,-0.4686646276564251,-0.16009150975305708,0.11209555231582144,-0.0840828087789044,0.04748096282951528,0.19999999999999984,-0.06269756363566359,0.14484704736971962,0.11964320967622791,0.06906134564109077,-0.0015978159181628678,-0.0044703151171326845,0.0016252255912137643,0.03320310729336407,0.014554968903714851,0.022776204373751868,0.03641119878126855
7,-12.854085286437247,0.3340805963699222,-0.47614874775063465,0.13285660764219942,0.1363123989707738,0.10076601051703872,-0.10406978264059351,0.19999999999999996,0.1046878497344864,-0.026449379382732615,-0.1403570205924051,0.054500950519770434,0.025584155146241436,0.01782405831362074,-0.00712332977243474,0.020493003565294737,0.02434176359389437,0.00024782340822769567,-0.019358980741026058
8,-5.786643135403274,0.33000216076058775,-0.4814832164756648,0.15207967425615174,-0.02274405075800349,0.0003900072822707941,-0.10510575195031605,0.20000000000000007,-0.17641313344352452,0.11335235772721358,0.09790728515404962,0.13200773942847016,0.016771353636323677,0.0019289458000277615,-0.012479260849079184,0.018609563970744532,-0.0036370064478491583,0.0036455961616758503,0.02973129910877655
9,-13.035010447751034,0.33900532987611637,-0.4697934737214305,-0.13405431786285585,0.15896414876204282,-0.050874815640648295,0.17631987354343415,0.19999999999999996,0.0059332132990634135,0.10333969297525535,-0.12238835103922581,-0.04812558687747438,0.01292873388768292,0.0046806883693621786,0.02174523478399484,0.03396694957509738,0.010786070001841607,0.009849401685675687,-0.011875852616857776
10,-8.721180059021204,0.32943496110630943,-0.4822303134544944,-0.18150013854823616,-0.1674142221666464,0.028842793116522335,-0.06915855195578262,0.19999999999999996,-0.17268431715147275,-0.13294999632259724,0.021673143378383296,0.025776837360359166,-0.04096074239282428,-0.01516470777180682,-0.009225127062313961,0.018433624280946838,-0.012351506506977947,-0.0343476709868392,-0.012204015081717746
11,-8.162722415618454,0.3325050417747047,-0.47820176510273343,-0.14066464552177585,0.18978871966261285,-0.009683324991427518,-0.04427972326619982,0.19999999999999984,0.056898310588406116,0.1411048500107482,0.12397127657645635,-0.09360914938237343,0.014455607634298939,0.013892083034223087,-0.002401251664160371,0.026861067759859657,0.029775945768050722,0.03295194115425793,0.03440755874088518
12,-2.7375851952983545,0.31710061941803513,-0.49880290962989043,0.13338407072442335,-0.09339894014240342,0.15189756632356585,-0.09239042781132807,0.19999999999999996,0.018346023880953955,0.051913344968570106,-0.1026475251820454,-0.1560221009667099,0.010400445448333276,0.02041782852855328,0.012912494869598373,0.03279724551279011,0.04299303799511227,0.02801964046839175,-0.0017996576654440723
13,-6.114939908192445,0.32758030826851053,-0.48468221273384743,0.12265820219734223,0.12284413190206697,-0.06421574965094762,-0.13988873988247216,0.19999999999999996,-0.05064295943319112,-0.026008878363113518,-0.1404421384003068,0.1332992001705596,0.035203194813211165,0.008181796596733164,-0.021462893115592414,0.01565214512422985,0.013794541684959395,-0.006162294305036767,-0.02355275379548784
14,-10.945909154914814,0.34037381158167673,-0.46804386199254755,0.09263428782494912,-0.12431587013465284,-0.006173990829917086,-0.00422237741475625,0.19999999999999996,-0.14421521704738868,-0.19133621347679552,0.09278786131917605,0.14431418195236448,-0.010642474947024534,-0.009093702680789049,0.0012264083265374677,0.025309862806891674,-0.008411460807096866,-0.034379363094496955,0.0010468737468755272
15,-2.72571728052376,0.32170123883607027,-0.4925472666745506,0.060846565883785314,0.19266592544072741,0.15690464709863702,0.0926022960726967,0.19999999999999996,-0.021616185908561857,0.0007048123590380386,-0.12184352964589992,-0.1528160375906538,0.05230826049556595,0.07522926144512407,0.06988613577853278,0.07880566427049449,0.05499036767086845,0.022007979158007847,-0.011137088089529392
16,-3.2314024908899874,0.33185681359838665,-0.47904926110826296,0.06301063966489627,-0.07507194887500493,-0.1125921677094094,-0.0014912239778009408,0.20000000000000018,0.11127250643971975,-0.11457950886273764,-0.18588666651079658,0.13609533795963447,-0.004211747142477043,-0.03093898069601859,-0.021397313249841617,0.03018271970212954,0.052005838234992746,0.007161516080859015,-0.04189296456402828
17,-9.179160118451374,0.30134507346586,-0.5209359041930205,0.1432337891569383,0.05456742727765935,0.02109832797208808,-0.04808437013515169,0.4711302825966448,0.03070217320959243,0.07898190161571392,0.003069405752424714,-0.14913232228378676,0.020612911617851688,0.009170637485689472,0.0026348039746363528,0.06592130785604772,0.04715969162367954,0.021447183666128508,0.009608936680323922
18,-16.1129091783814,0.3408329732065687,-0.4674583969189607,0.060413561973710346,-0.08301309695417021,-0.178216725263618,0.12986334207864303,0.20000000000000018,-0.0022195835694937,-0.1590032021754621,0.0687987653265944,0.11847172265830813,-0.010043715254315074,-0.02329103406375678,0.013159309047661275,0.03176824065606083,0.00364314542447493,-0.022849991207159536,0.0023065351632834074
19,-18.06748608019457,0.3410490492653414,-0.4671831568039707,0.134972919824673,-0.01677394430063679,0.11482414224882923,0.12781480328631228,0.19999999999999996,0.10969826363244979,0.07423478618158551,-0.12414448616253701,-0.09753665436297645,0.0023777991637918936,0.010985485533836277,0.018081552171430017,0.023875821788008598,0.013180768032919732,0.002556289766243896,-0.019255428208602494
20,-4.47746789611349,0.3029926534140017,-0.5185679015981576,-0.19748327236861632,0.014814600317780799,0.20876725476885286,0.08593971372628545,0.19999999999999996,-0.0033612816034038102,0.14365719994295933,0.11937553404055574,0.02660114323154568,-0.025775869381222997,0.02979654366113056,0.04680156175464722,0.05772468520649896,0.04129815390648755,0.04260544060316299,0.05311459130425468
21,-2.378745620408374,0.30841256122155,-0.5108679420409549,0.09028874109858587,0.14504124578970695,0.14516401722095776,0.00615358858067747,0.19999999999999996,0.12388761813203128,0.10530503320551171,-0.14047440001531009,-0.043685355957218924,0.05004718723000847,0.06683811919196707,0.050346138317132506,0.0639507747383281,0.08022773084835759,0.06976093262761754,0.018151478777127694
22,-11.311318222177865,0.3346658023624316,-0.47538866351338505,-0.16420564158919443,-0.014371984510902743,-0.1601524077894032,0.11971712961122088,0.19999999999999984,0.07756987873999373,0.0430994782012864,0.2020091273008356,0.018874352257163187,-0.01449861812153503,-0.02102430450782351,0.008228400571913388,0.03483484895179446,0.023204709878651305,0.012318233333222926,0.029215491468228636
23,-9.807389840039155,0.334332685105157,-0.4758211637397017,-0.044354927706842635,-0.15806430790108594,0.09786972829681781,0.08365427589077917,0.20000000000000007,0.15909635142371187,0.14117482669148493,-0.10971285896230264,0.006072723126974979,-0.02454041890140277,0.0019080131847159626,0.020462389137390274,0.036896149218325444,0.040161062006880154,0.03287501030059435,-0.0015254802930937355
24,-15.39286446226882,0.33531403053874964,-0.47454827401504335,-0.12700998298791483,-0.1158585379072924,-0.14432340142083533,-0.059065315793349685,0.19999999999999984,-0.09404994778926377,0.09516660020199212,0.14918765979111115,0.01533855410824091,-0.02007606294475988,-0.020001938619768025,-0.006722313174802177,0.02447957572008509,-0.0009283896111957062,0.0071049905739151865,0.020794938474540565
25,-9.345960425532345,0.31924337366753097,-0.49587810834643425,-0.000477675452924479,0.07610238129214901,-0.13874811763471995,0.11748581148537984,0.19999999999999996,0.1518689505192441,-0.12512492444054418,0.07816113323438655,-0.1120310059406519,0.009129005495738366,-0.011928022420813792,0.008625487117892147,0.039299196533758476,0.03831043889879193,-0.0013162685504099659,0.002453006105218625
26,-0.08232640741966435,0.3153359982713915,-0.5012264480335058,-0.01647990696648006,0.1878586917253161,0.022359785519533413,-0.22133542903477568,0.27814021880870954,-0.07470535103519312,-0.040532743199029726,-0.00894882858446484,-0.14963904512649753,0.03933594500802016,0.050965019917023124,-0.018471116426802898,0.0162850556737819,0.03899989934206757,-0.0037391103417798058,-0.011984730147569189
27,-1.6286749063175243,0.30653990204552,-0.5135129857123827,-0.034865172707326336,-0.1287389065145916,0.13849683459541418,0.10185401522391886,0.19999999999999996,-0.1567048072127184,-0.09586272574685116,0.044336714945281484,0.09914082305389807,-0.03268182571616043,-0.0019038027682276866,0.04194509426141046,0.06856119229360132,0.02279389790397565,-0.030316361267755672,-0.012393098684967945
28,-2.611461732441928,0.30789938058196487,-0.5115911847899011,0.05484167622883265,0.22018350500614953,0.14555163564354265,0.03874900140084072,0.19999999999999996,-0.16662629906550575,0.06842894688202138,0.015323739606991028,0.09029519616611636,0.05681413842672354,0.0780790949895349,0.05990510078083844,0.06685935303995338,0.024158916846373092,0.006848442604165044,0.020431359979160374
29,-13.370211480163366,0.3401127196773264,-0.4683771258374127,-0.03306205796443961,-0.13093809026917125,0.10186556165494857,0.12565700007047867,0.19999999999999996,0.13640762368471426,-0.118690481526799,-0.0954954648295927,-0.05788371999985603,-0.016871013537335666,0.008426686758636268,0.024506175227981777,0.03265615220109533,0.023533201837282275,-0.012363568802771226,-0.020638216422278487
30,-12.468750049422345,0.3244111927398444,-0.4889041703015246,0.14224026738590967,0.12487514588915598,0.022683808569330128,0.039558708695664864,0.19999999999999984,-0.1563981779938177,-0.1585592259910869,-0.01149774920765891,0.14418691626737598,0.024248741345848212,0.009549624414553681,0.0077457938381505,0.02594181934510301,-0.01077200009645592,-0.029532713283927717,-0.007368865919716675
31,-10.413736141384595,0.33858218092768655,-0.4703359018928058,0.19581225412940004,0.018637349975989054,0.19554836068141054,0.18938819780527477,0.19999999999999984,-0.010364262864389627,-0.0383970651383205,0.06914556617966021,0.08270694322555538,0.019425226457502717,0.031937133645372116,0.04360976562345912,0.043552007317720014,0.015519643245748458,-0.0017381767459158056,0.011130051481255636
32,-17.969795706805865,0.3392304091040046,-0.4695052238854712,0.005816402396229868,0.19911360729158986,0.2267429539521405,-0.08437261960378994,0.20000000000000007,0.11241901087142837,-0.01879668358684264,-0.03703382062153254,-0.11570490167644623,0.025542668991628843,0.029259481962403522,-0.007133384123059075,0.014324223641483348,0.015536291399493286,-0.0046067130376968735,-0.011032798801175522
33,-16.654627993655936,0.33011019878997405,-0.4813410578878478,-0.03020695642373019,-0.17190429642023822,0.03009487761191783,0.18865690364054552,0.19999999999999996,0.06653119615134097,0.03213883413193113,0.23889964607499103,-0.041567289545305065,-0.020625310050040296,0.0015209033280324366,0.02914934716635247,0.030898295216770483,0.010044505250283909,0.002146492462894456,0.024337656983526617
34,-7.613663924498262,0.33926642178046673,-0.4694591216607626,0.16314958768161994,0.10940261011131319,-0.04339927755655683,-0.11754900307987322,0.19999999999999996,-0.09433376782061106,0.02190446207819573,-0.1807488806637747,-0.06951241100805527,0.033641837472290076,0.0075713925344423234,-0.015270306166129321,0.018875531872060394,0.006253906176355329,-0.0039052346231798797,-0.026203928241291974
35,-10.1553543478983,0.334944900605013,-0.4750266297730519,0.08640028801759313,-0.13642177307042994,0.10250256526147083,0.09921184790440368,0.20000000000000007,-0.07159590969301138,0.07001463901580651,0.09860292339471757,-0.1352500536425669,-0.011136648360856375,0.005849366321796549,0.023416039714944714,0.03529241701362841,0.006921404051240151,0.0074618375888645064,0.01843852108365891
36,-7.4569479812881845,0.3260317631806396,-0.4867400873489344,0.09913712222872748,0.20513005868722153,-0.23345088271345124,-0.06310716504909868,0.19999999999999996,0.040888482238040834,-0.05592284785706811,-0.07192234622161758,-0.03044109500477457,0.03943543812111688,-0.01197098893351077,-0.025770336779243053,0.022133713300806053,0.025783149739475743,-0.0005639538691075924,-0.014902782908712794
37,-19.52958880245909,0.34756734370498416,-0.45896103520085174,0.1815499140277883,-0.10655410717996167,0.023730920794928036,0.1422984254558378,0.19999999999999996,0.11233680120002172,0.10373828595047194,0.1233707126220369,-0.00642083276895372,-0.008664587705952296,-0.0024008247074443234,0.018844811405600213,0.02602934920712351,0.012987813158710481,0.0071535261901925495,0.00890612256679236
38,-8.086161657000241,0.3298040910400461,-0.48174396147167703,-0.1740156414203314,-0.10468603097956657,0.1812220710455866,-0.0008766801946313616,0.19999999999999996,0.10513584050575528,0.05845856366883646,-0.12351663288893491,0.0520885392963575,-0.030799974784731864,0.013078821929751547,0.01659558825188133,0.03262319667219031,0.0360591021142194,0.021831349312977262,-0.00776537907601621
39,-15.265995934415226,0.31012316335350043,-0.508465794740055,0.05686624844018363,-0.12116134905500046,-0.06063603744057794,-0.1301164490989732,0.19999999999999996,-0.15571270073393043,0.1581401561516897,0.012258241040577137,-0.10510881803906753,-0.013308682274575823,-0.014080475788384136,-0.014043965534097341,0.019619730670287806,-0.006961641445638299,0.01156755895892816,0.00668735461420663
40,-4.763336377583283,0.33397255834053585,-0.4762892165743395,0.08629836388430322,0.14543340388501308,0.03658847594293049,0.02808455809039443,0.19999999999999973,-0.16418996758030546,0.10084657288889556,-0.08149047393586929,-0.15706818379228865,0.0393448072611708,0.03375483959251059,0.02334246035111857,0.04442184838376761,0.0096808969564819,0.006234035395538008,-0.0011560165952182507
41,-6.544379040371986,0.3206478680495534,-0.49397164331072996,-0.1705519561268465,-0.029882733766910797,0.0592733675008906,0.10854434985166908,0.19999999999999996,0.07827651974788531,0.027608443837360882,-0.16249863317387814,0.1633639959945587,-0.024851306966315746,0.0014931910515163563,0.023529901914190035,0.04591337050991764,0.03997647897870153,0.019796453475390507,-0.013819520499405658
42,-2.527177602360034,0.31060933448573896,-0.5077854969180439,0.15880526639858022,-0.09352689974247683,0.10631094292827449,0.10977438779911161,0.20000000000000007,0.07631651303917815,-0.11078187916718817,0.09815812499658136,0.04632598592860915,0.01539557184472945,0.01679656469275324,0.04538599602545576,0.07218893852479516,0.06829048402653862,0.018861411706272268,0.017894950664623026
43,-18.394543179618417,0.3365024488619994,-0.4730117708950313,0.11224283551350056,-0.07872403429452424,-0.06518924480225152,0.12180620392179325,0.19999999999999996,0.13438161901301196,0.11257853972451692,0.11441155965488364,-0.060665963075518,-0.007376441422454029,-0.010380720021214497,0.015295885369971975,0.02903012712517177,0.018711208212875072,0.010502877820476158,0.00830188174390093
44,-6.909970346578376,0.33160472486315185,-0.47937929004162017,0.017167745410426993,-0.051276891423050384,0.16426962486641772,0.11876200375798951,0.19999999999999996,-0.13198113071525486,0.13931066654389918,-0.17463201210849918,-0.0025999251744622436,-0.00386464433402551,0.02218718537675666,0.039375328534083924,0.04834836120413094,0.0101504551224707,0.013945349645766063,-0.009532697209239846
45,-5.488970333988965,0.3132202535292423,-0.504150163243729,-0.07275270198294885,-0.15427244918882366,0.15508683679542862,0.12149289237051492,0.19999999999999996,0.12151080430979526,0.00222563376386536,0.10855005386068546,-0.06410862772793799,-0.03410500891990594,0.0031038445375716327,0.03659419339449414,0.05498101483788844,0.05419724734818782,0.03042747360496604,0.029763269989633138
46,-11.390054298341287,0.31278810141169694,-0.5047497760390692,0.20778462119987418,0.04503350044994101,0.04533725018422979,-0.273582609770388,0.19999999999999996,-0.13756874827159182,0.044571484109455856,-0.04113139725886799,-0.004990388755651356,0.019859872039066712,0.005635952417170553,-0.03128306684498154,0.008286743344204883,-0.004117048526587627,-0.002177309138170593,-0.0027001321784978806
47,-19.097721083991043,0.3191353356381446,-0.49602510673395,-0.20911549737510432,0.014218222446705675,-0.08454044454325782,-0.0006715658461882379,0.21546364976867682,-0.2720548226528769,-0.15691716958204596,-0.009540289156092485,-0.037478338629051686,-0.003083546795386451,-0.0037186778658902324,0.003449502785017204,0.02394243591533472,-0.027216774186395367,-0.02783627627542749,-0.0001860978270342282
48,-8.44851131099762,0.32944396427542494,-0.4822184447286447,-0.17335560443613862,-0.0208189622738192,-0.10494002352570551,-0.11792726510419209,0.19999999999999996,-0.1262522046674432,-0.1972409354397114,0.03298414045305437,-0.02648086409993566,-0.021046426457373115,-0.022399918898094565,-0.026934586116995667,0.013105708838677217,-0.0069829588863015235,-0.04024497584731198,-0.01780710965388677
49,-11.376163089699276,0.33045231921636414,-0.48089119577014433,0.04345343610226766,-0.03502038632758057,-0.062157912447260676,0.11661877237460466,0.20693039595086216,-0.1274129714091844,0.020105938564530378,0.19121653691820692,0.19708364990550256,-0.0026502574129904284,-0.009077150017127911,0.014187335910205639,0.0337487129786566,-0.003372035979512608,-0.0032493318022424477,0.02938853527760649
50,-15.767840809483413,0.3406709161624892,-0.46766494154011906,-0.12729931148315535,0.06167732072268611,-0.13939236953577588,0.1637426501172101,0.19999999999999984,0.014450353362458515,0.06371157959912753,0.027265730313646312,-0.20246068486594035,0.001557955509326639,-0.010408790871834996,0.017452523705392076,0.03148873857771649,0.007254793237651138,0.0034676843020064,0.00023047387315188207
51,-9.799405944096955,0.3228356381446269,-0.4910185291072168,0.09321219127882059,-0.09783178145114299,-0.10899337626110617,-0.14407282071359218,0.19999999999999996,0.03427248813178562,-0.04706415437550991,0.12989467735297291,-0.1446585104350696,-0.00776876023584784,-0.024098965929315097,-0.02700548977071117,0.016268239707320362,0.018309614266415686,-0.001852991374460336,0.012403377996014466
52,-17.844279032136814,0.32831856813598387,-0.48370455494668524,-0.09860770152013698,0.11151431232072549,-0.15247820367589676,0.03522539209597001,0.20000000000000007,0.06494186523335077,-0.10351509103208156,-0.1539652158777823,-0.07975221824405601,0.008788978797640885,-0.012206775115090487,0.00148961611356757,0.026976801112794335,0.011536067298237472,-0.016866637483341714,-0.02516092801730517
53,-5.084184000441569,0.3252845001440507,-0.48773663042329574,-0.007580272525827224,0.06898190649076254,-0.1961667103839164,-0.08118077282226228,0.20000000000000007,0.17586429917301732,-0.055263950762420244,-0.02472366954299061,-0.19023841829880336,0.008042979367610885,-0.025186868488192977,-0.036964163317987984,0.016929643533212083,0.051355771027705825,0.021448576571866468,-0.005117645440966562
54,-1.87787432221986,0.31009615384615385,-0.5085036203274937,-0.029984762767119956,0.07265787475961831,-0.14972839297157833,0.1736874274086364,0.19999999999999996,-0.12111555192778131,-0.021213607500197153,0.1031565324150528,0.1284558502500157,0.006143233712306358,-0.014923849042351538,0.011294995455578804,0.06648412351251315,0.02913402413831501,-0.006224825171122894,0.01912919403208258
55,-9.445036329251833,0.3311365600691443,-0.4799928670892593,0.11546436490284406,-0.03708528481189607,-0.17776175018675866,-0.08580706507927213,0.19999999999999996,-0.02357477474168488,0.052965590242726825,0.11141883957678606,-0.1959223304580314,0.002077223429884442,-0.028218993699200716,-0.024368560110250653,0.019565848973882062,0.012549388290565852,0.008005704608243418,0.01729331084977123
56,-9.140555679169069,0.3366915154134255,-0.4727678276438642,-0.16702042990613336,-0.18798794229765148,0.032664661663366894,0.11679781056479907,0.20000000000000007,0.13952042831234043,0.019148155234500572,0.015864716804204797,-0.12099585521700337,-0.0412775969602871,-0.012443186557938036,0.0186053807880342,0.038902898922384715,0.03712954490120678,0.016773062045863506,0.005000200960569685
57,-10.933722615731917,0.32867869490060503,-0.48322844616777877,-0.12761962994921963,0.15649720363090355,-0.0840622675325349,-0.10539324382263966,0.19999999999999996,-0.028259097098380235,-0.0037481396832842236,-0.11674748367338338,0.1776729346096545,0.01151379820952683,-0.002427490770631941,-0.017205314011681443,0.01899419600406743,0.009386963033102195,-0.003402202670751784,-0.014600890583044488
58,-14.316876650491661,0.3140755545952175,-0.5029658646761553,0.04512143024479812,-0.05425534622541589,0.13973714769336665,-0.15294210225297358,0.20000000000000007,0.1577525013277893,-0.0037460555928285335,-0.11142773767729203,0.13501767898553585,-0.0031325523097248957,0.012603600683418363,-0.01030039632910372,0.018819578505552596,0.028761771016206042,0.003221600373058957,-0.015367094001866229
59,-5.918363042905504,0.3234118409680207,-0.4902440834619895,-0.11277550221115619,0.08335643609099812,-0.10384463234831834,0.06623906321742916,0.19999999999999996,0.04258425774421724,-0.1155539305930696,0.12369959756166087,0.1519465802331505,-0.0025409539569284374,-0.009779628734318702,0.0010817512714299308,0.03839823827653263,0.03248554526099752,-0.003741003468599993,0.012514561127960752
60,-0.887553301727948,0.2791702679343129,-0.5541308366206467,0.13614246322666534,-0.00755013244317774,0.0053022601310817145,0.15073713779470266,0.19999999999999996,0.030113085966050845,0.18508124779981863,-0.20083442881635066,-0.0842392438221525,0.03234722471511195,0.016489228191180462,0.044303832364883694,0.08658457540033437,0.07906611111597882,0.07699344717908338,0.021810605591188793
61,-14.094901975424015,0.3284536156727168,-0.48352595298311174,-0.13793102058752812,0.04119990668835977,0.06369414146977417,-0.09211407786991471,0.19999999999999996,-0.014881518393211291,0.16315412289442677,0.1559404890931959,-0.1310847230035893,-3.389695290170508e-05,0.010220181144706603,-0.005856211944724624,0.019658804654643616,0.009080115530726518,0.019588558786158703,0.023501143020623796
62,-13.427629030190396,0.321764261019879,-0.49246219548811015,0.15032538601636672,-0.06714575445086864,0.06658293948958419,-0.11709681737618109,0.19999999999999996,-0.08709345707052613,0.11537582733259899,-0.10779566783263389,-0.08858415043124042,-0.0005211210280490084,0.002428807194001649,-0.009369300409668564,0.018472216948997863,0.0009537679632850954,0.008041250300455403,-0.009094129313883358
63,-18.435047914829035,0.3328381590319793,-0.47776688879055673,0.1020454413825703,0.19579868721112895,-0.10294778796036745,-0.11527290455050515,0.19999999999999984,-0.048446478751538714,-0.026197712188076074,0.05499909615548213,0.1542918918003314,0.02310968802433707,-0.011590597092523375,-0.01911878302287746,0.019405954206796274,0.0017545455966018367,-0.0065349935029548134,0.006552709209638525
64,-2.309173376725518,0.29086538461538464,-0.5363079603102926,-0.2130084762687344,0.17602354560988318,0.17063382279900266,0.017028826032738937,0.19999999999999996,0.09007647167838966,0.0880700060031241,0.014193393819082018,-0.030965457789045022,-0.006361017497786209,0.053347230103153405,0.0479819738246842,0.06145961652729824,0.07024441288723342,0.05980446401952282,0.040780073917059644
65,-12.71598477191558,0.31512892538173437,-0.5015117315225303,-0.02654874140857782,0.20452357985790334,0.2456635938784137,-0.17635978574107983,0.19999999999999996,0.001070009654486629,-0.08423157382581428,0.042677836614521396,-0.01892487901920307,0.02790440617419298,0.040419470758251454,-0.008421603600161283,0.014147247915300344,0.010098408045631614,-0.009827188555425519,0.0009456731330150022
66,-1.459033278719641,0.2980499135695765,-0.5257109997739817,0.023987525738083496,-0.12068224660702422,-0.05672796697611235,0.13139750464014976,0.19999999999999996,0.13375357706481866,0.12363366489724366,0.10743568477707127,0.10238182929949659,-0.020779565587264525,-0.03543584092501857,0.007294251687861755,0.06419790840577705,0.0836522726905623,0.08085936159107766,0.07726144927674101
67,-5.446541024094824,0.3065939210602132,-0.5134364602976176,-0.08584286312898723,0.09749950654838205,-0.23736690690712015,0.12324727259724985,0.19999999999999996,-0.1489653275198305,0.012673084815313007,0.07885630356830645,0.015548734914810847,0.001146402953909181,-0.02868442576903756,-0.00729369276997917,0.039318186829244324,0.003756504499917218,-0.009146026509012684,0.012099927234660801
68,-16.51777343127529,0.3135713771247479,-0.5036635866894558,-0.19348023821091384,0.22619494256264758,-0.20555784622566722,-0.040532768357140966,0.19999999999999996,-0.010287586390101905,0.04541624104762406,-0.03736885487741744,-0.04116152232848702,0.018591546973040274,-0.014214955583659159,-0.010802330736374245,0.02431677733401324,0.007526827295341717,0.0015226046629687963,-0.00568737777180814
69,-1.5480205978698578,0.2987791702679343,-0.5246496831385088,-0.18023010178584722,-0.04423177380850181,0.166309473416048,-0.02841885959910685,0.19999999999999996,-0.12939278442896265,0.019803184702280995,0.16845158141726482,-0.06316224084198768,-0.047990307928158775,0.007050671202614646,0.022204441461446824,0.04207953401892103,0.018727666922047147,-0.003648642803009489,0.036137690978967595
70,-11.267737206827517,0.33119057908383753,-0.47992202548044005,-0.13111407107312306,-0.09574945124583858,-0.09652127196780268,-0.14529785693943836,0.19999999999999984,0.0009067787420851606,-0.13792403549450968,0.0687367659457786,-0.12374976859142404,-0.02259508097499564,-0.021132363854516948,-0.02341987241694465,0.01683366217851014,0.010297256443300864,-0.018609660826149663,-0.0030288217033532816
71,-19.785146293421164,0.3229166666666667,-0.49090953920529573,0.027074920410408224,-0.27987251043786077,0.1541108150962857,0.05743989493159776,0.19999999999999996,0.05428963857602404,-0.08720058304249557,0.1315638335981545,0.008447803907173439,-0.028927107132473824,0.012771314085772827,0.018444884324069693,0.023455711097126145,0.005424160511004185,-0.014192064747922931,0.008670149745664475
72,-10.498533446711441,0.3107443820224719,-0.5075967142669934,0.1389968137801907,-0.05280888218673859,-0.105120406667266,-0.16586869046441508,0.30129563700095063,0.013898516157343254,-0.03217129750900819,0.14524416566111045,0.04459559057297711,0.0014816106719866612,-0.019617669707571082,-0.026630694059579792,0.029677872379841878,0.022723070340366865,-0.000624810941555683,0.017981846095932983
73,-16.487176391476417,0.33788893690579086,-0.47122602757823556,0.06043471581611646,-0.039455518890147395,-0.16630589267364604,0.19557628855690554,0.19999999999999996,-0.10450349656685783,-0.016759580404507878,0.005394885860828925,0.21156962123099005,-0.00481230145519342,-0.019611710715238435,0.020645843831588406,0.03158311721357829,-0.008653913377862232,-0.010633482836545872,0.002120034741368884
74,-18.845952128404132,0.32193532123307406,-0.49223137194725086,-0.1781968482426112,-0.07659391346013895,-0.1565618779620402,-0.02244166682450542,0.19999999999999996,-0.07455238434469376,-0.11894347968887815,0.028775068878347736,0.14393476059878457,-0.01376085660785317,-0.014718460385618824,0.0012899180614512184,0.027091078229605055,-0.002860988848631029,-0.01861693199942744,0.0019462757730209436
75,-13.594532799165002,0.33227996254681647,-0.47849584715862403,0.1144067713117889,-0.10178175548741723,0.15492826199201873,0.017120741358760603,0.19999999999999996,-0.13972343228156733,-0.02144291796787826,-0.1607679911716873,0.08982812842888162,-0.005606346263089332,0.013823089342453729,0.012088094865534235,0.02333267458789332,-0.009362121799202826,-0.01312447285772667,-0.019342939806648606
76,-1.8623509711688087,0.314849827139153,-0.501896540800961,0.05742144922722097,-0.04971904678408399,-0.09977176867819655,0.17764234488288255,0.20000000000000007,-0.17085088978469054,-0.002221077178321672,-0.08511916671050813,0.15725425675409552,0.0008979359390999307,-0.02354659225736435,0.015909341408898037,0.06806974032243693,0.02030598345950516,-0.016026568090398118,-0.019096213810784256
77,-1.663224923471688,0.30229040622299047,-0.5195756357878843,-0.12427271557455886,0.07736433046406599,-0.10492756875795396,0.10769874193115321,0.19999999999999996,0.1040254149393511,0.14506711551347612,-0.06295330955053542,-0.07369080326890538,-0.01346589489475776,-0.014488339226182978,0.003384217297755282,0.05787948939596295,0.07385599134569255,0.07377388699079303,0.03817227763310356
78,-1.6099470174893504,0.30849358974358976,-0.5107538558379044,0.20870620393607733,0.13542432641781874,0.10211620764320417,-0.02372840414923873,0.19999999999999996,0.048310369145771456,0.06210261576201939,0.045041088464008734,-0.17457078448186153,0.07755810297334188,0.07191997726244914,0.044485489978201675,0.05995048756438745,0.0681916439217875,0.05212489094406776,0.0417663611991828
79,-3.65955349428188,0.29568208009219243,-0.529174995233447,0.10874335615067078,-0.16719531399291904,0.15432757050344795,0.15719825647838717,0.19999999999999996,0.028315241226956982,-0.0844622781445916,-0.025008800080932737,-0.07474918342209382,-0.009611213637420533,0.008739063143546319,0.05202389313407843,0.07241751524331659,0.05310725462919048,0.009033695092308242,-0.006806325707108097
80,-8.514551178424117,0.3287237107461827,-0.48316896925319736,0.01768445945408499,0.004194978367529189,0.07695838695107168,0.20732391902299382,0.19999999999999996,-0.20669420732687524,-0.021447824024764077,-0.12504222378641416,-0.1406540010662668,0.0033166841165777083,0.014817044233685172,0.04080822893772402,0.04814410813328448,-0.007314053256048597,-0.018116053851847246,-0.021929767382204448
81,-3.8130207156878377,0.3028936185537309,-0.5187098764066478,-0.1492878244038072,-0.18115587141160291,-0.018282032207241228,-0.17902797288656558,0.20000000000000018,0.017024977985059097,-0.10385375451508194,0.1409125866575929,-0.010454979933049032,-0.05959128030662443,-0.04693408172955934,-0.04973075118782698,-0.0040095817890283825,0.01783119769317696,-0.012260250499218585,0.0077032166702824785
82,-14.123330941610106,0.32828255545952173,-0.48375219454436397,-0.11556829646208885,-0.023096836080539678,0.10572679703856785,0.2692902512057081,0.19999999999999996,-0.12110306068272335,0.07679388113399262,-0.05935548345381821,-0.029065393942561395,-0.00650456568731756,0.016733130502633784,0.04132946564751178,0.03372832924283229,-0.009703968131162869,-0.0007586479782056681,-0.004384071565108032
83,-3.9022825287546326,0.2848692739844425,-0.5453543912611598,-0.2803293981060439,0.001865825658742004,0.03184763888813553,-0.026478104563024574,0.2905640535475682,0.09710325286770961,-0.024372744855908512,-0.04334395902016532,0.20409502249270237,-0.04714607477447506,-0.011819247821622289,-0.0038925208329064105,0.04650413289253405,0.061974414609850564,0.02662078219573729,0.003266485349379682
84,-10.579188231935307,0.3404818496110631,-0.4679060344820593,-0.09192112632539985,-0.190640931974613,0.14898278055306285,-0.04274569997893931,0.19999999999999996,-0.028709620107940672,0.04520353450423511,-0.14503397429380888,-0.10676233226200037,-0.030887137027065747,0.005838576431087723,0.006184756243634957,0.023960291862708958,0.00961519314052658,0.0025632540080024547,-0.018247595634353648
85,-7.528494353330897,0.33177578507634686,-0.47915531448853327,0.09525328048199057,-0.10631991055234384,-0.11481115879913316,-0.0575693830068368,0.19999999999999996,-0.058810880267410076,0.2116436866076968,-0.0144726124664472,-0.14111908781814156,-0.00763828619269645,-0.027436197838718906,-0.02014521794546041,0.020530463398289584,0.01212093343666072,0.028942060039597983,0.017967549234247093
86,-8.334544574302987,0.31571413137424376,-0.5007059786383382,-0.024399732552426154,-0.14740186084246487,0.021350220423529447,0.07603861305082815,0.19999999999999996,-0.07733348567228751,-0.03590394792716448,0.21112451311216773,-0.20644762641913175,-0.024070264971680893,-0.010581385712650156,0.012894412039516363,0.03500986176704593,0.007590361305831202,-0.006613728876188609,0.025591487784075
87,-13.114140260937894,0.34279566407375395,-0.4649646799832378,-0.10752544711244807,0.04873142832460651,0.05233939633193766,-0.1285892258780548,0.19999999999999996,0.1442626168750684,0.024063904101694678,0.1504327366496089,0.144055244726581,0.0015026945971028977,0.008396097136532906,-0.011193423460403732,0.02006249268619046,0.029141444075875156,0.011086352191430565,0.01985574911478297
88,-6.537385803864575,0.3255996110630942,-0.4873161225581831,0.1329990271175808,0.07693439671391138,-0.13203920264580232,-0.10755463199396574,0.19999999999999996,-0.04972262129431898,0.1615000413804669,0.04750607164218338,-0.09174400721177059,0.026930815222518285,-0.008658256573616883,-0.025840724790677647,0.016848843932270718,0.01521800040317964,0.02578492522403961,0.026589670451325858
89,-11.819917744759287,0.3409680207433016,-0.4672863514063105,0.16355308457757814,0.1549183982072716,0.20784316972645814,-0.06874267730860525,0.19999999999999984,-0.13378347009315686,0.017076600205399826,0.00019006720608233943,-0.05389253267544799,0.03285950605585375,0.0356219199523984,0.005363610395745349,0.020487319552918277,-0.00451213981370003,-0.00438150522147314,0.0019539868136715086
90,-12.596217920298608,0.3414271823681936,-0.46670190594368816,0.055144056015377176,-0.1945675122607365,0.08427546901934624,-0.07128477001097037,0.19999999999999984,0.106926294882754,-0.044226537162460916,-0.07379647592250455,-0.16977888472585037,-0.02110893405612849,-0.0007362854342236536,-0.0013478864125811534,0.023559612493922844,0.02393061590583029,-0.0021059076014715173,-0.015367508194819733
91,-18.25231280539687,0.33498091328147506,-0.4749799377174334,-0.1099759100506199,-0.04174465330716491,-0.12057882337032606,-0.1432111672636845,0.19999999999999996,-0.11271485066079653,0.10192632939940455,-0.038747114440435174,0.13110115150756838,-0.008454081515270887,-0.013552861314501894,-0.014060211030330737,0.022361431243631803,-0.0021485429351247093,0.0062162231029483685,-0.00013779047263592483
92,-4.447584222371848,0.2969245174301354,-0.5273539406828179,-0.06787777548581211,0.0017134205325682692,0.1684125275538543,-0.1071789346985238,0.19999999999999996,0.19566650228244448,0.08965370625650838,-0.15875455839567046,-0.010742574794618317,-0.008087267133186228,0.025028148831969056,0.008895974372234996,0.029613769261452497,0.06590135158846507,0.05583350990750402,0.0024822532197375973
93,-10.548896564216754,0.31144662921348315,-0.5066163651330924,0.03773163331432407,-0.09568089768373055,-0.20676589751305494,-0.05532308643461996,0.19999999999999996,0.018059469261972234,-0.16204443714430072,0.1334456349331699,-0.0909489437148277,-0.013045154941415983,-0.03580745084883145,-0.020374000044486557,0.02268125864942779,0.013870547490099576,-0.019774910659075443,0.004484025944030066
94,-1.5921214740752347,0.329137856525497,-0.48262216348320514,0.01655354095195858,-0.1328825118053315,0.13498644284057454,-0.016131183467556875,0.20000000000000007,-0.08470953294580727,0.1495179990058252,-0.10782594073880167,0.1573928482441443,-0.02195756557052323,-0.0005511220066295576,0.018603543395576544,0.04406630955805026,0.031556689214798046,0.03009069241332383,0.016339336313810463
95,-15.585699338186416,0.3383480985306828,-0.47063625984831886,-0.028785353498953902,-0.16281381741188622,0.005534281631745019,0.11509233492301811,0.19999999999999984,0.11449599503981606,0.1665243124478086,-0.052590044527330695,0.1541638605194416,-0.020381992639512417,-0.002970077183069179,0.019412202826902272,0.030680773998514443,0.020641906922829086,0.018523196971077373,-0.0029977789081542363
96,-17.339792246337073,0.3425615816767502,-0.4652613448187315,-0.029675102322724706,-0.13276841731283162,-0.16612660449286967,0.11883242585816779,0.19999999999999996,0.13816003891795658,0.05068657786992578,-0.11740713110881626,-0.0463437021167076,-0.018008173565757932,-0.020474444869256276,0.015239489828312995,0.03307590410604384,0.021275724015212622,0.002547081944514843,-0.018710817441925646
97,-8.426017747558676,0.3322529530394699,-0.4785311503911077,-0.02080658495940513,0.06194066699820719,-0.06805159108819542,0.22018937062943386,0.19999999999999996,0.15419911503272454,-0.02190198429674982,0.07000119426497271,0.18290949273031132,0.006393935315973425,-0.0016519486282567703,0.02984780608142339,0.05197403355822949,0.04577077996135463,0.018090703868171805,0.01704307289860354
98,-12.043394777542089,0.3482065687121867,-0.45816304043135864,0.04059307804710904,0.13707210024290384,0.15235412197372483,0.1418987858284114,0.19999999999999996,0.10355904568864714,0.1048844800235091,-0.06803826090225816,-0.051600127293436625,0.02225496741206261,0.029621305078235637,0.02947621644400348,0.035152560332271196,0.026293879985852097,0.019094825537233504,-0.0027255449521720963
99,-17.765220123013666,0.35434673004897727,-0.4505715706017387,-0.04785889330705595,0.19897939858396768,0.10098369405777392,0.024334627847930657,0.19999999999999996,-0.07257822531155926,0.22531101773158643,-0.07356791624780301,-0.0563862269123232,0.022925641376009626,0.017600950265233787,0.0033939468389196778,0.01799129431314509,-0.0035634414897168397,0.01799426015311389,-0.004853859055855231
100,-2.922524362905495,0.3353950590607894,-0.4744433395785923,0.010057511978413189,0.13458112811205136,0.1092056504063724,0.06599455025608356,0.19999999999999996,0.22377066636675308,0.00420095941025447,0.2098373964429842,0.04235213702708782,0.029820933780593733,0.04911457743280453,0.047652762869989096,0.06871906070524486,0.0949539215165868,0.07043607148728201,0.07241456986927355
101,-3.7913779353592787,0.32121506770383174,-0.4932040908306344,0.018324283522590575,-0.1539731917277997,0.08581950689770018,-0.17320273041685424,0.19999999999999996,-0.12235589323039382,-0.02267061176531835,-0.06801304031468701,0.1556407421246561,-0.02402415126281347,-0.012237982525104375,-0.023525481713406494,0.006033805667945619,0.00045838740961697905,-0.019741362503193974,-0.019408486743719346
102,-6.771603120249823,0.3254105445116681,-0.48756837841503015,-0.1393324794414702,-0.033430439456468244,0.05447107592030239,-0.025813646044564348,0.20000000000000007,-0.1487203606683457,0.1780260448566745,0.20955250257221764,0.010653451039956838,-0.021151526275420423,-0.00013965169409575675,0.001779195280011478,0.02635686918422597,0.0006484663485878853,0.018935567841257585,0.05217290203694723
103,-13.32206813527514,0.337942955920484,-0.47115660155588274,-0.07575324588863354,-0.08008683629135317,-0.08906194291251836,0.08631720619570576,0.20000000000000007,0.08831210484888663,0.12464398435043357,-0.09034470873674974,0.1654799707757192,-0.014831059914113274,-0.013405255763671348,0.010137058963864774,0.03165634612240816,0.021758049463301975,0.01633916407518384,-0.005686101787420211
104,-15.89449859299944,0.3224935177182368,-0.4914790104783053,0.04879760505706629,0.1588685072998271,-0.07849491720520144,-0.021395371116476113,0.19999999999999973,0.05801476545488369,-0.035274677575857415,0.2106588268935405,-0.18849532939714767,0.019560551507909304,-0.005350523506546877,-0.006061983214404308,0.023583785973126062,0.013842219115047636,-0.0029748457340606836,0.0188630294394608
105,-3.031612540628519,0.3444342408527802,-0.46289368104464346,0.09378350251785655,0.03963894256094375,0.16988985282621868,-0.1342648026090399,0.19999999999999996,0.02679815809883848,0.11378949819765767,-0.06788425301901203,0.153950990170433,0.028158030880541984,0.04536712459142929,0.01604738077078242,0.029776691847193396,0.04420923825370733,0.041965535675673495,0.022027225754999633
106,-12.24131754832892,0.32514945260731776,-0.4879169727950075,0.09045705907197825,-0.07401547220072474,0.018193443756927007,-0.024229965745820804,0.19999999999999984,-0.17131598062583844,-0.1397703375559461,0.2028645958191663,0.07915314522359847,-0.004308847355186681,-0.002462077287283955,0.0003762325560889896,0.022937143840441793,-0.012507839430862963,-0.02613584041037592,0.01978366418795848
107,-0.870300545787611,0.2861387208297321,-0.5434233686720766,0.11153935664343877,0.12282631843703296,0.07394943498698063,0.12552879678574888,0.19999999999999996,-0.10002156915206104,-0.08776830800678215,-0.033813961085069975,0.1445522549028857,0.05606078284511195,0.060977688365261434,0.06865484874017548,0.09211295446861512,0.05105383260572121,-0.008658575666433714,-0.016929378574006466
108,-7.739886038985196,0.3350799481417459,-0.4748515604427079,0.1406119777803565,0.028729025626212316,0.02416154931817952,0.057670049656510396,0.19999999999999984,-0.11182537048087156,0.14350394044885367,-0.13882178234405493,-0.15467630434496124,0.019486292196008507,0.010904889363285245,0.016359022200606733,0.037484649814060515,0.00903305298824898,0.015266285548508467,-0.006711971629832242
109,-12.21794457030496,0.33388252664938056,-0.47640630864350475,0.06635450763938884,0.04027751561018049,-0.06794062778910422,-0.08344586313663789,0.2673254552973734,-0.028476199757482057,0.10819758387978551,0.1469849679930909,0.19099727889695678,0.008213964876786111,-0.007821703256113529,-0.011751486953384314,0.030134245750577188,0.013632884321762654,0.013682770330935708,0.026988298726900978
110,-4.559933684984113,0.3213861279170268,-0.4929728727472418,0.07989978518573888,-0.11767316514207009,-0.16980952814583375,-0.1179542177154617,0.19999999999999996,-0.026722646321393113,0.09416956653465866,0.016034879716633386,-0.17773621123821048,-0.01071227634583743,-0.04596180936487127,-0.04914232938437576,0.005380303581073332,0.015961254696885925,0.01629776341823433,0.013978979751383205
111,-10.85319156494608,0.32833657447421494,-0.48368073710737336,0.013453597229661562,0.15906039866706165,0.015376921348550244,-0.15394418453205852,0.19999999999999996,-0.21172855167116747,-0.06776875846897963,0.1341465286475498,0.0445210594349712,0.022764081051026654,0.011170926520177512,-0.01685662645823262,0.014266981493006486,-0.015621532050931286,-0.020730652593979815,0.013690206478690249
112,-0.6567809406087974,0.2971766061653702,-0.5269853813622416,0.1747118944291683,0.20169891923284516,0.00945510362249953,-0.11234293705524927,0.19999999999999996,0.1257946177723971,0.02775927747819572,-0.0759718437814397,-0.07226540662820528,0.08982571744530828,0.07148312507891516,0.013177424120555758,0.03647478326708331,0.07914474465348448,0.0618485898930269,0.01703280513514293
113,-19.683024802811378,0.3317487755690003,-0.47919067137116206,-0.15242780131984646,-0.12643948469653823,0.006647024146135218,-0.05004413598922286,0.19999999999999996,0.12123463076955805,0.029794327077027224,-0.20567471177821137,0.10773788422346069,-0.016364383447662712,0.002428704138067179,0.0025713222009854093,0.025213592833876516,0.018966976239193415,-0.0017531426225371944,-0.027303147106190785
114,-0.30419300987927755,0.31659644194756553,-0.49949397024189296,-0.14529747631778395,0.051056623840861334,0.0006591387257330896,-0.14377277311339481,0.20000000000000007,-0.11389441646990205,0.037646760222933194,0.20017573613771955,-0.10749707517167197,-0.027107429171250162,-0.005804984943930619,-0.031983838836116135,0.003284506887076465,0.008816823639942354,-0.004620827821471366,0.04578339073859141
115,-10.1066290971421,0.34018474503025065,-0.4682851654375237,0.18664146431337503,0.1534546808359793,0.04885549770662657,0.169684757685559,0.19999999999999996,-0.008614562404919519,0.01623119069924361,-0.07613692332809717,-0.14038092302619995,0.036338056971143354,0.022153461490710364,0.03176740585535952,0.04268987148107175,0.017687634034578223,0.004665021458524349,-0.007910348929737038
116,-16.822751525256017,0.33604328723710747,-0.47360477559425496,-0.04979237307876955,0.07785242472919078,-0.12191268501707754,0.09003248113297557,0.19999999999999996,0.14970382326396456,0.021793142850498153,0.13842549867805484,-0.15048757124946902,0.006325618025425237,-0.009992172989998051,0.008457195723392536,0.029376383494532747,0.022501716427432976,0.0033867176606456706,0.00934578527439764
117,-9.236100604828872,0.32135911840968023,-0.49300937268270917,-0.03466255505479043,0.1417190544033793,-0.1581022218781518,-0.015361240519548947,0.19999999999999996,-0.07843692613199185,-0.056359054835521095,0.16851489068167683,0.14684405649493976,0.015421923105097823,-0.011232651094119592,-0.011560105703676764,0.025050374245834763,0.004771383559810105,-0.010402940833486956,0.020807732267119187
118,-17.758751076133226,0.3392124027657736,-0.4695282768331863,-0.16966573796629256,0.0007433131356594032,0.18055255656403627,0.027539275298691112,0.20000000000000018,0.11225075204094866,0.1676963872981058,-0.08833424308016434,0.05321773461610173,-0.0017193016420911761,0.025050531021213806,0.011766524149597139,0.02121865633124797,0.016589786225399198,0.01524123619666566,-0.011068761416134684
119,-0.9633411126695854,0.2786390809564967,-0.5549579709937634,-0.033639599195535184,0.1429018978025621,0.07994944148370452,-0.003662666348552954,0.19999999999999996,-0.009546463854466088,-0.2145169813388549,0.14982204731859414,0.16596090265773014,0.024306922986880097,0.04905153738199206,0.03554140762427815,0.0578181944940389,0.051565387368206504,-0.019943053082472146,-0.003813067925939555
120,-0.6448060763094219,0.30055279458369344,-0.5220792295431941,-0.13001182600599925,-0.03686761042816171,0.034002488877502735,0.07611655465199413,0.19999999999999996,0.10756783382489617,0.18968565389304223,0.10760907051341477,-0.11813896180498905,-0.04085038172045019,-0.015093192536561094,0.017504211055676684,0.06313903601754758,0.0840560154365435,0.09633220029719863,0.09495952246221886
121,-8.878160560167528,0.3160382454624028,-0.5002603579252061,-0.03573816912960888,-0.08000720988351935,0.12080425657591734,-0.09590292331449013,0.19999999999999996,-0.10931308956512736,-0.13125983668062274,0.1406162583004065,-0.0863582565503077,-0.013352790018238862,0.008620566079314896,-0.002059379137524212,0.02016152431321358,-0.001105781692728665,-0.024634194286832643,0.006926216447777517
122,-3.101157041673094,0.3132472630365889,-0.5041127149173701,0.04809889874619255,-0.09378287153517943,-0.1281966288929036,-0.09805023165740655,0.20000000000000007,-0.15320759579913196,-0.05412181786216255,0.17605879629596344,0.04848315921105988,-0.010831382905624135,-0.040306284693996976,-0.0452311218456619,0.005856776949202249,-0.0056289908681573944,-0.02991559409927768,0.015079874032577897
123,-14.670696406365913,0.32781439066551427,-0.48437198533097847,-0.13561765002941256,0.028864995067094265,-0.13604118078705613,-0.13845333571845597,0.19999999999999996,0.0161064290414553,0.11521436808061958,-0.08038810878874873,0.14931393248715746,-0.003395947164325227,-0.015248170496906889,-0.0192359916143375,0.020989455644654306,0.013934815484750819,0.012005854491831983,-0.005684955869525381
124,-19.444234953946797,0.32723818784212044,-0.48513602101119313,-0.17439244369760365,-0.011392984425887272,-0.1027462441296718,0.148260404148965,0.19999999999999996,-0.11442991646193085,-0.07894830720756106,0.07569241340688695,0.09413728652149345,-0.005311146859513899,-0.00521716634818217,0.0199942657067218,0.027184052149653817,-0.01272433264026667,-0.01688467704292988,0.007827532908011072
125,-13.277278432989688,0.34077895419187554,-0.4675272342121628,0.05882594888941757,-0.15017614512114943,0.07710488661447647,-0.09048329060110274,0.19999999999999973,-0.13259668538782274,-0.014608157347465582,0.11903051694556108,-0.15717436909300458,-0.015234764386986052,0.000881099887394148,-0.004310387916826608,0.0194661779792588,-0.006852640873503721,-0.008343801748256548,0.012607571337516846
126,-16.27832120075282,0.3189012532411409,-0.4963437740319153,0.089707000776535,-0.1467954979162887,-0.00013836266575126822,0.05807256692255538,0.4742459172655138,0.04078457425363291,0.06009832067063294,0.04669399869147945,0.08346376083761053,-0.014597030064942278,-0.005455441218889961,0.014327771838412977,0.05958302680007622,0.019048429764947535,-0.0009110705542612085,0.002527561627235077
127,-5.588790687796589,0.31398552290406223,-0.503090375709664,-0.02108229689983927,-0.16799242184762184,-0.1840235727064004,-0.12096485480652838,0.20000000000000007,-0.09985590428162787,0.14562461222930242,0.004246602515933972,-0.05620973471274583,-0.0337912930259573,-0.056871830526657494,-0.05092087890583653,0.0034824414716127304,0.0006686772883417043,0.011649358498734035,0.014186732281660085
128,-9.220348383502799,0.33218092768654567,-0.47862530637671297,-0.17274785622691363,-0.03461679390799168,0.04855424407177651,-0.07783190309390363,0.19999999999999996,-0.10517595368156483,0.14316952981641184,-0.18206599182660568,0.03583772737483222,-0.019242719617919343,0.0007067929726167133,-0.006019974549439601,0.01997684629393902,0.001710055990038995,0.010709889450300783,-0.014830353043078786
129,-1.9809275607742443,0.32479832901181216,-0.48838621373756197,0.020790022324835348,0.056014978929774084,0.11930813810853833,-0.24001753077412913,0.19999999999999996,-0.025265830357647838,0.08233866404677521,-0.09418740583882286,0.16207742961947727,0.017893604993530998,0.034837908470773025,-0.014212663652218937,0.002350021818005499,0.025489001689681788,0.02198335923294398,0.00480493860001165
130,-9.122191892164786,0.33387352348026506,-0.4764180195869428,-0.004244649504867857,0.012125958119526523,0.17623028730247683,-0.139810035759549,0.19999999999999984,0.1476654890365195,0.1251365171275078,0.08939805031546083,-0.10538901283409181,0.0036819087764826375,0.024746954306515717,-0.002084942350912398,0.02117917491834276,0.039712851275922875,0.035384200466832445,0.026198461835661095
131,-12.889903884573606,0.33901433304523193,-0.4697819400539557,0.06687413015871892,-0.05673294684832119,-0.18325830993626707,0.09560931852951808,0.19999999999999996,-0.062311173785078264,-0.08595396893207645,0.06822204930860877,0.18103810250141128,-0.0060318918799898875,-0.02566665895077536,0.005361220394674534,0.03135307504684908,0.0014975930586998997,-0.015416009754767217,0.005779430997951427
132,-3.1322079792120903,0.31599322961682513,-0.5003222223548635,-0.033298361985699194,0.10632956939066894,-0.14049290319413654,-0.08682593876591466,0.19999999999999996,-0.14544511026168952,-0.1562637535601041,0.05071778991887597,0.0806265729229111,0.012009125479820946,-0.01063845237854347,-0.03364939328600171,0.012660774134110013,-0.0021147052322642986,-0.04695941277021347,-0.025566677813851753
133,-18.87049459137146,0.35020527225583403,-0.45567732000477057,0.12931611439953342,-0.09361081498485228,0.1286293829545791,0.08930333739539639,0.19999999999999984,-0.08593872118621383,0.06844412741464977,0.09144735876142575,0.11331014290334958,-0.006656868822055738,0.010430538741499167,0.015407370770335282,0.02066837196991394,-0.009002604366880952,0.0002554656483000221,0.012037612909585669
134,-18.83270696761495,0.33924841544223566,-0.4694821721613733,0.18190256277709382,-0.05593799920302342,-0.11632337115311073,-0.07441988230577133,0.19999999999999996,0.04692084349535351,0.11172969320992437,-0.09971535883503495,-0.11305028902068796,-0.004228692341850521,-0.019722857963760564,-0.00932732774087262,0.02477567781782689,0.013933098800330106,0.00859734336703697,-0.013898757656670604
135,-14.996462907632285,0.34630690002881015,-0.4605388552175518,0.12822991294652336,0.10054665112002843,0.049280734245713255,-0.12532901177654165,0.19999999999999996,-0.1439425627521721,-0.022213948809253977,-0.15865618119642114,0.07180099715334622,0.01756654325980916,0.006291096778419566,-0.01360014844706696,0.016201921359821885,-0.00871332746415012,-0.011695324464515959,-0.01818052562320838
136,-4.11195486509582,0.30757526649380584,-0.5120485910329531,0.13566898780394634,-0.030633326763903294,-0.07852960485194503,0.045117750707907925,0.20000000000000007,0.19026460499121756,-0.13748638710294028,0.14973198458741044,-0.03256735319072912,0.0159929232982719,-0.010468684063063583,0.00028731788452866596,0.043709967979124735,0.06791798877861151,0.021776067581759546,0.02202583597583464
137,-14.373203972035974,0.33724070872947276,-0.472060006676385,-0.13740366751099506,-0.035340495321850865,0.13290830460591482,-0.10655087031803404,0.19999999999999996,0.17205963057339857,-0.028727504837412998,0.1593215952077974,0.0276879316245963,-0.008394324176719276,0.015443879142430825,-0.0038189809212266553,0.020902453238474686,0.02926080943732436,0.0033405380241119304,0.015064766019835163
138,-18.42099831057177,0.3295429991356958,-0.4820879101474055,-0.12705793139123295,-0.0520484950845709,-0.1313652092603484,-0.06035569606168853,0.19999999999999996,0.11241615620599336,-0.14236714736827755,0.061018560097026144,-0.11337080453086225,-0.010002502571756285,-0.013483609489879322,-0.0042290022196344755,0.027202660429582606,0.018696462206453046,-0.016835594283368834,-0.002554631391336609
139,-14.82996677211519,0.330245246326707,-0.4811634250652547,-0.13112933631871243,0.015487359581388511,-0.08998325371029817,0.02359247776279741,0.19999999999999984,0.14734900060867037,-0.11978879141563895,-0.16191779742197326,0.11075198318052103,-0.0041763546561396,-0.008175632986878118,0.002631775409354414,0.028295324752592475,0.024338505048504034,-0.014038838900114925,-0.027129281838735364
140,-16.284986395468763,0.3382760731777586,-0.470728719487682,-0.11175828789015321,-0.07619053453317942,0.17968918248545276,0.02450408036118195,0.19999999999999996,0.11708962988179265,-0.014390903160943198,0.19809240907192785,-0.07828497261536904,-0.010233545819861804,0.021390476055884382,0.01329202082681378,0.023285960737906855,0.017424909314291546,-0.00043760001312527985,0.017549694753017497
141,-14.051032834791071,0.3367455344281187,-0.47269815473217947,0.12070867274497067,0.09343214292878413,0.1329612576620893,-0.11795783096967237,0.19999999999999996,0.10255700652547318,-0.09517386701504459,-0.002349530967284956,0.13485969118668087,0.018424062184702848,0.017735476903728713,-0.00837115338989508,0.018823628488319706,0.02101252508600924,-0.008584940507786534,-0.00459584517357816
142,-1.4339149197953063,0.29424157303370785,-0.5312959663345422,-0.1783493695349338,-0.012232546471220641,0.16820449897753714,0.14431414598916553,0.19999999999999996,0.03225215759129705,-0.05375708891653673,0.029221958708238654,-0.18166823381107042,-0.0413386461120997,0.01758674715798628,0.06278431732253695,0.08695051479008918,0.07044724770295216,0.025545162044052484,0.00971851510801306
143,-7.963785927875598,0.3427776577355229,-0.4649874931618901,0.1171060277833524,-0.060061248025788785,-0.14831568359479388,0.0081019513763995,0.19999999999999996,0.057984406961277955,-0.09314173322804788,-0.14324378983313146,0.17204515919720817,0.0009093606766538065,-0.02582602965201757,-0.011319848753981163,0.02900008372833074,0.026948552500912517,-0.006745361458835547,-0.026299621899601822
144,-18.71826789881924,0.3397345865744742,-0.4688602376639011,-0.13292839193047482,0.0113501812102758,0.10868306585935635,-0.11381672901345659,0.2026755071718792,-0.14496436169176805,0.0031311982768275513,0.116773338137258,-0.16567722670870358,-1.672449934792063e-05,0.014604124914743118,-0.006924119320572877,0.016611772937746672,-0.010980643666283497,-0.005113654887378398,0.01255298352868194
145,-19.950046187988434,0.35170880149812733,-0.4538167633457229,0.1662388827557674,0.09811750517271495,-0.029598619254956497,0.18586130665574527,0.19999999999999996,0.0348734256516279,0.11895916495710185,0.11481193687989345,-0.051539158672192734,0.013006306732893607,-0.004398699953035854,0.017207607916593138,0.02393011481712926,0.0027176562260849972,0.006486850216343518,0.00911878468850495
146,-16.220054731088347,0.34203039469893404,-0.4659352984365976,0.006882922354759185,-0.16131101295108086,-0.03364500477980576,0.17786366922980779,0.19999999999999996,0.13095481435974657,-0.08917940207450505,-0.1607337107335302,-0.03942946351676467,-0.019230444546739316,-0.006917929652835392,0.02535571221260649,0.03286847064420228,0.01778243664593172,-0.014133493238480791,-0.027190068321389094
147,-12.584965904788463,0.33029026217228463,-0.4811042302661522,-0.0011762331720209605,-0.03368057057070441,-0.15821625239127493,0.12853561688846468,0.19999999999999996,-0.08935553957612953,0.1384324164743846,-0.10176416796717809,-0.1488392029598429,-0.006324905554705054,-0.020651498190984694,0.010704290885841742,0.03261545343704827,0.0006619355060233616,0.009885961518840943,-0.008057838729788278
148,-5.571011061659357,0.3258426966292135,-0.48699200874595666,-0.010653739638536218,0.09544936990010773,0.0673138851052816,0.12531211271673443,0.20000000000000018,0.14780021507607005,0.09535161648160623,-0.13335393600004733,0.12476512508161634,0.01564109096489372,0.02594012847815327,0.03727926139268966,0.058104754881448596,0.06239036658766422,0.048541970439629885,0.006980388816775059
149,-5.031183990831787,0.3207559060789398,-0.49382533821451907,-0.009543288870671985,0.030155470934591366,-0.11656931780410777,-0.16979464328889535,0.27641333137944346,-0.1681821634291482,-0.12642749381569984,0.042489004689645844,-0.06042528578779623,0.00213769278930878,-0.01859357470149402,-0.04161446744256074,0.015021095666281554,-0.0008125531986531152,-0.03844803318960084,-0.018171674556781644
150,-4.776901267695786,0.34176029962546817,-0.4662783882360629,0.10884612507543182,0.1412413741300153,-0.09376377026732255,0.08003142287349246,0.19999999999999973,-0.08356228670441611,0.1660617794420049,-0.04557070948727173,0.0809225320200453,0.04021991147023419,0.012136909671235704,0.012824599027424676,0.046975034578852486,0.024313838373410352,0.029774492449109857,0.021966953523658194
151,-17.64139623654179,0.3361153125900317,-0.47351170168741247,0.12826270512076512,-0.08184894835322486,-0.14077108753875028,0.059727902808260055,0.19999999999999996,-0.0836373929218075,-0.03715292266062131,0.15785946976526424,-0.11073957083130666,-0.008014696171298243,-0.020386788764193566,0.006171533735016861,0.027313304356683995,-0.00473585466616004,-0.009323425658339922,0.015434452566728572
152,-9.58651669467935,0.3394554883318928,-0.4692171652397386,-0.016008890436859866,0.18409955703232417,0.01548011929711798,0.09094487711561414,0.19999999999999996,-0.08315944570756713,0.01878605249187635,0.17192191716738292,-0.21959914075125747,0.025084851546062836,0.018313408746672106,0.01870270216832109,0.03584743461504834,0.006964627121748988,0.0019235928858186795,0.024702637429027886
153,-9.320403992288423,0.33060537309132815,-0.4806900924313829,0.14888351820192183,0.13799618664890595,0.07894300187021326,0.13877526714088106,0.19999999999999984,0.03574499336910529,-0.11030987277593826,-0.13036575255505878,0.018981407437975634,0.03353067836838045,0.026763056188994962,0.031847249668921135,0.04382250778769612,0.024932473196420633,-0.008920358456946616,-0.02334310386952013
154,-15.54834707664327,0.33230697205416304,-0.4784605467956608,0.1544509210378774,0.17356914648204988,0.08160341951345168,-0.16317903898297265,0.19999999999999996,-0.02761875029081925,-0.004450315341883569,-0.11857267120188848,-0.07655573714905714,0.02703653646912364,0.011146356684895043,-0.01880883968696563,0.014883646931611033,0.005371517448794349,-0.004581771619560593,-0.015932854220100053
155,-15.06310654185081,0.334179631230193,-0.4760200245620618,-0.183203958543577,-0.07599828288273068,0.1976173014846729,0.005453731644010841,0.19999999999999996,0.21123699855318226,-0.024541450864944376,-0.026081758879780963,-0.07586651714710099,-0.013591504920267767,0.024055966206266544,0.013028136036908704,0.024719254952201026,0.03075158246159171,0.0008998423136876905,-0.010048358164919204
156,-0.22842154655516822,0.3040010083549409,-0.5171249758574951,0.14904641198899327,-0.10811798302269898,0.08535116810316822,0.08723768317300147,0.19999999999999996,0.15752089658185037,0.072995384416948,0.0009805961540499844,0.1387498765592898,0.016894758571586115,0.00992709117785769,0.0424755019120364,0.08119404135137519,0.10709643912758204,0.09139120620440505,0.059342633614810195
157,-16.354829383894717,0.326616969173149,-0.4859612555245929,-0.06949757310307975,0.12015558197120116,-0.12170453163156024,-0.1164754078514503,0.19999999999999996,0.11373559225281676,-0.08858941285125024,0.08288991446355029,0.08695198587509131,0.010681533094477806,-0.01077269292891688,-0.016610659268071506,0.022712611942066932,0.021585792729717664,-0.008473947275752111,0.003971645336696799
158,-19.699306844885445,0.333243301642178,-0.477238571363695,-0.01829152836243936,-0.10122285725078421,0.07329600648531327,0.12155450771099073,0.20000000000000018,-0.1515162981441469,0.062474190384676456,0.12341018882904786,0.14823442283260105,-0.010703252329568954,0.008485469379883865,0.020042892221332802,0.021969470181939527,-0.017014887689714205,-0.0015329094848044833,0.017099648581892137
159,-1.1097719272991426,0.3763324690290982,-0.4244283102162828,-0.10686112449259655,-0.1222967896270114,-0.06992378191861467,-0.12388710154243349,0.19999999999999996,-0.1329657239876249,0.07285989120612177,-0.13816775438320877,0.033037832842388495,-0.053458174206159656,-0.057835801682425476,-0.05892845828979886,-0.005974073852763492,-0.0024865678045738887,-0.011354479426687259,-0.024426682450803195
160,-17.286259895566992,0.3189732785940651,-0.4962456976488528,-0.018870867951025244,0.14871907483462918,0.09862126042386514,0.12480690972648778,0.19999999999999996,-0.13596312520957285,-0.11250046910909721,0.15081570530207408,-0.009702587443248476,0.017899981734561244,0.017042658230498855,0.016192943998212795,0.02083575102904641,-0.01635711706084643,-0.02088523136193384,0.014800023300326665
161,-3.614378415656759,0.29303514837222705,-0.5330802846677419,0.1711051151180015,-0.0387666033534432,-0.04784263413585182,0.1667416033221419,0.20000000000000018,-0.12227309417228996,-0.07279769655042359,-0.1611194639342981,0.01935378941354976,0.022483350570568092,-0.001963526916835579,0.028684629295892432,0.06438230898440694,0.02326001595455815,-0.01850783543548117,-0.03996575197533693
162,-18.02434759746809,0.347531331028522,-0.4590060363129199,0.1872258095461503,0.18218137120167668,0.16359485393740503,-0.055447160878483254,0.20000000000000007,0.05072893365556191,0.041733064439560555,0.06857825975769627,-0.050510546583465994,0.02683915642646294,0.01757703104800288,-0.007199057643439567,0.015334372140161819,0.009234786228238775,0.0019491356425437561,0.004677991511457395
163,-11.465081929147782,0.33676354076634973,-0.47267493291194607,-0.13445554992262843,-0.12682579967777743,0.1975636950433699,0.11165224293939328,0.19999999999999984,0.08422704243449557,0.00457510023283213,-0.021915135475977468,-0.11878543427352592,-0.022953300944569367,0.019757484585819732,0.029950883984694893,0.03441847048878531,0.022818774940505798,0.005304258043834013,-0.0038280115621027342
164,-4.83637608980229,0.3409950302506482,-0.4672519504809566,0.11820031768515489,0.15294262392514701,0.008710998771914152,0.15535068839885036,0.19999999999999996,0.05334353829026066,0.08475381872217694,0.13244011004011544,-0.09425790416638063,0.04496244133943689,0.0332455147903293,0.04241361503833682,0.06599316235242061,0.053784984112234036,0.04280716197128685,0.04818573246303488
165,-12.23781757047574,0.33507094497263035,-0.47486322953606264,-0.07171539639114448,0.0673278619668848,-0.11205929636317288,0.01809046103246047,0.20000000000000007,-0.13477568308371035,0.14256544952619835,-0.05085392603673244,0.20261192559969624,0.003366130959805747,-0.010294672517116358,-0.0016001493498387148,0.02556840095562366,-0.00438567414463152,0.009350992719630679,0.0035199775349723946
166,-12.113709123215417,0.3265089311437626,-0.48610493477664335,0.1211478468459367,-0.16275438184121235,0.09563426174911892,0.15363357656539223,0.19999999999999996,0.02910605488858877,-0.07740384063303297,0.0718184079485376,-0.08850162952818051,-0.013119481580582128,0.004648664885564309,0.028338578265524512,0.035729445120941096,0.013734080540804067,-0.00862964358895815,0.004019487019598185
167,-15.031985836635313,0.3140755545952175,-0.5029658646761553,0.146194837676206,-0.07109789568040382,-0.12213959531492359,0.15916649627269455,0.19999999999999996,-0.04282110509895562,0.13721344660613477,-0.01231324456730434,-0.10905337878337729,-0.004639270399654445,-0.017770431577147933,0.01702741231160962,0.03196653065256914,0.0026916753621172643,0.010688637354406777,0.0011669492138868095
168,-15.832913294535585,0.3339905646787669,-0.4762658019483955,0.045168649123121365,-0.041737659716375414,0.1694184305444031,0.11253605436979006,0.19999999999999996,0.15347209578653923,-0.15278449095175592,-0.0841151381487364,-0.040767481359278566,-0.0014893173074088783,0.019363559128628742,0.02157358675757853,0.026579725545618944,0.01942823217407689,-0.01917606203525833,-0.020148101530158835
169,-19.482734297021267,0.3310825410544512,-0.4800637202555643,0.036418541198126014,0.13097158381923227,-0.09996742575604528,0.02583554565666533,0.19999999999999996,0.144723680158417,-0.20013082044145905,0.12661562304359003,0.035336779926465056,0.014083153719369636,-0.00971347840747101,-0.0005604128244133598,0.025086217037259002,0.0172852813061999,-0.024092133180571632,0.004361390326666298
170,-13.668150730962187,0.34421816479400746,-0.4631662151774119,-0.12224313428285935,-0.06099608947002037,0.07821951360871819,0.12581216590822802,0.19999999999999996,-0.08098682921921692,-0.0020197588917504725,-0.22261611584429147,-0.10710639277491524,-0.01228686863825078,0.009768533420738738,0.023064946720576535,0.02933234052627312,-0.0030877229013892456,-0.00971333745353973,-0.02976976885766651
171,-2.2175178070923067,0.31402153558052437,-0.5030405670125422,0.11393045782953304,-0.14579951082263487,-0.12551230099478253,-0.08528671314604504,0.20000000000000007,0.03960489775937626,-0.05087379386387064,0.1252624498044966,-0.11372987577926091,-0.0073628490117282385,-0.04762620170986682,-0.04827991110124417,0.009019705587780766,0.03508343340115506,0.008563670605431142,0.019351654796692905
172,-0.7693000334735451,0.30441515413425524,-0.5165337316877046,-0.033323294357279334,-0.14480484412805147,-0.050013734482262706,0.1096118122148753,0.19999999999999996,0.168437661712614,-0.17683030335608596,0.016860723134072154,-0.10011762661475906,-0.041207696891259284,-0.04941634083773946,-0.00290334648048571,0.059890054442515085,0.08829318976291002,0.025645806147814802,-0.013360232947752074
173,-8.714609313910731,0.33050633823105735,-0.4808202074873312,-0.22666116480977788,0.13152744111916057,0.032764232607847034,0.1713818013838113,0.19999999999999996,0.029221572327196244,0.18790376404033388,-0.00023416337442230136,-0.02030586033745084,-0.001097169670463662,0.015380939445780074,0.031227885110408474,0.04539747408277837,0.027662692147980363,0.03519676338656621,0.02024792451396056
174,-16.40108657103262,0.3092318496110631,-0.5097157819012362,0.003435611760977436,-0.18339981922611592,0.05147002718171117,-0.23559940909594018,0.19999999999999996,-0.14968053143389226,0.044536287442328,0.05564766226503594,-0.07623065159399908,-0.020904754448012496,-0.00217087725297058,-0.020326311175762772,0.015778550935424445,-0.006733919741039959,-0.0001604926747568055,0.008251177996579807
175,-9.502680851048206,0.33372046960530105,-0.47661715395658605,0.11879560527960353,0.0913806008738434,0.12647444621410578,-0.104872877019177,0.19999999999999996,-0.08672903381486911,-0.1416858307154885,0.07677578481505234,-0.05328582126786037,0.02451113222585017,0.02565461322378315,-0.00023536045291670254,0.021437609359414134,0.0032653065793434182,-0.022718537016025105,-0.0002836924849742116
176,-3.85949293523009,0.31103248343416884,-0.507194252003651,-0.0597850073765947,-0.16345567359303215,0.09043254984324885,0.02125346103259092,0.19999999999999996,-0.1687683827058567,-0.009910837565156573,0.17834436580502583,-0.10804972207849436,-0.039078453071136596,-0.014973076505204368,0.010109107778191817,0.0373178111051976,0.003008685722629578,-0.01644006108804177,0.024756742461190653
177,-18.621400554046893,0.3181809997118986,-0.49732575795986234,0.027181714497885465,-0.08299984313563545,0.12255145599356862,-0.1429739733117192,0.19999999999999996,-0.1601144313634625,-0.13153510958772718,-0.0421913873129848,-0.09045208479701676,-0.007454476487234237,0.009902056143789636,-0.009753450662290155,0.015885460100688066,-0.013458921869193487,-0.022072885321884353,-0.006514938022630209
178,-2.082530347499297,0.31920736099106883,-0.4959271022807619,0.09482523416210964,0.032665729443337586,-0.13290852000266337,-0.171016812524336,0.19999999999999996,0.07249517898431473,-0.13037423345087526,0.03957937250756157,0.1261349189248019,0.02498545062720158,-0.014333183678427066,-0.05319536786284825,-0.0024192017840696752,0.03769516113723968,-0.0020000589400951305,-0.00861944945236649
179,-10.840386443098268,0.32766133679055026,-0.4845748012454496,-0.1474774071958331,0.07435464142575468,-0.10370168380719058,-0.11411223101589515,0.19999999999999996,0.1384439367873294,-0.015121465952678112,0.04783827169526156,-0.15895036212005745,-0.001344502228014302,-0.010892663719078549,-0.020112798020169978,0.02018932449352981,0.031523525294285856,0.008058814063760841,0.0028518264635345346
180,-16.211954958273967,0.331505690002881,-0.47950901291336895,0.18942353852313942,0.014435297644703231,-0.04313495221145313,0.0015954507551910486,0.19999999999999996,0.022296188767910726,-0.2004778893741891,-0.2692046167785526,-0.059432065944860786,0.006979777326145095,-0.008260821006124696,-0.0010268737856597397,0.024227923248007342,0.006862476991316336,-0.0298279708981443,-0.04086070871210525
181,-1.659233469677261,0.3155340679919332,-0.5009537434178016,0.09747779506971124,-0.18421492511398993,-0.08919445734175693,-0.14351872990001302,0.19999999999999984,-0.10507394713284703,-0.09376368518809426,0.050120430922132614,-0.03663602933145516,-0.017933325311935474,-0.053326189408247626,-0.05991409797640743,-0.006666505505703451,0.0006087787536854753,-0.035934402215471326,-0.019475399056971494
182,-13.302894297075081,0.3242491356957649,-0.4891211728786094,0.05772385988109393,0.010580098165077975,-0.10840776652037523,0.12705648020338217,0.19999999999999996,-0.14316643599426945,0.134405958633206,0.08704547322212898,-0.1316139273804664,0.002836380140359845,-0.012155795315260008,0.012882898432465689,0.030676617696247833,-0.007213368855169357,0.00881137151414585,0.016171320843682474
183,-16.36402047798157,0.3341706280610775,-0.476031725093669,-0.1929005196576331,0.16335088378596768,0.183959613188807,-0.004561951024338509,0.19999999999999996,0.031122610863712746,0.1823023625129037,-0.03139891823725048,0.010403140729386778,0.01570655279619754,0.030267059334576754,0.00611959909019438,0.018906995892021005,0.009445074858018819,0.01779759334622076,-0.0009731028262451383
184,-1.7791739558926594,0.3104652837798905,-0.5079869555703416,0.0695864859946381,-0.11884705110759243,-0.14909475601323144,0.07041900024037721,0.19999999999999996,0.024357949081002032,-0.1448019101777209,0.14746133755442783,-0.07543150983101009,-0.011481447821309337,-0.04984684034160196,-0.0232565244178618,0.04019915683051672,0.045014743854082544,-0.0064705538292148855,0.006693226415756838
185,-1.4612829325851102,0.3237719677326419,-0.48976075529246293,0.031528052117998126,-0.15636233699749635,0.18469864481848358,-0.10340493382462515,0.19999999999999996,0.0509811639397423,-0.059166317408829126,0.13348425183061116,-0.08037429906221416,-0.022874365535333764,0.004416339066250334,0.010278311423941103,0.030575386422704624,0.05116675703197372,0.018342636535881963,0.027440809824940078
186,-8.937493528616988,0.33227996254681647,-0.47849584715862403,0.13551151096735642,-0.06692421615937798,0.011263554494894452,-0.17400315658122445,0.19999999999999996,0.11555631621177488,0.14570370333569885,0.13355972212123735,0.017477820128435698,0.0025525608766971404,-0.004472097865990895,-0.021756485715783067,0.015810910506089564,0.03455696766141652,0.03537371898895516,0.035100527270934274
187,-10.199131537503472,0.3355211034284068,-0.4742801586119209,-0.09223714971610285,-0.03517728487070255,-0.1317967318955948,-0.10322762842441413,0.20000000000000007,-0.14384210817570336,-0.11236047872893239,-0.10059611800756701,0.08076250018098287,-0.013528197327607716,-0.022974495592705278,-0.02234404967418195,0.0166674406560141,-0.00822174959265337,-0.02791868180649525,-0.023714272072698075
188,-11.169178599966257,0.32279062229904926,-0.49107909087355767,-0.14377401751604385,-0.17062095696531057,-0.020303391555763526,-0.08475692714978378,0.44874457434619397,0.03504344092983773,0.0897614303224252,0.003311812114311374,0.0036834491003299385,-0.032684188426876204,-0.015228622831736186,-0.007463841193702485,0.054700218951772656,0.033968737317606065,0.01380283993449601,0.005093825064815619
189,-10.792840513105265,0.30575662633246903,-0.5146241221953799,-0.03355727683382157,-0.18085720003121575,0.033033412646641884,-0.06302049254240318,0.19999999999999996,-0.0932873505552636,-0.16722162625441814,0.19049295545194722,-0.03852968568428868,-0.026591203640624082,-0.008974083550821847,-0.004512944735927685,0.02146594952220078,-0.002058567120580255,-0.027154793340248035,0.012938588498244457
190,-18.656584807683934,0.33917639008931144,-0.4695743863999878,0.017316975605208982,0.13868715602349027,0.15768141160060486,-0.07388216012541517,0.19999999999999996,-0.07065910594731586,-0.11550501262042699,-0.09107423088871841,0.13519394718881955,0.017840987161312927,0.019227790000469716,-0.006775779499410088,0.014392911717742873,-0.0062292970020462355,-0.02026744699112587,-0.011747028918668384
191,-1.3986510023191059,0.3150298905214636,-0.5016482377257295,-0.05721067175481125,0.13934359612978545,0.17680014559776666,0.01359941765822883,0.19999999999999996,-0.11107171531221714,-0.023630666199479563,-0.10430212358206431,-0.17404166376564678,0.01908629026836207,0.06466870214018758,0.05824024417622332,0.066650961881461,0.03580582368342295,-0.004202042794453017,-0.025422127952688816
192,-0.6388570517085839,0.32435717372515127,-0.48897649244688796,0.10642155269469075,0.13901319701696516,0.1027830045995545,-0.03662300632087289,0.19999999999999996,-0.09459677576327138,-0.1169569108597593,-0.1848441091373195,-0.018761443607566618,0.05997132392509685,0.06989771714768968,0.04302629835413433,0.05681343190269253,0.03753637761603838,-0.02384794159398303,-0.06523622320188563
193,-3.646355603540105,0.32009867473350617,-0.49471612390996567,0.13088316200790728,0.16233722976703807,0.15762003736653216,0.09994556915136726,0.19999999999999996,0.06823851923727499,-0.012066744780699096,-0.10562694620656422,0.06328179148261699,0.05580159199730112,0.06828110088607647,0.06458232843972266,0.07466582111695999,0.06562263549358016,0.03264358781371804,-0.0015005247273167167
194,-14.463495636114521,0.33471982137712475,-0.47531856890956325,-0.07329195732277606,-0.06943182188614377,-0.126770586746951,0.08264261026580112,0.19999999999999996,-0.11550324205032078,0.0814692266434245,-0.11572005716811924,-0.1351704979164636,-0.01300564348117147,-0.016433949243569026,0.008852992166098646,0.028749372020984376,-0.00541108670351782,0.0005219582922088737,-0.012972052009467798
195,-18.76090001391045,0.33301822241428986,-0.4775320016965359,-0.059286479843564416,-0.1525206440506351,0.011575055542704438,0.18153167450792435,0.19999999999999996,0.16900991427842177,-0.13909039585585142,0.07336983279064449,0.01361600313025406,-0.018193569314195485,0.002039084074626318,0.027762800114557156,0.029994833057677486,0.017077599216827628,-0.019208749612172196,-0.001998073476858783
196,-1.1763091200777254,0.289253817343705,-0.5387209008624114,0.15326287019608814,0.10507790116004241,0.06318422077713984,-0.021287703510493073,0.19999999999999996,0.05929289606679198,-0.14342240333676226,-0.09776863477621214,0.15670337017647015,0.06050247690095538,0.054308344457003103,0.032558769314063346,0.05585547080659641,0.06674221442512793,0.008354111759537722,-0.031633649139473266
197,-5.257965717298028,0.3094749351771824,-0.5093745193580618,0.0004735175833714402,-0.08421136915040545,-0.13225650678699916,0.12393128231773334,0.19999999999999996,-0.057561824659432555,0.08130820004504681,0.21163208701259562,0.10862521244441559,-0.016153731945550146,-0.033004491604420066,0.0009978197115106209,0.04316216943227244,0.02158023495945413,0.017670048185959242,0.05100991429946736
198,-17.467650244051782,0.33924841544223566,-0.4694821721613733,0.01439021706828428,-0.10675858845388156,-0.060720597700384335,0.13088341604006198,0.19999999999999996,-0.1300011112042889,-0.08656979941642619,0.15171517954751668,0.11896109056915603,-0.01266744774001555,-0.008415934089393218,0.018187945445352197,0.027397501852226346,-0.013026167791319725,-0.01731326366025884,0.016924253110425624
199,-7.976218620306543,0.31571413137424376,-0.5007059786383382,0.00020770036008628255,-0.0858649867092552,0.04329332956426413,0.10802706101318005,0.34947154206433995,0.10641149423738629,-0.04337065014161529,-0.16388695023415487,-0.09946628567571793,-0.01235525870223419,-0.0007149312633228111,0.023432848208747404,0.06530733743899664,0.05313602743758625,0.010772131976931418,-0.023412285915391316
200,-14.844090351320457,0.35757886776145204,-0.44662815510480053,0.13660694311248947,0.09812583097996522,0.13403359015184704,-0.058023629670688234,0.19999999999999996,-0.1291451703280431,0.07603024644195655,-0.13322915799451673,0.03480543132049366,0.018768593064952228,0.017388692092656532,-0.0021076984731194944,0.01776807032223599,-0.00729212079256789,0.0004975297550693026,-0.012006036546155547
201,-12.554725559833368,0.34037381158167673,-0.46804386199254755,0.017839069050120396,0.1272509410250007,0.1674530722240817,-0.1178839413366715,0.19999999999999996,0.002484731896504636,-0.17858828656756107,-0.021704568515137735,0.16679538938492233,0.019461724482645815,0.02698395624352753,-0.004478515080545723,0.018223798850928813,0.009338908162544887,-0.02309926025437104,-0.01039958188922281
202,-0.32515687438521823,0.28710205992509363,-0.5419636914780955,0.07118051519889508,0.015554367197462051,0.05292499537179104,0.13911174920591052,0.19999999999999996,-0.2061491573983012,-0.09810600486489625,-0.11226035858376167,-0.10471285217898225,0.023366791022172113,0.026874213676468275,0.05509170204734341,0.08888808725663583,0.026721174754547616,-0.04346930003343757,-0.05786264290828405
203,-4.140951875383372,0.3061977816191299,-0.5139979600585959,0.025871004203044987,-0.0011592752947929153,0.08853604505382155,-0.014031940735260299,0.19999999999999984,0.1767838186116765,-0.15769142008419443,-0.13573682162151446,-0.20018967439569502,0.005393003621371503,0.01724457023403806,0.0157571161615771,0.04225533469014428,0.06521793299357038,0.012418856147875077,-0.03570548601935064
204,-6.091673649996441,0.3220793719389225,-0.49203708933733264,0.11847115754752859,0.07860640366656865,-0.01494615606451008,0.1563439749612476,0.19999999999999996,0.14754807587129368,0.03790188487412991,0.07687173866808879,-0.16931060834663272,0.028173833828643153,0.014568201154954998,0.031901829300438535,0.057866006539471104,0.05910068023921885,0.038922703444130714,0.028423989197806376
205,-8.597560931477128,0.3306593921060213,-0.480619137009936,0.11997617458080968,0.10425776530027027,-0.09670002623913083,-0.09207157914887108,0.20000000000000007,0.07784670144893285,0.051427027569513055,-0.11209002441277094,-0.1456307012997012,0.025389372548369666,-0.003553450889936293,-0.017175903491471453,0.02206835374104493,0.030228378592616748,0.016833409953298874,-0.010863637610669434
206,-4.609902780870927,0.3178748919619706,-0.4977437744224572,-0.12732885421438053,0.11847148933722833,-0.15165341009073702,-0.037156992705664846,0.19999999999999996,0.033265468023090584,0.15300356790561842,0.1520013080665971,-0.027118909656683135,-0.0011179453632341558,-0.015680565399106814,-0.02446132781767558,0.022702445064015947,0.03355990022139339,0.04207569672138872,0.054791164834552326
207,-2.6243980904248048,0.3062788101411697,-0.513883048760181,0.1269144758338439,0.1350040525110114,-0.13905974719396677,0.06114843630375174,0.19999999999999996,0.1056107323011414,0.10435940402533649,0.08669068870253423,-0.041212463128414194,0.05011393707229741,0.010839724893121567,0.003208013525750808,0.05099368843954746,0.06793971611202076,0.06248848039666603,0.05612137074158265
208,-14.075055028193571,0.34420015845577645,-0.4631889340768679,0.09326919832415467,-0.05472056448602425,-0.09943809557223617,0.07997504177494129,0.19999999999999996,-0.14834977706249403,-0.11330357797957623,0.12411046442889119,0.08683328037168225,-0.00396147372097766,-0.014830868792843543,0.008070122758148746,0.028018802978612912,-0.011245490814141548,-0.021806308376662843,0.011930973473147602
209,-17.164462823385804,0.3379519590895995,-0.47114503163109145,-0.11302858033144603,-0.13882194889129001,0.0036585484903144867,0.1148405773337973,0.19999999999999996,0.05052553349717955,0.1643791561734218,0.15081842095564846,-0.0639272343269024,-0.0189622245074252,0.0006725790331437378,0.020117592941202325,0.028628483527739335,0.010761945206076201,0.01638788319533957,0.017084003000101548
210,-15.100649467792099,0.33026325266493806,-0.48113974617740723,-0.11777801832037066,0.16120480431567624,0.1330798086855032,-0.03961276733538557,0.19999999999999973,-0.016954865218678776,-0.1106827762242589,0.11471037249068439,-0.10597658740944245,0.01679312444389923,0.023382888793678815,0.0009430413354576995,0.019254966805342416,0.0031268669029830623,-0.015462878784074935,0.007306940146450408
211,-5.230717971423601,0.301669187554019,-0.5204690463336008,0.027048003465816893,0.036770297403132854,-0.08208028039154232,0.03022504753713377,0.19999999999999996,-0.1912458862461877,0.031173773618138133,0.18328432761326066,0.21817238372478767,0.00911315204116237,-0.00700945593610177,-0.0014824287286422236,0.03346629676018535,-0.002837821668112861,-0.010127173142630917,0.03462071989736108
212,-13.85659986244237,0.32394302794583696,-0.48953136270811126,-0.20115981239063438,-0.007388274539227051,-0.11444603666200535,0.03418516306537917,0.19999999999999996,-0.1981300320159412,-0.08186523663300138,-0.044284245738389266,0.11854119895542224,-0.011245885193025275,-0.012014578596098903,0.0028720048997683987,0.025321870855890747,-0.01692727215161578,-0.022314769521297455,-0.007542817177411399
213,-15.670459632493401,0.33516097666378564,-0.47474655270931626,0.17384669526845753,-0.026899125957833316,-0.10987526343872694,-0.10027722152153884,0.20000000000000007,0.09729923375668115,0.15382285577624102,-0.13047208324996887,0.00750752103055227,0.0013044838624018304,-0.018223861477366637,-0.014459716746034443,0.023622815428507034,0.023106949797126394,0.017839428219749796,-0.013643985035726579
214,-6.497117058209195,0.3312175885911841,-0.47988660900890945,0.0009645330412531572,-0.0839748132408757,-0.05209125894292086,-0.12730661645846114,0.19999999999999996,0.16247323148771603,-0.1256280515944484,-0.0988438747538086,-0.1487176204805162,-0.014143949425410269,-0.02044664030958829,-0.02719403803686196,0.015491235595266412,0.04269360925558931,0.0015600502373587215,-0.027196842402525463
215,-10.011766669813271,0.33616933160472484,-0.47344190934498087,0.15761454741752975,0.10471605977391361,0.10956001806064941,-0.06278281182603034,0.19999999999999973,0.06864178132461242,-0.04453047723989848,-0.1615349701752126,-0.09061933418215357,0.02827735439915625,0.023976917232767084,0.0036628113442399575,0.026188846063253803,0.025938270676320537,0.00033106030172784973,-0.02449175770857025
216,-16.957630192967766,0.3335764188994526,-0.47680465798579325,0.16441195343811194,0.04051298356694356,-0.09532952226961114,0.15449691030847418,0.20000000000000007,-0.07733690272906946,-0.1352284733029928,0.005323205639976242,0.12736004874482068,0.008020303473706254,-0.011714260457672378,0.015042480825772787,0.027671448224594202,-0.007495024298564608,-0.023469921329986564,-0.0023510543711094006
217,-3.434172536098586,0.32708513396715644,-0.48533919412860327,-0.09601336307952246,-0.08825811796654766,-0.004588358711479587,-0.2226492872603355,0.19999999999999996,-0.07282039358686575,0.06558185862744394,-0.060131087079974,0.18995753368783114,-0.03413706373499287,-0.026798333648203394,-0.04927177513155572,-0.00933189523609125,0.004342934294621533,0.001521615119550425,-0.0019078228193003335
218,-8.973122142729222,0.3301822241428983,-0.48124631134110646,-0.08991677216004183,0.1414621287669357,-0.02353633766155747,-0.16300250862521692,0.19999999999999996,-0.15739406823367483,-0.13348649037060953,-0.08036292176932261,-0.01083877241264114,0.01225333999447287,0.005698879516104602,-0.021776387832340132,0.01250006686533363,-0.009044609900758727,-0.03222093877426874,-0.025847370958090525
219,-12.162152437481792,0.332288965715932,-0.478484080052157,-0.22046774833126984,0.026427443848405365,-0.10843556862847994,0.0741913791054615,0.19999999999999996,-0.10685138523274397,0.11090999935739312,-0.07621162936843072,0.0765048461278155,-0.01047578482405241,-0.01097278935153428,0.006368116815033135,0.02887200623820892,-0.0019148868155945606,0.005863573449540955,-0.0036238820169264023
220,-6.749873126199571,0.32708513396715644,-0.48533919412860327,-0.026948476633896632,-0.021818165326475247,-0.10716978418199459,-0.15439674525252906,0.19999999999999996,0.04113479952135639,-0.172787918181995,-0.1371717011382254,0.13857240976352778,-0.00814498804614316,-0.02268222897726081,-0.03589650565099722,0.009826949389630182,0.020744834030119064,-0.022231975524375405,-0.039493598117311186
221,-18.403350468775052,0.3430027369634111,-0.4647024145246807,0.046848280497577256,-0.12185760622225822,0.18365942476558048,-0.15520140891394768,0.20000000000000007,-0.013592496683740631,-0.14462365584282125,0.0688721080392058,-0.06534501903486872,-0.010764872956754112,0.015415275198607439,-0.009159237005566628,0.016252394584117345,0.002716005544450253,-0.01944643018512563,0.002331135916837787
222,-19.774892651908306,0.3374747911264765,-0.4717586627842412,-0.17355007823073673,0.012759098149380806,-0.2161685898473088,-0.030287666209350673,0.19999999999999996,0.12698004988513376,0.03825718822126846,-0.0475283435427309,-0.15446898591408983,-0.0036941569478091507,-0.01932380258204137,-0.0021715615429659008,0.029836826752952166,0.021787629110580603,0.0015654086285882042,-0.012700229775597855
223,-15.655218764346888,0.3306413857677903,-0.48064278752902384,0.025864030677205465,0.1381292568891245,0.11689841850419909,0.11847224923193676,0.19999999999999996,-0.12429030050670316,-0.07945058996431394,0.10406633946002204,0.09282881476649511,0.018780786415795697,0.019556536465546368,0.017802138184801447,0.02306328431834978,-0.01244059368363939,-0.017030480429727494,0.011246164150950136
224,-12.944565473229941,0.3424625468164794,-0.46538691789518916,0.1448242947895593,0.07212845204053756,0.19243852791146146,-0.06772816958237712,0.19999999999999996,-0.12993493592309036,-0.06421005054704822,-0.12654468192742963,0.0021908872784963374,0.018955322510631898,0.02642469114482041,0.002465653019988721,0.01904652508124399,-0.006976201786623485,-0.01673501685882576,-0.018301021739674506
225,-13.934212801276832,0.3228266349755114,-0.4910306407848834,0.1410130420281313,0.1514630214858902,-0.06536380494346551,-0.22242667073366404,0.20000000000000007,0.059762065719472346,0.06258222912158788,0.09275566181541164,0.00463350415237707,0.02428341919063404,-0.005708320185799824,-0.030735907229713318,0.015666195502523444,0.02023897014325923,0.011225644769344062,0.012808342581049055
226,-10.836323550507663,0.3236639297032555,-0.48990569727241656,0.09997723806063055,-0.00911216245390647,-0.11182680082194706,-0.11228851395133252,0.19999999999999996,-0.1434074139884669,0.09163252212925238,0.12333607451553344,0.10841927407893075,0.004272929370134108,-0.01691047929963251,-0.020413402160531353,0.017748898327914518,-0.004600179204127945,0.004494735649047226,0.02355034324431585
227,-0.8901623045634253,0.2902441659464131,-0.5372365010389805,-0.07467874878968131,0.09540569855659382,-0.03301270383419963,0.06076651867169194,0.34642084829632347,-0.08416409633627348,0.11335597703003768,0.15529911425087176,-0.03689629423432694,0.001970464284401678,0.009469768287682414,0.017014622039753752,0.08903470881708342,0.07547119689918069,0.04729974808454633,0.0731778092698011
228,-7.689454165724399,0.34375,-0.46375729316168096,0.16115053893266873,0.13969882983014267,0.08355707685047106,-0.005424866700789654,0.19999999999999996,-0.0839300706028799,-0.10928788294733328,0.05717679915410884,-0.15977393498160591,0.039536521436800545,0.03147562543384685,0.01602774599588496,0.034342350004135866,0.010602886669911328,-0.01684398463682408,-0.001981447377435169
229,-2.0150454523970396,0.28683196485162776,-0.5423724520798059,-0.07060881599594339,0.1746065510013955,-0.05136608684413712,0.1478688184995359,0.19999999999999984,0.12533479278362877,-0.07172856549896267,-0.06858091639833466,0.08990545297806214,0.01976938557209095,0.023322637760725927,0.0346957899228886,0.07619754754797342,0.0821318192373717,0.037296111387993824,-0.003308250162490056
230,-19.623014006367203,0.32884075194468454,-0.4830143673849836,-0.1090272244567297,0.054041659473328056,-0.14090924955135806,0.05200705663585183,0.19999999999999996,-0.010395013363468205,0.15389521506239776,-0.12101734085761734,0.15870724059924915,0.0027012544458522416,-0.01123261417649772,0.0059662676535880525,0.026570130739558526,0.004277918664022915,0.009941900708675346,-0.012049623102753333
231,-9.663488606520463,0.3434078795736099,-0.4641897440729523,0.13770325601971037,0.10633729084803135,0.053262677522637934,0.11519768013914869,0.19999999999999996,-0.1567117451773939,0.08731541317747098,0.08208233980394247,0.061389597311664344,0.026971509893355384,0.019118705141128813,0.025003517289043632,0.03767302968255113,-0.0018404260195904057,0.004985663798333536,0.021007640396214045
232,-9.430389793775372,0.32673401037165084,-0.4858056566235433,0.13578627120848671,0.01988208071218911,-0.08369435396302177,0.03936879889056077,0.19999999999999984,-0.17827358415388248,0.0821341768747252,-0.11202190484995847,0.1488388293471756,0.013170060547386484,-0.008170547175484849,0.0021751332419693626,0.02964487463378293,-0.006628869777685581,-0.0018028341166234543,-0.007809157599404174
233,-8.387103591920228,0.335746182656295,-0.47398891644251206,0.040525277462980416,0.06599166020671438,0.06556213875128053,0.12436614867191839,0.20000000000000007,-0.16070138082842048,0.05610274324014315,0.1145774167738705,-0.17217323406467208,0.014605479710586636,0.018544387256507793,0.029096817177296657,0.041899359347263535,-7.885238971117942e-06,0.000712378188713533,0.021186092743332025
234,-16.030141247334768,0.3287777297608758,-0.48309760770596244,0.04677615655984114,-0.04409053588069195,0.06122282629669309,0.033352946958179155,0.19999999999999996,0.08804937290489383,0.1639681364788481,-0.2239002032095336,0.13863982171131917,-0.0030153071518314715,0.0054223270637948195,0.008591944860187018,0.025043810908443747,0.01754449511705736,0.015444865545188775,-0.023392510377149813
235,-3.011929417364936,0.3083945548833189,-0.5108932986009914,-0.19266273365116457,0.01676559125992253,-0.059605718112227306,-0.1691936256306995,0.19999999999999996,0.10790188917054094,-0.09307369624265123,0.060655348922201514,0.10014139701059237,-0.03450832175730093,-0.025191666578413534,-0.047059118236434425,-0.0006116949117346666,0.039590656164771636,0.008635517159695827,0.003738512813129062
236,-11.109908097655513,0.32960602131950445,-0.4820048631097869,0.07024305406367104,-0.1395579466953456,0.10731906709088398,0.1069390360260198,0.20000000000000007,-0.06765750185770217,0.08559653910076219,-0.19073092337052613,0.031955931795089015,-0.012803756051119037,0.006685434734968541,0.023823392896409983,0.03367652970495704,0.0052670831098514245,0.0050864113899815435,-0.01896181059517159
237,-5.504343492482253,0.33157771535580527,-0.47941466516404396,-0.17281426942170214,-0.12412627994071099,0.11488316449827116,-0.04822409153645767,0.19999999999999984,0.10229645456836445,-0.10109559315725129,0.03455626224707241,-0.10200388463017009,-0.04357844829141518,-0.0063214282020558855,0.0013000776331785586,0.028136885221900276,0.04004889940333793,0.0042310528129986,-0.0024661196103779918
238,-3.4065622964810487,0.31499387784500144,-0.5016978869849111,0.08585966010921707,-0.04501469300262226,0.10974300142791375,-0.15152626407670966,0.20000000000000018,-0.15682433471187432,-0.06982043051039385,0.036125807374270937,0.145085808786998,0.008778415978500532,0.016235163371041597,-0.005792115111513091,0.0158374090305651,-0.00032398361134270955,-0.029921583045897007,-0.008695034131465284
239,-18.10042457952828,0.3388702823393835,-0.4699665154999419,0.13345255184048724,0.0735820791295911,-0.08835499599417085,-0.1379308520719202,0.19999999999999984,0.17069120368968194,-0.12159711383799464,-0.00441529770827343,0.06997590572788068,0.010276010126580132,-0.013305541851594584,-0.0188465099710636,0.022545595256762113,0.026590878839669714,-0.01303520424405068,-0.008424265649271664
240,-19.67327807720694,0.34429019014693174,-0.46307535146247863,-0.11518108384756022,0.103233082273862,0.19623264536250432,0.05646608714602986,0.20000000000000007,0.11292579635255758,-0.07190414830324189,0.026446482330768847,0.11761067438347524,0.011952153459949667,0.027313107409611927,0.0104844101542919,0.017997690502194724,0.010106587384845434,-0.013208793559005831,-0.0034873235351082534
241,-19.588239123610506,0.3293269230769231,-0.482372763470336,-0.14566579029921778,-0.11277869900434752,-0.1653084602630612,0.03115546221524247,0.19999999999999996,-0.15210455754148347,-0.07881134624395462,-0.06711005070886573,0.047065633723827265,-0.016783837886652782,-0.015864408555341908,0.008350421092365053,0.027881270329776383,-0.012472461209842526,-0.017025039390597345,-0.006920414773163052
242,-8.198182273526273,0.3312445980985307,-0.4798511954253368,0.030701996168791566,0.00956537524742291,0.11184456984790814,0.1936822827358615,0.19999999999999996,0.1155739848493225,0.15146132263793266,-0.08510221215226836,-0.1020682563604924,0.00599499440201327,0.020950087493541932,0.043260737355577346,0.05335425457426676,0.044559196072670816,0.040385972774784666,0.008211173714721996
243,-19.598159012154632,0.3264188994526073,-0.48622470380801475,-0.18917524864475496,0.061720965205692965,0.0018211203083978499,-0.14223455581599428,0.22680394520863978,0.08683084127895858,-0.05031631216640002,-0.052217654561199735,-0.18887935680996185,0.003897840518358051,0.004783271252877095,-0.012168623526530607,0.023870624787739134,0.016520947853720443,-0.00896710349561251,-0.01402155242501846
244,-2.2832326588436516,0.32379897723998846,-0.48972452735451294,-0.08419100779113381,-0.03901861074850042,0.09400075912899417,-0.1560025472694332,0.19999999999999996,0.040577230221122695,0.17190706078000753,-0.04374572985058704,0.17055705421022124,-0.023988693905850424,0.001269297081163974,-0.015558844552525075,0.012356971257050965,0.04064896005509551,0.05338798803788364,0.038023272854549664
245,-2.2648237600462906,0.32042278882166525,-0.49427660398747203,-0.10133216988673066,0.06820470777926203,-0.13638497521216666,0.061059620255954586,0.19999999999999996,-0.06514454891419924,-0.19295115131030294,-0.03577870730820229,0.13914411933318155,-0.009576740523788523,-0.02092581111433402,-0.01181243037429603,0.040666198894309134,0.024929781236948258,-0.03707102007941265,-0.04409529198763248
246,-6.2141616168006735,0.3380419907807548,-0.47102934933274,-0.1873081908302155,0.020748806077578095,-0.12315882092662479,-0.13172070602512148,0.19999999999999984,-0.06900326693952459,0.11677578934464497,0.0846725173316615,0.0666119025246292,-0.022233317628872873,-0.026327880936726,-0.0372525393723319,0.008103438675269078,0.006716898859609511,0.01359302524463484,0.026297912566960763
247,-13.5765545939272,0.3369706136560069,-0.4724079711865494,-0.01234926152048576,-0.1755487473009143,-0.1779989418819423,-0.0666573877506528,0.19999999999999996,0.011341918319997354,0.13959723001986155,-0.052211309873388644,-0.16429520333275735,-0.024772147601339053,-0.03118689729877373,-0.012444939318161447,0.024874346228296366,0.013881035462273372,0.015280833024561888,-0.004094232421453536
248,-8.072968684855075,0.3185321233074042,-0.49684676341761363,-0.044664788402781236,-0.08862611299588477,0.12618813150339378,-0.1448818283052154,0.19999999999999996,-0.11554618723169441,-0.10030632414880551,0.10201784763152337,-0.07776877978070153,-0.01620057556548558,0.007253027678921856,-0.008953126385700345,0.015464538700718136,-0.0016906882559605788,-0.022423802253571226,0.0028440336901107326
249,-2.073453833931694,0.3353320368769807,-0.47452495306017645,-0.07667267683864928,0.11845471494809123,0.08982701450702824,0.08994897905082351,0.20000000000000007,0.13462606812174874,0.07999724397374113,0.11926094197661985,0.09121236058329804,0.009200533703947631,0.03850819876546734,0.0478941268536414,0.07337856928692099,0.08535677649872396,0.07283215755129424,0.06896212668246321
250,-12.140587186816502,0.3276973494670124,-0.4845270713320151,-0.210750887984223,-0.20605366825553278,-0.038999116695424885,-0.0704937802271991,0.19999999999999996,-0.007458296938794881,-0.09717535579803414,0.016988460370548745,0.15208043373024255,-0.039516925363008035,-0.017080283960074837,-0.007828476098152248,0.022113507302666743,0.008371828876945547,-0.014831035031486191,-0.0034272205268399115
251,-9.485076769974619,0.33891529818496113,-0.46990882724594807,-0.19510446029250011,0.15775198756954964,0.015771829328650618,0.14322836448470253,0.19999999999999996,-0.03275453368524112,-0.019673946302171137,-0.1391533177611208,-0.0965615605760641,0.006520669127893648,0.014943361594346566,0.025085683525917175,0.03977340257707331,0.013171183318649379,-0.003939161183821077,-0.021222593685067966
252,-4.265561902967976,0.2995894554883319,-0.5234734763658315,0.15383178627628538,-0.06779461544580503,0.0581555017686511,0.212855991071247,0.19999999999999996,0.16869029800838783,-0.06360737493430522,0.0009595248649385904,-0.07410490763037987,0.013885100284504912,0.011525648447613637,0.05134346551195787,0.07776889770838652,0.07751932045018621,0.03581683971613086,0.010371290541189524
253,-12.490935829453385,0.32457324978392393,-0.4886872760992956,0.17752551192683097,0.09695716657191715,-0.06264663524060121,-0.21234194421059324,0.19999999999999996,-0.039898849550705606,0.11146545598389937,-0.08388397976087233,0.015280456754580165,0.02147708595316355,-0.006296373687238721,-0.029499008168957553,0.014174820712786201,0.009163709832029365,0.011505975297750938,-0.004876483913950687
254,-9.532991251441665,0.3301192019590896,-0.4813292134390476,-0.03776640862746824,-0.07192926310487405,0.060540061520802574,-0.029487693463028996,0.2638816288290222,-0.032691621053139254,-0.15351245534602773,-0.2713831566012641,0.07880771145437278,-0.012580764376713148,0.0018722845118647898,0.0031321150028352216,0.034779194177867775,0.01442942083630199,-0.025465903337424267,-0.049630136382526155
255,-9.474860452495609,0.3331712762892538,-0.47733244750173215,0.05176681902044834,-0.06046601412273977,0.11874782331448866,-0.11001886477028257,0.19999999999999973,0.1382135291284901,-0.15288449962509268,0.10924851811948622,0.05865393189897183,-0.0027837519005690947,0.01114593751134967,-0.0036747234361069066,0.02257948663962943,0.03375888092894553,-0.006560971442681889,0.006374111292441696
256,-15.173846834726614,0.3268690579083838,-0.48562618867524643,0.0025371510646824288,0.19500882378843717,-0.061899103629934935,-0.07480499794161394,0.19999999999999996,0.155979099793682,-0.09590109471978082,-0.1956791957091203,-0.018190533352748436,0.022949557185452364,-0.0013440832535316066,-0.012011309954325478,0.022601769680621994,0.026453478922544994,-0.010458887721793516,-0.031328101911486474
257,-4.15066978013132,0.22226123595505617,-0.6531362749474636,-0.09635421185873003,-0.010605636142177665,-0.013886241905564521,-0.03575236113948805,0.6570378881075253,-0.03742922281602636,-0.0268488866228488,-0.035675773674665165,-0.08640977773297412,-0.018039774381808465,-0.010491215221536971,-0.002809986177312142,0.10956945008086431,0.09760454961486528,0.025228996202549193,0.0033282612838331886
258,-4.985804382972027,0.32017070008643045,-0.49461841436865617,-0.13990470911246589,0.14157208818483827,0.11680941877017945,0.15664924558425997,0.19999999999999996,0.08431527062749296,0.01106706233447869,-0.027837135084331645,-0.12184507030195313,0.0053724050856685975,0.03667476535511658,0.05110924112390454,0.06634298773795844,0.055965274428949816,0.03085795595129736,0.00884891270393124
259,-3.740691399450075,0.32372695188706424,-0.489821141905542,0.1452244709391528,-0.035423058363794,-0.05061957117744846,0.10446509649620488,0.20000000000000007,-0.12372257481178875,-0.15116979947913353,0.14189271576718376,0.04748271296529369,0.01811119713272361,-0.004589755870155145,0.015881458252619118,0.05220928805344179,0.016717631277831674,-0.031187912234828988,0.0015740750510251733
260,-2.3808892874305023,0.29759075194468454,-0.526380569234353,-0.10204895280108374,0.028924127818771166,-0.07426746431261241,-0.14995735027709683,0.20000000000000007,0.14641564886368244,0.06098608204488159,0.03354733571913214,0.20385303816273967,-0.016390599461927276,-0.01965518293105852,-0.044165388420798014,0.003612598045925458,0.05465033903823224,0.05070646359931396,0.03674840475990525
261,-11.715006608406611,0.3297140593488908,-0.4818625336956105,0.1268843105060586,-0.16574919057603432,0.1416993521891843,0.0782797981063148,0.19999999999999996,0.09721532339075803,-0.006635033199208928,-0.16717204782364628,0.016364944208794745,-0.012428814146992815,0.009477684800541421,0.02154700553382823,0.0328576026931405,0.024755114618500502,0.0027367216602095946,-0.021920247055120464
262,-13.562633172822565,0.3183700662633247,-0.4970677721774158,0.11955821833763187,-0.19764952049484075,0.08032187094908613,0.06495230539614974,0.19999999999999996,-0.03494717854452382,-0.010840606923392608,0.07616348527661576,-0.21556681407775943,-0.018304007115276494,0.0005364987347283478,0.015572686354850039,0.028121895080526243,0.0038714893143155698,-0.0046156115186801,0.00590341965362538
263,-1.8514994147793402,0.3048563094209162,-0.5159048122269975,-0.1250805051178233,0.12851562891418675,-0.1528547210798014,0.03083225836967114,0.20000000000000007,-0.003458862542699944,0.12153750463167404,0.20883150785583865,-0.02888901148830478,-0.0033643717407682346,-0.014158758634548024,-0.018193904132033346,0.036483524366213056,0.04204579186812399,0.04405374179389391,0.07622893591779277
264,-3.880472503388564,0.3269770959377701,-0.4854826676951223,0.029515988888578162,0.12933386250142387,0.1318122408632323,-0.13223778339266265,0.19999999999999996,0.14163738268912537,0.13089366579620285,0.044372941267173296,0.06019613460160153,0.030856088326930143,0.04649314807957211,0.010426055800691393,0.029270715285495554,0.06139799810417324,0.06281651531306519,0.0480552858913324
265,-8.570109347211108,0.33936545664073753,-0.469332365771437,0.015256180791489828,-0.15542293672963273,-0.08555112233907633,-0.1433430324259303,0.19999999999999996,-0.14840827927656566,-0.05209423511225942,-0.06393018371088621,-0.13599402961415963,-0.022673441145787888,-0.02886520699587819,-0.029322228249163213,0.011370994530374816,-0.008325450350356813,-0.02201665414271779,-0.019679661345442998
266,-0.3575307327362047,0.3006248199366177,-0.5219751664086851,-0.1358389833931963,0.20333657174823874,-0.011478466634910802,0.08662110612323122,0.19999999999999996,-0.04548692122925736,0.07914928374809524,0.19312388925718568,-0.044964777865884646,0.010122705621192602,0.03681627042872585,0.03583649787799533,0.07359924723451848,0.05713035153887882,0.04054655722560935,0.07501745885985622
267,-11.13974590413251,0.33541306539902044,-0.4744200242577136,-0.06771613095904302,-0.08309416314623483,-0.14360343487522656,0.031067357386376844,0.20000000000000018,-0.04604898648191931,-0.1318808329945265,-0.16220886550194707,0.13438022865472574,-0.017466833637859978,-0.024607226903248552,-0.0030136180780085883,0.02790070082039217,0.0047502207118417135,-0.023649119810128214,-0.03002590389064933
268,-9.291238436819434,0.33292819072313456,-0.4776494293637837,-0.09867409234412687,-0.13030336132485035,-0.05176103366373909,-0.12878695688044348,0.19999999999999996,-0.20192391098345996,-0.17817397319532075,0.0063514459269183865,0.004025225681141239,-0.027845758349883214,-0.02151900405339755,-0.022685129393464204,0.013003468226988455,-0.017820635215081485,-0.042697799261572716,-0.017994013528464328
269,-1.1175734943273987,0.29800489772399885,-0.5257765982155992,0.15237853786421623,0.09080350641204295,0.2163836918190501,0.010476236827748004,0.19999999999999996,-0.05218417130155665,-0.17156384392369384,0.0977044807730207,0.00850553107867161,0.059981547939330776,0.08481751028158264,0.07519294736911461,0.07719175694030882,0.053497785561525596,-0.015075605483739771,-0.005614080535638082
270,-0.36437128042199873,0.27043719389225007,-0.56793357903467,0.009143474410634045,-0.06276827836929658,-0.17712243168024372,0.11650682177020118,0.19999999999999996,0.20571085799062028,-0.1830130769636754,-0.003469624073535645,0.04226543474179314,-0.014675314113069375,-0.05381803058391918,-0.023945856246152072,0.05546566085929066,0.09784771279642814,0.03530796811289641,-0.014141992833953548
271,-6.454042764563306,0.341553226735811,-0.4665416074249517,0.12796766081604347,0.12870618674692721,0.18467594147679378,0.024129395227110682,0.19999999999999984,0.15610935167180515,-0.016796859060735896,0.12721793541229678,-0.034396669588287146,0.03925959059051167,0.05075544862256604,0.036375452920138884,0.04799063881631055,0.05709702692640201,0.030762098607857186,0.03140849735937641
272,-12.106061964288877,0.323330812445981,-0.4903529064690913,-0.12416305661268297,0.14257632058659422,-0.04216353440573098,-0.10428896282118923,0.19999999999999996,-0.04669021823194328,-0.026494460937048617,0.15195191181799098,0.1616715345868197,0.01099240779610219,0.0018374875785006483,-0.013800237925246261,0.019132187693386885,0.005434702424873965,-0.004580207979315023,0.019621250708476534
273,-17.82734016559789,0.3439930855661193,-0.46345028687806167,0.1310477142419448,0.04509307860894122,0.1447859194566601,0.1380628182861986,0.19999999999999996,-0.059510396173153166,-0.04452905065565098,-0.08710556032319713,-0.14986546225425407,0.009852191470326106,0.016152210977430033,0.018732673483342066,0.020986060996604876,-0.008036749750227619,-0.014407767431810888,-0.01420570168884604
274,-5.283682323862484,0.3025064822817632,-0.519265314601474,-0.005648232255752628,-0.07937803688177697,0.14262259121707446,-0.06760157743296323,0.40232937689713877,-0.06673387500634838,-0.0725592325061446,0.14258300390070985,0.020544073902091207,-0.012341587994120407,0.011801094769503313,0.010761390275480006,0.06292597875047769,0.044310188963822834,-0.0014425114071435806,0.02062223627884216
275,-14.613383055246029,0.3395365168539326,-0.4691135108818171,-0.12540903827839495,-0.08812068548853287,-0.027843444555678394,0.10069132760242681,0.19999999999999996,-0.14670779114427798,-0.1433039895131004,-0.08547142322431195,-0.08245230019327666,-0.016082207474565065,-0.003977437792620686,0.015755326675771654,0.027825577748770314,-0.013116866687004798,-0.02818523872706458,-0.017082093581534404
276,-12.690509440890029,0.3255365888792855,-0.487400191564801,-0.049543523234043665,-0.06282049472041075,-0.17176886365030022,-0.10858247989393344,0.19999999999999996,-0.1462466649384328,0.12209493265623371,0.09802831402198199,-0.04091472688466347,-0.01280610012691862,-0.02645787165237108,-0.020085041438261134,0.019381875146478576,-0.005736829464072901,0.007758263788089964,0.01772347127691228
277,-14.65683014956449,0.34402009507346587,-0.4634161884615323,-0.18772188004697996,0.06687711637205615,0.029050199487654943,0.13632251073374504,0.19999999999999996,0.036106926040302564,0.14598780727843225,0.1431349953696693,0.05479856467115975,0.0011799866384159421,0.010449434074213546,0.0207347484425606,0.029465653098017994,0.011563980404069208,0.017033046647794224,0.021538014361508755
278,-4.724626000607108,0.3036678910976664,-0.517601126607626,-0.11968514888094081,0.1557512548528963,0.03231684055793686,-0.08191599752548002,0.28542695305155896,0.17581789457623856,0.08221888118253606,-0.009759724595913854,0.057107304776498585,0.009443580071182144,0.022299680741805394,-0.00019905472634031932,0.04379426350692684,0.07379082780529106,0.05625300490606612,0.028187209438983563
279,-3.4921513121807806,0.3028936185537309,-0.5187098764066478,0.07559109425997479,0.06619803606357895,-0.019844225806750826,0.10694365636614499,0.19999999999999996,-0.12047457732001392,-0.19285104911057963,0.044999916247596874,0.17309744482536008,0.025823373436386122,0.014947741012929545,0.026570821315529184,0.05771117190922548,0.020055997305233938,-0.038330161470829995,-0.021467945496829274
280,-12.258290875833358,0.3397165802362432,-0.46888325639936534,-0.019392520368658375,-0.07776591175705415,0.07864099403061052,0.09643732913391045,0.20000000000000007,-0.024930677220700307,0.11224054541948841,-0.18516734166609125,0.20542468040348644,-0.01023074470745535,0.0071310697141252054,0.019823655073367905,0.03105565403686514,0.008597241012740729,0.009776401015247632,-0.01544023220792501
281,-15.483772818390614,0.34589275424949584,-0.4610585354774581,-0.15226414494988044,0.12098606783169859,0.09425392444060675,0.11083057394204572,0.19999999999999973,-0.05442691185001785,0.12431304108649043,0.0609317239584482,0.08199361194081224,0.010424470232959126,0.019360774967885637,0.018285144486696433,0.02471866691029832,-0.0012226920074027215,0.009292785685204306,0.01144114048780881
282,-5.6296993188304985,0.32834557764333044,-0.4836688286775367,0.07660373202427385,-0.10239813327875577,-0.08571464997121467,0.09627873534106063,0.19999999999999996,0.08999659189702494,-0.1602338575531858,-0.052522249998314854,-0.13625204993616952,-0.00783382483733039,-0.023840865718215174,0.004347694169701082,0.04335530788697398,0.04217488926020069,-0.00651092615099547,-0.024436180573173837
283,-17.486927715692552,0.3217282483434169,-0.49251080555413207,-0.04780940703636018,-0.1284988542197598,-0.07524672725855558,0.005861352373754979,0.19999999999999996,0.20215007045191308,-0.014523402972466713,-0.07776702114499431,0.24814316454219534,-0.01683921496011304,-0.010639009142161919,0.004675134842834683,0.028978473450011533,0.02919334733597732,-0.0020267270595727108,-0.013522352939747895
284,-14.436039446649787,0.31999063670411987,-0.4948627294526777,-0.13137871946898483,0.13614203442544495,0.06559369401053125,-0.051430789605915184,0.20000000000000018,-0.08328723693214347,0.18085410097709245,-0.004167545397063019,-0.1471458791828247,0.012193249520672057,0.014732759129090929,-0.002097515491414869,0.01970887602133392,-3.666667250214401e-05,0.016602116984978297,0.0047611787350478295
285,-18.058267748280137,0.35237503601267645,-0.4529948667355073,-0.07418915653609591,-0.06770217611001547,0.08192424804762068,0.09531714693612449,0.19999999999999984,0.13462660624622194,0.12451507384473476,0.09793575327488312,0.12378983900430378,-0.008381487483245232,0.010793199412802577,0.01759643982498243,0.025646330833939385,0.018099508899103642,0.012008335274081221,0.00910479670078311
286,-19.900767404265597,0.3470991789109767,-0.4595464136833957,0.015501600205810541,-0.09041829051467867,0.23007036631223102,-0.13339487475259637,0.19999999999999996,-0.020789140945792022,0.17216703819436063,0.042914753137706416,0.09474393593682436,-0.007168252065967258,0.0222414850231125,-0.006772377059979818,0.014788233556692464,0.0033508760762092347,0.01470644475954292,0.006406269311486189
287,-17.2489313030607,0.3369706136560069,-0.4724079711865494,-0.09391009689262149,0.17570023853655856,-0.16106470050780805,0.07335193715487263,0.19999999999999996,-0.16120249600280623,0.0679763797389916,0.002790878983662825,-0.06400327218267866,0.016109630288758493,-0.011275610821759607,0.003970281879886028,0.024901153815279214,-0.01302734563099067,-0.0010112740675873937,0.002196193228402796
288,-8.554112031770488,0.32428514837222705,-0.4890729407124268,0.040256019964545864,0.18503603415400321,-0.0343646602106616,-0.11956654334268017,0.20000000000000018,0.027624044973738354,0.11832754535374918,-0.09428328763909102,-0.1805418643615305,0.030723995607195482,0.011548721654507318,-0.014619814623818804,0.019987294694128622,0.023859247519318512,0.02283355580827964,-0.0029837189193032696
289,-7.863512229274614,0.3439930855661193,-0.46345028687806167,0.2964997809335703,-0.06673702367950621,0.17377396183816904,-0.017409474399207925,0.24152220235275923,-0.008443247144676412,-0.09078425964106307,0.009230234321267105,-0.09559981568978074,0.022776476518618534,0.02624804787246685,0.020290344585201285,0.0410292758838123,0.026021290793559845,-0.006242230362158608,-0.0038924783798937996
290,-15.138230676165684,0.33629537597234227,-0.47327910414983676,-0.02660024095620559,-0.14175432582299094,0.065571877761396,-0.02677501326906357,0.19999999999999996,-0.14992881894381033,0.12552173708440623,0.1171004734565457,0.14674751270558162,-0.01733209794779358,0.0028832332153495787,0.003971887117157013,0.02168010175445727,-0.009388194700427897,0.007954109774296364,0.0210421351942925
291,-12.303426023566503,0.32774236531259004,-0.4844674163159321,-0.020242354533455766,-0.040304144306977915,-0.13714634172865023,-0.06180284498975497,0.19999999999999996,0.10229447803400116,0.15477166935895637,-0.10898743207545113,0.1744507349727525,-0.008032876879927129,-0.02075809223993959,-0.013039779511913815,0.024466560132527314,0.026897794033423638,0.023398831773399187,-0.005110120705642739
292,-4.614644016263172,0.3055045375972342,-0.5149823348852404,0.0986679562654895,0.029157194152502005,0.1591808276139346,0.15683314638123594,0.19999999999999996,-0.1519758300768309,-0.04352848928215436,-0.07086172483344928,0.08979483139440345,0.02294404766909997,0.04036182908613194,0.0598203957390056,0.0690913621450754,0.018752246326173363,-0.012959610704662646,-0.014357968236926014
293,-1.3488161722124268,0.3115276577355229,-0.506503390196777,-0.26417520530981936,-0.015310313026639315,0.08825912524826164,0.05218819153062232,0.19999999999999996,-0.12993608372692905,-0.10410434296870016,0.003328782220190065,-0.14269795596883814,-0.06391923392836496,-0.010383083111703705,0.02008738612552416,0.05261461228469063,0.02040463993044047,-0.031860397764788266,-0.029171663927473127
294,-3.44452870165712,0.29448465859982714,-0.5309373251858287,0.03216761802028958,-0.08533029372084892,-0.12001020416426048,0.12928308450847528,0.20000000000000007,0.144213584684584,-0.12973517000852466,0.09857215278081848,0.06068789211219859,-0.01194984436323596,-0.03391134075150205,0.0008195295176640209,0.05279534149603057,0.06496800426729538,0.01758208582466081,0.012914042903633838
295,-15.332459810181906,0.3342426534140017,-0.4759381296660492,0.08282191530008028,-0.2035183277788718,0.013330360225117133,0.15506821729290268,0.28377596252006376,0.009832267441780118,-0.011652208851160127,-0.23021896581684864,0.009781774773175477,-0.021411006650922104,-0.005075132789581803,0.025080692283732758,0.04124560770453143,0.008743024147415413,-0.009961223470164787,-0.030908228457549678
296,-9.993986448208535,0.31995462402765773,-0.4949116089667308,-0.14413200735677525,-0.00878045683888146,-0.0413284705345793,-0.08898271054929434,0.19999999999999984,0.01086150029975803,-0.11825960794454238,-0.19275583693397072,0.19489940954219862,-0.012927537744647031,-0.008816096408775193,-0.013768490264890604,0.020053490554870962,0.013720141992812757,-0.017694877149763852,-0.0343145645911715
297,-11.988536506690044,0.3357731921636416,-0.4739539805033695,-0.10130114637211621,-0.09153702122288149,0.1225756355554428,-0.1461706018750827,0.19999999999999996,-0.13426944625459297,-0.11966403459039454,-0.07752648898410942,-0.006955625145379911,-0.016468631356153125,0.009188147306792929,-0.009138181218528425,0.01561215309390568,-0.007861278672151025,-0.025109932069813923,-0.01779734336517784
298,-6.899486464679164,0.3196305099394987,-0.49535177233066247,0.05519190101962358,-0.0938347131735139,-0.03699960301304001,0.05546690529437694,0.19999999999999984,0.07539736439116497,0.16670134646230286,0.15550460826127444,-0.16090355838470338,-0.008871506401146477,-0.014310369608826508,0.00511020432382869,0.037298520317030626,0.0382376800899257,0.043428057672584695,0.047469241277216474
299,-8.158707333733178,0.3345847738403918,-0.47549382663590417,-0.01088678334352686,-0.16333137135842046,0.05900757400976825,-0.1788888169613721,0.19999999999999996,0.027289218756278273,0.024698725723535903,-0.18043647674382768,-0.15546103310327056,-0.02485306951711659,-0.009922283449374562,-0.021960926120901125,0.012089666601183557,0.019490155569297514,0.00550097115585575,-0.026228730667863305
300,-9.411703915091588,0.3390593488908096,-0.46972427631067193,-0.14914689596180608,0.013696497826279155,0.15105766975514903,-0.03586688813879317,0.19999999999999996,0.058058609467680086,0.14287179218865315,-0.09934045044503947,0.14996119621659992,-0.008591175297787433,0.020538134508863277,0.009467577748240967,0.027284645182736184,0.026453132480232986,0.026722302331150583,0.0016629586108942052
301,-3.969908724780023,0.33336034284067995,-0.47708606590529334,-0.02333886838697588,0.09129232107277419,0.13155570913777384,-0.13022673799266132,0.20000000000000007,-0.21134285004461398,0.11522735346725377,-0.038935559877564335,-0.05808060002038267,0.014662394463329393,0.03625497022058853,0.006348290815003717,0.021967013449796405,-0.005543846311206676,-0.003029093592291596,0.004962960510155581
302,-6.657847089091881,0.3306503889369058,-0.4806309621084869,-0.11583977878900584,0.1341853611235085,0.14575777210024968,0.12338247422529311,0.19999999999999973,0.003579539097063021,0.035418559409128865,0.118643390990176,0.1231931242655751,0.009552198312249582,0.037399467896867135,0.042708586306518664,0.052691009744678635,0.03223904062124528,0.0189836564740721,0.03173384568173387
303,-10.354600374849031,0.3320098674733506,-0.47884900868890323,0.12501491728266242,-0.1916902138018177,-0.005354303366516671,0.08358718458612643,0.19999999999999996,0.16710863185111902,0.032593626722542283,-0.11794934149749677,-0.07670178089171872,-0.017333640767213016,-0.013037619459907187,0.01284509545789324,0.03605457231004698,0.03853518450937899,0.016189589546474138,-0.013128768499697803
304,-17.863605651107758,0.3330812445980985,-0.47744982121718493,-0.1276633539821649,-0.002338557614272598,0.12848610020672258,-0.09328321939336229,0.19999999999999984,-0.15468889056509397,-0.10073027919458856,-0.038656401239879436,-0.15415319780391581,-0.0016755862593568328,0.016605502115139854,-0.003814776560147757,0.016411737787064572,-0.01375056629703167,-0.019462397114275037,-0.007225382485275205
305,-1.5108078536393776,0.29716760299625467,-0.526998538810759,-0.13454230021586655,0.07235442527510635,-0.12236713095313065,-0.0788651384997551,0.19999999999999996,0.13617121327431064,-0.06426128403907605,0.0814545161432615,0.10998399159949312,-0.0175723649109474,-0.023457550925038255,-0.04120647202721932,0.013802951552051966,0.05917931965407153,0.0305769626230991,0.021193099957105607
306,-3.7810052200141655,0.30742221261884184,-0.5122647559993493,-0.17829804130441654,0.07067121594921785,0.056239164388608924,-0.10343236110799624,0.20000000000000007,0.1710783383025824,0.15577407719033426,0.02689343988287653,0.037613361873967195,-0.017052948309224783,0.009760713002382198,-0.007575295370234488,0.023672251740665885,0.06234954257373315,0.06893584260222206,0.04783861303070672
307,-8.207995126057185,0.3344497263036589,-0.47566915511532243,-0.0687848274233457,-0.06620403291993572,-0.08662397156785742,0.10256195712912042,0.19999999999999996,0.004916656134774173,-0.15447721336120301,-0.18507368017586148,-0.13135766128790208,-0.017839689198178563,-0.019603485228177307,0.007362953095249814,0.03704904299735372,0.018472150478250942,-0.021705396074691585,-0.04318960282576296
308,-4.671169472330892,0.31832505041774706,-0.4971291834647116,0.109481495225873,0.14354293393566775,-0.10732546524486249,0.02111889912733979,0.19999999999999996,-0.05550539430514042,-0.10263454829134988,-0.14719304763342977,0.11319821623633688,0.04085759860916278,0.009590747748281758,0.0005373204539679608,0.03786413406359663,0.022375232971740093,-0.016229676471941335,-0.03669476244647011
309,-9.353854142314415,0.33622335061941805,-0.47337212821657243,0.1162033681171751,-0.15828687755218934,0.12324060218474966,0.0537133957016541,0.19999999999999996,0.0752371439175321,-0.0006695211158099862,0.11503463737844458,-0.15761445403244514,-0.011260529861104766,0.006455098712438812,0.01941790776836535,0.035616648502787555,0.028820736363454464,0.010844113766420523,0.017585868827779
310,-14.566794852182582,0.3368625756266206,-0.47254723509087027,0.07466448458025822,-0.07858434489326128,-0.04830937348371316,0.1941243325496535,0.19999999999999996,-0.1159580356451439,-0.11962010222921197,0.03859965094880807,0.1301396756699499,-0.007218361479796941,-0.007756100514530367,0.024764962180999096,0.03209171647327704,-0.009776291677173332,-0.023016878148443637,0.00148393742219508
311,-2.7073102987314854,0.2995894554883319,-0.5234734763658315,0.047500513956869654,-0.15849258433142296,-0.15962992136325854,0.0803740578480329,0.19999999999999996,0.11092823857578518,0.0050579331057533225,0.11081459530125033,-0.1272021555176271,-0.024075325042544584,-0.057842022025086086,-0.023501617519160224,0.03925760356882312,0.05854784342089088,0.03711643784368187,0.03492876199117559
312,-14.892825344012868,0.33059636992221264,-0.4807019194621131,-0.21425420505298756,0.03165753076434523,0.05843181139198741,-0.019538350546377786,0.19999999999999984,-0.06690579954533761,0.03500037579161456,0.11274541132392141,0.2614665155834286,-0.003549253708766817,0.01125110808092965,0.0034932734819642236,0.02187147465747822,-0.0006564418333425868,5.6443499793555664e-05,0.01724138105885271
313,-14.277390746290164,0.33143366464995677,-0.4796033811636038,0.10495953722158557,-0.1838147357956239,-0.040340252372898094,0.04309047354939614,0.19999999999999996,0.128003932179443,-0.052824254355714334,0.08090320109951293,-0.16606361342582607,-0.01878417486224757,-0.013424116257162562,0.007608653737039143,0.029784063346249105,0.02347867621610415,-0.003232905733525737,0.002700072947742678
314,-18.01683844684334,0.3315957216940363,-0.4793910814289362,0.15406394331317622,0.16041231999403127,-0.1527404754957979,0.04356196087756046,0.20000000000000018,0.19092803576324405,0.06488093065639215,0.019793570704033057,0.013618763195764855,0.019981028720919947,-0.017100951121624856,-0.001879023571451653,0.02712800452534626,0.027298829748327962,0.006930732782682026,-0.003262368287568027
315,-13.502453562649336,0.33180279458369344,-0.4791199604841529,0.047512151000309935,0.17554683573685473,-0.0570946753705613,-0.136252591628888,0.19999999999999996,0.06283254272191517,0.09620132561358183,-0.1188783361987011,0.10568154172918796,0.023663101384460247,-0.0010224433987466505,-0.019329519105186228,0.019176460097490435,0.020307197024476448,0.012963854336159682,-0.010654330037261779
316,-11.968150448234082,0.32253853356381446,-0.4914183929219359,-0.09993785434454289,0.11243822567669148,-0.0008258407069657855,-0.15468107380051838,0.20000000000000007,0.1438175368121891,0.14451056331387588,0.07159366868344398,-0.07219523666177247,0.008906491816604821,0.004895286791865443,-0.017993333599440962,0.018503130996066493,0.03275800374476492,0.02828834913450074,0.015857433083773742
317,-0.5252528316357257,0.29656439066551427,-0.5278809971575824,-0.11362858345474895,-0.08324134834548055,0.1500717330074174,-0.08703300817034915,0.19999999999999996,0.0324502752135381,-0.1327316771450352,0.07289627143329579,0.1279471032301348,-0.04572270486945504,-0.0022630853968548838,0.00657290731334631,0.031275760488963265,0.049841936218948744,-0.0012992950661830462,-0.002969588294261764
318,-16.61621458406502,0.3333873523480265,-0.47705087994187534,-0.06120614279318202,-0.07896544637026251,0.09108168600027965,-0.1825824484110381,0.19999999999999984,0.1326993659549546,0.11765159329710036,0.08668063934970416,-0.049132677823478715,-0.009924179949056363,0.007569104237439914,-0.014201543168521598,0.01898755122726229,0.02549171190070456,0.016252569982590708,0.008410131228621135
319,-13.510009899939263,0.30567559781042924,-0.5147392297700714,0.07988917970248609,-0.02487158663066288,0.06400377385635451,-0.15101803048072784,0.20000000000000007,0.17171116610869916,-0.1261779932641418,0.046264909588426384,-0.13606336036850128,0.001396193204888172,0.004328934539240955,-0.013789215469322148,0.01973845300765412,0.030740912371932428,-0.008241057219395298,-0.004232553163595736
320,-5.6110830812118895,0.3302182368193604,-0.4811989458178941,-0.13925533360616116,0.1535627304737545,-0.11259202825261168,0.06614521364223379,0.19999999999999996,0.06090281935049699,-0.09907705758837902,-0.009513359312530565,-0.1589514577738324,0.00506765560149673,-0.0028803620751176894,0.0020252089458455136,0.039886278520417894,0.03748537607670245,0.0008044581652639499,-0.010755289590856807
321,-2.1920401314655393,0.31509291270527223,-0.5015613651776589,-0.11542497342195196,0.14894773301861222,0.1492686413328615,-0.08223747721516003,0.19999999999999996,0.07418827849725135,-0.0165199697921163,0.18393875886066874,0.02947416786137791,0.008089315493369517,0.05060319481266726,0.025945567352698626,0.04055894016676861,0.05820736122364558,0.034616158950872514,0.05095666700326083
322,-0.02967906731483083,0.2935933448573898,-0.532253793185361,-0.15048346707609506,0.10035135101850474,0.14006903923879843,0.08525908313960659,0.20000000000000007,0.15317107580233394,0.04235924920486642,0.006816380363799378,0.12149035415599545,-0.015701169181110704,0.04312383959388517,0.0648604812645653,0.09055597720306122,0.11033867536242109,0.0877278962543052,0.053467674940442335
323,-12.68154985178106,0.34261560069144337,-0.46519286571390606,0.08582231733019834,-0.022606094427239546,-0.0762020027094384,0.17328832240085218,0.20000000000000007,0.1629870494330004,0.012967666998380006,0.14512706670545003,0.120999479995441,0.0007553912527243297,-0.00936915802486278,0.020564178610489488,0.0376335903755371,0.03126544078652922,0.010290160874571902,0.019424374703606664
324,-7.850599908345853,0.33673653125900316,-0.4727097661079413,-0.04658620588395163,-0.15359447938497583,-0.08125567321431348,-0.15389949079461285,0.19999999999999996,0.0679277349474506,0.15493298671684674,0.04092746142663717,0.1008759676312117,-0.02923802306946994,-0.031332639001448406,-0.033274811046644134,0.011330118657130236,0.02661565044603859,0.031618892950162764,0.024009074531573575
325,-2.7788190721713875,0.319396427542495,-0.49566994576565737,-0.06191387442157233,-0.15754473234318656,0.2506682371658552,0.012178040607125616,0.19999999999999984,-0.03497356225579739,-0.02505277074912775,-0.2287293181775856,-0.02893946427974972,-0.03921934392347795,0.013381138051377427,0.040032423642254095,0.05276729866338963,0.03775805230189962,0.0031851556712139506,-0.04254599366493735
326,-3.9781487594268548,0.31101447709593777,-0.5072193949714056,0.13188845221202464,0.017373081252207562,0.03660626457867094,-0.16678483437620023,0.19999999999999984,0.17965787426356733,-0.009063454590946948,0.09686973021359269,0.16175630851278974,0.02615471252841671,0.015481849346475899,-0.01614938413872957,0.016500815565497734,0.060083511550247,0.03998509260438973,0.034648462554033
327,-12.877766886763492,0.33927542494958224,-0.46944759686922444,0.060014469538512485,-0.10537090065381999,0.08932949431420686,0.12056671095877625,0.19999999999999996,0.11366861979601363,0.10466850786917965,-0.08749267782488174,-0.11888861904460944,-0.009279657020928108,0.007093104419440835,0.022960357568059746,0.03310808612020213,0.024981306988566935,0.01628345788538356,-0.008434005741383163
328,-11.837972621922722,0.339203399596658,-0.46953980376594096,0.11859583722726724,0.10149804602495936,0.19123172501868557,0.024321556950032637,0.19999999999999984,-0.048118764157184614,-0.07248650882304737,0.20386077741652184,0.03988678438230147,0.022882853393789628,0.031416731868087425,0.016784160148556014,0.027094996463473058,0.005197279016936209,-0.009071972895678477,0.024351866481305925
329,-13.281833181618696,0.3182980409104005,-0.4971660344057672,-0.23860417015398477,0.07109282083869278,-0.034477822802082767,-0.16191675270487466,0.19999999999999996,0.1815844058793287,-0.000569051799891669,-0.11091477008832912,0.000840205732815548,-0.0029819930842781995,-0.0008173196291653073,-0.019189197843770333,0.019378460534455105,0.033667018396556794,0.006197542402767431,-0.01733939095108387
330,-17.057161309409928,0.35720973782771537,-0.4470767104016383,0.11913989111783939,0.14255639907500928,0.06067484208803102,-0.031321764932166006,0.19999999999999996,0.02079062818466031,0.19297518336060254,-0.05826695715610036,0.17427433408559112,0.020436950072547845,0.007890682908449164,-0.004142722986324294,0.01942461764539829,0.00954502916044935,0.018262561978199993,-0.00215696971739551
331,-4.875488875890067,0.31279710458081245,-0.504737275658212,-0.09540853164476067,0.05928264652951705,0.1148558057443432,0.1034588765649303,0.19999999999999996,-0.12384902373025995,-0.13036007292135135,0.12483910880261934,0.04794593406221817,-0.0024526132785754966,0.025606168240269345,0.038903908168766155,0.05461761496624353,0.014830220418434492,-0.024804171731092384,0.004696707946994954
332,-4.486551138914248,0.3334503745318352,-0.47696879044500434,0.1152935210848699,-0.011341042069134501,0.20159977240989696,-0.03725461024889714,0.19999999999999996,-0.1929987566181181,0.019282649982412234,0.05398582857175702,-0.16824381901491414,0.019228503060063504,0.040031350547873705,0.03091019632219447,0.040069556481399676,0.0028566846039241372,-0.011575890211703075,0.008470972909517135
333,-17.89774417834449,0.3292368913857678,-0.48249150751928027,-0.11978987461689625,0.16507620572491374,-0.1168215181239362,-0.11253463651496176,0.19999999999999996,-0.1515486233914896,0.007139959964523204,-0.08525282441101811,-0.041836357252261154,0.014858370485317735,-0.008128149171658048,-0.015611873632954524,0.019685645949488087,-0.009139475761335784,-0.0065553742843079575,-0.00875716932925092
334,-2.492786060526335,0.3118337654854509,-0.5060768610199781,0.046981644975373514,0.02692782300104877,-0.15835631824967356,-0.106156993508366,0.19999999999999984,-0.058216745239395025,-0.1575336594459717,0.14205569987357414,-0.10377111570659747,0.012513513536152591,-0.023777804267238183,-0.046268571643981474,0.006577635920182438,0.013226822683724125,-0.03202535388458545,-0.007062407793293693
335,-19.4657073060612,0.3460278017862288,-0.4608890061861808,-0.14644582831482605,-0.12474383041372793,-0.05756480238607139,0.1761757765818885,0.19999999999999996,0.06328854904830043,-0.04385651723823358,-0.16047690325993258,0.027447792757019567,-0.016969999395230244,-0.002452998114200552,0.02654544717261709,0.029943469676847547,0.006540678944362615,-0.013262336722070611,-0.023670645011427995
336,-7.4425389108792235,0.3213951310861423,-0.4929607067837449,-0.010823637345071127,-0.17045932881911946,0.09464602460809222,-0.1461462327780271,0.19999999999999996,0.22336176918735298,-0.08747320305998384,0.024525497287854116,-0.04256430691449915,-0.026287591799595205,-0.006140993908857012,-0.01431971083969969,0.018171247098854062,0.0506191978063868,0.013885689825989218,0.00045609356576696
337,-14.45924280383679,0.3166414577931432,-0.4994322236743754,0.03023096905378282,0.29280439063134955,0.020788170425282183,0.0733146642190834,0.38511258634529977,0.008398504510411709,-0.16595529300062697,0.0022093376121080865,0.021186084202055498,0.03749482098992184,0.014918392255177586,0.010361431644095934,0.04798639401009591,0.013498327877814735,-0.025095502227107276,-0.008670573752577881
338,-16.318865579136663,0.342966724286949,-0.4647480145333222,0.10973371573865828,0.08413825971761149,-0.12135936979473007,0.12252490799166911,0.19999999999999996,-0.05170558675265675,0.0756942895809702,0.11587187777609392,0.11897199264761014,0.011804303590288561,-0.012479700950744336,0.0104037717391713,0.027918567806349145,-0.00043568456807999644,0.003941631265435433,0.016120244367459523
339,-7.8726989934395615,0.31857713915298186,-0.49678539205004124,-0.06522082551853554,0.05888892577494417,0.1471141760208478,-0.14570833981133424,0.19999999999999996,0.030478702122568375,-0.147833257655327,-0.14399847775646393,0.060757295339978964,0.004178698124992234,0.024999127826084513,-0.003731590437243253,0.019209330041156086,0.02156713124706177,-0.01664787160010716,-0.03351298340850237
340,-11.077316270154302,0.3168035148372227,-0.4992100086925735,-0.2262190991250399,0.03865278606110749,0.04132399759545367,-0.12308561736068797,0.19999999999999996,-0.13343029877228213,-0.10070548701980553,0.02346814361690496,0.11311457044871831,-0.009372258672382951,0.006153217020746424,-0.01142765463230034,0.016361939744124754,-0.0070910494468325235,-0.02225406901890605,-0.0033298636615060467
341,-14.666109586784167,0.3372046960530107,-0.47210638583938325,0.042165636927517104,-0.142493367855212,0.1385587210607118,-0.08768099540956122,0.19999999999999996,0.0716527301939993,0.025263577506380037,-0.11812867211726433,-0.1740562989293543,-0.014113344238782188,0.009738006045281432,-0.0012437537642075573,0.02099946492096506,0.01720499041601265,0.0021034779922056257,-0.01787656852250192
342,-7.95205259850465,0.33230697205416304,-0.4784605467956608,0.12538992678235952,-0.08979966607462989,-0.1524545814247714,0.08558096931524761,0.19999999999999996,-0.12826012009360846,0.016491541035888926,-0.1460618478767053,0.05596134739678905,-0.0028027045958851442,-0.028300724416043616,-0.0006188241434156767,0.0341084432796623,0.001681235348842467,-0.008569795450734717,-0.020714888937116323
343,-0.37047473497433003,0.2604076634975511,-0.5843462391294781,-0.08512843818697276,-0.102328638369567,0.043946030582186366,0.02155650422999357,0.19999999999999996,0.1766018632273032,-0.17285409810651414,0.03893438463763653,0.1586500426598265,-0.044956006426097525,-0.02666062174254682,0.0027885498224621856,0.050072206507973165,0.08935456824082044,0.030136231732931517,-0.0028954831042827898
344,-10.956409456721252,0.3263738836070297,-0.4862846007121194,-0.10127968088908199,0.04812966923048155,-0.10683043789412865,-0.20301923976093417,0.19999999999999996,0.022283461455108913,-0.013132962419962426,-0.192178956883562,-0.11314559146674032,-0.001689585649738796,-0.01403709513776581,-0.03227439022739652,0.012924845155948248,0.015465123396991267,-0.0028450273721824402,-0.029739161044210122
345,-5.806564487180664,0.30590968020743303,-0.5144067799811451,-0.01716424775730443,0.1412078518901676,-0.025538607231126834,0.14746873978328212,0.19999999999999973,0.13220229218782661,-0.11477834359059881,-0.15140607450841326,0.0702338430512805,0.02093878595565933,0.016121426914536593,0.0294473819434434,0.05663809373208494,0.054909054613919095,0.009235703277203512,-0.02714740750665136
346,-16.74331251060311,0.3464329443964275,-0.4603808150113306,0.02565125740926731,0.12867553765009074,0.15687105163966544,0.03871712315851333,0.19999999999999996,-0.06507061844653916,-0.14847218668529638,-0.08182940020250186,-0.15471282480812593,0.017606513910816805,0.021851115190411878,0.008267258775388486,0.018969098973823748,-0.006645232162571841,-0.025028395057038477,-0.01634958591999549
347,-15.719011053131506,0.3302812590031691,-0.48111606858052514,0.14059135697488614,-0.06951944954942363,-0.10495229594268063,-0.1108091474014795,0.19999999999999996,0.08168877118102089,0.1379591660128154,0.14525106516610195,-0.009228747771591814,-0.0048768834601528735,-0.01858572972392877,-0.014449074772187811,0.02348952062948825,0.021195388037003028,0.018642962581606318,0.018731112032924168
348,-3.3030333763268196,0.3395635263612792,-0.4690789649261131,0.05976790455340369,0.14200282699506941,-0.13425382048570178,-0.06728114069361416,0.20000000000000007,-0.05650310491464774,-0.12831567892326268,0.08517580675029686,0.12669971668400362,0.0360364114794371,0.00395938950275835,-0.022419680962612674,0.021681538154770984,0.019150908624361564,-0.02153430660880795,-0.004126926239887221
349,-19.451837920698562,0.31253601267646214,-0.5050999328621526,0.011983212493031144,0.09337323180781541,-0.1682985923439141,0.1492182859884828,0.19999999999999996,-0.13085859416192724,-0.021837347687282085,-0.0651914593716063,-0.1592392761459409,0.008709838807543002,-0.015881750821676168,0.01346457075170963,0.026469105271083666,-0.013634206350572574,-0.01233342961036308,-0.009307921384939789
350,-10.189160262548324,0.33706964851627774,-0.4722803518259416,-0.11299134070721892,0.08582940846493102,-0.15519797263746352,0.06917052144988985,0.20000000000000018,0.1282309880523067,0.028094734790260225,-0.03884214433562859,-0.1816428895623011,0.001473872210615368,-0.01503076630657683,0.0007021210135004571,0.03322763284368333,0.0331141812413339,0.013977959240088487,-0.004719897556158312
351,-17.501885600786345,0.34245354364736386,-0.46539833543004105,0.03927319679941079,-0.11994021313822201,0.09493656937363314,-0.18881936438404331,0.19999999999999996,0.06612636883963391,0.16086591497635322,0.04111649802142156,0.0889218744672821,-0.011769469091886461,0.004977369693799177,-0.01489205976839063,0.018457226133783117,0.017841720242005896,0.01812041675852435,0.0063393859582354375
352,-10.718670056008566,0.3251584557764333,-0.4879049476401036,0.03743859279694186,0.12311048453004775,0.03338081986361459,-0.18720367176448655,0.19999999999999996,-0.08009040500238296,0.019797050772604144,-0.1870107819582873,-0.13196819331163495,0.01987560291327469,0.01101369192693089,-0.020205322480389462,0.01366567745893388,0.003346467758865154,-0.0038261768894888777,-0.02594249812022617
353,-7.7108054494671325,0.32549157303370785,-0.4874602508203217,0.08968610325199236,0.14707731093024948,-0.09392985327704573,0.09965527622444681,0.19999999999999996,0.04141777236895679,-0.12259203553241572,-0.10905851068660079,-0.0965831377282924,0.030738556478421896,0.0046466193822448255,0.012677807005516932,0.042001156654423805,0.029403945690818997,-0.00880261542589881,-0.025864701379660675
354,-10.346478774808851,0.3376008354940939,-0.4715964872536525,-0.04844957851495186,-0.19857734686128056,0.06742114123066327,0.03470637407951006,0.19999999999999996,0.10155222261390599,0.18173730985429334,-0.005527946897906771,0.16202807994748816,-0.030181614518865436,-0.005171615355908515,0.01098052524843192,0.03121951317114344,0.030275869100531035,0.0330053555651468,0.01548654373907009
355,-16.796493926171078,0.33874423797176606,-0.4701280833894182,-0.174117542701763,0.18777559492068618,0.05944038753081577,0.029821295428394415,0.19999999999999996,0.04918526611285373,0.07213970942493039,-0.20051228370254892,-0.027007920178007704,0.01786665458375074,0.016095024378083907,0.005496840222619011,0.021857279787493966,0.010288549934420972,0.002807388870439008,-0.02524619593888526
356,-8.787906488066007,0.32548256986459234,-0.4874722636681726,0.12515004659744985,0.050084788597880764,-0.1249788991862371,-0.08989827874163672,0.19999999999999996,0.048852184596030246,0.08971274609157716,0.12187762328686819,-0.14944543290231999,0.017165513068801833,-0.012819123888417591,-0.020175978481909072,0.02108010895049363,0.025487980592735004,0.02178690033257692,0.02574226687627791
357,-3.838118701531876,0.32721117833477387,-0.4851718681847483,-0.05469650580365588,-0.1478523262043778,0.09994195097404329,0.06900651845835529,0.19999999999999996,-0.20119473131907947,-0.05846062606141575,0.08431729906803215,0.08453004211104037,-0.03522680179456036,-0.009585783493303378,0.021706586813333702,0.04635652592387972,0.00016405429142886995,-0.030313346247145642,0.0011941681148210123
358,-8.864393500618561,0.3307854364736387,-0.48045361942894177,0.06232585188716056,-0.08421219301105631,-0.03175048441990397,0.11583765382904043,0.19999999999999996,0.12948664207354602,0.1266611817111671,-0.1087253633427897,-0.141000629725336,-0.007039981018693614,-0.009726072038054657,0.0157966470336363,0.040713952493977246,0.040036243636699,0.032276368067403735,-0.002132966772404292
359,-17.81322080606296,0.33101951887064246,-0.48014639689533,-0.0943464071514177,-0.17384489818550963,-0.02265691340100352,-0.1237857211232697,0.19999999999999996,0.1027895230849791,-0.1186525133682024,-0.1434281275595045,0.020495896126113484,-0.022354185887703607,-0.005787563772643708,-0.0071370675570183876,0.024307374934147735,0.018760162448632323,-0.01594895334293648,-0.02354029657178137
360,-3.478794234089115,0.3257526649380582,-0.4871120226970073,-0.08950724760809702,-0.07257866340878312,0.1615648500275883,-0.13381268734162244,0.19999999999999984,-0.05715766730698003,-0.02879746980236007,-0.1635928790487668,-0.09298853545580239,-0.027442563841796906,0.00917238121553114,-0.0011215368772030296,0.019106911795574753,0.01807915499866619,-0.007828683850739232,-0.036329728439898644
361,-19.56308748488503,0.3136884183232498,-0.5035015155743501,-0.1665503418223928,0.03513150923498747,-0.128104142005976,-0.03519904659416591,0.19999999999999996,-0.16571863960198535,0.002498422690227638,0.14835396544214735,0.11844393260811742,-0.00021868829771147776,-0.009546922990221944,-0.0022237116405208,0.023584682627962657,-0.012380107202868649,-0.005047601995270473,0.019744561597485246
362,-9.281887788978636,0.334485738980121,-0.4756223939328381,-0.06432709935350671,0.16144648501954845,-0.034611381804251974,0.08166808104500538,0.19999999999999984,-0.10291755204994321,-0.138119037780253,-0.09036794029455607,-0.12654242265293533,0.0172838345114505,0.009029480993736811,0.013029239549589618,0.03447954825231408,0.0020216665170049745,-0.026163322186967864,-0.02579259393697925
363,-1.5281981110818563,0.331982857966004,-0.4788843406422714,-0.12403678901535799,0.15020520728351117,0.04395134760569782,-0.1833682639059521,0.19999999999999984,0.011270613657653635,-0.09986377366635463,-0.04509992374289585,0.142204081122577,0.0039007717598482958,0.028875183791943176,-0.016938267065877314,0.008096203535020635,0.03278845499703822,-0.005793578440370977,-0.02326595970376029
364,-13.311907271573226,0.33054235090751943,-0.4807728884110256,-0.017726671640044628,-0.055745678963997326,0.17001358278500053,0.121010029065913,0.19999999999999996,0.07077959942020433,-0.15012975436780462,0.19550431662825474,0.019090367128780844,-0.005831492587996514,0.020458309171095264,0.026530128255174312,0.030810544080903824,0.014826849580152122,-0.015570294785948185,0.016527862275627282
365,-18.07491565767337,0.3165424229328724,-0.49956807771296236,-0.06861173377625221,0.11519375494717855,-0.22859981994679607,0.020616946400932295,0.19999999999999996,-0.042821301846182276,0.26372766184214763,0.008845016297163524,0.05158376494334748,0.009033928986418558,-0.021684876097985674,-0.002191025895270468,0.027075379041473457,0.004597592640778031,0.024936436579341217,0.00573673405882659
366,-10.222559390818809,0.3445152693748199,-0.4627915248208898,-0.05428842869263416,0.008701472617766558,0.19759999097538053,-0.03811434265557038,0.19999999999999996,-0.13981802833833565,0.12131545244451591,0.11243557211131129,0.12772671216448553,-0.00035282574194229083,0.027290216266473617,0.012005987242095062,0.024330005648716936,-0.0027768107840191666,0.009959718603044156,0.026745339512904618
367,-6.9493690654002265,0.3264729184673005,-0.4861528384256996,0.2403410621735636,0.17511892045707,0.006085410608510088,-0.04930339380652051,0.20000000000000018,-0.058186255727586476,0.019410293098546107,-0.2301966872661625,0.02135797686204063,0.05575762540504065,0.0281120289103783,0.004676864734968344,0.030835947679482865,0.017486204026415566,0.0022217122389634864,-0.030267102049672083
368,-15.38012465659838,0.3291288533563814,-0.48263404324746506,-0.1379651908008576,0.2338951718928723,-0.0031264701799572467,0.09054322692326425,0.19999999999999984,0.06451101893339287,-0.07223534487268125,0.04255402518801577,0.15516955120895884,0.02330519392108994,0.011160248984854229,0.010550404630328365,0.026139702099089574,0.012008806690966272,-0.009865902979773104,0.001422222902647016
369,-11.522230361279982,0.3415712330740421,-0.4665187124657022,-0.09784897308680651,-0.13027856792887096,-0.0698443256542621,0.02924010354701553,0.19999999999999984,0.05362708423060259,0.14397421963172574,0.10529154167253751,-0.16989518424817915,-0.02434155160544949,-0.01705618008482515,0.0021142749073342045,0.028948170244342236,0.020661515036331745,0.02268636565860462,0.0198677078212415
370,-16.2929233822711,0.3358362143474503,-0.4738724742395185,-0.15562231349983677,0.199195741292649,0.0169722378935971,-0.15097648307533063,0.19999999999999996,-0.08096975880390388,0.0348172261228259,-0.024176479257933536,0.13726976005392338,0.019041611774065638,0.00922827760598231,-0.017191334479282085,0.016045270131035693,-0.0008929485801048901,-0.0008855278776296412,-0.0005258777166005683
371,-4.625896248529051,0.3303712906943244,-0.4809976999556705,-0.16466797986812795,0.021983589091165618,-0.1255677052338572,0.17982232258763098,0.19999999999999996,-0.04616954440223927,-0.08677812307189253,-0.10887629695266196,-0.0661344387924245,-0.023642562395611518,-0.02514818531580833,0.011691110114881673,0.053538964511415495,0.026136075237232284,-0.012009151136851226,-0.030745631342405655
372,-10.905605994750665,0.32067487755690005,-0.493935062415738,-0.08412815393739782,0.1298878651454252,-0.16639942440467298,0.0006289105430944418,0.19999999999999996,0.11012011338692976,-0.13615137861598706,-0.004687658340857244,-0.1679964956256355,0.009824991278941448,-0.013959105635893053,-0.008497633865854885,0.027851553402710026,0.02688741457937217,-0.01076400451807322,-0.012235600927435907
373,-14.493303178857754,0.3234928694900605,-0.4901352877162984,0.0841558172554522,0.03969661715944082,-0.008000088649069037,0.026604580755867357,0.2319368272115283,-0.18310386433660833,-0.013675544346492374,0.11982107025963278,0.2930055900259088,0.008187295268724842,-0.0001830348750976261,0.004572936347043357,0.027179869940878017,-0.013435232826756153,-0.010722421689804529,0.018605187276170634
374,-17.87507248632462,0.33966256122155,-0.46895231992698033,0.14703163653753157,-0.020845238938100905,-0.10157592253577236,0.10312702885882125,0.19999999999999996,0.05169976671016857,-0.1410619171317377,-0.09231266416084107,0.14234582512702657,-0.00022453711602359586,-0.014391960505236851,0.010467663911345713,0.028028967223126987,0.007687900764394858,-0.021764132645701085,-0.01602843944978135
375,-6.205568324163709,0.33157771535580527,-0.47941466516404396,-0.10910878565008238,-0.13868136387896096,0.11851048527446327,-0.03963021331711324,0.20000000000000007,-0.2241880443566059,-0.0657123807915409,-0.020153283824909236,-0.08401544290632408,-0.03504931030936236,-0.0030472477395689576,0.004102449885355418,0.024913812387587733,-0.014488699835585345,-0.03378443547754511,-0.018651390703854184
376,-1.319741096189805,0.32067487755690005,-0.493935062415738,-0.1035799779867377,-0.11552102849496435,0.032998178725496485,-0.06703484408099317,0.19999999999999996,0.12936126664879188,0.0638973977611843,0.055710273507581766,-0.2318970327942504,-0.04855598209211342,-0.03158627569403736,-0.02022148044580193,0.023189256440640987,0.06457955235259492,0.058287006683259555,0.041813784986826266
377,-2.4683442275215093,0.2951959089599539,-0.5298896655767357,-0.21997316980610307,-0.08215453600690702,0.10218773130245559,-0.04040524286515694,0.19999999999999996,0.0006947162453560169,-0.12637655099076836,0.22221458919518852,0.005993463588064502,-0.05981648157125954,-0.015170086246706295,1.0944237489139108e-05,0.030840150266864687,0.03340411874679405,-0.008824446631955958,0.024082354768623238
378,-9.656588461484734,0.3296420339959666,-0.4819574147887626,-0.006601741295395945,0.0833106627357835,-0.0519579401118316,-0.05013042308629067,0.20000000000000007,0.23213805042532543,0.19314959656319386,0.10876255405747448,0.07394903172470446,0.010669013974836933,-0.0012478138427810801,-0.007878744615483805,0.02711914922985071,0.05137721613586274,0.049713502567320315,0.03516386246858336
379,-1.4985028368515536,0.30588267070008646,-0.514445126586786,-0.056722856501693446,0.08350007354322836,-0.05732275985842412,0.0911440139898618,0.19999999999999996,-0.013194417867248547,-0.1324164809978629,0.17608692192951733,-0.18961247531216355,0.003686034882159353,0.00307702935788406,0.014538725022410888,0.05986038386123196,0.048515130494252344,-0.004934174960650347,0.014187938257274118
380,-10.099242897594095,0.3401127196773264,-0.4683771258374127,-0.08910556381599999,0.12073053534887401,-0.020589092065070126,-0.05254901263557279,0.19999999999999996,-0.15643335395886956,0.13842112896111547,-0.16209981809552176,0.060071495118976276,0.00979633415994179,0.005007309271992545,-0.005754409206870851,0.02169075988864986,-0.005140485520239852,0.006931437891610502,-0.012138335345117702
381,-19.08322338772808,0.3500612215499856,-0.4558559960605295,-0.05953259943879045,-0.0017588390019600214,0.18023647873697554,0.017873934445354702,0.19999999999999996,0.014738683155326376,0.18896268462266724,0.15805117937253635,0.17884560122638934,0.0008292604266566671,0.022014820611817098,0.008413820298554989,0.018471381192562534,0.004443483003679263,0.017063863237254322,0.01970276126352935
382,-17.776790742101195,0.3333423365024489,-0.47710952479807184,-0.09254882269058243,0.09601887102627214,-0.058623085906650836,-0.1427056769159373,0.19999999999999996,0.07667220537444154,-0.10031412598182596,0.10176117410280422,0.1313560380014856,0.008214931615864396,-0.003994966775257468,-0.016496146865293822,0.02103167122017877,0.016043491918214463,-0.011290373736013212,0.006966834618229171
383,-5.847822839235038,0.3257526649380582,-0.4871120226970073,0.11530332774231086,0.12605895343824186,0.1282160473909713,0.1158966408767676,0.19999999999999996,-0.17056815587451124,0.0020112698504637493,0.00573721628437966,-0.13620838854235387,0.038226774507964405,0.044601359004626424,0.04678849357853829,0.05603909135163717,0.009164583247489245,-0.007385696621886633,0.0017021635584989986
384,-8.60751323775791,0.3287327139152982,-0.4831570748476669,-0.14835935432522793,-0.1810377285227677,0.05744294563682603,0.14643202495809973,0.19999999999999996,0.022097056898754085,0.17555216220954456,-0.05408074312068305,0.014997984328097017,-0.0398056380727573,-0.009143678734181522,0.025149402773747418,0.04177363077041462,0.02467289530321123,0.030330040215946128,0.010634710839966574
385,-6.604095023368643,0.3266079660040334,-0.4859732269802316,-0.03212055556733668,-0.16167248750446014,0.05007432384253731,-0.14364236280850312,0.19999999999999996,0.14472498607324893,-0.09164367629204986,-0.17412537279633983,-0.0019962351155241773,-0.029186311466370254,-0.014647827048619515,-0.02032645011042097,0.015162371106696082,0.03982974013396607,0.003510667871482108,-0.033562119311768196
386,-11.53838323591296,0.33067739844425237,-0.4805954877787222,0.12137011885727574,0.26695645163831755,-0.060846117335213425,0.0932323887029932,0.19999999999999996,-0.2256576378204839,0.010532168982481225,-0.00893145870003522,-0.012473657963199856,0.042407218716101244,0.009713686371227381,0.010889292120472314,0.029895073723241433,-0.016006794023414983,-0.011657663486845039,0.0004991899038783589
387,-4.850024779308569,0.32346585998271393,-0.49017154993665957,-0.08817057622019005,0.10661690929515741,0.06155422629644236,-0.11706868389715192,0.19999999999999996,-0.1403285476311133,-0.11541264182175957,0.07400966803463667,-0.09683874680354872,0.006085395158501337,0.020742189108257425,-0.00505897200122012,0.01953268070071263,0.0003807028426982769,-0.03135852847618123,-0.009041327124980464
388,-5.454140275821324,0.33095649668683375,-0.48022908927724434,0.14136520594186128,-0.07371588539938412,-0.18606698346026057,0.034394037203304056,0.19999999999999996,-0.1332779562646844,-0.0995134714430509,0.058878992056331035,-0.07278746823112373,0.004816936970284963,-0.03506954997407312,-0.017762541144911055,0.029060127465464755,0.002236048658058016,-0.02772206156775978,-0.0079585472334673
389,-11.0227807403972,0.33528702103140307,-0.474583257795574,0.19745958660923302,-0.10725351148350783,-0.18664134209651795,0.01069678889775357,0.19999999999999996,0.01194108881424781,0.010991884665151197,-0.11783615526295933,-0.15717964217062927,-0.0035484624930146075,-0.031869321321326124,-0.008751558155145535,0.028197288937621478,0.015622085811848808,0.0006722219015865924,-0.017480387451636183
390,-16.155433514174238,0.33826707000864303,-0.4707402783267779,-0.10618299211017837,-0.14711801675965094,-0.13277395230571887,-0.14371870414822135,0.19999999999999996,0.013149513860421564,0.12734041616723776,-0.010729887534312983,0.11898651711425814,-0.02223057285417562,-0.019908405548414637,-0.014870033255723536,0.023637997027816004,0.013497116378045213,0.013144329167448869,0.00170311647137579
391,-15.211535282940446,0.3307854364736387,-0.48045361942894177,0.09458545461211582,-0.14241435015958198,-0.12843588542198284,-0.08989078199636862,0.19999999999999996,-0.035713297006825385,0.0985690855749396,0.07022911064236408,-0.1401620345858218,-0.01531851407345944,-0.023187271690594095,-0.011661808933240345,0.02367480021759754,0.006855760018645265,0.00909936507189202,0.00917783874962137
392,-13.88228296708457,0.3135353644482858,-0.5037134668953169,-0.16307287405054635,0.08814349719342968,-0.09484633687879197,-0.21140806998975972,0.20000000000000018,0.04709435294050299,-0.008597636482809807,0.1111453678529796,-0.07569186461117978,0.0026219126652069864,-0.008649102586918232,-0.028118451641412846,0.016591732457130044,0.01720646334725662,0.001366760463046345,0.01030040701604967
393,-6.884709521384568,0.35233902333621436,-0.45303925383541593,0.09387108229744866,-0.09178095475526474,0.12215615133625722,-0.05142748038991306,0.19999999999999984,-0.1644750617579972,0.15306546522599077,0.06570776581452255,0.057516038422606,-0.0018771125066125718,0.010901729855422398,0.007454480157582962,0.027069058322455895,-0.00038552079419213267,0.012561932374599865,0.027762919831233794
394,-9.062924677048066,0.3475493373667531,-0.4589835351740152,0.11963610050426396,-0.08659902532034207,0.06182854542793703,0.056697513818290475,0.20000000000000007,0.1289434299245616,0.09512269147921117,0.1703923883735987,0.08078030515179498,-0.00117753406442132,0.003859782441374274,0.015859776050316854,0.03688516819292018,0.03903834986829173,0.03105288140480627,0.03842905051388292
395,-5.421844459608868,0.32178226735811005,-0.49243789249527203,0.1334590558108368,-0.08569491687667731,0.09134988454352229,-0.01390155486910801,0.19999999999999984,0.022115220892359254,-0.16542868961938437,0.12061733969630227,-0.16743333769180985,0.005610466998430394,0.009307908473841305,0.012474821689236078,0.036663735422753425,0.03158590771541803,-0.012996805226194693,0.0016729714695272774
396,-17.433070519159624,0.3273012100259291,-0.48505238911114457,0.046807995394876276,0.05315634283444461,-0.05305822000855944,0.07575512765028869,0.20557905739565285,0.13684883953519872,0.10580796777492685,-0.25642858445356925,0.06655786495248328,0.00669908222813512,-0.004982258432906892,0.008077838082165837,0.027603009002190704,0.020848643189317374,0.007216474619305402,-0.03196742895828062
397,-8.5079202324283,0.3278684096802074,-0.4843004258511819,0.15396036338858346,0.08966992162417646,-0.09199693236504076,-0.144240165168037,0.19999999999999996,-0.12456181580422702,-0.041663955081771134,-0.09475359936329489,0.05915324720486939,0.02668223271699018,-0.00417981315339098,-0.02448896870092411,0.014730078509689982,-0.0015192154872504056,-0.016047240961124316,-0.01836998599510882
398,-5.998038827403089,0.3108344137136272,-0.507470904740649,0.006179490367349238,-0.04041674334695021,-0.2243745415211235,0.015959786107933648,0.23668545500884985,-0.12071713395311906,-0.19754526405428402,-0.14033380726343575,-0.017787778376954742,-0.008962961348057243,-0.041945818101301734,-0.025143195664032107,0.029854860987244516,0.004108808471369158,-0.04440852473870121,-0.05232394403298229
399,-13.794383163094146,0.3219263180639585,-0.49224351749663026,-0.17131593883007584,-0.05933374692324281,0.07102258440535142,-0.09959118215627617,0.19999999999999996,-0.16228890001321242,0.10106744172383866,-0.014975382621591884,-0.12040482332641081,-0.014257041583797035,0.0068411130969922365,-0.005197903394489287,0.01809958028077053,-0.0098685700588128,0.0032315145023889547,0.0013698040702417712
400,-3.171989567115933,0.3050003601267646,-0.5156996478631344,-0.018656934663633676,0.11339945877163343,-0.15662733239395601,0.056671993447678,0.19999999999999996,-0.06510813908575828,-0.1050151275186682,-0.14904947594115972,-0.1354715381775127,0.01586322259096603,-0.009215991960809166,-0.008078340053481356,0.04021249196186389,0.024164652845502746,-0.019798693779913473,-0.04808452792434025
401,-0.9415973846762284,0.2820242725439355,-0.5497135123251303,0.01223226646902611,0.1123031857184817,0.07340174637650605,0.101815492685429,0.23088145351395317,-0.15656707738009387,-0.18798076702965774,-0.059008359837385935,-0.06580965098946641,0.02880481115005327,0.04671907338232768,0.05673271796590799,0.08743307297553903,0.038568379637178914,-0.04504507621128419,-0.05732923063217221
402,-18.988851628766337,0.3387982569864592,-0.4700588326480304,-0.09975842797439856,-0.033156571222485325,-0.02985182519078097,0.18072700271676845,0.19999999999999996,0.1796808459543572,-0.07094534545871534,-0.11438848592256357,0.09149149555993066,-0.0058568216521347185,0.0007485470357440411,0.024355383463813513,0.02948168351237821,0.018904780259728363,-0.013627166418551084,-0.02137223623217615
403,-1.0006181196107171,0.3136884183232498,-0.5035015155743501,-0.055231757620737024,0.18858907752487325,0.1540442839887524,-0.006121229867867103,0.19999999999999996,0.027753359391246943,0.09492867547336795,0.19197907922368082,0.08135253690947455,0.030173209617299152,0.07397070808301742,0.05675772523141786,0.06728116369309077,0.06909601715520108,0.06042213916246771,0.08612809139266914
404,-5.710518051156399,0.3240150532987612,-0.48943481259363203,-0.07316343977279467,-0.0074174264640777315,-0.18588740441739707,-0.11906997385783905,0.19999999999999996,-0.06852089963004505,-0.12805332347194406,-0.13538922651914792,-0.08249830586675447,-0.013823835334513134,-0.03694394573795571,-0.04444381894386578,0.007061984216064455,0.0039077960666640404,-0.030242941790901635,-0.0448234106311049
405,-19.282031495751674,0.3331712762892538,-0.47733244750173215,0.12437529046323452,-0.13064111604290932,0.12491470176654867,0.04690693295861051,0.19999999999999996,0.08189857587389678,-0.09650431243982226,-0.15449253569599164,-0.040266534758986415,-0.011063996319748536,0.008961299325504544,0.011405079516660727,0.02211354314312325,0.008850416888545692,-0.017698098192301268,-0.02463489690861211
406,-4.968900146741596,0.32287165082108904,-0.4909700857739927,0.15072216150345705,0.08887134537499344,-0.11976651523853374,-0.0975460633699121,0.19999999999999984,-0.00597152044131082,-0.07626413377935516,0.12589853480028945,0.13495972549214838,0.036361794289633424,-0.0012349522775369024,-0.02375337199202829,0.01890719125323717,0.023652083855399436,-0.004090462808041628,0.015897631467580355
407,-0.7961082455046622,0.27365132526649383,-0.562802444270858,0.2295961647500112,-0.07297214206622858,0.06317405683168328,-0.1431633662983314,0.40812757240899766,0.03386142344726246,0.0034860004816458456,0.031027253518478903,0.014592020197360589,0.042677884311655485,0.018569729905936732,-0.004371962913613547,0.06545042739986487,0.10141625519401616,0.05075860933515912,0.03338717827345559
408,-10.027378571813603,0.3384741428983002,-0.47047450282967107,-0.021184951226559105,-0.009037473936865941,-0.1352836687320833,0.06120966292972404,0.19999999999999984,0.06590445352115393,-0.141816923785207,-0.16766758979723084,0.197895276071176,-0.004589114866408538,-0.019030532382337942,0.0004971078730656885,0.032294527621546616,0.022713436256881714,-0.015916903442796514,-0.031249137204474628
409,-3.483814102284029,0.29295411985018727,-0.533200390076258,-0.16237632905296218,0.04620057464975332,0.13514375546302176,0.2075252651861659,0.19999999999999996,-0.12609487694856406,0.08909534934727292,-0.02964190963126011,0.003921939720999726,-0.01856001466532285,0.02574898929198785,0.06395569593287033,0.0804099592328089,0.03068114799394774,0.016310257174137744,0.014665388953226078
410,-0.0502477787516149,0.28500432152117544,-0.5451485547333467,0.07347501582060963,0.05801694978150014,-0.13796024964999762,-0.02580913664833622,0.19999999999999996,0.1384872777483145,-0.15404791285794836,0.16645242797595844,0.04575102951733507,0.031443209827978935,-0.007332338451228141,-0.028801128067891226,0.03102253230394189,0.0771272650910336,0.026076390121407833,0.024029772311317626
411,-3.926700931741486,0.3068550129645635,-0.5130667774311668,0.16578570381609817,-0.05423362065415524,0.04626427097924797,0.1663391117051136,0.19999999999999973,-0.1694895306760261,-0.05368669554319625,0.12766623461937449,-0.016534832006788427,0.019079287168410897,0.012064552075192934,0.04316069494771118,0.06731078964683235,0.015826727965503183,-0.017269218852170146,0.015043761742509527
412,-0.8373026576228,0.29741068856237396,-0.5266434275415562,0.10563356977768591,-0.08652808724795061,0.03839228423589279,0.12214638752959703,0.19999999999999996,0.11292217345651102,0.10363319349195609,0.11698538410495442,-0.11375892015545215,0.008063871202091783,0.0004133148764444384,0.03622612282902711,0.0794650449203772,0.09180767847661182,0.08231476771796199,0.07842287347401455
413,-18.777993545750572,0.3346658023624316,-0.47538866351338505,-0.06889258871029752,0.021246197905061034,0.17187849203640534,-0.03521856069405128,0.19999999999999996,-0.0995966259272282,-0.23660235193553386,-0.08764937537493636,-0.07891580741648635,0.0030715332110074233,0.021168132274971597,0.0019568443363895444,0.01628446371537869,-0.011671479087848003,-0.03493486146929045,-0.015500249854431387
414,-17.291672912284042,0.32414109766637855,-0.48926590152508864,-0.1193453723984848,-0.053168147688073424,0.1188502355894086,-0.13091563363959602,0.19999999999999996,-0.1123292334982494,-0.11340414654879671,0.059260762549699635,-0.09272646808769142,-0.007784775284975742,0.01354270492926396,-0.007255096126434247,0.016883264214925777,-0.007652651540771954,-0.01850730911161368,0.003270646545141061
415,-10.455107564867486,0.33600727456064533,-0.47365132002876653,0.005416810631094206,-0.08712339594474963,-0.14817205346985987,-0.15104897914353205,0.19999999999999973,0.0171234365513449,0.14547584113257722,0.1074304072439876,0.13820907588285475,-0.01347210004405328,-0.02862772851028966,-0.029556435871627044,0.015828997331189573,0.017196519506241268,0.02226963577880042,0.025865834780658348
416,-5.594507375878184,0.26013756842408525,-0.5847969235400884,0.005372958905388514,0.10988489415817115,0.07762494868415849,0.14553708157477474,0.59777532819865,-0.011792871535809001,0.048839918750972974,-0.0012254575330664652,0.0019465406590087218,0.020453736155168423,0.030641741758657026,0.048549356113415404,0.12659284763232145,0.09130671025131921,0.03865845794811693,0.023404391079975027
417,-7.653269194551921,0.3417332901181216,-0.46631271212784964,0.02154083467445658,0.17086705814863337,-0.1466252949667441,-0.07468986574020282,0.19999999999999996,-0.07356282737348793,-0.19718963108680548,0.057405683999942884,-0.05811880400972692,0.0265503451111228,-0.004821625951058975,-0.019856602319933317,0.020410381480878037,0.00561755878346902,-0.033006861682502164,-0.01322865925477494
418,-15.809398720892275,0.32572565543071164,-0.4871480333504382,0.045223991609660424,-0.09820691820162238,-0.08863774016767201,-0.09321252483166785,0.19999999999999996,-0.09470852325586417,0.1293522807559457,-0.15381736087263484,0.09684066030493257,-0.0112701499476603,-0.01567075710508225,-0.010332990876683752,0.022148423641109822,-0.0005308216470348481,0.007950563338586202,-0.01314376965536184
419,-7.789618330071924,0.3230877268798617,-0.4906795391955673,0.047143251517651176,-0.13072075253265977,-0.06583897315637996,0.0324942344295844,0.19999999999999996,0.16855068591156544,0.14397572800249062,0.11898337785334755,-0.09229299659632113,-0.015853804356136984,-0.022052570929231293,-0.00179089559679707,0.03352897886259399,0.04760651434702439,0.04470742426907118,0.03753268378841433
420,-5.363490042255554,0.3141925957937194,-0.5028040536812124,0.06244782943493252,-0.06366049270617935,-0.031935704487179105,0.17772358348177703,0.20000000000000018,0.12850945450747334,0.03360263770624202,0.11777046964378746,-0.18434982803242908,-0.002333952834523922,-0.009077143270814228,0.02705864455321497,0.059289146732525125,0.05816082564802308,0.03820657232887811,0.03525215855769717
421,-7.04778360470778,0.35133967156439067,-0.45427280902166256,0.11011168005744237,-0.1078095692135234,0.10543631534443328,-0.08946047851118563,0.19999999999999996,-0.08719050613244841,0.12799326639314917,0.08019781238051325,0.09180037196730444,-0.0028894159964699155,0.006366691159627778,-0.0008768347963985217,0.022954490295371572,0.009726011693945514,0.016810475281779,0.028959255352916328
422,-17.716660995535676,0.33514297032555457,-0.47476988556710426,0.005324885564128658,0.0728457950485993,-0.1268941354709661,0.07591762015027056,0.19999999999999996,-0.12982736036137374,-0.12026386114105965,0.1279676316018137,-0.14095871066178833,0.007025355296559209,-0.012124826112319994,0.006315695897297373,0.025268068660800117,-0.012074380203321114,-0.020574249517667176,0.010590573921893361
423,-7.143902586289471,0.334332685105157,-0.4758211637397017,0.07939986475672943,-0.036822378600518915,-0.13490335126247055,0.11748417987949826,0.19999999999999996,0.03273644412564863,-0.15929968463414218,-0.14468969859666925,0.09466439814432276,0.0014535014502282653,-0.02142920206999775,0.005855470068594439,0.041541761983520484,0.02755213958108473,-0.01704927404957351,-0.03538450884775697
424,-2.7572293399869174,0.29868013540766347,-0.5247936604548449,0.00435831149894868,0.15914037848415571,-0.18372468069603368,0.11077978853164783,0.19999999999999996,-0.012714756957652893,0.1171055382318481,-0.17722618753034994,-0.03495035806936326,0.029324252207423896,-0.002517516561547599,0.001071868996458549,0.05287653574835301,0.04427479005546218,0.036361961653482225,-0.00395165568139028
425,-9.39470182273203,0.33420664073753964,-0.4759849248584984,-0.0822579270950868,0.13376015170268143,0.12326156182163311,-0.01241712378534259,0.19999999999999996,-0.1046078346004562,-0.16478502298053158,-0.16112313932605107,0.017787238688217202,0.013819620945171083,0.027738306445622155,0.012297028206120072,0.02794534160928069,0.0006213438198931897,-0.030735351911517172,-0.03590043911316569
426,-2.516526280491412,0.32093596946125036,-0.4935816058614579,-0.018575742696314596,0.13266600987410987,0.036885082372724774,-0.02462449010197387,0.19999999999999996,-0.19919990045716024,0.18256236999234593,0.10799885934348598,0.09748754516188482,0.023197184719255824,0.03247838297434389,0.015781196472978886,0.039770808698866844,0.0065380630323258184,0.016190249869734885,0.053746264547153866
427,-12.722776979304632,0.3352510083549409,-0.47462990722035137,-0.14420824722362985,0.12101255522628197,0.12022839088558915,-0.017191110669492245,0.19999999999999996,0.06641419070208499,-0.15414175441753167,-0.07709934833052108,-0.0997044025448691,0.009433137784769494,0.022521197154409492,0.0063450268725539416,0.02419121291260291,0.016600266467094584,-0.01815672010858091,-0.0201940382126763
428,-1.954699653941244,0.3268870642466148,-0.485602265217951,0.15812924250243351,0.08810501902113133,0.07666843339027374,0.05537068470451416,0.19999999999999996,-0.11993460117525004,0.15137279524380984,-0.1293940837036568,0.02102514025893063,0.05384134270547966,0.05013637818400278,0.046371350159833916,0.06677164998145314,0.03581964535421574,0.029975255453519846,0.011702143804632558
429,-12.354670423501332,0.3112755690002881,-0.5068549643310831,0.035395421515453246,0.15091961775794754,-0.1452954007366836,-0.1719103548045527,0.19999999999999996,-0.05197964055260484,0.07759730267066835,0.1609803658106942,-0.005921896151395622,0.019807164623262683,-0.012724189931357356,-0.028727200459562854,0.016097232368434765,0.0069440780227382,0.009077016107006548,0.02443655948340185
430,-14.700199799242299,0.3274722702391242,-0.48482546938823856,-0.17857912112672336,-0.16025329993572787,-0.04334859915982821,-0.17217619076097057,0.19999999999999984,-0.015790144795735275,0.0028090783234650833,-0.1494308083270418,0.07761275757050798,-0.027069345630040556,-0.011086235162899439,-0.016719219327978832,0.01948686028348945,0.008472149983607723,-0.003976659225568212,-0.019074629340746305
431,-13.248493915517084,0.3367545375972342,-0.4726865436668533,-0.14837000262786829,-0.1354857836433476,0.1301906785577443,-0.07381402276408357,0.19999999999999996,-0.09250121248984139,-0.12006904894847306,-0.08842582320422002,-0.01114342776442177,-0.022836560750820023,0.010240208979459542,0.0012531224600601848,0.020029595396292912,-0.003981452915718757,-0.022652833106657496,-0.017760319269691294
432,-12.673110638351046,0.32552758571017,-0.4874122027514685,-0.07837431024002725,0.09754110076079771,0.10679252307099232,-0.04090329804689054,0.19999999999999996,0.2199304994293407,-0.04804056596453741,-0.13191580754217352,-0.07650189494524064,0.009724305193961372,0.01892017915472263,0.0025539958419412982,0.025145828650454602,0.03812414496943737,0.0031782606833333713,-0.022209476048376642
433,-3.936684942903245,0.2856165370210314,-0.5442166507857015,-0.0004200199669253668,-0.004840048750527548,-0.2391576942120827,0.09985699497893714,0.290610074298304,0.0522569125976366,-0.020311462040391647,-0.07965910350528325,0.21288768964991175,-0.004360231403383028,-0.043215059210736456,-0.018539600383918123,0.055994846195278815,0.057521429152425474,0.020329683030672084,-0.004539327646139797
434,-10.263959126790407,0.3380690002881014,-0.47099465065113083,-0.13272182450880288,0.17455913451341334,0.07447897130494079,-0.05550312600674855,0.20000000000000007,0.13090165358616887,-0.05932086607037307,0.14529591980676446,-0.02721850420278806,0.0152775306285297,0.02183223117026185,0.0012014769368393285,0.025602515640038372,0.03238920939075851,0.005455673000045248,0.01710274366127634
435,-13.529229434198403,0.3366915154134255,-0.4727678276438642,0.15759525997226217,0.15580414305165774,-0.060951623915744386,0.11378721554971437,0.20000000000000007,0.025965273513292666,-0.11434674304264647,0.13318661929969847,-0.03836312165498371,0.026258178912103334,-0.0005019949213222414,0.01153416619330753,0.030645015963555195,0.01098916307026749,-0.013474233180212368,0.01020409249713932
436,-1.2951016629329786,0.31590319792566984,-0.5004459776578702,0.18668743694958165,0.0383187071042597,0.09393596735670039,0.17111948358498738,0.19999999999999996,0.037820742595287796,0.13557342909964062,-0.05668085103722273,-0.07986338227231979,0.05393781651253122,0.05081686376233023,0.07545867471513011,0.10121125081281426,0.08533790588499834,0.07285289700554361,0.04365910635683411
437,-5.561856576956174,0.30642286084701814,-0.5136788370507007,0.08098936298310429,-0.1289971006253126,-0.1530009504414443,0.01628724109851884,0.19999999999999996,0.14705365784173155,0.16593703075301172,0.03730577356787912,-0.07042888268899773,-0.01258877433854329,-0.039874741405209795,-0.019597829113870712,0.029755256876256863,0.05131718928724281,0.05476482359466266,0.037087398496615846
438,-10.994254226298338,0.32632886776145204,-0.48634450587820793,0.12469705312274808,-0.1329530351080348,0.002203629913268662,-0.180128360155823,0.19999999999999996,-0.07453202379366568,0.05135623108653991,-0.022183001005308758,0.21194666581461116,-0.009552255674939666,-0.010608259389397974,-0.02199681651832308,0.014424272607253428,0.003689657438910422,0.0018063991257090697,0.002393917394526885
439,-9.673959673030904,0.3181900028810141,-0.49731346944686966,0.001051391346807366,-0.08116252211712206,0.01464440378992594,-0.06428305877845719,0.19999999999999996,-0.25903614381581713,-0.2593992906202535,-0.11082401036968698,0.009599179161929856,-0.011255925262308902,-0.005349519827477359,-0.006270355121354633,0.019572591713009995,-0.02493871629551424,-0.05784814680215944,-0.039017521976470196
440,-4.354320904235793,0.32017970325554596,-0.49460620222153684,0.14483407465958859,0.0737753752519123,0.10795646884618637,0.14123285434530933,0.19999999999999996,-0.021895118390654736,-0.054688752150735744,-0.13000457988490574,-0.12561277647070732,0.03827668559658641,0.04168979998670878,0.05408889596242966,0.06953742481861772,0.042575861199555115,0.005088971464580775,-0.022864566571990628
441,-5.551393973831209,0.31490384615384615,-0.5018220349709785,0.005080146618423182,0.11753594910076619,-0.12536568658427716,0.14407667344749808,0.19999999999999996,-0.08694197027020925,-0.1341255339791546,0.055303451210419956,-0.13157058878925165,0.01881818445082824,-0.0025684140062347564,0.014950251354517222,0.04970556723806126,0.016797893123577278,-0.02233422577727172,-0.008923138165115632
442,-6.502201310802331,0.32621182656295017,-0.48650029799248334,0.13194739370971825,-0.013681715170340766,-0.16698785859084442,-0.14103325824893842,0.19999999999999996,-0.1882545315170471,0.018149883127096644,-0.05721654894029335,0.08272881069572106,0.011772263028160748,-0.025949355647519903,-0.03882852386121757,0.007984228592662346,-0.012006014681367711,-0.01784410723372175,-0.011860749633019344
443,-13.890141265749099,0.325221477960242,-0.487820780877473,-0.09681577436830159,0.06819060861395884,0.01203409324534336,-0.022947790020915095,0.19999999999999996,-0.10661092309647999,-0.07711998407035307,-0.2173393162677446,0.19894151031690355,0.004369567806892897,0.005302526712932648,-9.295819500790758e-05,0.02204604485489476,-0.005380697604092339,-0.01899690473185415,-0.02827866037559242
444,-10.215383934900865,0.34775641025641024,-0.4587248558338945,0.14101996313177034,0.0030285893972907276,0.18694622787650153,0.11217230367704101,0.19999999999999996,-0.07436004408857076,0.07570941341279512,0.13074272921693567,-0.07602072919909493,0.013431011015146646,0.028668627936816196,0.032670543350226386,0.03741299710434587,0.007871066726307656,0.009892296104826155,0.025307450659402278
445,-14.9504300325074,0.3413101411696917,-0.4668508075648834,-0.17713979261282234,-0.13752480506943535,0.09149601212783649,0.00707436385901922,0.20000000000000007,-0.08937742300482761,-0.02942383727575769,-0.20558281271717951,-0.06238095333312176,-0.022260185409069367,0.008693444304292553,0.01016050830503,0.023393302844530756,-0.004721504306742232,-0.01289045208654297,-0.027490108437365216
446,-15.343148784782775,0.3306503889369058,-0.4806309621084869,0.12233073185740169,-0.11907687357960145,0.058113187829368314,0.0907842698219373,0.19999999999999996,0.13775330681064787,-0.13189705378355987,-0.12613910198298464,0.013905474334498912,-0.009325677783934528,0.0018959446938756914,0.016198663421758696,0.02886347610911803,0.020356754041699527,-0.016702037336210878,-0.023622857174466196
447,-12.39355060070795,0.3246272687986171,-0.48861500209648223,-0.07973724114941175,0.1426121952547482,-0.1135988782196719,-0.05056217719288699,0.19999999999999996,0.1517485748683208,0.1338745781717287,0.012548066976085851,-0.11531828816714587,0.012732606715519382,-0.007072983441316531,-0.010805829909390543,0.02497249845894089,0.03297696381359055,0.025228528220590674,0.0059518357032852945
448,-12.48442389593901,0.33076743013540766,-0.4804772609358558,-0.19909211250297526,-0.016063841848020278,0.01676279405540706,-0.010917817624173742,0.2237361952629483,0.009206002376671685,-0.22705405013250335,-0.24731365276709194,0.049853533430208326,-0.01273935982140331,0.002146397966596764,0.0029065972719903316,0.028031590141671656,0.009912964223994942,-0.033492522067475605,-0.045155117760048165
449,-18.327175195326756,0.34680207433016425,-0.459918313538821,0.07810028315455647,-0.1296555093268568,0.1635708564475612,-0.0014670156459695033,0.19999999999999973,0.18115506707613183,0.17351035171159102,-0.005346965408311926,0.06719395122902144,-0.011212896568564985,0.013986467037676184,0.007729732769735232,0.022195619600092545,0.02505251754421106,0.017955785094716986,-0.0033385411970909026
450,-4.683951153632062,0.32119706136560067,-0.4932284367387554,-0.16682332124566407,0.16580554539615153,0.026347722749541294,-0.0727194931997039,0.20000000000000018,-0.10340137500142994,0.13878256132223787,-0.01110278790533143,-0.11501719317993989,0.003710881670647579,0.020431017268032987,-0.001458313041140296,0.025316333642910298,0.012142565632736985,0.01833513604372998,0.016928669259393153
451,-14.506952148230601,0.3262208297320657,-0.4864883119993574,0.06139239126078659,-0.15751877966781705,0.14755561547871363,-0.07369225566085671,0.19999999999999996,-0.06972330106471272,-0.16492946131197436,-0.12144675477681752,-0.003741440778321412,-0.015107939572148057,0.010072004762529133,0.0009105460414743695,0.019905659878519406,-0.002424182439193244,-0.026898041216723394,-0.02191809047461808
452,-13.536492090265819,0.32482533851915874,-0.4883501002749756,0.002726973097760976,0.088745697044799,-0.19961785735158036,-0.09049413563642207,0.23821948969215434,0.06827410242215712,-0.027952445682487413,0.022191278515749358,0.26177802055688937,0.008902848495572557,-0.022067400331624562,-0.018687952552511843,0.028015437600246544,0.021425979142189085,-0.0017408268160832706,0.0022957446061940686
453,-10.869232235352696,0.31850511380005764,-0.4968835904014171,0.15731425762246296,-0.10843006643440609,-0.00023936284345066225,0.16163797384811038,0.19999999999999984,-0.15415422920326843,-0.03345010968426682,-0.13254522055925563,-0.05222877980477918,-0.003921211301509904,-0.004960473959268242,0.024278541595403855,0.036925826830551005,-0.006799305420471521,-0.016000100618925515,-0.020337313104071573
454,-15.012192717509231,0.32256554307116103,-0.491382026448893,-0.07391407117866206,-0.11739188041294993,0.0664320602616515,0.17277699856442916,0.19999999999999984,-0.1367165967287514,0.140287805795768,-0.07980028894639551,-0.012680298111392607,-0.01617982030830816,0.00688351791563285,0.0282035462650133,0.029096510120321536,-0.010674504777165476,0.00622450851795332,-0.004532071641952328
455,-10.073058372404125,0.336835566119274,-0.4725820580457783,0.060771161187079564,0.16608533560735544,-0.0026388113196494627,0.2089242343197699,0.19999999999999996,0.04789635019814164,-0.023895414018068488,-0.125160277156433,0.16462841619350252,0.027897438497331048,0.015530161125556897,0.03306960787508262,0.04550229415927836,0.02468053302778391,0.002293857449284257,-0.014086490812501127
456,-8.257708102818324,0.32633787093056754,-0.48633252418392214,-0.14326347336997775,-0.031095801770564518,0.07430849503796609,-0.19578390444483615,0.19999999999999996,0.02170821207712905,-0.006782172825221712,-0.18005695020482484,-0.14700099026947994,-0.017728173825116048,0.002606390453655688,-0.021457615524699467,0.010906694387178234,0.018002571289974203,0.00047490448067040604,-0.029274245667018875
457,-6.10798211841972,0.3175507778738116,-0.4981868190738905,-0.21090987232088443,0.02733195841339617,0.20510039708212727,-0.021325338292310644,0.19999999999999996,0.08547648185178236,0.04050956511072971,0.1128421431887764,0.09650424373999311,-0.019976155007966526,0.02885303359059685,0.022876605332994127,0.03680800424849475,0.04153953885531831,0.0281928281778499,0.03304472747354065
458,-17.74731139376908,0.3398966436185537,-0.46865312392867386,-0.05098227006660985,-0.15948770403402004,0.11636277958666931,-0.11320872559158891,0.19999999999999984,-0.03313669828364156,0.10122370564100179,-0.03957638032945773,-0.18602173646701092,-0.01814164915827198,0.009559079122994543,-0.0036324070027054446,0.019391845137222478,0.00369516417250936,0.006798999037375265,-0.005791980550333829
459,-18.97795708622125,0.338096009795448,-0.47095995474160907,0.07262941960848783,-0.19996355647411615,-0.19573620413036666,0.033445716074214864,0.19999999999999996,0.003835788768938868,-0.1290416417534564,-0.010480106008482835,0.15486756718193648,-0.02342030647667498,-0.027178120017386467,0.006736340952642225,0.030793521828653924,0.005183615731262186,-0.01937355025701418,-0.0044854007294884615
460,-8.754350877508488,0.31801894266781905,-0.497547010672512,-0.12737324173552192,0.12757463773315614,-0.004106694913891787,-0.12271223933224809,0.19999999999999996,0.13504017743247584,0.049344266588020325,0.04770855219035237,-0.1861401900743336,0.006996648407445409,0.007428503319369906,-0.014665248520001525,0.019772302937622388,0.036762379818091946,0.022880377601241425,0.011911703622704752
461,-15.970710873969452,0.326616969173149,-0.4859612555245929,-0.0601830452558025,-0.09447251422256127,-0.10675216441438397,0.1080886783791347,0.19999999999999996,-0.11523088680480943,0.11886129181910714,0.09747231982127494,0.09893909928292619,-0.014375724310828801,-0.013296410705709388,0.014149084705705832,0.02885808075918926,-0.006738783244110281,0.006959356077452567,0.016220626650195746
462,-7.840194061504938,0.3313166234514549,-0.4797567733178003,0.09519400045928242,-0.08748438936133726,-0.11114921227829393,-0.14612236722837874,0.20000000000000007,0.06092881542557162,-0.06748457732365228,-0.08462333451413608,0.14701330340934765,-0.00491463580268838,-0.025659702744128307,-0.032076477373328485,0.013445205455224837,0.024384917739014977,-0.0033604084370527677,-0.016596222447539884
463,-11.705555584675466,0.3413371506770383,-0.4668164411207599,0.07111141491333128,-0.013956250456855477,-0.12688211204622327,-0.1504519759415097,0.19999999999999984,0.07239999966703071,0.0806177643524439,-0.1245416260878056,-0.1600388565348002,0.0009355748134974824,-0.01959217994469724,-0.02528475131870247,0.01856980363796361,0.02337500475648042,0.01324864068453763,-0.014651516634537608
464,-8.489187979929822,0.3186581676750216,-0.4966749454385267,0.050369513636076266,-0.07188272265998462,-0.011109572090984732,0.024248947716113776,0.19999999999999996,-0.1562033679489498,0.16978543562890197,0.1977659075929401,-0.11863453272604887,-0.005999961248013951,-0.007200157885312543,0.004283087322359668,0.029533197401677255,-0.0017840513423711933,0.016429848560672665,0.042816436573073165
465,-1.018358850175531,0.3124099683088447,-0.5052751172004443,-0.12013140703474798,0.14494258666272777,-0.06094287839403893,-0.11343649312514995,0.19999999999999996,0.08656285750710159,-0.12139790942410346,0.10596764060655384,-0.04661822724557661,0.0012362961670350568,0.007697643015775881,-0.027494353679044098,0.014579957089763873,0.05231078212857781,0.011157716638685453,0.007836637641403103
466,-2.4710581452768494,0.32187229904926534,-0.49231639792672294,-0.08784146384476132,0.13068132727269208,0.10859029524412675,0.0705235538197306,0.20000000000000007,0.12956402662920447,-0.03375847113717387,0.16766481553897492,0.07137604651333596,0.00981849330802414,0.04230719976996564,0.04651525873621155,0.06838974751677812,0.07824489470714832,0.046155160364306294,0.051382645574607685
467,-16.253566927996555,0.3284896283491789,-0.48347833819500324,-0.07133894414154951,0.10783782011807055,-0.10469897091462209,0.16120033047798932,0.19999999999999996,0.1876327709615014,-0.046197044806028105,-0.010432536086673903,0.11066158249356514,0.009382296642089357,-0.005826447421817855,0.016903260299428614,0.031746912071013815,0.025408274004467737,-0.005168243374866528,-0.007444991700918721
468,-17.41181729567812,0.33983362143474505,-0.468733656422668,-0.09415775626657712,-0.12488625497654214,0.10778541362967377,0.13949849100879988,0.19999999999999996,0.08124161483143451,-0.05409128820169036,-0.12134863549847498,0.07699054558680728,-0.015474340260057924,0.013119367415270316,0.02503476945682936,0.02683968685865737,0.009624045529225219,-0.012145179019607327,-0.019217599556854738
469,-19.01255780653425,0.33402657735522906,-0.4762189764833076,-0.1382073299748611,0.23211424845227926,-0.04557597487804077,0.1085874259755027,0.19999999999999984,-0.04843056762374425,0.08212242807366069,0.034570477643598,-0.11039154737831335,0.023100043780026093,0.00395866284311749,0.009513624217409377,0.022400098020121918,-0.003938752074536608,0.0020264745360323577,0.0019854414914051047
470,-18.355369999384184,0.3154170267934313,-0.501114866356387,-0.16077533355674187,-0.04628242792000493,0.12236060419085408,-0.21337662736528587,0.20000000000000018,-0.013945484120548966,0.018374861922018607,-0.009534548146225834,0.21535011277831975,-0.007157819386996215,0.014486395408746366,-0.016139590817295064,0.016333071834901597,0.006682942357469819,-0.0008228193966456913,5.527208393343211e-05
471,-9.98020786824476,0.34028377989052144,-0.46815875167388826,0.1725975074073825,-0.16786519530371227,-0.05780965071525966,0.049915446224787885,0.19999999999999996,-0.10373966460765408,-0.06582144673066431,-0.08380643227061936,0.09844465673991996,-0.01083943527665497,-0.01906334433553589,0.004261075974604956,0.030463924229835293,0.0004612640647451056,-0.017113678311364955,-0.015721700647459376
472,-9.620304809091246,0.3439300633823106,-0.4635298602629202,-0.022730316127187126,0.18642982923257898,0.07986877537482891,0.1047184068120996,0.19999999999999996,-0.06026035055494261,0.07558748330737552,0.08145785607763698,-0.18894698251335032,0.025671601080847633,0.02768814596423001,0.025850453083481058,0.03783396016045142,0.011284883131118292,0.01113573026539424,0.01756302028340284
473,-2.0051182238890455,0.304343128781331,-0.5166364989579197,-0.05513808243949903,0.17572920628708785,-0.13999836205476973,0.0005636475240180591,0.19999999999999984,-0.0085057311534266,0.1738150053906689,0.12385427320177916,0.12239569194875083,0.021969079287825804,0.0045624822784075475,-0.013811882046367616,0.03490723755528458,0.04184770151294581,0.052756046690051316,0.07198834716603295
474,-8.102116025814537,0.32630185825410546,-0.4863804529445615,0.11390922032761526,0.107655356239362,-0.04172860878754044,-0.05036348613557695,0.19999999999999984,0.1549447115337876,-0.030758102722614287,0.10621673594657452,-0.19442377830692908,0.02708277678233893,0.006310761293954218,-0.005616532217515524,0.02840789714836781,0.043403129547221635,0.017212886414352487,0.01623178277005967
475,-5.411297571900722,0.3239070152693748,-0.4895796458157408,-0.12320556878277175,-0.17030019975756436,0.010090498728759062,-0.17417769071042297,0.19999999999999996,0.17068934630764163,0.09506545658208308,0.02518240458184775,0.031288834548909426,-0.04622865254270505,-0.030425714252866637,-0.035935911618742766,0.0063223473752238675,0.04656453997896072,0.04266252447838121,0.02533882052051828
476,-7.210749216962595,0.3366104868913858,-0.4728723579736362,-0.07932457826567607,-0.10274639825499125,-0.13170084479865107,0.10907920988536608,0.19999999999999996,0.14761511167305216,0.023598829893194992,-0.11879037596346438,-0.08714465126560407,-0.02670963636737189,-0.032927992632657554,0.0008670241686329527,0.039372318949983824,0.04517396098236969,0.02290825259512494,-0.011331078981075073
477,-0.6771386068506402,0.29367437337942953,-0.5321339492398174,0.11520455339433035,0.08428579727426264,0.0873750962318878,-0.006620276478078991,0.19999999999999996,-0.13050773242931818,-0.14291818055539482,0.1366711273340437,-0.0964172363026836,0.04956780677993498,0.05371476456417226,0.03995569641706229,0.059215362911307766,0.02975664195391853,-0.03367028798425504,-0.005508941406101479
478,-16.165203551859655,0.3118067559781043,-0.5061144791015593,0.04857073155447875,-0.1420983424305242,0.017008839706294483,-0.1785321382077325,0.19999999999999996,-0.048706536653330954,-0.15319153896653964,0.199226042716895,0.012665829764204497,-0.015132274554394023,-0.0053617401752515375,-0.01606551034385724,0.018656888753375796,0.002103108610707094,-0.01934828882316152,0.018256037142218354
479,-8.233969546951714,0.3281295015845578,-0.4839547211549649,-0.1516738509104809,-0.024344347963117085,0.08561578779549728,-0.041400068263677994,0.19999999999999996,-0.17221663854793504,0.042339575110470304,0.06897090406633177,-0.2134388273424897,-0.017442699202949555,0.0067904933960658935,0.0028198301025338084,0.023762331045646293,-0.007095099069387867,-0.0063051288047744946,0.009487822318948897
480,-12.86840057008522,0.330551354076635,-0.48076105944748443,-0.06442046844878334,0.08892961265761645,0.10788509531737009,-0.11730695864385159,0.19999999999999996,-0.045912025895400395,-0.16463011149883644,0.17612550841345337,-0.03479021912468836,0.009375557608740278,0.017423430064058384,-0.00736958290632737,0.01782643287467313,0.0027420671163217126,-0.021901678674605754,0.01331381625342931
481,-13.290249477187068,0.3321629213483146,-0.47864884856302603,0.09785744866202364,-0.1350965333373734,0.08902144199850703,-0.07747110172662387,0.19999999999999996,0.1332516046701146,-0.06561706873305143,-0.13223839842081256,-0.06944640245149353,-0.011269709406257876,0.0029590203638311515,-0.0024010158686795686,0.02316002195908337,0.026124550405305293,-0.0048846389352013,-0.02272508077240597
482,-16.867660334066002,0.32622983290118124,-0.48647632633702087,-0.04309468751811723,-0.009195829678545186,-0.20837166611079633,-0.1616568750869232,0.19999999999999984,0.12526156554899245,-0.0357810663745467,0.07426035719220447,-0.14237795248987453,-0.00467277730184315,-0.02553442716168059,-0.0215153173429069,0.024992560097443,0.02538774868390989,-0.0017766087869502724,0.0014434293438430775
483,-8.006915541471074,0.33186581676750215,-0.47903747899782145,0.10953200178002839,-0.00167873289412305,0.1368734112028784,-0.16756015286395487,0.19999999999999996,-0.09153518909665537,-0.01986633169352225,0.12307975773683659,-0.14987442273200116,0.012638283385587177,0.020763527192903024,-0.00769398172891744,0.016123908754682642,0.004857429174051129,-0.006106820542564533,0.01499186566360654
484,-0.5674470329424217,0.2890647507922789,-0.5390048639493543,0.12399871514073899,-0.11753041218789731,-0.12282674295993423,-0.016233823827414905,0.19999999999999996,-0.08807145591311903,0.06733629237849718,0.11567467243740363,0.14832788515499482,0.003734915462801293,-0.044017607426492626,-0.038286159137052724,0.022904304686388533,0.023373594357705516,0.010820728408337877,0.04330388284325543
485,-5.681656330810123,0.3175597810429271,-0.4981745061730518,0.06130465753285978,0.16020584168872462,0.027250055848644143,0.1676106695714181,0.19999999999999996,-0.010361575972482202,-0.12527540780587235,-0.1144119817648009,-0.13357980981519796,0.03567652542477478,0.03147011724124563,0.042785137757390033,0.061846864698767136,0.03489015259667243,-0.008868438494074869,-0.029584473094432545
486,-5.702250765257746,0.32674301354076635,-0.4857936897860764,0.09507566800156306,0.06222661519412924,-0.007686211129707171,-0.1170718719908141,0.19999999999999996,-0.08937873337109153,0.13397829956899945,-0.1462254673378165,-0.14835713340587903,0.02330269515164057,0.009656769307172935,-0.013223875342344689,0.018718876183523928,0.01115262984445741,0.015738766870437345,-0.008421683210413807
487,-2.327602957880874,0.3055045375972342,-0.5149823348852404,0.1498384829780174,0.16584919212014218,0.07619837841543328,0.14165545045032624,0.19999999999999996,0.04557835350244791,-0.092384839990536,-0.10424254397956159,0.024252758563535506,0.0657857509714353,0.06473823342228406,0.06781866099213793,0.08793357718902792,0.07224422816872902,0.019909930132093443,-0.017815747200252304
488,-9.547980078548846,0.3171276289253817,-0.49876591953984867,-0.02685567913057265,0.06400398144014778,0.208092198289811,-0.020831729268390685,0.2677299471214766,0.22884589737048752,-0.046726954760293614,-0.1230471033972455,0.013866509221574685,0.00960922148350234,0.034389060140915605,0.01821048092500984,0.04182896385646128,0.05515293906265055,0.015193080828530605,-0.01584581268447407
489,-5.971634292881367,0.3094929415154134,-0.5093492513154713,0.024430019380473487,0.005465316544268034,-0.2143981741327754,0.04563386213472172,0.19999999999999996,-0.20130026068901008,0.1782971120934814,0.009106399011922919,0.12136885601334703,0.0012013431894730454,-0.03312269707586296,-0.017254855158534543,0.02824334486690106,-0.006501219506923845,0.009157646795147599,0.020893558381270896
490,-7.250022352047473,0.34983614232209737,-0.4561353246452005,0.23196240288218936,-0.08758253288158438,0.1723713412281943,-0.11516636946698548,0.19999999999999984,-0.08171147455069802,0.05208421828087276,-0.04443736536853369,-0.014684295340942064,0.01459508115601169,0.022162774658358943,0.0047298179617687635,0.02352263960212388,0.01077741096486286,0.0050643926875229995,0.000540554148992377
491,-4.491381047378688,0.30095793719389224,-0.5214941984961818,-0.07845319818952197,-0.12909148665412473,-0.03635409343379855,-0.26328407818131483,0.2505502564179747,0.020931469058484753,-0.05297766214490548,-0.043913779785175876,0.1244439761346991,-0.035992003920132735,-0.03516011653968132,-0.05849955335716599,-0.004111319344461576,0.023459792243640497,-0.0035645402908933417,-0.013885483542523584
492,-0.9182873753919374,0.3102041918755402,-0.5083523377406106,-0.06172672092183342,-0.08081052404277145,0.11593805125475003,0.13367453539418234,0.19999999999999996,0.15248164251042062,0.10291533580810355,0.09629604034852271,-0.05615714971941596,-0.031008340450288902,0.0010556441419219476,0.04928317818394378,0.08546249217373246,0.1010223609528371,0.09138478240551365,0.0780723748381022
493,-15.814580585416184,0.33328831748775567,-0.4771799090803128,-0.09154828265872465,-0.005338606639463975,-0.015527666149269124,-0.14037627701179656,0.19999999999999996,-0.1783500904844667,-0.09940470068091357,0.16434593455238655,-0.10510844182297897,-0.0038115165020651313,-0.0020451797762874686,-0.013915261682724432,0.017648112596366523,-0.01333436010410287,-0.017983926533969314,0.016430834366747797
494,-1.5752797985783076,0.28466220109478535,-0.5456701968706044,0.12040610563558724,-0.11110995235892869,-0.1317036830199517,0.07363651454683363,0.19999999999999996,0.12178889024064234,-0.07073644260947101,0.0877507698508364,-0.08286764173774905,0.002119541357343384,-0.04027095747030232,-0.016268316762709418,0.046360580897306054,0.07033980332256916,0.03243896267341657,0.021572443414817125
495,-3.1496935388869858,0.3157771535580524,-0.5006192943485958,-0.2556913240927438,0.0629521305173309,-0.007688588428862248,-0.17310571292401025,0.19999999999999996,-0.009706737696922273,0.12754238706199725,0.1501214754759661,-0.013191643802167238,-0.03614348615894849,-0.010775673405816978,-0.03637377483849463,0.0013514332984178971,0.02151558807426083,0.030916283588858878,0.052822442337663825
496,-0.1464789992012534,0.26263144626908674,-0.5806532747297883,0.0664187038359937,-0.1611873890466139,-0.05896860277835461,0.029333652805902763,0.19999999999999996,0.1942838003056794,-0.1595787017954247,0.12215681061974759,0.008072338812283425,-0.020007371607692954,-0.0487788795693542,-0.02142053603199577,0.042707058313727786,0.09237048940020419,0.03868186247499138,0.018390936854672614
497,-15.936359192651892,0.34042783059636994,-0.4679749427696935,0.02585429476672096,0.14658673921387919,-0.09212790755607192,-0.15685899877433326,0.19999999999999996,-0.005179927570375008,-0.04517579376661475,-0.14213798910065936,0.1860783492513457,0.01717886019801302,-0.008593344344442711,-0.022169935750616227,0.018902424201879056,0.008772543510548111,-0.009005784770770919,-0.017697106646182043
498,-13.625249220957045,0.348773768366465,-0.4574561862454806,0.07336697026203082,0.19039026833386305,0.07029671207519113,0.11746545874478863,0.20000000000000007,0.16441425713733399,0.12788730405951562,-0.023278094135821645,-0.03290093525145509,0.028163440199055027,0.01831833151363861,0.018104506711439254,0.030774615650326034,0.030114666972740452,0.021320983599418128,0.0005534694352164336
499,-7.727705593027851,0.3306323825986747,-0.48065461327156445,0.08274676114900413,-0.03493745388603606,-0.04477889547080677,-0.11808566272700892,0.19999999999999984,-0.03179518355885249,0.16855711842559468,0.13588236262947337,0.18321656215322368,0.0027925962172054976,-0.010022818658382088,-0.019939119752210955,0.017143717170727765,0.015420809455047951,0.027472179251623208,0.04123097496112067
500,-9.13756307114471,0.3322529530394699,-0.4785311503911077,0.17983548835209273,0.18807218721540445,-0.0069667679006899874,-0.10496912004724546,0.19999999999999996,-0.09592807282559944,0.16651228027089887,-0.04750404304436252,0.010212040343706522,0.0427999672946701,0.016563936043954137,-0.009388873179863689,0.02099387122944054,0.006840455403619126,0.01936354186146779,0.008753436363130978
501,-19.342985422487523,0.32505041774704696,-0.48804927147922855,-0.14957672993413035,0.0853477708450433,0.0026838017458438493,-0.022495185290551153,0.20000000000000018,-0.07401051115899086,-0.21684740828223692,-0.2184309376984847,0.030607655044718796,0.007068641203894949,0.0055115749051220025,-0.0003593563592789816,0.0204635011101253,-0.007060662850049514,-0.03311087380313936,-0.028653999459265597
502,-6.757241917017492,0.3178388792855085,-0.49779297929229066,-0.17092895612471856,0.006226420247067166,-0.04472543242283165,-0.04302413994296523,0.21276960308999415,0.24036798621355843,0.04114483141692393,0.09667999654549093,0.14413263399645007,-0.019933140833724217,-0.012489184979443981,-0.011814955464743386,0.028621103757870376,0.0604145273511544,0.04109717628395406,0.03139273745956895
503,-14.40090055037782,0.3246542783059637,-0.4885788696049348,0.18895651809603828,-0.08153969277154823,-0.22838453081406349,-0.06024398173408633,0.19999999999999996,-0.07757346098614677,0.08306258568116373,0.010345512805113333,0.06989371711183988,-0.005027359746299901,-0.034614724367042646,-0.014662368978904449,0.02473572625023853,0.0024247228676887904,0.005176886407443022,0.004976050918636732
504,-6.9535551901863535,0.3321269086718525,-0.4786959367645145,0.08181088702745269,-0.07355185666861035,-0.045673104211722146,0.1617510693010876,0.19999999999999973,-0.03494003475192017,-0.07848005084128437,0.15019582732553693,0.1735971698723859,-0.0026859330322605572,-0.01103653630257374,0.021960614340243472,0.04844077093480038,0.02099120346189731,-0.006521759110235943,0.020454817345444253
505,-11.196757485115604,0.3347468308844713,-0.47528352584964,-0.06638246312298748,-0.17249400379348348,0.07612432476434346,0.08498228748127869,0.22155841249941655,-0.06638512742874181,0.13857885314839297,0.07179501701564461,0.10169951074571104,-0.02660148027624582,-9.398117115683006e-05,0.0189576002076841,0.0344354430812234,0.006539590266970468,0.014804570593145243,0.019865756520396197
506,-14.382742385722253,0.3502142754249496,-0.45566615519168197,0.04946670688582576,-0.03052331878638464,0.15721156123988367,-0.17249587787823215,0.19999999999999996,0.044070072415890726,0.12684055657494137,0.16786067618197603,0.051531230036865744,0.0001616159245285746,0.015434451897793432,-0.012338187237599552,0.016277051461246948,0.016369270271017856,0.01805671074380739,0.024898199494426298
507,-8.398763446693975,0.3341976375684241,-0.47599662444449353,-0.03730712900585011,-0.18378109893700556,-0.11090128331081335,0.004107089009757683,0.19999999999999996,-0.05378750176069387,0.20603684426872138,-0.0607316217136439,0.14334743199351418,-0.032353656621303496,-0.03481960501685186,-0.011299471237512715,0.02531966453227764,0.011086505190517853,0.025921147584360718,0.01139686202901948
508,-3.5967790358506164,0.3152549697493518,-0.5013380583862603,-0.1781244726445337,0.06093166053786213,-0.13505151476650376,-0.12252051969522301,0.20000000000000007,-0.022699190660457984,-0.004070369420533581,-0.16896712869814076,-0.10763514357674502,-0.02232036356670348,-0.02811445338390373,-0.04594241397899903,0.004279872802075892,0.01671946596083936,-0.0020225760171704056,-0.03496411446674734
509,-11.408835514062513,0.32615780754825696,-0.4865722208988421,0.11017511825952579,-0.16328288860173815,0.04151831898173662,-0.0916462581065485,0.20000000000000007,0.13628187633228167,-0.09409077700141728,0.06067638269383919,-0.10232838002291277,-0.014284473348482749,-0.005936590393399378,-0.007216390455345557,0.023041546442026068,0.02968701821597575,-0.0033020932855820397,0.0005836901344617419
510,-13.163314638819816,0.33961754537597233,-0.4690098812574869,-0.16560939619054713,0.04162783438610152,0.03610905045493408,0.09284423025894961,0.19999999999999984,-0.15786463571716736,-0.12308404743500853,-0.1665909222700316,-0.016269883287260308,-0.0024491411239639417,0.009089198645938181,0.016413024504604707,0.02739706409537172,-0.013014144010252424,-0.027666595549001714,-0.02726830593007462
511,-9.162177983352201,0.33480985306828004,-0.47520176970441014,-0.02685037041944387,-0.1783887744286424,-0.09266461733369555,-0.05860687889389201,0.19999999999999984,-0.132155862942045,-0.15711021233538444,-0.09355670298111107,0.06066658066578575,-0.029305601743433714,-0.03002771600129867,-0.016609774638499483,0.01944875423941467,-0.006634680543669694,-0.03506901395414731,-0.02897307859051118
512,-8.491360274452209,0.33119057908383753,-0.47992202548044005,0.06543478579635982,-0.12189460736490519,0.1629253999494127,-0.14640880199904643,0.19999999999999996,-0.029174099344546525,0.05654317381641352,-0.0853706916406565,-0.13224844008865935,-0.009727901409504698,0.011891763501281438,-0.005302748614493681,0.017837401553770612,0.013623097341520635,0.007643023766710919,-0.007995305667198646
513,-14.976228509658561,0.339032339383463,-0.46975887363787294,-0.14935499302741417,-0.15643759246075062,-0.014558931913058785,-0.17151380003231262,0.19999999999999996,0.03669095649979044,0.1777365037330523,-0.0483446264334672,0.045362595900153825,-0.024738567983848655,-0.0073803283479620865,-0.015396508444132047,0.01996489794402145,0.01666485258681041,0.020418711880092567,-0.0012172252833258298
514,-7.296485122984052,0.31682152117545376,-0.4991853251561263,-0.011687019046667224,-0.17547802525383152,-0.2252956717617327,0.040688086223524,0.19999999999999996,-0.08131838950140383,-0.17932475707842638,0.06266615455228622,-0.02354189658212814,-0.031649873185568125,-0.054399318991613356,-0.02113106939405408,0.025736351645437337,0.0031395264737324314,-0.034319071698346096,-0.013027656368921763
515,-12.340389587894162,0.32818352059925093,-0.48388323038986014,0.07018285160924163,-0.11652845460026438,-0.02782250486344264,0.13047886852237087,0.19999999999999996,-0.09957965024279099,-0.06377023978610774,0.28050902977312586,-0.011128400602655955,-0.011561537162881441,-0.008806720299795762,0.01818110811217116,0.03267001721567662,-0.0030418963423852986,-0.01193293668168072,0.032771934135081345
516,-7.201262414365663,0.3287687265917603,-0.4831095004829031,0.12702659929192492,0.11857966780919493,0.025836177360313798,0.036148678762376006,0.19999999999999996,0.040889294372948415,-0.16588521444423399,0.12404149326603377,0.16159287469297423,0.03323709718260554,0.021557470662936087,0.016468724347407655,0.03979071900875952,0.03075663721562391,-0.011060122488187793,0.00921888476643374
517,-5.989164332479289,0.33381050129645634,-0.47650000503434375,-0.19430733472717573,-0.016967108612214576,-0.044155912045363684,0.1943058839912444,0.19999999999999996,-0.013567909576833945,-0.11003431682435431,-0.2156295268644982,-0.011032007358315133,-0.028954364629252115,-0.014603941357087147,0.024499040889171212,0.05349691478858743,0.026781060084861915,-0.013550566732768944,-0.04624977684244504
518,-13.401575176358886,0.33002016709881876,-0.4814595201459957,0.011876489743161875,0.021283453429971552,0.17251641411016716,0.09708710298414194,0.19999999999999996,0.1363603297818603,-0.18426598809080239,-0.15110537561522003,0.025504846244674827,0.005363930785943747,0.023869654224209922,0.022637169852398702,0.029848131079065653,0.02279557827282464,-0.020679654119795544,-0.029221980082596605
519,-0.10874635411843059,0.2867419331604725,-0.5425087911535392,-0.11907097248451881,-0.12386655872530865,0.14284359811517133,-0.07405938837302915,0.19999999999999984,0.10046703013990216,-0.06929379625226434,0.07409402548788983,0.09630463042191584,-0.058711470738322474,-0.016547991007327633,0.0027392706240938606,0.03304501602579407,0.06850488926880284,0.03216760982563484,0.0214841501623048
520,-13.438565751771492,0.32285364448285797,-0.49099430676515393,0.06669631961009127,0.024760092505556525,0.07359048315138692,-0.1899088188792624,0.19999999999999996,-0.03829603983388943,0.12053952080900611,0.16323023258340422,-0.12297849262740322,0.007176839200297075,0.007570238844005078,-0.018611407211516218,0.015015716138485386,0.007664745299344578,0.014751204648962542,0.02437874760935124
521,-14.684784934381415,0.3534194036300778,-0.45170961029575574,-0.011034122342478898,0.008554021844092242,0.0803681057812533,0.17684948032636447,0.19999999999999996,0.12853951341895115,0.06399306325715501,0.14435664642955204,0.18630504660015298,0.0016082259396491168,0.012452375440342268,0.027144139793852134,0.0317433106392016,0.0212032735856158,0.010371649302190753,0.019047849644758707
522,-14.410864474132689,0.3431828003457217,-0.4644744862724125,0.10684462217134953,0.04259857910731994,0.1054892119155056,0.05811787012477619,0.19999999999999996,0.16853206541807503,0.10741775545606252,0.03071183125670388,-0.1802880645502074,0.010894877017009504,0.014058201836422148,0.012542411442883983,0.027291296807609496,0.028852378002368437,0.01762470006749504,0.002837806101926213
523,-7.361937926127723,0.3360342840679919,-0.47361641123523956,-0.1818396439854803,0.11007465275621388,-0.135118387787331,0.08088319179829223,0.20000000000000007,-0.021242012210139827,0.1790185678924958,0.08592751103392395,0.005896032536123022,-0.00470731214737722,-0.012717902990049783,0.0009435973821292525,0.03551740020328403,0.02098274060947254,0.031604926151485295,0.034377966965326016
524,-17.940701600994853,0.35193388072601556,-0.45353892155907083,0.19409457481936201,0.07003359164098093,0.010266388249808191,-0.09284152360532737,0.19999999999999996,-0.027671065227908357,0.030273221068038713,-0.1373241875122345,-0.23749544787634003,0.01247434301934497,-0.0029511327703111634,-0.012228943844294645,0.018705094626730666,0.0034217577758918517,-0.0024080755042601627,-0.01918707127521563
525,-0.15236675901487118,0.26992401325266496,-0.5687584775804917,0.009105645227414234,0.18835411696935156,-0.1533323395803452,0.11540598629532003,0.19999999999999984,0.2009488456581128,-0.05866625813202406,0.07300714140885055,0.001179666728581758,0.04345375175777584,0.01897214583199929,0.011772865502028766,0.07412337500910687,0.11157684924350005,0.07351301556373817,0.04125939180566763
526,-18.387791385153434,0.3216562229904927,-0.49260804201182257,-0.0028925767849052562,-0.10704651045943447,-0.16443010085109155,-0.14682998429763786,0.19999999999999996,-0.06636649058498843,0.01816772129505322,0.2012616208176875,-0.09300499490920172,-0.014118118894682077,-0.022480098099647745,-0.015030127317878249,0.0244786108595957,0.002995128476651933,0.0006402353013721026,0.021794328394677296
527,-3.045298006109075,0.31688454335926247,-0.4990989438248195,-0.03145061158777903,-0.09256810959050164,0.1704334164117936,-0.21750640953667827,0.20000000000000007,0.014291191610245417,-0.1479610634060074,0.07786466877677574,-0.04792452908021886,-0.021295801727423288,0.009626891577402307,-0.014505138231749246,0.005724652959160082,0.026059013998491,-0.015973967767532935,-0.008890058090734164
528,-6.405016618420653,0.3251764621146644,-0.4878808983291412,0.17210671859463247,-0.024860370171177683,-0.07244312166721399,-0.03482422272901921,0.19999999999999996,0.21301345524783283,-0.17504894055172301,0.03521919579948695,0.07248397523891392,0.016496970274350712,-0.009105799782064149,-0.009769252532714271,0.0302415595766617,0.056219639436984804,0.005308382501479014,-0.004145527669797536
529,-6.227094129150615,0.31741573033707865,-0.49837155448945547,-0.10091017750118318,0.12695668310673694,-0.0017645815919348857,-0.10442274773547225,0.19999999999999996,-0.0983731787972695,0.1182996622051517,-0.07852257990823885,-0.17075038915401272,0.0078436508472665,0.010709915932226645,-0.011678678849874575,0.01890400951385462,0.007652993144528988,0.011930667291167553,-0.0012809196357524827
530,-6.022756654337872,0.3324150100835494,-0.47831937402968594,0.11180719500046697,-0.16123993791947125,-0.03083812255517803,-0.08162279325342482,0.19999999999999996,-0.12461733354356709,-0.0012831226096789547,-0.17138522150835803,0.11720627360985496,-0.012374131089260179,-0.022931159490769234,-0.01895835207702554,0.017797232113750477,0.0008314096017573335,-0.014096485306103095,-0.029812104730630205
531,-1.4274959624598509,0.3092228464419476,-0.5097284264059728,-0.09978967310758748,-0.0017808077142895554,0.1349177329871943,-0.06424833963824962,0.19999999999999996,-0.11670699619239552,-0.1300746320921622,-0.17186291087755537,0.080618907390566,-0.021453779889853492,0.017331227446391078,0.015692390421897115,0.035762831950271336,0.01762290368240148,-0.038379533798746104,-0.06722604685887834
532,-18.16187531446572,0.34093200806683954,-0.4673322235459785,-0.1620547667581134,-0.12573972292940316,-0.01130095384499844,-0.15340620183956222,0.20000000000000007,-0.15741943296214686,0.052637627140733736,-0.10859294070574782,-0.028848353819294327,-0.017935960666975503,-0.0018050567583240292,-0.010262575593898305,0.020166344338870292,-0.008683301122837493,-0.0013875810504123507,-0.009948333430988464
533,-7.757296819935943,0.32357389801210024,-0.490026519218363,0.06353665636752591,0.15028584332312248,-0.15982835808654494,-0.056233412556486534,0.19999999999999996,0.0718648063116774,0.15969515094583026,0.12566444861976694,-0.01289132378904566,0.027530278276673054,-0.00783967346169743,-0.018248546394096832,0.02420550560228492,0.03290035986885856,0.03791252333968253,0.03912526120591833
534,-16.004280281815817,0.32278161912993375,-0.4910912042403223,0.1615640033072165,-0.026926633718752976,0.03253849115853234,0.10572088274055984,0.19999999999999996,-0.04956371624931921,-0.1383855366030554,0.12892850130724842,-0.15637223491531538,0.0022911690971960156,0.0012851778063430938,0.014810576404801915,0.02587251856827994,-0.0033083453664403155,-0.021211277119236253,0.008093319716010603
535,-12.967040322731192,0.32957000864304237,-0.4820523166152868,0.13258006428389008,0.05758580254232979,-0.02744679089883584,-0.14015871971053318,0.20000000000000007,-0.11244063885699414,0.026678072493666202,0.14730484679719444,0.15580506441655634,0.013772675503656427,-0.003220848023767258,-0.01783026748981972,0.017203628274012367,-0.0022463706896872025,-0.0009484852200106872,0.022251112766535328
536,-12.566822897186597,0.3485396859694613,-0.4577477644346464,0.18037290949045803,0.06880709429193088,0.1464208057009989,0.03902341076418973,0.20000000000000018,0.08739032999527462,0.07936230009659868,0.05698547170974265,-0.14163767795080642,0.020436153136067663,0.022163311852532307,0.01443444934567486,0.028329341412418607,0.02308184119560316,0.015362785961706881,0.010037300378880554
537,-8.674249817022213,0.3254105445116681,-0.48756837841503015,-0.1550440618408508,-0.18629048793475467,-0.11877016825053355,0.05805055832035718,0.20000000000000007,-0.018529256399192708,0.025952796126536372,0.18371420955275725,-0.05364846157501744,-0.04332490387274612,-0.03664634031157508,-0.004338976840864902,0.029759686558702023,0.01346533803618971,0.0051871764354977845,0.02782841661175472
538,-4.592016880132805,0.32144014693171996,-0.4928998820778426,0.04829243830747967,0.14056857358633126,0.04694736949125647,-0.2038076445936439,0.19999999999999996,-0.20465083896709185,-0.04607938202595862,-0.05497646049029464,-0.05467729253794357,0.03313534233430039,0.03011545799035366,-0.016896235189023636,0.007778489539595119,-0.012030368368629205,-0.032270914155204736,-0.024701642451350075
539,-7.622787101805564,0.3387802506482282,-0.47008191500157837,0.0732638316980318,0.07905458862555985,-0.1339049892724901,-0.11086639845755161,0.19999999999999984,-0.0580370918317889,-0.17591152855190534,0.04875342720340163,0.12020814435927095,0.018176744610435558,-0.011770643197816587,-0.025754841528263874,0.01649759544864181,0.007125643597153203,-0.02906250812968869,-0.01010308702521731
540,-11.664425275875733,0.32791342552578506,-0.4842408019570338,-0.1456529620172067,-0.08264410219791941,-0.09793125093031818,-0.21963477660333933,0.19999999999999996,-0.031470492082184984,0.030600615411813935,-0.178534091479655,0.013531709277562452,-0.02113087037017092,-0.020640092557517708,-0.03245801448414132,0.012369573122098361,0.007946202819940597,-0.0011150443884081478,-0.02363805893625174
541,-1.6968043106109256,0.27987251512532413,-0.5530397493205531,0.15037461309952393,-0.03273466842877487,-0.1495543962431765,0.11194098494104363,0.19999999999999996,0.1583477594793559,0.16274039210494315,-0.031365227900015696,0.002941957803166447,0.02477677117340425,-0.02254751641354447,-0.003001543172641525,0.05826886282115354,0.08655894879535092,0.09042855302026669,0.056058839973044255
542,-10.391090543064825,0.35312229904926534,-0.4520748566417563,0.1737033404916932,-0.17898233223382695,0.23083880456270234,-0.09968095077635088,0.20000000000000007,0.030024544685924973,0.03936677058704461,0.007921665874203405,0.03948159078825358,-0.009049292586080327,0.0185694152497982,0.00508103340144759,0.022517527738066506,0.019406149031721706,0.009512972933023195,0.006015285490381714
543,-14.784809081121814,0.32194432440218956,-0.4922192267375265,-0.008596130820256011,0.10752397197914688,-0.11675986256846412,0.1379972384464053,0.20000000000000007,-0.1339332233875242,0.0551033949656616,-0.12389847714425095,-0.11618770068829089,0.01140975435158725,-0.00833278931854725,0.013225495370039945,0.028942269841045722,-0.00914316140505454,-0.003649000612253346,-0.014198637121453254
544,-4.717101669404988,0.32027873811581675,-0.49447189126271063,-0.003207989720147985,-0.08820708832614803,-0.061825870189172745,-0.04392456323387016,0.19999999999999996,-0.18153441850827234,-0.16063132704208255,-0.10882389269841031,0.15184485028189593,-0.016907591126206604,-0.025354748110111323,-0.019282893232430882,0.020087796179835006,-0.008954095601185728,-0.05087590376454253,-0.04879860931480622
545,-10.609411736093254,0.338096009795448,-0.47095995474160907,0.1100724700473134,-0.18274642714833922,-0.004270385283036457,-0.005596848227408355,0.19999999999999996,0.09902443010768677,-0.057847884636789186,-0.1816518592827321,-0.15878969526669465,-0.017270764553561576,-0.013154976648885855,0.0007677348390265753,0.028413115299674052,0.026793607348030966,-0.0028408834607775582,-0.03047006191587407
546,-6.92275762075495,0.3125810285220398,-0.5050373841486224,-0.08443570507692975,0.07246667816380802,-0.19303783701739644,0.16018271377813148,0.19999999999999984,-0.058798023280221934,-0.12607699716208723,0.08645732702974007,0.01854471849168517,-0.0009533303220643824,-0.022575154028915086,0.006485898572706749,0.04365516239066862,0.014350792503375249,-0.019108468317872766,0.0002905219167816164
547,-17.22629787774725,0.3391133679055027,-0.46965508992358307,-0.16145897129478134,0.1827507256149774,0.05460983473648174,0.16967108540093878,0.19999999999999996,0.04184338499271149,0.039446289466969625,-0.07021485704125137,0.08000485145188828,0.01772949047761671,0.01652439039309307,0.021279573519198822,0.025099412238949934,0.005518897016348876,-0.0017311163747172672,-0.010109036269991429
548,-12.988583426720925,0.3272291846730049,-0.48514796974028485,0.08256363871442333,-0.16436182154641352,-0.044128885875085976,-0.16140979006796194,0.19999999999999996,-0.058934321274979135,0.05616733163590337,-0.14389217224031314,0.08854203864491965,-0.017325919270571605,-0.016527080931827868,-0.019573544002748924,0.01775749187779701,0.004691079077570516,0.001295036197823197,-0.01531873593901669
549,-15.026911320145375,0.3450734658599827,-0.462088434141229,-0.11995436508000526,-0.14787135189743883,-0.012145905184263242,0.0645046610691322,0.19999999999999996,0.1233599098808582,-0.14325803267751194,-0.08485161936340314,-0.10405415484738727,-0.0225098880418389,-0.00434818056354216,0.012993030122595521,0.029624196078826562,0.019747276889190157,-0.017723474701471703,-0.0208386466778212
550,-0.9736090279349128,0.3199816335350043,-0.4948749488154489,0.0171133555033694,-0.021249021239798046,0.16246373043388568,-0.07770151759353733,0.19999999999999984,-0.1540750444199139,0.1460945740642095,-0.05913862658016516,-0.1621641301651211,0.002181886611492393,0.03085593447304049,0.024834403863297834,0.03881141609021563,0.018036958255748414,0.015269272154344635,0.01621034245061749
551,-5.2131825055461825,0.32295267934312877,-0.49086110802713595,-0.14118133387358886,0.1317075097676769,0.08483803830133052,-0.08793003187155875,0.19999999999999996,-0.09463475032180828,0.004594962718287691,0.15834062794919673,-0.09677274519655234,0.003296274599420228,0.025732317931077102,0.002975578759283442,0.025090090225799572,0.010953758263430948,-0.0013299116039341792,0.026420317271134076
552,-0.5846510192846424,0.32724719101123595,-0.4851240726108374,0.1319553605355068,0.019026611674498407,0.009824540401192768,0.1726906567479725,0.19999999999999996,-0.033205667949644094,0.14566651810166578,-0.035641243365560675,0.251989401223959,0.03859469375169414,0.024985487620378784,0.05429818519665788,0.09569370397216845,0.07092509428522606,0.05932710989162455,0.05014940601452494
553,-14.753328053721226,0.30432512244309995,-0.5166621945755887,-0.043343918573072945,-0.08114457440240962,0.040503020886222166,-0.02033110806158277,0.19999999999999996,0.04822971181823448,-0.1920975719697929,0.212345973407762,-0.1620041208809231,-0.011097618500690676,0.0021935195139193772,0.0029617711867688536,0.02428348902015506,0.011297911104928646,-0.021962700900973377,0.014197767695348503
554,-8.2859549970591,0.32617581388648803,-0.48654824527324786,-0.1264952674112344,0.08583349362518307,0.06074685992290426,0.00040420410766369737,0.19999999999999996,-0.14213023597189584,-0.18556753000435633,-0.19704199362799552,-0.0017804153287669035,0.0012733859699422048,0.014904319565358839,0.009056676007377718,0.028955480234028438,-0.0038642636804512927,-0.03963268554764282,-0.048248052246078754
555,-17.001666361430285,0.3516457793143186,-0.45389459090947387,-0.039077422890311714,-0.12455130507145687,0.14540005004284212,-0.1600071864143184,0.20000000000000007,-0.09408920565252507,0.03972050483052356,-0.12518286229538847,0.07197146280263375,-0.01383818393501775,0.012590523815244465,-0.009332088621205062,0.016360004226412848,-0.003112284918622576,-0.0021820724211154634,-0.012593008480813113
556,-6.632043656937492,0.3284626188418323,-0.48351404879666815,0.02097422094591854,-0.2275481179086552,-0.07286611921405689,-0.05709449514840775,0.19999999999999984,-0.023006095655504842,-0.04522498417742926,-0.16007779142414866,-0.193208175525879,-0.0349658894234869,-0.03933830593475875,-0.022653726612249892,0.018810059900951734,0.014063380865668785,-0.009733801053781353,-0.034281097852358666
557,-12.138399340941971,0.3403648084125612,-0.46805534959307993,-0.07568213548332252,0.1269429489175993,0.0040519924563331795,0.22906149380076835,0.19999999999999996,0.1668080222011195,0.00451767108365579,-0.08799927140326472,-0.1049364646539367,0.012346715160580921,0.01091722874811488,0.032398604293713266,0.04086992210785443,0.03258903449338323,0.008183221752978037,-0.012904404468240805
558,-0.040074564314238614,0.3067559781042927,-0.5132069649256255,-0.011945097173806412,-0.05571920656061333,-0.018413253706309113,-0.1384243670600827,0.19999999999999996,0.161821422053618,-0.14189336630759294,0.10160996930811711,-0.17017331782986037,-0.01653316298645187,-0.023358386151918768,-0.04151531211840228,0.004764387763446265,0.06954871267341507,0.02682633701718311,0.007186206641245768
559,-1.4076299026933299,0.2883985162777298,-0.5400069782593082,-0.007678848204960242,-0.11504911390782194,0.1140269187286369,-0.0846961138317646,0.19999999999999996,0.12803116165695044,0.16826829638470844,-0.14920234988928918,0.03304719739586822,-0.02436718789720543,-0.004614061760172066,2.5928880086107046e-05,0.030104466685619034,0.07008353094048286,0.0795039187738426,0.02893699142936419
560,-2.871591177470904,0.2949708297320657,-0.5302209301668713,0.038673828723029414,0.07669753296019609,-0.06896538877321631,-0.11548127909221934,0.19999999999999996,0.1262519837869467,0.1221093079625976,0.11553312982698308,-0.13628754887481148,0.021463271029527043,0.0028190709545324634,-0.025470421715483364,0.017010315475932982,0.05650801406055382,0.06124901994178004,0.05887099344537858
561,-12.995496338106932,0.33086646499567846,-0.4803472485711043,0.15528456360323578,0.17491475821494432,-0.04002261806781934,-0.1483756061025301,0.19999999999999996,0.053360398692383064,0.10173773820530696,0.03852312187159609,-0.0877811952421844,0.02971765962581617,0.000841075703994814,-0.020466297291954497,0.018410686405808785,0.02011906147540345,0.01610786460005568,0.008233826229267166
562,-2.10623575147703,0.30482029674445404,-0.5159561184655053,-0.11407216734720975,0.021457298830631143,0.04307906497905469,0.16088697352976855,0.20000000000000018,-0.16445838893123604,0.11202188640468433,-0.12023638187818723,0.06378783809922815,-0.01931772897274426,0.005843039593477231,0.041894660311257985,0.07419363360077062,0.025223340228541093,0.010520877692851528,-0.0008605673996327668
563,-12.372233225881619,0.3107083693460098,-0.5076470482840175,-0.0018135943652814199,0.14988866052508507,-0.05956782766779915,0.14728070991003528,0.19999999999999984,-0.11638781816871288,-0.16762404289791133,0.1379037333186151,0.01953361314655988,0.01865266272544815,0.0023979120335900902,0.017598220654217102,0.03257002454842261,-0.0062405972111183655,-0.027458858598040793,0.009255066407826817
564,-0.16933075241478335,0.2979508787093057,-0.5258553294268435,-0.1701319262799257,-0.011087935482449775,-0.00626811610953817,0.048040675903671254,0.19999999999999996,0.08198862753347694,-0.09077854151888733,0.20818178499197496,-0.1835223921800759,-0.04874920238786295,-0.024203735572755614,0.0009172649500858077,0.0526788069990503,0.07182174394704063,0.02824330911064269,0.04105173307903799
565,-16.783643570713352,0.32127808988764045,-0.49311889089837047,-0.06028207690108621,-0.15840738614454525,-0.02612876223681386,-0.1478713698364824,0.19999999999999996,-0.13789865804262988,-0.12718101513177066,0.01676724702921091,0.12546348467746093,-0.020491267082118615,-0.007907458485045033,-0.011721194790403284,0.020145200939167298,-0.00835125891665978,-0.020975962627184975,0.0007748145538427673
566,-2.2402280024757495,0.31236495246326706,-0.5053377001650173,-0.0929313998345784,0.014419757711892798,0.09504301289360517,0.09198195650669065,0.19999999999999996,-0.16863514363150875,0.13901757917292812,0.07296154905148786,0.12500960119730828,-0.015118412312342379,0.015717719319351595,0.038918328959098455,0.06348861831114204,0.020659357823573275,0.01649093031433493,0.043679896643068525
567,-13.226121498757095,0.3358452175165658,-0.47386083173614935,-0.14417075626587209,-0.08814304815606337,0.12037517998359132,-0.10094240057980866,0.19999999999999996,-0.12033077456069105,0.06294239748978314,-0.05688526776349432,-0.10621017520069616,-0.016777883276109472,0.010932642380721924,-0.0030751942358376695,0.018236913835244874,-0.004947427261600412,-0.00017649858253376187,-0.00570288402818759
568,-7.426226296740808,0.32664397868049555,-0.48592534313752994,-0.1882826084744839,-0.03063647887117715,0.13245435534635477,0.017355935784185563,0.20000000000000007,-0.11223346518557631,-0.1574342820343582,0.11956204468477614,0.04204082961908799,-0.023552633886540518,0.012344422227490924,0.016516562256449516,0.03250298991366788,0.002450030311912336,-0.029529503957859343,0.0015560201819766757
569,-16.899765799901232,0.3320008643042351,-0.47886078568731494,-0.05221742591112936,-0.04473192554376984,-0.02332464809805345,0.002308604643590817,0.19999999999999996,-0.20197855647380875,-0.1954372303228386,-0.21240228443102502,-0.06759932457578423,-0.00690300151211391,-0.0028183225636620643,0.0034749018774658325,0.02213856011104123,-0.020132881104109608,-0.03494696898423897,-0.028943878273445856
570,-15.87227390945623,0.3351789830020167,-0.47472322110503945,-0.22674021107586745,-0.18800582555659967,-0.061006304274782555,-0.04067042517261881,0.19999999999999984,0.08138024885028941,-0.035344886927180706,0.14530676075350193,0.02154533738915961,-0.030409023537979116,-0.009702634187154287,0.0011572180293881872,0.026788032992962237,0.017190743751698746,-0.0032844881670779143,0.012526420732815208
571,-6.304833350132162,0.32581568712186687,-0.48702800944908203,-0.14053315159089544,0.05527191841197099,0.14029509258507433,-0.0860833754089359,0.19999999999999996,-0.023019529972769074,-0.1582281724359006,-0.16271656218573158,-0.03385219740872216,-0.006842610328095126,0.023473850676658706,0.005876686443875267,0.025597986173595547,0.017847495102940692,-0.023654565514963217,-0.04433038040959067
572,-17.143247521164408,0.3245282339383463,-0.48874751362410235,-0.006287814719624657,0.1137151241720191,-0.059563823898589836,-0.14146900392395248,0.19999999999999996,-0.01719270646891635,0.11413428173886064,-0.18583270949533065,-0.16180453558270644,0.012353778295618551,-0.005474203633645437,-0.018043768112971353,0.019334607897497958,0.00795200633422539,0.008107322917760394,-0.022073223112482367
573,-0.13733490797530123,0.2744706136560069,-0.5615041466973787,-0.03347685917836104,-0.046936569104295355,-0.0018905307895558665,0.0837026399907671,0.30756842572527665,-0.11638185751199388,0.23936230400794878,0.16277546777199942,0.007905345919801897,-0.019851062402353188,-0.01577977642879429,0.016219151723964362,0.08754239111473124,0.0682958598355712,0.06687638257066313,0.10929925613869824
574,-8.65174391717823,0.3359622587150677,-0.47370950758755814,0.07320215220294146,-0.08029631599990998,-0.14460818359610625,0.12919587271187494,0.19999999999999996,-0.18106692898187107,0.018146507246633223,0.021640970385809425,0.1518430688748537,-0.006875655014529287,-0.0258184367677494,0.007399947249481354,0.0365643111237501,-0.006865350907339141,-0.010749494498438832,0.005280391876386816
575,-3.5467389115440753,0.3111405214635552,-0.50704342475753,0.13470212540549412,0.06046864389303449,0.0681480504811779,-0.057103994607526506,0.19999999999999996,-0.09118180924606899,-0.11632312048638964,-0.12956692208705697,0.14250533379325148,0.03648334381127242,0.03185147075041128,0.013083673846803872,0.035531443215675154,0.019205351366181227,-0.024297326489755897,-0.040271431748343925
576,-0.7712240884773038,0.3235108758282916,-0.4901111145847157,0.10254908554020699,0.09910882430874052,0.041714772262378005,-0.16678590498718118,0.19999999999999996,-0.1380778088147164,0.06401330220089851,0.06168863264566631,-0.1260616692402121,0.04844327585926839,0.04281127992890789,-0.006548319441871644,0.013593043540032074,0.010889374877597259,-0.0011702132079783648,0.02236908432229
577,-17.691721578849698,0.34284968308844715,-0.46489624763655957,0.12005169612708885,0.03013222693350573,-0.10789242320688405,-0.115832386773556,0.19999999999999984,0.13341849540380585,-0.1393350598765575,-0.027623709905087734,0.12571400177351436,0.00503090896876799,-0.015817169467251885,-0.01570664297228973,0.02357814837146423,0.022315694033676232,-0.016080031747397604,-0.010044233922783858
578,-14.184511884455336,0.34355193027945835,-0.4640076069910331,-0.13917939766089962,-0.09388457981416821,-0.14400004551886303,0.006350200102273739,0.19999999999999996,0.20420974212574375,0.10607012715777131,-0.04427851259607543,-0.062027395024204894,-0.019206137316468287,-0.01999229972920111,-0.00081059505168652,0.029863072323377253,0.03562343949151262,0.018379585515576235,-0.0063052959168655096
579,-14.34122673469612,0.34253457216940364,-0.4652955884207128,-0.04260182146673456,-0.04852682937725242,-0.07477630811130892,0.12198504808184603,0.19999999999999996,0.016579519786732777,0.1799409635408026,0.1637034454454863,0.15188606418983652,-0.008605555209296588,-0.009191270658947285,0.015292137963352737,0.031229595900192184,0.011379289275588735,0.02128958656685734,0.02748030402867774
580,-6.781929744417678,0.32961502448862,-0.48199300054353045,0.07961569729577653,-0.05413688066062135,-0.05913296842879872,0.1880546994586471,0.19999999999999984,0.061659584847750956,0.11136804010216848,0.14945438642628084,0.09657774277995615,0.0001091124305159492,-0.010671142847928824,0.025219111480488634,0.053311425035170557,0.04048532594251293,0.03587613168474139,0.045443653550161424
581,-19.501076891222958,0.3452895419187554,-0.46181657530173936,-0.10123594843659714,0.17252547961478146,0.1236771226585882,-0.09188964571507416,0.19999999999999996,0.0238115958096677,0.11893637833729873,0.16636418952849513,0.0015596398994974967,0.019037298684289744,0.018345072037939038,-0.009192814361528306,0.015662976490731603,0.007355882117596944,0.010784425920931035,0.01708328099503209
582,-16.12509389883616,0.3225205272255834,-0.4914426389291945,0.08156168305085297,0.1042456135131657,-0.16260579651233306,0.1044660096984311,0.19999999999999996,-0.08810370157741146,-0.14061437664227416,-0.08691723925741547,-0.03148557974811607,0.01296794839286571,-0.016348337010832825,0.006889757600464906,0.027714949263704006,-0.006368266171942289,-0.024799325996603228,-0.015516005055190001
583,-12.038758166328973,0.3290478248343417,-0.4827409757515858,0.14869698083019048,0.14319271014741655,-0.1709665348538805,0.1262039675051769,0.19999999999999996,0.09670982456348931,0.02774124045120746,-0.07637994303161741,-0.010108798617021441,0.025375989994582633,-0.01293555116246225,0.008349475806863562,0.035355989946958474,0.025589497328258468,0.008006602464696337,-0.00868637058739045
584,-5.133684682033106,0.3231507490636704,-0.490594833045218,-0.008274879357162448,-0.0265040372059235,0.0374562450798568,0.12254311514858475,0.19999999999999996,-0.16844412928399005,-0.17629569240835744,-0.1426829995634999,0.11779890195262516,-0.005233046824205079,0.003865197525800221,0.027892999517078205,0.05108453942976634,0.004144866591879093,-0.04419713874769935,-0.04985842521366865
585,-4.7885971006468235,0.33580920484010374,-0.47390740362240646,0.09399349957518414,0.06595787976228723,0.17676085035616984,0.05657985681792238,0.19999999999999996,-0.015396929454822808,0.11132343922342941,0.20111613662296315,-0.07887140818722105,0.028547616623663778,0.04691680116624645,0.0458455701757198,0.05628426591660607,0.03975785256499273,0.03708316498906506,0.06080225523055525
586,-0.9298616132395594,0.3014170988187842,-0.5208321146225422,-0.06287555052624717,0.035217085060325476,-0.08118588382410478,0.1726749124261847,0.19999999999999973,0.1618392163863875,0.05508676418806569,-0.047709471225275024,-0.1834111163634098,-0.009051575137664943,-0.012955198591651229,0.021379842318602033,0.08021037372604678,0.09942610471008632,0.07923326802210702,0.031723282047833735
587,-13.024483577573285,0.3438130221838087,-0.46367767809845273,0.06324602009520613,-0.11970301052376651,0.0941840425834487,-0.14888047702974067,0.19999999999999996,-0.07740377747646361,0.14871587505271044,0.12636367089946227,0.0215031263392017,-0.010924337566895731,0.003715090714432284,-0.011176230433747896,0.01697746231784156,0.0027664816159213646,0.015656497917487133,0.023605887757315744
588,-0.995540195020709,0.3257166522615961,-0.4871600375651495,0.0713036894148517,-0.03005801836506392,-0.17936656970801582,-0.10637137067039228,0.19999999999999996,-0.18446060722686491,-0.14353656296645217,0.0519595470342551,-0.03294363461410411,0.008003637596804206,-0.04068231875490939,-0.06340536861896427,-0.0037485375234371904,-0.013609271779269941,-0.06570194739315895,-0.04071140186389453
589,-11.672817669578263,0.3313076202823394,-0.4797685749586359,-0.047758006558902166,0.04767163059131427,-0.09681646762811942,0.20465947664499878,0.19999999999999984,-0.05972691711703835,0.07000308590938638,0.07883721608892294,-0.19452719946131783,0.002217043140369516,-0.007312764179228766,0.023675964520418664,0.03825858339672705,0.005050003438373329,0.005917082489487919,0.012384213316520775
590,-12.404068859599148,0.34614484298473064,-0.4607421343109827,0.09774687444211931,0.11627410650060734,0.1673580299145982,0.09690918430988547,0.19999999999999996,-0.1330955392502187,0.09357697852243307,-0.03957800414679917,-0.055461282913338836,0.02256017915535312,0.028889163096192782,0.02344858460362638,0.02877008856365844,-0.005436219426035914,0.004075489796462613,0.0007473258488072146
591,-1.949212305027185,0.3011289974070873,-0.5212474218119744,-0.16784535020230484,0.07378985379966436,-0.12135093783654372,-0.11979866517177515,0.20000000000000007,0.11609867651004249,0.10422186522330766,0.07183235233057123,-0.025062298925790566,-0.02329791992593182,-0.025791518016941066,-0.048935566469219774,0.004429259380507558,0.05117338582687565,0.056206564344541736,0.049474358269977994
592,-2.206950633899151,0.2919907807548257,-0.5346308606423844,0.011421357144452913,-0.15284973302577973,0.15183588934492145,0.14906266110191174,0.19999999999999996,-0.0016363011731463765,0.08747023008921676,0.19596554654936915,-0.049758281571201886,-0.02610013156622387,0.0017843931306391228,0.05270892725997,0.07879827992513436,0.05888065685062248,0.04521307855710079,0.0713124879851651
593,-13.860694165314495,0.329633030826851,-0.4819692763830361,0.09468293033244457,0.13289774451802552,-0.17259746253726096,-0.024120711705208596,0.19999999999999996,-0.12389721244460712,0.03790865047373512,-0.050737720467784256,0.1631575675209338,0.01872698732215871,-0.016942954486892137,-0.010310802729671487,0.02349440985488174,-0.004525734423739379,-0.0030193374506087365,-0.0025134110484484407
594,-6.939043577000916,0.3202337222702391,-0.4945329365493331,0.11738363538563197,-0.011700126956084841,-0.039464247626774925,0.04419356730946177,0.20000000000000007,-0.15128521454613225,-0.182238361340519,-0.11212244584249383,-0.14161240099290134,0.011279226218079662,-0.0033923836357230117,0.006470280405234143,0.03471205849420312,-0.0012787593115958168,-0.04088551513670891,-0.0416756359740712
595,-15.459001858951048,0.3417152837798905,-0.46633559622954657,0.010780256022327668,0.09232768191580104,-0.18879422524755074,-0.00028785811906239183,0.19999999999999996,0.06441784633606681,-0.1894755806870032,-0.12159887538157717,0.13231767629061092,0.009244689987745029,-0.01967486020875447,-0.005840855476708361,0.027068645945180166,0.014017748426420545,-0.024946548325806294,-0.02259315441747146
596,-12.660302192037513,0.343578939786805,-0.463973464790423,0.0705839071685848,0.006475754005718303,0.12753873681097153,-0.1770294569244972,0.19999999999999996,0.014677601376190372,0.17035369685847038,0.17837424222454937,0.05496660463101814,0.006162286321403772,0.014237488835508256,-0.013833660009915705,0.015909944105671217,0.015455857231446652,0.02476974847137287,0.03226432329681505
597,-4.846967060290762,0.30046276289253815,-0.5222093435359892,0.15693861111107102,-0.10429620035852424,-0.0970405673834668,-0.0013940424339855411,0.19999999999999996,0.16620491232687878,0.1618998658211831,-0.008076394790686156,0.10414940577420438,0.004341048386107234,-0.024644981975429442,-0.013441111317276749,0.032221846853040144,0.05966888328009914,0.06210741183840126,0.037504422834985576
598,-1.475618778348931,0.3194054307116105,-0.4956577040145847,-0.09297605713570142,-0.028405779701906067,-0.1335623309133681,0.08894626923787526,0.19999999999999996,-0.1518251222728419,0.07343222178468621,-0.1471540446724601,-0.08369817428116094,-0.029609789558126664,-0.04254530871869122,-0.01632951475560454,0.043127152774027795,0.014257776649324235,-0.004145940254305134,-0.02265494766834066
599,-3.890408355973417,0.33236099106885625,-0.47838995467643025,0.08611165247350984,0.06545106908631033,-0.13611401868924963,0.03384866785915609,0.20000000000000007,-0.14844072683097875,0.11970490989851151,-0.0816080125534045,0.12872094260887926,0.024867501110548456,-0.007847332187647618,-0.007338754380125311,0.03572662038266651,0.009423443017904562,0.008284224411267343,0.004423454158510712
600,-6.272265055819313,0.3168035148372227,-0.4992100086925735,-0.0010293646950910534,-0.059886510922850696,-0.2631928041080474,-0.07804396942783047,0.20000000000000007,-0.030908409448322998,0.24834328117651402,-0.08397334834801053,0.03462231187333278,-0.013476015919032434,-0.05160514155980985,-0.045617849924184745,0.01142310848893268,0.015162578647726249,0.03711542026167363,0.016215417958767204
601,-15.969599424193444,0.3539145779314319,-0.45110154817122877,0.1620469891701625,0.10512492532998247,0.1694767206744594,-0.08206260316579161,0.19999999999999996,-0.000758249813435464,0.11083439871923387,-0.12915300371702038,0.04054310940991435,0.019644172359751834,0.019550571242092977,-0.005550160213930114,0.01671602069047114,0.00732305289774607,0.008657601063359971,-0.012722835371525038
602,-11.429506488791489,0.33600727456064533,-0.47365132002876653,0.1479707706284837,0.14109268746525827,-0.007343477033294307,0.017835149521235064,0.19999999999999973,-0.1524414227428011,0.10486037615734117,0.17642123455543973,-0.05203488189614683,0.028182162307813702,0.008257163812432158,0.004373810526539587,0.02642887507624171,-0.005204828676089257,0.0075928806578569865,0.030458057282961786
603,-7.410918480160802,0.32180927686545663,-0.4924014405558029,0.010000770964759875,0.14852838661468318,0.05115240107304591,0.10719063703464943,0.19999999999999973,0.15182475360803066,-0.044441356654502204,-0.1415251769112721,0.1453365171390568,0.024864846251643848,0.025935460716566362,0.02904856504288344,0.048231996426440424,0.050145777724203484,0.01675660487597428,-0.015427644978273317
604,-3.2896053046390463,0.3158671852492077,-0.5004954896549487,-0.15390883235328268,0.046748294747743085,0.16564356886301276,-0.08344570999840512,0.19999999999999984,-0.04663363286987462,-0.11400221655969792,0.1228376466259034,0.06678009798208055,-0.017089213900960673,0.027999213121590774,0.015566745474380052,0.031770772354614014,0.0247057611072496,-0.014419166688318552,0.007055664372972025
605,-4.321745523835752,0.3078903774128493,-0.5116038840159471,0.1252246978852849,-0.11058814661185618,0.10492391379031453,0.06737799646728704,0.19999999999999996,0.142263908517327,0.016744429363046414,-0.1079713302845465,-0.12490557708033745,0.002048979787660622,0.009146870621691077,0.029289921151548513,0.05422881946108771,0.06506216112942244,0.03970765833948662,-0.001391639740279955
606,-8.991062174483764,0.33663749639873236,-0.4728375117348149,0.03527360319692566,0.07703204939666543,0.07222953244331912,-0.1409854264214524,0.20000000000000007,-0.11884626574661143,0.13912515626466015,0.10775059076900648,-0.10875737576135926,0.015274892127002008,0.016079958549264993,-0.010083356874825821,0.016925903336853988,0.0015353466515694802,0.01432745003830319,0.02630379191653318
607,-4.340629300129706,0.32658095649668684,-0.48600914332725514,0.15180851117700547,-0.09857996904063666,-0.11025109921842832,0.017148124879266587,0.19999999999999996,-0.05544850651412179,-0.18049756235669187,0.05317247277070128,-0.13309375404314808,0.005332203964224911,-0.02677971421227238,-0.01325522207460922,0.03159031457856187,0.01813880227496023,-0.03073467651131522,-0.0200117058274729
608,-15.290259262280909,0.3246812878133103,-0.4885427401192933,0.106187402487339,0.1336662239579861,-0.09554145442873123,0.05811664596387534,0.19999999999999984,-0.0695711883921902,-0.11048590487033211,0.09468551502805789,-0.13174566487148825,0.018763327837027128,-0.00779426735703614,0.002884150064420845,0.02559410219135676,-0.002723945171210485,-0.01804790596471993,0.0054275956696100995
609,-8.70745885162295,0.3300291702679343,-0.4814476724659954,-0.04871804984349373,-0.016422335596329912,0.10884820680280442,-0.05644962387244411,0.19999999999999996,0.03187745448503481,0.09880631821845363,-0.17135424951756353,-0.2675237616638759,-0.0054884991765998805,0.012944962403382157,0.0036613210582580524,0.025897143464032542,0.023809389388844103,0.018652295655567783,-0.01734455944223563
610,-8.520235281098232,0.330245246326707,-0.4811634250652547,-0.16379697490407877,-0.132407160710626,0.1631748474871973,0.06775171980593363,0.19999999999999996,-0.04046912896458439,0.06874548986536594,0.08955489946899221,0.07409977879322187,-0.03295070465929522,0.009543356127733306,0.024236360151689937,0.03597021052712434,0.0141053885996018,0.011238625320544295,0.022030632806675998
611,-3.674000249957846,0.32489736387208296,-0.48825381238678844,0.007723529728859212,-0.057651361482673046,0.18344795191013466,-0.04263381481989834,0.30355978926767857,-0.19608781466317363,0.08853753027883306,-0.037308755664541116,0.08304945218420831,-0.006627162895289199,0.023883539406259733,0.02532259109436903,0.05645802633342137,0.020489804117174687,0.0030409424472067625,0.00870738388325493
612,-7.511760433198933,0.3499441803514837,-0.4560012245030538,0.031003364389674604,0.09564501175359662,0.20286501048094718,-0.05604380749624288,0.19999999999999996,-0.04859933988020207,0.04760963701070729,0.16529933323549348,-0.1529344957531359,0.020831893965098325,0.04175273484740096,0.018856782594741855,0.03104745511875687,0.017206453816885063,0.012069637526200612,0.032067505662413114
613,-1.0591524577603053,0.29936437626044365,-0.5237998810604265,0.12435480832791615,0.08041015479572236,0.040379255459207126,0.08140072915188006,0.19999999999999996,-0.16543114083802493,-0.11629774189501166,0.024899631208694505,-0.16682653832354324,0.04838195702939912,0.04268809568312273,0.045703194962842426,0.07312870038669349,0.027252682600887566,-0.03445801784743678,-0.025480539085294903
614,-8.968396115895391,0.33546708441371365,-0.47435008580430627,-0.18010412597714942,0.06411064719361588,-0.011472533249937415,0.1405378003216728,0.19999999999999996,0.1690516599846735,0.022261581371845033,-0.0336258083267519,-0.17883584357435403,-0.006835779622103288,0.003176716122903927,0.021703729932473593,0.042740325759814575,0.04390725498715277,0.021397748640138936,-0.0008661919010613054
615,-1.8859989142567741,0.3020743301642178,-0.5198861788700493,0.08633709197372334,-0.09278350129308467,-0.0783638376225903,-0.14167387667005096,0.19999999999999996,-0.0420375866300425,0.08247334417560377,0.09904938244726649,0.17728137918763806,-0.0013365778761508674,-0.030842918356362613,-0.04779819959238682,0.0005838436761707187,0.019359894909509286,0.018029300505260734,0.040689380027476914
616,-6.733502301965679,0.31800993949870354,-0.49755930579550534,0.004581089227269821,-0.07694581881529178,-0.19299017737552215,0.034360436874647196,0.19999999999999996,-0.25111222024546337,-0.14383086622113853,-0.025423352372445977,-0.07075603886822118,-0.014372837398761988,-0.039441929270071084,-0.017397542584097918,0.025080324351435868,-0.02107109993655101,-0.04945100304041396,-0.0294236841204305
617,-19.123638467810256,0.3528071881302218,-0.45246257508928606,0.1567106473396211,-0.0010668419541584925,0.11810577157596923,-0.17398273693524713,0.19999999999999984,-0.0870329029361191,-0.036080260626003835,-0.03710518455433637,-0.1899156540785449,0.00399651485622078,0.007084871194579061,-0.01734956462183533,0.01461708232548638,-0.0038443621512847643,-0.009422876876225204,-0.006776881573370753
618,-17.021480332201026,0.33850115240564677,-0.47043984844837494,-0.10040315184710467,0.031832076536273464,0.054552976921930264,0.20938190244225585,0.19999999999999996,-0.05734429032988958,0.26315075722776576,-0.010325895981038799,0.07300894871374167,0.001712471582707773,0.011799691497704448,0.028628153741433925,0.02689078356341669,-0.0035220178840350506,0.02214100210904909,0.00488206129566776
619,-5.047521382723289,0.3316227312013829,-0.47935570822737694,-0.14222536533400412,-0.1483659702695902,0.07254857637535664,0.06822486600060915,0.19999999999999996,-0.04394126578479054,-0.006039830712314122,-0.16834457916866136,0.150309546354674,-0.045714421438544185,-0.015539715865764423,0.014496284042091582,0.04158680581936342,0.022604022433716904,-0.0004945976581364155,-0.025581847789196747
620,-7.7448952879933035,0.3315957216940363,-0.4793910814289362,-0.15545673419887293,-0.039628546471069434,-0.11362140390739127,-0.14529882877087358,0.20000000000000007,0.037838861629882536,0.1637081272756083,-0.0679461969987276,-0.0765013007475743,-0.023850912216174462,-0.027190978714543446,-0.03426682157807486,0.011037106467798367,0.02220837743932879,0.028752783257995188,0.005344361019128408
621,-6.164137216736643,0.33339635551714203,-0.4770391519208676,-0.09736141361886026,0.1640767193041129,0.13487281479320382,0.06269253134460948,0.19999999999999996,-0.08163085834541706,0.10970120650998282,-0.1120407958062597,0.03762366027755402,0.016262234997875966,0.04039654389347361,0.034805110545978166,0.04664044147566241,0.019947848726730742,0.0178432796759774,-2.0545434913741662e-05
622,-9.640575560359439,0.3301552146355517,-0.48128183887390175,0.02642875533950048,-0.20401871255294135,-0.0858706501135014,-0.11907623545482532,0.20000000000000007,-0.08392732722060044,0.1519412106452634,-0.10140404900668398,0.027333059666683594,-0.02789643094838003,-0.030031738797272667,-0.023378430314870347,0.015883209176451266,0.0035092991306015474,0.013233667260196494,-0.0036583970724626265
623,-17.85226841484632,0.3396085422068568,-0.4690213944391453,0.012671168759314563,-0.18050511900886884,0.11476308910710917,0.06983733930240793,0.19999999999999984,0.16650824386461807,0.13766926552964126,0.019546878053382323,-0.098498896374658,-0.01905058563964358,0.009592415624931423,0.01704200853691682,0.025970246568840304,0.022707069124967037,0.013857217322280001,-0.0024573455115652755
624,-11.620103981015102,0.3429847306251801,-0.4647252139305133,-0.046878240397838965,0.13898649954250109,0.11868835779377776,0.1412844896033478,0.20000000000000018,0.08091847945504321,-0.06989456671510673,0.07170291147244086,0.13164645501994343,0.017070249053077323,0.026174388140432412,0.02853761702686634,0.03595410986641108,0.022288736122220563,-0.002844146150291763,0.0077648360172933445
625,-1.4107112953582543,0.2740834773840392,-0.5621171443117251,-0.12768230865282554,-0.24382045489619547,0.005469380990279515,-0.08671769273111696,0.28997283480997216,-0.012091097525132976,-0.06432638206816545,0.023046068487661508,0.1468737798386505,-0.0814415557067106,-0.06964633003074816,-0.043082092835238915,0.025621555975142787,0.04512852429555253,0.0006128367764843572,-0.0026525693298577162
626,-9.937839515802056,0.3362503601267646,-0.47333724185650095,-0.09390331964923644,-0.0189342056481857,-0.009568875568677339,0.2241836681326138,0.20000000000000007,0.17419466811485523,0.014125975163971478,0.059322418380495213,-0.20576686934196478,-0.010080728950570609,-0.0007557355018131167,0.03276072973794102,0.047131628090622865,0.04151297956541231,0.0184172217910668,0.009866739269844684
627,-13.774449008179669,0.32790442235666956,-0.48425272608102454,-0.02866928994485162,0.1027391317995688,-0.20606724106181734,-0.08397244376253718,0.20000000000000018,-0.08885503820104487,-0.22659877648590177,0.06140314657595763,0.0016949321683207036,0.009067673342300993,-0.02184830146048164,-0.018311557532644192,0.021698448079139912,-0.0027355455481052936,-0.033101806774142734,-0.0031762247054156314
628,-8.244185307770366,0.32179127052722556,-0.4924257415088297,-0.09351762502285697,0.10967592151807183,0.08895185724571715,-0.08794099357896858,0.19999999999999996,0.1611424707050516,0.04903534493187604,-0.18152093440170503,-0.028214852595752755,0.008437935289234593,0.02106123452992694,-0.000491386699471254,0.025466162962174257,0.043681932249253944,0.025192397518645833,-0.017445826238939522
629,-15.948322834849108,0.35337438778450014,-0.4517649309100466,0.12251767137750103,-0.0022489805812890094,0.13546547476367327,-0.05954947609099633,0.19999999999999996,-0.15970787083739454,0.14525261430762101,-0.06498258401257613,0.1102753280289487,0.005238875427077385,0.013098610569852396,-0.0015781673622324202,0.01734136160479058,-0.011051881145283323,0.008194355483586034,-0.0004541782249033044
630,-5.077544311942271,0.3186851771823682,-0.49663813614224633,-0.09353829162082558,0.16571623856216755,-0.06872437563015643,0.03653045312710014,0.19999999999999984,0.08384833939216102,-0.18801745420301183,-0.07452316365225546,-0.08910168381232217,0.013865108900385148,0.008530891605801517,0.004816060507064925,0.040203047012588,0.04299347976490586,-0.0101173722918786,-0.032495641972425486
631,-13.191952771802066,0.3372857245750504,-0.47200203968681625,0.010264766990856027,-0.07893004375622312,0.18910474555324938,-0.0092622152433854,0.19999999999999996,0.17398516739508468,0.2190133007820655,-0.10213379835560096,0.017305961923534972,-0.007187909430058038,0.019964493837553107,0.011173420288909566,0.025895335481108266,0.03371092707742938,0.033544003399191266,-0.003949001671716234
632,-2.941238906092881,0.3139315038893691,-0.5031650994679184,-0.018059873951186238,0.18533950560306545,-0.08697833794726033,0.05663804416774139,0.19999999999999996,-0.021024228900679398,0.12613094786570747,0.17492254973476598,0.13090651182959376,0.03122773188864389,0.018485652827081336,0.010607091495125029,0.049524879842306045,0.04166019146782416,0.04158373613130253,0.06814368232887473
633,-0.5041454802409042,0.2992293287237107,-0.5239958416945075,0.14101256836319712,-0.11160443615561,0.002827642939507947,-0.1199423196127461,0.19999999999999996,-0.15619640121965864,0.029356653954165587,0.16306168590397602,0.07599829185113867,0.011648624710827166,-0.01415143847436306,-0.027595701688272252,0.010133262387379209,0.0036789604091352593,-0.01576465195002539,0.03539896179006295
634,-18.99104143012697,0.3466400172860847,-0.4601213023164839,-0.08372848397947318,0.012056670609769197,-0.09863355890147808,0.14269419055736318,0.19999999999999996,0.12383109078670755,0.12418281067091178,0.08058027992534941,0.13429291456894768,-0.001270835785488188,-0.007018375233683379,0.017434635630649207,0.02927978209484532,0.01663883528953744,0.01031620476495998,0.0062548031508854246
635,-6.818888164830096,0.33362143474503025,-0.4767460542799946,0.13352481590731383,-0.12766810895645905,-0.08667088931983853,0.011703102915903483,0.19999999999999996,0.09272176102527445,-0.1559174173429581,-0.16351708343229437,-0.028276821099958164,-0.0056693553457117145,-0.024440463426870444,-0.0076937810670832125,0.03125373329123401,0.03514238984289605,-0.010932962319691234,-0.039454615928759096
636,-12.826808225924932,0.34414613944108324,-0.46325709790696024,-0.041295276803249605,0.028310137674494598,0.18958131172507373,0.0697704596386081,0.19999999999999996,-0.12399569641898087,0.15397603185317907,-0.17977447350415715,0.013296612382256842,0.003815612383351161,0.026908723445127392,0.021200917996172366,0.026342070785800812,-0.004927912408290671,0.009817363439300314,-0.014222121928210828
637,-3.9864034062112452,0.32246650821089023,-0.491515385073737,-0.043074192886056566,-0.0635985011635071,0.15190160696993835,-0.11514187805925728,0.19999999999999996,-0.08541415100444485,-0.08225271320791155,0.12778595664287054,-0.13083100006601378,-0.016736326726936167,0.012672344831395482,0.0023011227361282222,0.022361717679112776,0.012644839745643321,-0.017269240560483314,0.007464782730083545
638,-4.630367994004001,0.3179739268222414,-0.4976084897685934,-0.15233976418377457,0.04094477582012256,-0.13484796191264295,0.06299266489698653,0.20000000000000018,-0.09629548281581778,0.03403789039371257,0.13459522756936845,0.14394623240757448,-0.018464006507931164,-0.024780207162216496,-0.008985822067874592,0.034858701530208855,0.012992084088913227,0.0020890856108611256,0.02950472263805893
639,-11.990531611717346,0.32714815615096515,-0.48525552309821185,0.041701695593716455,0.0932642596984143,-0.17653811913757667,0.04802935885156032,0.19999999999999996,0.10888780318361393,0.14554283909410076,-0.07896787487455409,-0.10706804956646342,0.012553487767978991,-0.017207374471947548,-0.0018985165935750097,0.030828255388298448,0.02842964786363725,0.023920762430590315,-0.003995659677241112
640,-9.303515593869713,0.34264261019879,-0.4651586302102106,-0.026419237819351755,0.10154900598198675,0.19860690107130835,-0.02488487118300259,0.19999999999999973,-0.03315712346344334,-0.04559470592151599,-0.18725252346841614,0.18253563109097523,0.0149209829105794,0.03654507305219825,0.0170590021864114,0.02916874217939301,0.013094557745750924,-0.007395654581962414,-0.026129955276370655
641,-2.85548981273935,0.3253655286660905,-0.4876284609354839,-0.08930865234514834,-0.05970463552800272,-0.13740713024804344,0.08515453409851423,0.20000000000000007,0.014672233409966122,0.1178955985350217,-0.19538673100846088,-0.10047048482684257,-0.031094295516337144,-0.04398149349881624,-0.015267838905712854,0.04068750863168382,0.041617193043988025,0.035824070078615676,-0.01010704743092109
642,-15.378792258568136,0.3404188274272544,-0.46798642854735184,0.08009355160611062,0.06221225353311441,-0.008002935869398032,-0.19129043155565453,0.19999999999999996,0.06253693355953906,-0.17605748228020396,-0.046270861422787954,0.17353555017319147,0.010199384816362931,-0.002362875126828051,-0.022677746820824043,0.017586601027055573,0.015681726415146716,-0.020962911824979093,-0.012067801273776753
643,-17.62625464088773,0.3178928983002017,-0.4977191740779449,-0.09063250793487113,0.09025724606185213,-0.1853797105612202,0.04618670815404615,0.19999999999999996,-0.13513400086591945,0.08026204484326888,0.11625949614959953,0.0558882854292225,0.006097665738330351,-0.016566282539700255,0.0022872097079522998,0.025992794997943863,-0.008921033564079297,0.0027715557876544345,0.01636842242814285
644,-7.305087608822191,0.3372857245750504,-0.47200203968681625,0.07470234871450161,0.16826706502675284,0.08889735875694274,0.07694135264850245,0.19999999999999996,-0.01762172125263821,0.14542164479248368,-0.07327650001095148,-0.15487200879722707,0.035726746678037886,0.03567846516408386,0.030255025902148902,0.04507164746369354,0.027367539329258582,0.02947356687849003,0.008248287208336902
645,-17.327165401940018,0.3219083117257275,-0.49226780961442956,-0.004373490264882171,0.1291156181322057,0.0514937870312557,-0.012809524624194692,0.19999999999999996,-0.1264627019436165,-0.036850721718955995,0.24386396055906093,0.19503019572582833,0.015433650419958625,0.00914428641112997,-0.000678293040575512,0.018700394129908038,-0.010731434973588062,-0.009025874263905847,0.03004329147916663
646,-19.517209181900785,0.31145563238259866,-0.5066038109110006,-0.019057088150863422,0.1491618603067051,-0.042690074432588786,0.10133942783444057,0.4004961903690205,0.082994779814477,-0.1219230151539888,0.03459121991927931,0.047746344018636554,0.015872811680688832,-0.0006496017051533294,0.011396374278147105,0.04636903856112428,0.011579022192971545,-0.02426383261087026,-0.006150768013753418
647,-16.562983739906652,0.359145419187554,-0.4447296685158143,0.08806059951910838,-0.03907121478074858,0.1156744431629761,0.10404034829265425,0.20000000000000007,0.14372266802575648,0.12777443963348759,0.13568777093380685,0.045968515651461685,-0.0006807618411743323,0.011935343841173339,0.017729716858935853,0.026060837232754593,0.02089748855853396,0.015319849344309897,0.014997103514360038
648,-8.733769938189706,0.33387352348026506,-0.4764180195869428,0.12190548958403763,0.07556592614888627,-0.10322652180937708,-0.1051863046812891,0.20000000000000007,0.12819252184657062,-0.039423376354703436,-0.13836940916253435,-0.08813045041260145,0.02098771439341589,-0.0075081920005443436,-0.02010729495508691,0.02119029891894736,0.03564506094346708,0.007090214585377761,-0.02193511222646337
649,-6.717853375514878,0.33068640161336793,-0.4805836636460242,0.15595081154294085,-0.18881963544488045,0.12669820938055465,-0.0864386927787799,0.19999999999999984,-0.04300745647375205,-0.03194715874239017,-0.06171405783907086,0.10542397779763117,-0.00975126950362712,0.0016079836199474674,0.0003883313896066447,0.024081078559322306,0.01521569974872338,-0.005232583900823615,-0.010378403928678252
650,-6.435544498819965,0.3293719389225007,-0.48231340361869246,-0.1537271527289445,0.010657248654405916,-0.0336821707899208,0.14982012145997348,0.19999999999999984,0.10151149366979528,-0.1045512665532129,0.10738698600580646,-0.13866356013794082,-0.017803849330103528,-0.007522873060347014,0.020468052439352364,0.049327145329054786,0.04299082478925942,0.005419878714776255,0.010191788377258397
651,-5.757155439971175,0.3094929415154134,-0.5093492513154713,-0.031327156782590855,0.10483721223733994,-0.08551252633795153,-0.053063033722333876,0.19999999999999984,-0.21184765232734562,0.06764515733012826,0.12414042900271545,0.1216268322595947,0.012106248324182674,-0.0021221431899351184,-0.013914983410044542,0.021456379340441045,-0.01016822453359317,-0.008577184409399875,0.02561877209215736
652,-19.616073854534296,0.33077643330452317,-0.48046544002152847,-0.07183727119747042,-0.028621902958146258,-0.11239628011694185,0.15305253476930059,0.19999999999999996,-0.10352397572503672,-0.14038488626004872,0.07850318089156749,-0.11167996808148806,-0.00560761949592488,-0.009243486775554803,0.019395225695227444,0.02735673515659365,-0.012353831299162737,-0.023590963559598062,0.004597631224372291
653,-4.4304203064143195,0.31163569576490924,-0.5063528026495321,-0.15849776287175824,-0.1430757489395474,-0.06856112908590914,0.1434202177369067,0.20000000000000007,0.08939291442057991,-0.10456124151293605,0.012210185824032155,0.08028079960833041,-0.05190800221757135,-0.04207350192824957,0.004913943935618365,0.0490442902378917,0.047530801225596726,0.006073855644323795,-0.004009544761163984
654,-18.260275476212914,0.3424265341400173,-0.4654325898356985,0.13307240687176564,-0.07170992193512629,-0.06736900920706398,0.07985675390688748,0.19999999999999996,-0.18170846947018582,-0.11312271639829158,0.11179965204089626,0.04136107016978306,-0.006144628127352213,-0.011528005995709509,0.00999668107193275,0.02447562893125337,-0.018673445074270045,-0.02112022880013231,0.012557906166122642
655,-10.877978245238268,0.3199456208585422,-0.4949238297048787,-0.2366331458248221,-0.07473498121367053,0.027347766570317854,0.03494124713422864,0.2304242523676019,-0.02401833882070803,-0.1160499735116404,0.22979180576487862,0.026058488792131882,-0.026058770687958276,-0.0017129909118521315,0.009025919110794705,0.03246092134743906,0.009763484843230929,-0.014842751636067146,0.022897887786417968
656,-13.065290106000734,0.3240600691443388,-0.4893744796702193,-0.07503212942660215,-0.005404033039612351,-0.016644585103987915,-0.18387966909182382,0.20000000000000007,0.05901269242052777,-0.2083159489424754,0.20482027922922674,0.04689066274574377,-0.0046541254925525095,-0.004040695867262357,-0.021455457676316146,0.017039894667461118,0.016282564452913373,-0.021981514458926887,0.014394271818835846
657,-14.290093345732199,0.3331082541054451,-0.47741460577164335,-0.04257516322630461,-0.014524135554979362,-0.059948892406425834,0.22189649186693822,0.20000000000000007,0.0640933578187396,-0.05606010869654166,0.21835642242163744,0.12254542800843327,-0.004252554971250573,-0.0047915069091415,0.027784438241732396,0.03557203625650597,0.01313630366089272,-0.0057663717021856275,0.023621868853138113
658,-7.639924587097751,0.3353680495534428,-0.47447831490700637,-0.07910536145351589,-0.06466267448113307,0.1395754302789237,-0.032819869474055234,0.19999999999999984,-0.10356419861839926,0.1824011469934782,-0.16876149759732875,-0.02910982110316601,-0.01646377335355528,0.012145740093936926,0.00985561290360746,0.027730984335529535,0.007249158347394957,0.01971884193867161,-0.006980758349828777
659,-2.6083602620357773,0.319414433880726,-0.49564546260856873,0.1646011755189793,-0.17501707579934128,-0.08752765337980786,0.05711932450062359,0.19999999999999984,-0.17102569306014193,-0.023887522263819325,-0.028565225575195828,-0.09225632990209102,-0.00280490074215612,-0.03842030836443471,-0.010725560757696624,0.038508273003937464,0.005908130094875889,-0.024789688342300303,-0.018127513718614183
660,-10.913683710825936,0.3318478104292711,-0.4790610435383537,-0.06680782245008006,-0.20267829685343622,-0.0105443185687623,-0.2075448346804624,0.25553205639503174,0.14938881753360206,0.015820742501029383,0.05908288232492043,-0.032600228692675336,-0.032218679954746046,-0.018045509249544286,-0.026377842439738224,0.02189743723232237,0.03614873014022767,0.01237840971403068,0.00753996968483942
661,-8.790752837662783,0.33180279458369344,-0.4791199604841529,0.06909670980247734,-0.1627299785140326,-0.008049716547064706,0.09983189635105401,0.19999999999999996,0.16724327724828322,-0.14883477751259344,-0.018258698391469156,-0.12595494563302556,-0.017613815357069986,-0.01358699619012877,0.014359410993171883,0.03971340280169952,0.04163589486438931,-0.0036842874741291674,-0.013329609534651059
662,-1.267727961684752,0.33556611927398444,-0.47422189455115343,0.02456388445166195,0.10259232065144813,0.07703096594356391,-0.07372130917641488,0.19999999999999996,-0.1487765753791231,0.17015889503786388,-0.03539730958251593,0.16775873977740824,0.029111859227330086,0.04221734510000982,0.017350114149919656,0.03693636954681573,0.018611868920045693,0.022504975285372382,0.03217232492562513
663,-7.542210221939442,0.27592912705272254,-0.5592024530162967,0.0011140568455818122,-0.07638625911227533,-0.03983976491407535,0.02478433316140689,0.5366929856692481,-0.005414041482544629,-0.042760633656317666,-0.004198622718463351,0.26880930244008694,-0.012102534528767665,-0.013950140757012536,0.004728086806120875,0.083371012282469,0.055764485186525645,0.005888727156660341,0.004416241826892933
664,-2.636670947595558,0.3180459521751657,-0.4975101273918854,0.11892514613039273,0.1450293118173764,-0.11023195472688781,0.04345261595020801,0.19999999999999984,-0.05122861640166419,0.09648326827528775,0.12278910727591356,0.11185997942226962,0.0508660086148207,0.017564593769493583,0.005965185524705972,0.04755223515804008,0.036659183899362686,0.030094807827410884,0.05152419452101331
665,-13.049079452465442,0.34555063382310575,-0.4614883060935802,0.03470385295764283,-0.05822138289282097,0.02490332424657955,-0.10008632127680242,0.19999999999999996,0.11729411708177727,0.17538722122092684,0.16605397854814127,0.12334980177530895,-0.005347768472294083,-0.0011910049075819222,-0.00875198451300012,0.022028416140020306,0.027828382103391402,0.029139315427134334,0.02964199625827397
666,-9.775691734267387,0.335269014693172,-0.4746065818816109,-0.10002566146680941,-0.1564668049108687,-0.1064523471351281,-0.058979374521476786,0.19999999999999996,-0.11833570188311913,-0.010452609589453005,-0.13297744728728986,0.11631005320585512,-0.0314503499843593,-0.02928069324337172,-0.016281380505326012,0.01968073358437719,-0.0034901166288707867,-0.012992540221576136,-0.020558763480586457
667,-13.137032393969061,0.31287813310285223,-0.5046247884185838,-0.19624278889015664,0.20024403158211945,-0.1405176367254457,-0.013422978345584459,0.19999999999999973,-0.05036913186670891,0.09072737213621455,-0.08884631647538231,0.01962974397838814,0.014035728432615266,-0.006530191679018834,-0.006936168676178799,0.02412449681977234,0.0050362848308841265,0.006461405348490365,-0.007626226168895904
668,-10.299789762586505,0.33725871506770383,-0.4720368189520994,0.12342332627839257,0.10740950567645627,0.17960429986340723,-0.18017880493011085,0.20000000000000007,-0.012497278350388982,-0.07676995909205084,-0.04314348080618394,-0.07697334500300933,0.02634916253164205,0.031440445346462044,-0.00806240704027906,0.01626813475109209,0.012749747883294929,-0.00931529976040819,-0.011166864074829162
669,-5.3517382664913455,0.3300471766061654,-0.4814239780755752,-0.12350571489033116,-0.12354492197447728,0.09098530794027962,-0.1066452683846163,0.19999999999999996,0.13237903568515416,0.11908097251161018,0.04464556305085136,-0.059213215562680055,-0.03738202012245859,-0.009285940626349104,-0.01093573337662333,0.020097459948602698,0.0462722386939813,0.045331258585436,0.031884211130473614
670,-10.112201015727454,0.3241501008354941,-0.48925383896222857,-0.02859286644936864,0.17469811133320248,-0.09449969399992096,0.07703207964427493,0.19999999999999996,0.012487501881531386,0.18143102867013688,-0.22237345232554617,0.008885265696018609,0.02104202930820966,0.0009274369033714463,0.0073206838194302785,0.03366348383463403,0.02036023600517021,0.025656495350224476,-0.015871594132433636
671,-19.49096077132172,0.33428766925957937,-0.4758796427651591,-0.11548336607868168,-0.12427882687448581,0.02478899769819617,0.015600002604736743,0.20000000000000007,-0.11989395903227575,0.1738634003975153,0.1594716252549284,0.06661982205918011,-0.015464337279319501,0.004090236918366293,0.00952140583025526,0.022848423394011393,-0.008264949874272471,0.013672372577685167,0.021680411015055863
672,-17.15134168805307,0.3363043791414578,-0.4732674775423722,0.09509817267576598,-0.03407959758481853,0.04166556929223279,0.1581536191372137,0.19999999999999996,-0.14075364255993236,0.009277063994413448,0.1627203016747298,0.15825203308089342,-0.0009999466297030493,0.0037333556847926035,0.021404655371578266,0.024912727890502726,-0.014872511802833022,-0.006957242229105375,0.021384531014199158
673,-17.44870025880857,0.34276865456640737,-0.4649989002006169,-0.1687808735580258,-0.10159099377789896,0.030597212432534267,-0.06435537983154915,0.19999999999999996,0.11758555914311229,0.14949095408678592,0.12803019428144216,-0.03956883288865154,-0.015490514145769324,0.004132190372407456,-8.087587958289815e-06,0.023930138135508736,0.021605271901469082,0.017790726801933367,0.0129061092696716
674,-19.808108740179105,0.34077895419187554,-0.4675272342121628,-0.07846193790027069,0.09552917576052071,-0.061007776569308766,-0.19623982380896746,0.19999999999999996,-0.07611951386218775,-0.14479008705511057,0.11582131281688181,-0.03203037222675234,0.008721210567952305,-0.005375121626795142,-0.021962894713217225,0.019014573479269357,-0.0010168320456652973,-0.01839259080897114,0.010311817304733805
675,-9.760832892203846,0.3366915154134255,-0.4727678276438642,-0.14252585999479747,-0.00826741318863724,-0.0935193440950013,-0.028332577105233236,0.19999999999999996,0.10847725356591865,0.16106531505952568,0.0939540250695709,-0.16385821192131556,-0.013753748292721808,-0.015602349025197903,-0.009642794229453574,0.025567124390722052,0.031750837892262074,0.033258392734312026,0.02460483484900014
676,-4.576162620349907,0.31179775280898875,-0.5061270191862177,0.12283654348443757,0.17710472109237857,-0.07467035411847121,0.035989525453734565,0.19999999999999996,-0.007442381368399286,-0.18336533897906332,0.03848477442422399,0.16010636107929158,0.04971879558452368,0.02192550794221495,0.010592700487619223,0.044095318064169414,0.03267508184709043,-0.018598335092781085,-0.012175803152167552
677,-18.281977671216584,0.3241861135119562,-0.4892055920608955,-0.14702098627052287,0.014503153409295828,-0.13759084038837624,0.053498153715265784,0.20000000000000007,-0.0333730720328218,-0.060257175767265275,0.16711537646868824,0.18664124194776388,-0.003002942164069276,-0.01110538725172763,0.0071024462281225964,0.027226041097740065,0.0002106791798609871,-0.01074064459900557,0.017847406060018486
678,-19.350848378095815,0.3342516565831173,-0.4759264316557347,0.09114454147397182,0.12144115816329543,-0.02044415066383591,0.17928738120151233,0.20000000000000007,-0.13586831181143239,0.11594879871376024,-0.1280432861210383,-0.00782237185115351,0.014899708759716454,-0.0006543357022067661,0.017409941495580603,0.02225215269703698,-0.015669292001171974,0.001164901627873995,-0.012404121740820007
679,-3.840004169169031,0.308736675309709,-0.5104117769366213,0.11972928502422585,0.10726084856378398,0.1173422551595979,-0.06005865909840006,0.19999999999999984,0.13338363183204693,-0.16894428934229072,-0.022012284162501235,0.07126874681715346,0.042212671610094336,0.04695684482636238,0.02279757323629037,0.041905324077375176,0.060900610992642816,0.008045034913837781,-0.014095683670090859
680,-5.895348019131806,0.32901181215787956,-0.4827885097615828,0.10799750751178804,-0.12022950987735184,0.135070759718929,-0.11289600108493282,0.19999999999999996,0.09102277467877129,0.02173322891646635,-0.10574108337006714,-0.10530913484169353,-0.0036918008095697358,0.009287195707545324,-0.0007012212425059595,0.02406813458653849,0.039739315602330266,0.021510051280989154,-0.008460859134868557
681,-13.441905197269875,0.3263738836070297,-0.4862846007121194,-0.16349496603698416,0.16882920148185138,-0.062116707790558875,0.16190136336240796,0.19999999999999973,-0.04961235088300372,-0.0415135846819374,-0.07249932526378805,0.08003250049946861,0.012816031469528508,0.0036349378834795005,0.01918939677506388,0.031853530434569566,0.001264915159171744,-0.011056599172422807,-0.010886616857305412
682,-9.037733000080092,0.3264549121290694,-0.48617679223182814,0.07331819685987995,0.025443178815179747,0.119020979996387,0.018713719353834847,0.19999999999999996,0.21396702436719386,0.08774268491645232,-0.19092927652180905,0.07086493916926334,0.011759007188330705,0.020882675394415455,0.01671821589289133,0.03591412050392295,0.05167935951491229,0.033667038048057894,-0.013019656037128697
683,-18.140970303605332,0.35395059060789397,-0.4510573586634675,0.1694904990424108,-0.04878678443963585,0.11415707169275062,-0.01360065245539808,0.19999999999999996,-0.06041346066894981,0.1118918871853808,-0.12223374934292112,0.1594258951725529,-0.0005894777387499115,0.007700407372768542,0.0022047279575795704,0.01910095959544165,-0.0023452684014032775,0.004974307438111311,-0.010653202716447307
684,-18.818915757763385,0.3359622587150677,-0.47370950758755814,0.13926867173781152,0.03525697352451107,-0.13689021282614322,-0.08322035723229868,0.19999999999999996,-0.18840110994829098,-0.0691200499611101,-0.015232479847793507,0.13261014492204093,0.005015804168022624,-0.01934856703985981,-0.012496409799794194,0.02134895079068459,-0.014481048417413833,-0.015077799689506614,0.001145483319484025
685,-8.31428113472365,0.3329822097378277,-0.4775789689533912,-0.10228231192878222,-0.03828312472437386,0.19101466139492024,0.03203481397291705,0.19999999999999996,-0.21256793924686718,-0.1777931084913049,-0.04585855038851549,0.00016548985231914481,-0.013167230388904277,0.023165941159048735,0.024199814636792532,0.032690678173655986,-0.013340949883524756,-0.042738984097232036,-0.025366932477994687
686,-16.808113809515227,0.349881158167675,-0.45607944455378113,0.09223938223454972,0.1882574214861373,-0.023242086625671197,0.09494361601661735,0.19999999999999996,0.05818624523593715,0.012229693818273709,0.21289957510511084,-0.11800197947770272,0.024275908857480016,0.0016666469726172972,0.00785088747445942,0.02481687359196743,0.010285896777199923,0.00042399277099627224,0.02032224698747196
687,-3.001360723118335,0.3055945692883895,-0.5148543678615367,-0.05708303631523562,0.15499931942481407,-0.1730216933231311,0.03795540862986769,0.19999999999999996,0.033792023511261336,-0.013502195224767515,0.18855827920730583,0.14108804436361685,0.016485912950042862,-0.0073644462868937745,-0.013320571703826266,0.03799863157572647,0.043703663572374554,0.02119009023677397,0.04494885808347276
688,-16.26505920013425,0.33597126188418325,-0.47369786945209713,0.1631493963667122,0.015295470745857848,-0.017867523295366623,-0.10251487619450259,0.20000000000000018,0.06572976787733678,0.08084572498745637,-0.17128932161495733,0.1833079189178102,0.006539077212746682,-0.005979758077652937,-0.012280717263304522,0.02115589498419827,0.01697812400667695,0.0068758141534118935,-0.018532803263327242
689,-9.928460504971785,0.3394104724863152,-0.4692747616858402,-0.03379140921026817,-0.19417309486106157,0.0881596946936548,0.051513088422547385,0.19999999999999996,0.06811569729556426,0.12041430211474065,-0.16913993124716922,-0.07469278215499399,-0.02877481226532542,-0.002436609556839529,0.014844033472714645,0.03280188158166401,0.02621156799907101,0.021241009573659243,-0.014006706558005316
690,-4.581954932949452,0.33311725727456065,-0.47740286792432296,-0.1340505345120797,-0.10057761061020407,0.034763354597183,0.08802653224618917,0.20000000000000007,-0.06178863704141958,0.0780775351140207,-0.16650646145667575,0.13620933442222802,-0.038371332020929204,-0.015737807311354417,0.014734460706282393,0.04506539282010529,0.023505627498626173,0.012918811916939256,-0.01327950221014922
691,-7.793115990548756,0.31625432152117544,-0.49996353127074444,0.08670805747022532,-0.12152484947506242,-0.14450186516583646,0.006404831701426718,0.19999999999999996,0.11427331132095689,0.12316412952768303,0.18681448696499386,0.016608468373815254,-0.011370994171077542,-0.03249121566424727,-0.013276537105949969,0.02872771673398135,0.037969326384186125,0.03600249470912985,0.04516233008225024
692,-4.7542074779482135,0.29445764909248057,-0.5309771595799776,0.07497667722738284,0.05973042390924323,-0.07133937184004317,-0.2116486928814025,0.19999999999999996,0.20522909313648524,0.06065360381523246,0.019754508175145274,0.0966676290150654,0.021065603148002328,-0.0023166621012076925,-0.0401222887663231,0.0046729826100891814,0.05684777563658568,0.047857239134337155,0.026735506194814358
693,-18.270911695355327,0.3393834629789686,-0.46930932322032914,-0.14423713997253482,0.03385743456185734,-0.17756999057020126,0.10501786794189794,0.19999999999999996,0.023586571452162784,0.22677034122025905,0.08830441717348175,0.0006562371076051054,-0.0011986040708038864,-0.014714691598667711,0.011618627144599068,0.02968699344788769,0.009189430553109971,0.021659382341126462,0.011177848302824103
694,-4.749126999907416,0.31018618553730914,-0.5083775478457958,0.02995412520412545,0.08425720395708375,-0.11154631668934363,-0.002408779858065866,0.20000000000000007,-0.017600150692120658,0.16775369119497224,0.17280753104161112,0.21367220136267726,0.017904526103568907,-0.005001228793385204,-0.009432111875937592,0.03147981807298429,0.029062959850679686,0.03932179797513115,0.0630473516354027
695,-4.6970442903355,0.3234928694900605,-0.4901352877162984,0.014151708155282248,-0.02500307750223786,0.09328060218286419,0.14184044775957658,0.19999999999999996,-0.12407123288846952,0.1494925403881688,0.15754973779495302,0.09461065332844788,-0.0008115380649117215,0.015392505417791752,0.04139879270342249,0.06011543291549391,0.021181640841325185,0.025356738381449504,0.05489636928156509
696,-14.645937187070064,0.32134111207144916,-0.49303370767735893,-0.1622924543979265,0.06998937530633942,-0.0749240594651717,-0.143172749740091,0.19999999999999996,0.003500414614363923,-0.1240281175899164,-0.10038612884054676,0.12170670004564432,0.0012869304170383363,-0.0058668246141071806,-0.01782757606180627,0.019466559946321252,0.009079651656321781,-0.01795284036194201,-0.01759115217856493
697,-0.8526842121796143,0.2906763180639585,-0.5365903495611805,0.23860409241066716,0.20250467906766406,-0.043190743751597774,-0.0029753816460299054,0.19999999999999996,-0.043437388540357225,-0.06522649731862146,-0.07141323825648235,-0.13264797900858022,0.10344424756092468,0.06690135607988579,0.026863485655891393,0.057003663109110994,0.049516626899777885,0.0029870398394854026,-0.022020611683321683
698,-1.1471968788106466,0.29732065687121867,-0.5267749163802194,-0.1564915319238971,-0.10949860915813564,-0.10381750989871098,0.031630981441197394,0.19999999999999996,-0.11644310171653155,0.07600653015238719,-0.0714375725358492,0.13467416317329106,-0.06294623951132636,-0.0644574456419898,-0.034474649030320034,0.027474305496230943,0.014659130015138489,0.0010130144385681879,-0.0021995444940852565
699,-17.669651482716283,0.3267610198789974,-0.48576975710032355,0.12243260214352829,-0.015441395859803945,0.05216586226863665,0.1826688361550402,0.19999999999999984,0.009227956701641522,-0.1698078232172946,0.20717449426213017,0.04108102939192473,0.001719874068347252,0.004930884251952324,0.023397412860066597,0.026007838311856935,-0.0010404282465436613,-0.02395118105311202,0.017175904423598523
700,-15.623493964250823,0.32884075194468454,-0.4830143673849836,0.026570558221990167,-0.19303909999804045,-0.0743143888217903,0.05565348309668014,0.20000000000000007,0.01963741917627625,-0.06061210397490053,0.23238250992473786,0.13779043678558428,-0.023078051782999105,-0.015172311721776088,0.009617251374484251,0.029110803753506925,0.008426915720124765,-0.007874927501168319,0.024940736274291622
701,-5.207064897186006,0.3198195764909248,-0.49509495615647775,-0.10723718276582783,0.052434744248607806,-0.13252581568901342,-0.029398895443741937,0.19999999999999996,0.11656698994821531,-0.09851623078454712,-0.1247915812574162,0.1385285598626304,-0.008414829845976305,-0.02065874660257144,-0.02155743571722576,0.02481076109610156,0.0425275049512891,0.004700673736021224,-0.026209508927385584
702,-5.7684653959792325,0.32144014693171996,-0.4928998820778426,-0.23642003420643176,0.0032080885207382338,0.04615189531365032,0.09711204129459797,0.19999999999999996,-0.20825915420013652,-0.053894782461113205,0.09227128442393925,0.06268271957939282,-0.030811476158684084,-0.00045513024923605724,0.020411981821283638,0.0421260642806676,-0.006338641712994202,-0.026710539862202627,0.004583942528605785
703,-12.54379047070832,0.3415172140593489,-0.4665874009646703,-0.1594953312027366,-0.0940584028146388,-0.17381704961142228,0.06301780889830479,0.20000000000000007,0.1277457049807927,0.1136386439581174,-0.025215606295481394,0.04301145223850594,-0.022886287979776546,-0.025919495637750013,0.002210448204164502,0.03175894859143266,0.028253997275345333,0.019034545155834127,0.0009412387620909559
704,-11.442840661922032,0.3300471766061654,-0.4814239780755752,-0.02513230710946601,-0.21522494953732174,0.2349619633467864,0.1275057046893414,0.19999999999999996,0.07484094100200982,-0.03789565936238016,-0.0010010890908935019,-0.08343738586180098,-0.027399686035541673,0.019332683540382593,0.034403700531724105,0.035777599413564384,0.021276741660357475,-0.0005977132900654341,-0.002922908567354833
705,-15.224331905556358,0.3233398156150965,-0.4903408136771905,-0.11656994400279942,-0.028374667025401697,0.0727495480266252,-0.05719940087170272,0.19999999999999996,-0.047602702758030864,-0.1518086888553004,0.04629458350207011,0.27940046495806964,-0.00674072861432689,0.008943984114887492,-0.0004633215978546675,0.020760991108820983,-0.0001859328239125268,-0.022388576771083107,0.0023913096667634768
706,-10.36520051278621,0.3334953903774128,-0.47691016458847785,-0.05318208195553964,-0.024449964499418896,0.07640154661661835,-0.022482829377806334,0.33627652373583705,-0.183752389753035,0.04755838309921083,-0.18790445886544646,-0.06799182209708748,-0.006325209394958536,0.008162826743188972,0.006454089203751824,0.042674377259343185,-0.00041027748100278157,-0.007291785494456769,-0.023612170737570676
707,-11.570516076649723,0.3342606597522328,-0.4759147339605055,-0.03666463989335446,0.12876558011876046,0.009325432306845353,0.12233859624040093,0.19999999999999996,0.25845550072912493,0.11785894911047354,-0.10013364925520286,0.026457652345837482,0.015014946059754092,0.010840534276458168,0.019325597523619422,0.03721328876002139,0.04848877750987233,0.030817769464102994,-0.005270823412844978
708,-6.68705738054242,0.32529350331316625,-0.4877246102607756,0.15125802631544663,0.1450286727272977,-0.03920471126005222,-0.14741257904228552,0.20000000000000018,-0.07171060744765559,-0.08806951456553862,-0.03994474180297971,0.11737114683874393,0.040887980624435494,0.01421757463751863,-0.018291062170990684,0.016289403442954018,0.009340043659190049,-0.016829355133600444,-0.014649281346851175
709,-3.2220163992545423,0.29941839527513686,-0.5237215215578557,-0.14137624487975675,-0.003186336484446633,0.006872988045912973,-0.10522432477980935,0.19999999999999996,0.16908388708135175,0.15415881989751493,0.06692017491644499,-0.1531772239147626,-0.02682742940099955,-0.010923068519501788,-0.021103438845525582,0.018159114961210098,0.061844890515340076,0.07086604226483491,0.05465015136932338
710,-14.8055686706794,0.33161372803226735,-0.4793674989744396,0.2395658624934859,-0.0017542631329788994,-0.0670670903716078,0.09474649740424787,0.19999999999999984,0.19708231065719006,0.0003285631748207571,0.11231029362427619,-0.0871451191413926,0.008210295099874325,-0.010551244681002913,0.00949813638229715,0.031189935462586603,0.03124533281896956,0.005606341981227145,0.008537428634008701
711,-12.65208755488999,0.3149308556611927,-0.5017847868486602,0.058202868764056746,0.03817799302778115,-0.10707822192291762,-0.03986071491292095,0.19999999999999996,-0.13555821920964922,0.10205411734779851,-0.08947333457256712,-0.22959453024230866,0.00671657251348636,-0.012580457792369293,-0.008841186253976004,0.02256431084777806,-0.004727550194877838,0.0038721651356757483,-0.008973155888677984
712,-3.9944977444179735,0.31360738980121,-0.503613712211849,-0.12532357524552631,0.03996430851994134,0.03184236339016514,0.10553775753369578,0.19999999999999984,-0.08726466413762704,-0.18449686649779712,0.1077718041495961,0.1177986605256513,-0.013415491397732177,0.006382934610531182,0.026170515895525687,0.053816250825367014,0.02153060288989924,-0.031328325538436154,-0.007147097059870598
713,-19.37022518841995,0.3391133679055027,-0.46965508992358307,-0.048060867538441784,-0.0017634087818059973,0.1983927290457337,0.004097628358603611,0.2075337432766884,0.20414165390315786,0.2526991559435361,-0.044334857314993634,0.038975955837038855,0.0012984478374983572,0.023535256155387065,0.006914624577771887,0.02048490510867281,0.026288148561689484,0.02468002818758254,-0.009033992300815115
714,-10.645991459275878,0.3115816767502161,-0.5064280898963017,0.08214112810374721,0.03177350156884347,-0.1990663055694779,0.2255589963189271,0.19999999999999996,-0.045669169652122456,-0.024760851582990753,-0.16187642798153837,0.029153619222352753,0.0077136379118776495,-0.021823882191237636,0.019582895622961984,0.04236321083835673,0.008853906492823561,-0.007822310641849598,-0.0230027023864494
715,-2.2981280189142588,0.3103662489196197,-0.5081255126230398,0.06447007384065799,0.08077123248672853,0.04984927768025635,-0.08496675803801555,0.20000000000000018,0.1443633019395777,0.16764382449455978,0.1257254171206871,0.08221011439951692,0.030596717041235504,0.031211227553784714,0.006119274770798749,0.03424920968494977,0.0719705442029701,0.08320320198544255,0.08318283302216611
716,-5.374908315662584,0.31706460674157305,-0.49885223465131295,-0.04923205204852686,0.023601275097399368,-0.11810340470782547,0.11466292131500805,0.19999999999999996,-0.07977683834201343,-0.16432158833814697,-0.1616675009461364,-0.08863441920494343,-0.0046355742888313485,-0.01743578163048944,0.005414194761796629,0.04350261198887359,0.014829919954863583,-0.03179231893364148,-0.05118490862391936
717,-6.347388430459331,0.32646391529818497,-0.48616481516361526,0.18653645524036683,-0.034279797050041624,-0.07755262850161063,-0.08025089219211348,0.19999999999999996,-0.11359442303706482,0.18818253891253067,0.019144406593293188,0.10045885847297883,0.01684639484211866,-0.011185993620043704,-0.01791289148690707,0.019980350770527518,0.006641921082563985,0.022409903232406367,0.02677314277919164
718,-0.2940152008268022,0.31405754825698645,-0.5029907640272632,0.06882064686016802,-0.08512373392594652,-0.16652940581915152,0.0035704982799719506,0.19999999999999996,-0.0282258100658026,0.14290438501317212,-0.17563932364505344,-0.1291861963907339,-0.003785550059428232,-0.05249558104500954,-0.04634899468052148,0.023718972906151947,0.03848257946303266,0.03894561228341148,-0.0003287017327919928
719,-9.73347672030661,0.3227996254681648,-0.4910669778446502,0.13364057754667888,0.050076529435193445,0.10611053108919907,0.01471208221380444,0.19999999999999996,-0.09877016721559219,-0.26978618292470424,-0.039064480343360776,0.08783944923146701,0.019190893985027928,0.02055462163398636,0.014248845075586419,0.030313273287780367,0.00046375103995038814,-0.04298815872441775,-0.024576773094670278
720,-18.86020543034528,0.3365024488619994,-0.4730117708950313,0.13952840029347155,0.0171315324311196,0.0812658070103647,-0.134480397908168,0.20000000000000007,-0.14411701565030363,0.1414923004397571,0.005914674714986829,0.13606987155182856,0.005467158696643329,0.004312788551525967,-0.013714891800819678,0.015502089101864267,-0.00868475965719198,0.009622510094737805,0.006411584684782014
721,-11.934720376225311,0.3408959953903774,-0.4673781005313804,-0.02344062265096102,0.10947343247886299,0.18122488460310768,0.1539972533559512,0.20000000000000007,-0.06716881321133991,-0.0014717781377092012,-0.1333420447873089,0.12988117077475905,0.01528241619129984,0.03227934642502074,0.03322376326129454,0.03391172713965424,0.002494079250815964,-0.005689815556611202,-0.014881672187405043
722,-8.099427907641276,0.33221694036300775,-0.4785782258322576,0.14006236742990708,0.13926468867478117,-0.18537632147561575,-0.0735371716287328,0.19999999999999996,-0.05199685503721126,-0.042584865386016364,-0.15505038788230843,-0.012127342485427238,0.03256209358909263,-0.011942141370711097,-0.022566846953475838,0.020835762893549804,0.010599796224007632,-0.0098547961412449,-0.02747280100403048
723,-8.344694451270659,0.3409500144050706,-0.46730928687049167,-0.17405211274605195,-0.056904894522793584,-0.07330191573155169,0.1162771533444304,0.20000000000000007,0.09385824807324293,0.03522273329228588,0.05642502386875159,-0.19395791842089188,-0.026278684452784112,-0.018305494300278138,0.010098614391532555,0.03880534701517451,0.03347076919816535,0.018022634816483658,0.012148925625632204
724,-18.55342435089662,0.32732821953327573,-0.4850165517977683,0.12465055049238516,0.19055081733675702,-0.21230439392153186,0.0024854932191331375,0.19999999999999996,0.01795182802987862,0.034491031980200496,0.04254122163529636,0.17502466338481745,0.021621736657418403,-0.02338874918733021,-0.008107160025150396,0.025262958718183823,0.008419777163004934,0.00031332871217602196,0.004539220655674818
725,-7.890506666292829,0.35304127052722556,-0.4521745226162392,0.04724150501027619,0.09220952177779554,0.11334579707339934,0.14818463883817443,0.19999999999999996,0.1117031606552215,0.12281671247791043,0.0445685175371507,0.11993014663007187,0.02043722727360282,0.029812427447172975,0.039526125309264706,0.05126473297136669,0.04522386703900473,0.03926905981787134,0.029133433942506993
726,-7.249229919866556,0.33521499567847884,-0.47467656165648087,-0.14753374303688735,-0.025109130336045768,0.15276955785184004,0.020862265772333743,0.19999999999999996,-0.0901470268861486,0.1720060093252426,0.014042673385972612,0.17752959340552932,-0.018333977597810892,0.01716842148219305,0.02028665161945616,0.034713134159434875,0.011601970163859391,0.023433946438858,0.024670815980798115
727,-5.87240284563358,0.3199456208585422,-0.4949238297048787,0.2032402776507187,0.2044653716804078,-0.13344153285328192,0.02841100736660762,0.19999999999999996,-0.023890719768476006,0.01846749789563443,-0.05014838360583373,0.1379352091790398,0.05933979823673849,0.013894558461866192,0.002211586316141468,0.03843076647604338,0.027022686461556755,0.010246945250960432,0.0012123098677323738
728,-14.394525083985945,0.32548256986459234,-0.4874722636681726,-0.04157333153673695,0.011302569508142814,-0.13877416659022637,-0.023606839306411418,0.19999999999999996,-0.13812132767373483,-0.05383376910333822,0.1152651789269217,-0.27752281735448775,-0.001974524161837093,-0.016361378509544937,-0.006062351570194257,0.023725227150596634,-0.008249872333636964,-0.013341945744880304,0.008700919122141808
729,-11.898983423062024,0.3332523048112936,-0.47722683827309725,0.05229274199125388,-0.2074319050130548,-0.0598107546944667,-0.007550865502530154,0.19999999999999984,0.2198136787298282,0.1204446355290556,0.027583688497314497,0.10507173004249627,-0.024913973300864107,-0.020375450937051707,-0.001683236429603853,0.02924522705837411,0.04209941821842042,0.028013081236202365,0.010633163247997466
730,-8.039689124835224,0.3357641889945261,-0.4739656255041586,-0.12420555155562815,0.13757948922938168,-0.015015406221282519,0.07123043957540325,0.19999999999999996,-0.13232291074402147,-0.10318795101091816,-0.11283732223295956,-0.10362092943040527,0.00805203797245798,0.009810778526425921,0.013530442459656991,0.03557162237955434,0.00043300637802512574,-0.024941250459102438,-0.028977726747841423
731,-8.749667375746721,0.3481795592048401,-0.4581967288680899,0.12911797772436684,-0.01389761941351425,0.1368774593373192,-0.12825109581157076,0.19999999999999996,0.13366994389828765,0.12165980302284551,-0.027896141221322036,0.10862995957077377,0.011629398208714135,0.019347121418257004,-0.00282852861344029,0.022542944084194917,0.03940986722799401,0.0337423828033638,0.012958016988703984
732,-5.51244403043478,0.31774884759435323,-0.49791601586229683,0.08344084543144445,-0.00015410958554098463,0.08302375431356428,0.11079210743694028,0.25981286869792564,-0.13243044032536497,-0.030841004860026788,0.22200014456694567,-0.07750472478224697,0.012842560559597222,0.019329344851842515,0.035838705881710654,0.06264276692400117,0.021431432330877236,-0.004526656174045493,0.035573434210992495
733,-13.61105604790868,0.33582721117833475,-0.47388411705500666,0.15215286002470904,-0.16422869376818422,0.046021890092868604,-0.01284565758922631,0.19999999999999996,0.0433439460110871,-0.17100302190685576,-0.050980562952071914,0.15942336765499718,-0.013021816658917782,-0.0034675262757145647,0.0036939831784623314,0.02558917817704921,0.012773769134623055,-0.022098504113158356,-0.013726421528272524
734,-10.089852959232362,0.3395635263612792,-0.4690789649261131,0.2086988614457609,0.02507092313426682,-0.13663954205952983,-0.10114185115576192,0.19999999999999996,-0.02593828234056725,-0.1071455587633056,-0.06908111735413588,-0.12628386374667186,0.017752178759570813,-0.01682043414452389,-0.021168915683796474,0.020010805628551814,0.010434036381059943,-0.01640367591446046,-0.01932732777837168
735,-10.7042791372049,0.32756230193027946,-0.48470608556157463,-0.07787698159501144,0.11585871846439959,0.03829796470854635,0.15734936696991464,0.19999999999999996,-0.0882214715187528,-0.1031433585409215,0.10481639389869833,-0.1144357443037553,0.010867290573279766,0.01504943705604755,0.02707963053623987,0.03731311177068668,0.0015412155911318076,-0.01742262139874678,0.006599382535902578
736,-18.808808465308104,0.33698861999423796,-0.47238476487689607,0.18212390556704972,-0.12838867380921,-0.04279720089640939,-0.057760604101850334,0.19999999999999996,0.03084698542955183,0.13201814519269414,-0.08959886357899466,-0.13646562142423999,-0.011537966907549574,-0.012604817874951574,-0.004204733983491821,0.023995779318893996,0.011204752138049806,0.010252149609649722,-0.01230800733249664
737,-15.47818254024654,0.3376008354940939,-0.4715964872536525,-0.1489497290376089,0.23938092720898535,0.05162210894955209,0.06588333093570284,0.19999999999999996,0.05122837680037198,-0.03194468382846181,-0.09939092426692989,-0.11159991897238714,0.024244964204334786,0.017729310218004952,0.009391693439556918,0.024032099220221693,0.010591956724799527,-0.007136349026431894,-0.01713021818962358
738,-7.9866065881511705,0.3263558772687986,-0.4863085617869891,0.0551051984216333,-0.16098301382719135,-0.09976586489645861,-0.09894985267902427,0.19999999999999996,0.1448708143204286,-0.009014817750063644,-0.08738378079144908,0.1439266573137512,-0.02004712819561859,-0.03149167093298657,-0.0254559594472548,0.01867256569600168,0.03777325395869938,0.013561859045142628,-0.009263518640436876
739,-3.3942422661703304,0.329461970613656,-0.4821947082499733,-0.0688345020565192,-0.03436751051195338,-0.1045583001943835,0.142946535427707,0.19999999999999984,-0.14170715389064736,-0.07168134250714323,-0.1008004119386634,0.13510424347298305,-0.020569036741945042,-0.02870903487513622,0.006064598786178583,0.051738879915512986,0.012925249633975565,-0.025800644870780334,-0.03279841757103875
740,-3.951922839761423,0.2904872515125324,-0.5368729225481742,0.05819075054667818,0.04066647169280094,-0.1625776417789581,-0.1317572903788789,0.19999999999999984,0.18920692266934497,0.13240820041448956,0.055925390555057804,-0.029267331963791634,0.015041232916480287,-0.021080655636039225,-0.04449531576494428,0.009350941698173939,0.05917496746325381,0.06360125572288527,0.04604796241254011
741,-16.388917018112252,0.335440074906367,-0.4743850536231556,-0.05643395413779913,0.010988664027071528,0.0571779899791977,-0.19393954669062016,0.20000000000000007,0.14078471270001428,0.136467837064649,0.15481300604607592,0.04939428935457223,0.0003091444022189027,0.005922670581113117,-0.018409553490604604,0.018384110657246266,0.02725439066941239,0.020042737305475823,0.018346698517077698
742,-1.2094213227392814,0.3152549697493518,-0.5013380583862603,0.12129979805733812,0.13528206705983367,-0.11616166110213226,-0.192389079767303,0.19999999999999984,-0.03723080583581887,0.031093525330661464,-0.07114767253839305,-0.0953953903085197,0.05622733221031444,0.0166888982751351,-0.045853502060088716,-0.00456149457083144,0.021813608669912984,0.008734700286669466,-0.007906534333929927
743,-12.282794399727194,0.31399452607317774,-0.5030779229998267,-0.042793300275494085,0.09243496848776259,0.054815209961722,-0.17132980805485656,0.20000000000000007,-0.11947218708428747,0.08961510780008235,0.16610434224417794,-0.06343507609161696,0.010302512854031904,0.010426416891952344,-0.017031870555193934,0.014402213193344112,-0.0026024499933448375,0.006971432300964475,0.02576920104813201
744,-2.3445848501062514,0.30020167098818784,-0.5225868947079063,-0.038129573342166385,0.09996227202561478,0.18010956072577222,-0.11626773926943403,0.19999999999999996,0.07134463078849072,-0.07762723979264037,-0.13370574263509227,-0.08285324142078923,0.014919540589655927,0.05196390455987653,0.023942839670128592,0.03544514946652962,0.05440973485199467,0.015501953078387382,-0.02817339413798173
745,-9.096303333870788,0.3247173004897724,-0.48849457214676056,0.07851427867064434,-0.030725059528270756,-0.15930888324424183,0.14191324561257934,0.20000000000000007,-0.07508221102634731,0.09881126120601973,-0.06744154426025414,0.14820351645164248,0.0004163687139674215,-0.022800853629470166,0.009273329714601817,0.038551730968934834,0.009230498276610377,0.009672604381081383,0.0012262177273253442
746,-0.23418393097908918,0.27186869778161915,-0.5656407930130662,0.07001196807729748,0.09694824873732523,0.02917803161063055,0.19774782706996855,0.20865974403333643,-0.13278756443689518,-0.13273483714815423,-0.030418069956393942,-0.10151370892999843,0.04158582535404666,0.04444104004695417,0.0724578729692413,0.11075054947799505,0.054491215268695506,-0.02455715005367915,-0.03658858971150489
747,-14.225426880443807,0.29967948717948717,-0.523342983145925,0.09844604597091883,-0.05673287775767372,0.06780826500715968,-0.14246114552731348,0.19999999999999996,0.08484389912963294,-0.11507746698773991,0.17203591745934257,-0.06259438216021887,-0.0020585679853407767,0.003095660863630919,-0.012335242485560553,0.01929711779444197,0.01901724086569771,-0.01007331555673996,0.01355237490277179
748,-4.065985697922972,0.330245246326707,-0.4811634250652547,0.007181285769845176,-0.04756669516830147,0.20430766158847677,-0.03187042980411382,0.19999999999999973,0.16141590433127712,-0.0853266197564157,0.19701434072942003,0.0653170628521501,-0.004428125334022209,0.02928026771773106,0.02876631353971223,0.04461971182907027,0.06524721037347635,0.0291152269189003,0.040754838731671975
749,-10.376919214756024,0.3193784212042639,-0.49569443030305094,-0.00010863675925426586,-0.25891818449250226,-0.06180253845572681,-0.17462845860903334,0.3787760920741743,0.062370477121763954,0.007316733066781844,0.05204224043071121,-0.004036638990051932,-0.03657748949308715,-0.029778977205000556,-0.025488753118462448,0.03928990410177365,0.03408952060242488,0.006357411935178618,0.0068359284980089976
750,-10.564136602706938,0.3331622731201383,-0.4773441834459007,-0.09031425592729146,-0.12004617719857395,-0.0155187614555051,-0.11515309482135345,0.19999999999999996,-0.040316073788899204,0.09834421156791259,0.16098673111668016,-0.15932069412378416,-0.02317145731478202,-0.012619192294112284,-0.01519324408617072,0.017987189719494878,0.008386544987102985,0.012358434220476664,0.025945822637123007
751,-7.464758300593495,0.3346117833477384,-0.47545876943221743,0.015832748697079752,0.2152858155463005,0.11645834757426715,-0.036494722354766994,0.19999999999999996,0.1290974144693299,0.1032853129427302,0.09464813913171086,-0.08889749928381473,0.03661465611130915,0.04142200990354422,0.0156500843720885,0.03477511880761033,0.04612100499698691,0.039539226769628726,0.032935342973906816
752,-12.383949335431286,0.33933844713339095,-0.4693669318905959,0.1396094551960783,0.0355647776217484,0.11130177442348611,-0.045896280407968996,0.19999999999999996,-0.060338891670300314,0.0250755419296992,0.25056280438938267,-0.13165047436133606,0.013726526627973,0.015251605254609241,0.0021082689250933287,0.0223863562113453,0.004017294229483852,0.002889650084607819,0.0328224782016865
753,-0.4350497221715841,0.3746578795736099,-0.4263651291559562,-0.08733812459757215,-0.1586146953753516,0.04294565292200461,-0.16368717899924828,0.19999999999999996,-0.1702035813901049,0.0022412495084979446,-0.0025449243369282558,-0.17242459287029221,-0.058163718619860284,-0.044790709647463976,-0.046092617508866764,-0.008039191899084705,-0.010550573076877836,-0.03501882412053446,-0.019775528506934197
754,-15.596318015463519,0.3430657591472198,-0.4646226260286405,-0.10341268591535253,-0.11136762261978567,0.08963357297872317,0.09827468056136864,0.19999999999999996,-0.07234327394648053,-0.18488400752550938,-0.07842990633962062,-0.06165425011315952,-0.01576548530105474,0.009904491554918899,0.02001221895316963,0.026051682946207824,-0.006566363739851617,-0.030185938927831744,-0.017301067183488946
755,-19.55379591536672,0.33606129357533854,-0.47358150524747217,0.0017252555241989585,-0.15216136994344462,-0.08605156207859473,-0.05854498980923138,0.19999999999999984,-0.14263773927330434,-0.18620577436658511,-0.026082492516971516,0.1465908164876695,-0.017931144020452556,-0.012769616121171608,-0.001480774151578694,0.024305686473929354,-0.011303605151455159,-0.027468479959389565,-0.002794948413121378
756,-0.4033808558133387,0.28238439930855663,-0.5491593001179649,0.18123849717246554,0.06802295562228516,0.008610863334782693,0.10813353769675395,0.19999999999999996,0.1553835121066951,-0.18439569055991986,0.009057439368148634,0.08515750413894906,0.06343587025532345,0.04289313262127496,0.04875513956509782,0.08793271850535508,0.10547774869173698,0.03451428901727532,-0.006899430294502878
757,-17.599364509147087,0.34229148660328435,-0.4656039024022776,-0.07823845615003368,-0.1548643603029241,-0.08257073703841876,-0.13645212475059681,0.20000000000000007,-0.1654413327639298,0.0008098591124208216,-0.06708878618270599,-0.11453434369896998,-0.020655777570000887,-0.01298326448139635,-0.010854044552869096,0.021886956194122842,-0.009657191791696947,-0.007275563064409555,-0.007351943557326393
758,-16.084939211061574,0.3364664361855373,-0.4730582518157054,-0.07770509008788531,-0.1626403777883811,0.014757775372866334,0.18461233853090178,0.20000000000000007,0.08029799820185513,0.17777704182037588,0.06617646095322915,-0.036032917244505226,-0.021496261208395942,0.0003360993398566473,0.028538350342631965,0.03192425296511825,0.014486678275506816,0.018561070048319403,0.00888709420596431
759,-11.088957944968463,0.3304703255545952,-0.4808675317199054,-0.08298629152225437,-0.18180587959474329,-0.12293799968576541,-0.09931748946779051,0.19999999999999984,0.15483708273186098,-0.07463095294144222,0.06567371872839534,0.017810585327748027,-0.03161245801014217,-0.030113951524426908,-0.01951868045271376,0.021666232773016946,0.031959281025910016,-0.0001992081601242481,0.0026510747817902764
760,-0.18201818493562882,0.2790442235666955,-0.5543269632891404,-0.033632320361958075,0.0041858270257357265,-0.2249225350175188,0.026649972028300894,0.19999999999999996,-0.05034343889341253,0.17755381026458547,0.19727691159777905,0.08543518481070952,-0.01178817032905799,-0.054133094068115076,-0.05290837780377551,0.024300661340983555,0.03424960533310687,0.04750178921465312,0.09521209376971627
761,-8.613280782204074,0.3251224430999712,-0.4879530502576312,0.15524823993190495,-0.08828360051795832,-0.10096527465815235,0.05495348318611561,0.19999999999999984,0.027003203966841183,-0.14599191745381074,0.07301326665504834,-0.15454101363016864,0.00018490697760933315,-0.01968322127068049,0.0010168575856157574,0.033737339740788394,0.02137881535797884,-0.014799719668031425,-0.002675532157329529
762,-13.335176070950189,0.33916738692019593,-0.4695859145566519,-0.16765312442623068,0.06606094638888217,-0.07717849943031284,-0.1067159867245232,0.19999999999999984,-0.13531352001405475,-0.04176130816450081,-0.061399766885180375,-0.14391684796631532,-0.0006590129150870997,-0.006403909459803868,-0.014550797237900754,0.018695748067319082,-0.007067385274401071,-0.013972164557351731,-0.011953931915980275
763,-12.295000677268067,0.3312445980985307,-0.4798511954253368,0.07003806276071697,-0.12901591071497975,0.18383577238964066,0.08073719997855226,0.20000000000000007,0.03576969470343548,-0.08588510412690396,-0.14338614215334608,0.07133211317242476,-0.010585049987654353,0.01739847583451582,0.023622292128670955,0.030736829101783644,0.013978718253597328,-0.011850004540197643,-0.022553194555865186
764,-10.619373113039712,0.3251674589455488,-0.4878929228181544,0.16311137290785685,-0.09209290224124621,-0.15569320194041422,0.12346532004145885,0.20000000000000018,-0.12070932217252667,0.07915822189309105,-0.007598597085063939,0.058171061718342104,-0.00295203578023972,-0.025593498738474486,0.008239146507409504,0.034584444072469744,-0.0005905263233812703,0.0027068988350063485,0.005207303674165419
765,-11.212100048388256,0.3325140449438202,-0.4781900059615454,-0.0630289332143448,-0.1751235358871032,0.021366652512096473,-0.07601420377389256,0.19999999999999996,0.0910623003622773,-0.1157980760606858,0.12478571683560205,-0.13282058135399788,-0.02742257218467958,-0.009615074205832132,-0.0065857294922395115,0.022825987557511463,0.022870728041996774,-0.008743710389302075,0.006732219838872637
766,-1.9169578366347508,0.3028936185537309,-0.5187098764066478,0.1056099204878973,0.0709597678969062,-0.02122181429869187,0.04443750508704677,0.19999999999999996,0.19967821480576614,0.2244576033194624,0.11477612646073643,0.01885904764349291,0.03755048665920155,0.02160148286553951,0.019030655202469625,0.058488988407359804,0.09594501632835684,0.11452479453720499,0.10369501461841663
767,-2.0260278456710203,0.28085386055891676,-0.5515196020249359,0.0031553829490439654,0.042982872749858236,-0.20906763035062606,-0.2096371775473731,0.19999999999999996,-0.0008295304833070273,0.10013402214419231,0.19010861692419095,0.044084766851408386,0.006259061210442111,-0.036393070573199265,-0.08096184209105237,-0.020950441334821872,0.017851090116559554,0.026762430721652446,0.06032621673181977
768,-4.0975117514017185,0.3223584701815039,-0.49166091392888217,-0.01622957258864033,-0.1607396148924888,-0.0352894777814042,-0.16901392927372616,0.19999999999999996,-0.18971913151960426,0.029516873768449196,0.01918488274977647,0.18030651742591056,-0.03245576980138604,-0.03672869476908257,-0.04397508573488054,-0.0019740727476611564,-0.015439226436898903,-0.022584817091686884,-0.0002654007457905988
769,-6.319747593335457,0.33455776433304524,-0.4755288866697138,0.08627712374000758,-0.02670004005530583,-0.1738835720585623,-0.11292180774182142,0.19999999999999996,0.04158749078280842,0.05900540265354998,-0.1302778098088208,-0.1693467531591237,0.004163135423805429,-0.03003021230729674,-0.03700207586026823,0.0131523783180685,0.026102154479206146,0.016321593593517657,-0.014027703478178775
770,-3.3106784878290405,0.31742473350619416,-0.49835923635005047,-0.21464165313925423,0.05825922546224211,-0.030687997800696205,-0.06127467068395961,0.19999999999999996,0.065467365009951,-0.08913954668108101,-0.08424084196056449,-0.19628869926225137,-0.028986478287302973,-0.011145517976342634,-0.017873326210666906,0.02254536875824359,0.03993426765584297,0.0035805165935716083,-0.027292067115132428
771,-3.1571429941219336,0.2952679343128781,-0.5297837142510324,0.2224114343566275,-0.03088951447027935,0.03546321639171289,0.15719912365996835,0.19999999999999996,-0.17733154969918166,-0.05784384766330394,0.07259308272245776,0.04626823103646852,0.036471970313166575,0.01951827593900759,0.045645857113262425,0.07192783343360608,0.018958039153332426,-0.02001385758928538,0.004681189322158445
772,-14.19288208386457,0.3623145347162201,-0.4409142433310863,0.17639540493988742,0.025215890008226927,0.026965958195691662,-0.08035887753374009,0.19999999999999996,-0.03649352008001554,-0.12969805389215008,-0.13787506578965072,-0.18699722956063755,0.010896791193874286,0.0012850130041838978,-0.007935161940785295,0.020373449299459678,0.0035078458961608954,-0.020852108721793154,-0.025204148761563145
773,-9.45564842350998,0.33009219245174304,-0.48136474775458776,-0.12098502210794536,-0.10595838345850297,-0.12826425459157095,-0.18850488029345025,0.19999999999999996,0.059173502889301635,0.07314011660498088,-0.07275534454533904,0.05121849550890892,-0.02687856026595381,-0.031004217397600602,-0.036996806481988,0.010700072794593021,0.021641014285904665,0.013685516619152925,-0.005008961077943977
774,-16.415612175227828,0.34420916162489196,-0.46317757447858043,-0.04411684110995884,0.10063700483248239,-0.0679416229811336,-0.12873401094802978,0.20000000000000018,-0.09954495450912426,-0.10073348164309866,0.13670518313455762,-0.12158690084161476,0.009750762681580668,-0.005675575333799048,-0.016334926169868435,0.018959356658535452,-0.004003893348025558,-0.015587562828735788,0.011771529118793339
775,-1.9676644958122367,0.3250234082397004,-0.4880853599342236,0.07503007377383025,0.10673399835779505,0.1313595930847569,0.14929165211758041,0.19999999999999996,0.15677575273608496,0.11060783991509789,-0.046119502263251635,-0.024081587751602945,0.040412923724564946,0.05939002584932143,0.0754522222431573,0.09485847636953114,0.10158035177804191,0.0881341511089239,0.04716520037344232
776,-6.069069552232428,0.3210079948141746,-0.4934841512074565,0.14805620303651532,0.10619055201904953,-0.07230791207608088,0.08328139380211506,0.19999999999999996,-0.11251028648656099,-0.09623043964263484,-0.12428561608881476,-0.05713759684822864,0.03579508305870827,0.008853038039606728,0.01403574256622833,0.043549199354020005,0.011334295318555456,-0.021348695147155868,-0.031994354748547386
777,-9.719015743271655,0.32839959665802365,-0.48359738495485693,-0.09779793198721186,0.03459266657482686,0.1447469231269852,-0.03258096190550484,0.19999999999999996,0.13815949680554976,-0.1517113365221822,-0.17414327301802798,-0.02626741005971131,-0.0011171583861087555,0.021881910892006595,0.00948471998911627,0.028440428974070477,0.033646380982925536,-0.01000046923499235,-0.03446772346621038
778,-9.590736118938164,0.33725871506770383,-0.4720368189520994,-0.01619968732964035,0.11785122544291372,0.03662092824587404,0.04855662157917714,0.19999999999999996,-0.12197578876081748,0.1538561656288003,-0.14962912962575492,-0.15531045338702204,0.015916257678152846,0.015324068503415104,0.013661748312131046,0.03174315686481544,0.002355998700444545,0.013322070460125927,-0.009986299894151557
779,-6.035533733717248,0.3259327283203688,-0.4868720279506793,0.04354539577832164,0.01415878044366884,-0.02791562776764591,0.11553591478024772,0.19999999999999984,0.1757636913906571,-0.10927463546241054,0.14070772762966174,0.1730982267473867,0.007721555542843646,0.0006136748951602885,0.01961372087452277,0.050362401594197234,0.058441044062741726,0.01721228681073012,0.02392283944319768
780,-1.6361211443591515,0.3236099106885624,-0.489978186406349,-0.16727233968191604,0.12422845954403113,-0.054238846294048244,-0.18067912772290892,0.20000000000000007,-0.059668104061804686,-0.03037618077530494,0.09383444745987829,0.08970249446010772,-0.012740052699918321,-0.001951221393105821,-0.043223866753762615,-0.004162724508080332,0.012416612810077455,-0.009334862799437892,0.011053337956538163
781,-19.03738531609021,0.33025424949582255,-0.48115158545995146,-0.08678298446363221,0.09567348781640331,-0.09782728718394434,-0.12092455109499121,0.19999999999999984,0.13508103870241978,0.047798095568604544,0.169966467698835,0.04594608747116976,0.008083065384784573,-0.008360375627281228,-0.014342446849923042,0.02346449088184122,0.023579174583315876,0.006525710166844213,0.014589618904060053
782,-18.883819188839183,0.32648192163641604,-0.4861408620180627,0.025892288362906458,0.1802116096535653,0.0373314169356006,-0.1558095689774763,0.19999999999999996,0.15268274932362108,-0.14532235712575692,-0.058973694374657847,-0.04377631524641546,0.021222906537867497,0.00508947698426791,-0.019620159976021977,0.017826588675363752,0.022048111610719276,-0.01756450331334185,-0.01604949282957288
783,-4.373828248267701,0.3271391529818496,-0.48526747511565804,-0.06337508221977955,-0.06693501744121036,0.15180502295842604,0.03933458872571014,0.19999999999999973,-0.09827833557046461,0.1270992534010836,0.08564116261257283,0.16753153707075305,-0.01998323779183105,0.013376004694587752,0.02883247204382763,0.04638744309232261,0.020895046109368015,0.02198599374216922,0.04024410028049719
784,-8.183767684712969,0.3268600547392682,-0.48563815089810336,0.08212025165169949,0.01195353796694654,0.169244795805866,-0.10524581727188936,0.19999999999999973,-0.21328607295959234,-0.048848454332836556,0.1290626059659284,0.04023846404524148,0.012142426365796976,0.026919756630590753,0.004647662885902556,0.021219550569076855,-0.012522204458590775,-0.02151966064908831,0.013662845154985837
785,-17.61529829533398,0.3239160184384903,-0.48956757453558153,0.0002989021260198717,0.06212239372837048,-0.116554049482637,0.13630657422197406,0.19999999999999984,0.13472869908839227,-0.16697892874984174,0.07079023501715445,0.11222021758561024,0.0058239640954629605,-0.01035627568704959,0.013815847110359247,0.029738533237470256,0.01643535170958836,-0.021121108669386216,-0.000471906621366382
786,-2.917949175830916,0.2988151829443964,-0.524597339582714,-0.14715869170808618,-0.2501984958793451,-0.018228696651014665,0.10152796624027854,0.19999999999999984,-0.035832231101186676,0.05531685806254055,-0.006361164426227533,-0.1853758959313209,-0.0773253834042129,-0.06162445418671202,-0.005476573257564911,0.04335360722392316,0.030596851809379016,0.015593998907079349,0.008835301708102518
787,-3.385737807470637,0.30766529818496113,-0.5119214854121958,-0.13769543823803987,0.046518685685134425,-0.16605184855654745,-0.19115322203206367,0.19999999999999984,0.010193861846717998,-0.03811181656544913,0.157456999974587,-0.05281812710146058,-0.01883207244205898,-0.03528914942582435,-0.06509516744721217,-0.010020881224980554,0.0173526881167949,-0.00036679098138749707,0.021416056876681574
788,-5.963394619705706,0.32531150965139727,-0.4877005709337518,0.16227785165761704,-0.08509005641778172,0.029826172902143636,0.2354761106435926,0.19999999999999996,-0.006488908222243546,0.05590454482700452,-0.008727822280674702,0.21620853304894222,0.007842376815853617,0.003503594748361367,0.04552854917237151,0.06600214472964348,0.036949130022789746,0.02174238269034793,0.017036337805225104
789,-9.811473346004355,0.33481885623739555,-0.4751900915113685,0.056537423271670564,-0.08552360330437957,-0.1505389075647275,-0.07476878965454686,0.19999999999999996,0.0846863303304991,-0.17222560442110926,-0.09749259522460631,-0.07822674622846089,-0.00948084356077052,-0.028451451275068197,-0.020570619257518036,0.02184978999151784,0.02412585439551485,-0.018429216381933535,-0.02827767925478365
790,-2.2722988748454647,0.29969749351771824,-0.523316889206427,0.030144002851315053,-0.11993691643895348,0.1138269631306985,-0.06464748895481272,0.19999999999999984,-0.15564102500889376,-0.17616413183958252,-0.09065606540705697,-0.04898340636868719,-0.016137233293236207,-0.0006592947160489697,0.004888709128768945,0.029684686194359593,0.004582916922106177,-0.05431313427622463,-0.061291523069180794
791,-15.86458844186459,0.3294529674445405,-0.48220657632714353,0.13820778362146302,-0.07777044369237589,-0.16815953890935784,0.15680788731218243,0.19999999999999996,0.002866510149878556,-0.03515110831216888,0.14665709190690418,0.07437963609566933,-0.006759277565940555,-0.023167268168303307,0.01566043261079166,0.03248249668371698,0.005463777348595407,-0.007182118142550373,0.014970700293474744
792,-5.091359693900603,0.332135911840968,-0.4786841642354913,-0.07503857568585617,-0.07694850866486673,-0.12903283492983822,-0.06378173442057816,0.20000000000000018,-0.125422630122368,0.11319225901321632,-0.11883903777604699,-0.09774441938722934,-0.02618438056703029,-0.03822407598590091,-0.03287927807810313,0.01383017980083884,0.0007391663817784429,0.0036306347230796706,-0.010742976352772974
793,-15.4172397230113,0.3140755545952175,-0.5029658646761553,-0.07621711961391424,0.11636619216722013,0.0749141753079825,-0.1640291981997162,0.19999999999999996,0.07647204999694905,-0.04563980464632203,-0.12212208038974802,-0.12423937967814787,0.012233444285536034,0.012387900824725958,-0.01600147550542777,0.017041882425741554,0.017404028211928612,-0.0061439067169578995,-0.020551482123963325
794,-5.338087178717622,0.3094569288389513,-0.5093997888708786,0.21456616165511602,0.08512456106450439,0.06311199503041924,0.0543332095344379,0.19999999999999996,-0.04046228069396349,-0.18282700875435914,0.0711621116064352,0.08841267166076466,0.04612568521806203,0.033694905132458416,0.030031513430760295,0.04973690500596947,0.027448101423257862,-0.021292538717465708,-0.005657193292427348
795,-8.027980427344856,0.33361243157591475,-0.47675777438853256,-0.1360840154527033,-0.05895671058178909,0.08575179370249628,-0.03968648429295205,0.19999999999999996,0.10934360728267367,0.12390996231741584,-0.14149519814214695,0.10477222822782284,-0.021483100748845782,0.003512325182540468,0.0025670117643253735,0.027620859359067135,0.03665435457111086,0.03140461972483714,-0.003696478441335235
796,-17.047354453357784,0.33815002881014117,-0.4708905712370569,0.047390901145347164,0.1353489974300483,-0.10930415137379192,0.0511181454579596,0.19999999999999996,-0.15730956792850392,0.055081481554189515,0.1568114576154008,-0.0876352974947588,0.01572256848206373,-0.00956375813780896,0.0019455927997442358,0.023445932439879306,-0.01257711774497403,-0.000474955968442158,0.019677830501167847
797,-3.5743641629369023,0.30035472486315185,-0.5223655318010119,-0.11464072922323598,0.10989926851514796,0.019527574921283854,-0.12079623937050182,0.19999999999999996,0.10428436805992397,0.14790167663587772,0.04790682255563005,-0.13504332071839872,0.00042219873826864136,0.013856897296141934,-0.012614957462221112,0.019911299521686965,0.05033336465115509,0.05737102379059018,0.044855087025741425
798,-0.20526630933245116,0.31621830884471336,-0.500012988293648,0.08607361520721436,0.06431701344212111,0.26616742895864853,0.11708722438765237,0.19999999999999996,0.021493401569161675,0.08873122659278541,0.08253401060444303,0.07359607923797354,0.04256360880661612,0.09092079317494882,0.1151587413277215,0.11716454621516571,0.09561999197652117,0.07207760390850941,0.07337855801122822
799,-7.236925535452979,0.3239340247767214,-0.48954343298178543,0.11542846199124461,0.013461612704870434,-0.11243106487329271,0.05258273767593273,0.19999999999999984,-0.1442390561975034,-0.08381630740969552,0.11551608696379433,-0.16252467218366634,0.013532031231450463,-0.012060420393821476,0.0002704869250512169,0.03347901534773822,-2.137341921708661e-05,-0.021661061065105736,0.005487784044033885
800,-4.311736509552915,0.3172806828003457,-0.4985563685191832,-0.18726519871002895,0.07308956265471735,-0.19077346319465918,0.01032813635209357,0.19999999999999996,0.0662974894162873,0.2122279361188172,0.01513973347718823,0.04487848007620829,-0.020029484321529692,-0.03305199651139932,-0.027465270939722577,0.026040513965296743,0.04106525864783955,0.05656039412710874,0.043700142728155686
801,-5.537155907132888,0.3233938346297897,-0.49026826399605117,-0.0027769679447329104,-0.189912309331981,-0.10398235242096851,-0.05532802689784239,0.19999999999999996,0.2343204124133047,-0.05327772602132038,0.025860957739655785,-0.13454124723019434,-0.03389251257681724,-0.04489208833907588,-0.029537519103990027,0.020457674627786117,0.05892770121088552,0.027519176092972667,0.005989746569629436
802,-15.880268896403102,0.33463879285508497,-0.47542371505819664,-0.2062585794787556,0.06609028247328923,-0.008085077844255578,-0.09802608346767712,0.19999999999999984,-0.20549712110952378,0.14359827603730144,-0.07130847892228782,-0.0011361006669095306,0.0011305036951488668,0.003738255567978331,-0.008758278967693796,0.01808545319273469,-0.014770308383596421,0.0069154971371460025,-0.002247995582859183
803,-11.277819452750462,0.326959089599539,-0.4855065845650187,0.12212207191843279,-0.12189240679123559,-0.14052612566305633,0.14541735053557509,0.19999999999999996,0.013386080019386777,0.040384908347563246,0.1494170952249924,0.0668539614997578,-0.010152062301847826,-0.02482475174293904,0.012782764811394261,0.036791285782960204,0.015576788944705273,0.007667860253156953,0.023476332974014833
804,-4.51465440656764,0.33343236819360417,-0.4769922430037044,0.1655642283163735,0.005430247122851205,0.08785415439396148,-0.12494786496252346,0.19999999999999996,-0.09235926015450056,0.21073591538756406,-0.02240741322587378,-0.09070091643635195,0.028514488333458442,0.02394761279615241,-0.0004827686194588429,0.022608205202546795,0.016459424113553514,0.03356620968554106,0.029218811684135173
805,-12.326108727889034,0.33629537597234227,-0.47327910414983676,-0.1464529731494602,0.10975647650960378,0.10382662352678712,0.1748938100372021,0.19999999999999996,-0.09454310347514741,0.045844105767671985,-0.09024248068727353,-0.03444042684685388,0.007387879123555558,0.022414370063610984,0.030926968938871893,0.0335691476134546,-0.001876575479231468,-0.0015001495944827186,-0.009178990460471149
806,-14.605466842115696,0.343272832036877,-0.4643605669889371,-0.12581976205986836,-0.11571377783149897,0.039371460475851563,-0.14790416563401687,0.20000000000000007,-0.11532966052442474,-0.0872807493985014,-0.12406877355509137,-0.04451165052074664,-0.018694807855375327,0.00019738257842020598,-0.011650944670215648,0.01764443702351972,-0.005676500868094275,-0.018741309388887746,-0.01937780285461544
807,-12.059183610104006,0.33556611927398444,-0.47422189455115343,-0.17459363370035405,-0.1450782487523862,0.003912645066053245,0.17962675024932753,0.19999999999999996,-0.0034582223656837584,0.15950141046766503,-0.04106923382979397,-0.09275985556873619,-0.029081158191792293,-0.00516218913008362,0.027036570308953053,0.03646442971859311,0.011547015371805015,0.018234899051668883,0.0018632013376000372
808,-9.727186584277451,0.3184330884471334,-0.4969818109614497,-0.1218063131641372,0.023328171648674224,-0.04131295868976826,-0.010727052912923873,0.36320791735245805,0.08028227494493485,-0.20629702638383182,0.043916352414791415,-0.1091219324884803,-0.00700401916316712,-0.005306603098212793,-0.0005477511729208692,0.05048120694208313,0.037022291781894284,-0.019198467660924874,-0.01009600293541492
809,-19.2018723062609,0.3317487755690003,-0.47919067137116206,-0.02545771284428151,0.16188796231166447,0.048193600413272066,-0.1773924692628478,0.20000000000000007,-0.06567912860118098,0.042073999415438434,-0.09293243999493889,-0.1863826871563758,0.018265961424213363,0.006862160651988633,-0.020734571446142873,0.015104703127150343,-1.5155747225717045e-05,-0.0006490457150357999,-0.012318280789682137
810,-9.789078495019625,0.3317487755690003,-0.47919067137116206,0.06619511274649553,0.0647154823834708,0.2033631279173531,0.045438643339580094,0.19999999999999996,0.08222148370761759,-0.19667412259445474,0.08457198977950295,0.05682003753152524,0.01703905423230093,0.03511750905236896,0.02611360303405277,0.035565875839212176,0.027221571588431703,-0.016071286765185752,0.0007804648725909728
811,-6.857870701269274,0.3332523048112936,-0.47722683827309725,0.09848337777286292,-0.1029326315451237,0.12583858756071964,0.08708733955069123,0.19999999999999996,-0.12173097489409508,-0.04160108069974232,0.12340860751786252,0.09891740045890264,-0.0030226445675945557,0.012193052136780756,0.029627256847138347,0.04397970901485075,0.008206697415793386,-0.010399022969029606,0.017677176058292866
812,-7.9486936751050745,0.32354688850475366,-0.49006277235765555,-0.082511986699181,-0.019816857322244964,-0.1462907141634088,-0.15789144213385664,0.20000000000000018,0.1187733530529937,-0.08989660759927295,0.14567689309065157,0.03914214593839024,-0.013343876155208434,-0.028116137904116583,-0.037568309014573524,0.011442112578657581,0.031138099946487325,0.0011432500978590203,0.014885874714406236
813,-4.8934926941887085,0.32496038605589167,-0.4881695779931709,0.07333248958219307,0.1950322136740546,-0.18977775000156094,-0.08043284652878052,0.19999999999999984,-0.12418915218510806,-0.10487756419073334,0.0004895684716631465,-0.03186841536590647,0.042416207936151244,-0.0009857334173551063,-0.02804255151908514,0.017502278772201525,0.002601199398553848,-0.028702499656013965,-0.019111219645216528
814,-13.713890471988272,0.3226735811005474,-0.4912365910012304,-0.11297271928347655,0.06892035937199192,-0.15222159381938322,-0.19507872470708282,0.19999999999999996,0.07580330462573615,0.1020724990309338,0.010167932537377052,0.0827628666240186,0.0016701998768339941,-0.01708887935094494,-0.028980974462113573,0.01821677004684848,0.022491681008530672,0.015334666221633386,0.004356496723529699
815,-15.770544404273945,0.33264909248055313,-0.4780136570404951,-0.10949677197018995,0.21288313261900493,-0.02991874612406445,-0.18672196177826228,0.20000000000000018,-0.04803651738701968,0.08074246826054415,-0.09364263113267139,-0.038557770728243096,0.02146138695075824,0.003161069797925588,-0.023627883554842393,0.015832500708068444,0.004928893015785948,0.005366168784045577,-0.009806389275713917
816,-18.54952946514025,0.3315326995102276,-0.4794736301054001,0.05123565675174702,-0.04742181934490533,-0.10511518214122471,-0.18596401375298802,0.19999999999999996,0.1265788466571869,0.15802487254591568,-0.05300560876268111,0.07265400004335133,-0.00555565966895744,-0.016268579686550218,-0.020324449719905407,0.02354205198806382,0.026390620070451936,0.017656895846457382,-0.007118694854861761
817,-19.937700925389592,0.3334863872082973,-0.47692188912668304,0.11994222035365064,0.18097102796525041,-0.1360728978537394,-0.10917340701909968,0.19999999999999996,0.14010251367536108,0.0686331262128942,-0.04086922335893541,0.004235583561069164,0.020300370962823642,-0.017044333255218314,-0.018730717724848408,0.022765049998191483,0.02343094535902634,0.00552631883845821,-0.009827971036708901
818,-10.882982157893705,0.316281331028522,-0.49992644219929244,0.021930867046812994,-0.004747011777411203,-0.21575526231427822,0.08367255892934193,0.21508201229293555,-0.1389508321801635,0.08706494079251992,-0.07857414932684782,0.15422236533968883,-0.0018155414966957962,-0.02854460652562773,-0.0007280767999936372,0.03266917246036821,-0.002912947878113403,0.0012425804404946471,-0.0036478308652531308
819,-2.0635052064489727,0.31041126476519737,-0.5080625266645092,-0.1012258751643059,-0.015873624160174755,-0.08691486138522228,0.10335577268447545,0.19999999999999984,-0.04753597711052203,-0.16253640362715266,-0.17938988500628264,-0.1031676008618644,-0.02636243098971576,-0.028551220085854298,-0.0005130336671527893,0.05100697898286778,0.033363073447941774,-0.028128915300500424,-0.06903031657597415
820,-6.790344601367783,0.321134039181792,-0.49331365816655204,-0.10973970822022777,-0.11303647348996583,0.1148516449468609,0.09664880626333842,0.19999999999999996,0.0836098347358251,-0.05209348451908203,0.12851198006470588,0.10150806775999414,-0.029430409001116285,0.002673897592228502,0.026355897447068382,0.04504748965077208,0.03877885663760304,0.010822532629346274,0.022423792553518007
821,-0.463194137259034,0.2833297320656871,-0.5477078490780977,-0.10979392175610411,-0.1584086238471473,0.07076317327889747,0.11126414182780507,0.19999999999999984,-0.078449921886184,0.11476131268714872,0.0922532437001471,-0.06430566101656635,-0.06326824162112529,-0.03628269126638017,0.02220617750230675,0.06802557565718531,0.04490422997028144,0.032796222277415216,0.05374241689491169
822,-0.7895940008527127,0.3122209017574186,-0.5055380262766342,0.05950730258742417,-0.14486387772996276,0.04234645806059261,-0.15151129041924064,0.19999999999999996,0.02349456576945525,-0.22251410331304913,0.07128222266810703,-0.08448017945216844,-0.01639430180965105,-0.022992511585704287,-0.032234600174140954,0.005071189094639892,0.034222316259223944,-0.02992560746482678,-0.03350024616373787
823,-14.208355681745738,0.3357821953327571,-0.47394233581481654,-0.14710065916576537,-0.0056000710813232666,-0.1549749271239777,-0.048694602368556154,0.19999999999999996,0.1591926918659222,0.1502301106992937,-0.001715356042249631,0.13249158165291203,-0.008723291226878873,-0.018152984463184328,-0.009063875373448611,0.026557892691629212,0.03129276995550166,0.022953900063148177,0.003756911056917429
824,-2.127487511977442,0.3013810861423221,-0.5208840063072714,0.03631110142449624,-0.12199395953061466,0.0925712506498545,0.149418809963073,0.20000000000000007,0.06309905084383563,0.15167391066689664,-0.07987406352827019,-0.1050578533929591,-0.015547479707030312,-0.0016581890806518312,0.044195877347337896,0.0772824042225447,0.07242839045526388,0.06764356866122716,0.03376914597168999
825,-10.161342056267053,0.32785040334197635,-0.48432427770102876,0.15494919520983222,-0.03910142442531196,0.04818001321399175,0.1720164412139413,0.20000000000000007,-0.17193222184793255,0.03948974509179092,-0.05832340787987713,-0.11600755111732207,0.0069328050428985035,0.007071019700343985,0.030351484899459356,0.03979575610833376,-0.006187309383773316,-0.005617312683915146,-0.005496053449944069
826,-8.01713944298414,0.33345937770095074,-0.47695706464056475,0.17104718293745053,-0.1541233749264242,-0.1669009277065256,0.10350403226245669,0.19999999999999996,0.04662664522455477,-0.09348988472980503,-0.016979991808279846,-0.04732796040450334,-0.008160206836701489,-0.035652902121097826,-0.00018535293966573542,0.03757530399422549,0.026567966978811645,-0.006041092892188766,-0.009824927763928905
827,-11.603141666119075,0.3358722270239124,-0.4738259060985879,-0.1234732372836661,0.11352754993650273,0.15132554507716992,-0.0411445724882515,0.20000000000000007,-0.13255182860082343,-0.14978273822357402,-0.06685045098234442,0.02134407740766785,0.009307505190410292,0.0267210604973218,0.006399561470005724,0.021779601527446894,-0.007350832807986399,-0.028454801192625195,-0.017583819670203987
828,-7.534821107202545,0.3478914577931432,-0.45855623488807323,0.11281975907383665,0.117461096972663,0.0649309416650885,-0.09570812535056883,0.19999999999999996,0.10267110875878838,0.10305005467199957,0.08110941280416181,0.1222495007028933,0.031183196424058753,0.024384788554669815,-0.0005654595919976363,0.026308925095329123,0.03944892622912449,0.03455362803536251,0.03152610872308377
829,-13.365980800591117,0.34129213483146065,-0.4668737200385442,-0.16762668812337744,0.16658347981855706,0.09651356773473412,-0.020443195049426433,0.19999999999999996,0.07734499880737403,0.09738620216575772,-0.053580488792902156,0.12052137950787105,0.01420917493427673,0.021448011218383873,0.003849743652893758,0.023389854980859694,0.019937656717794443,0.013915182744175412,-0.0022397032309949215
830,-16.534245560374938,0.3244111927398444,-0.4889041703015246,0.13633787202044562,-0.047282658072486036,0.10423507760996686,-0.0926367292946327,0.19999999999999996,-0.10888415928724098,-0.11842436636637074,-0.10303894511969958,0.0891601922291576,-0.0004031242300396125,0.0070602108289908655,-0.0060732453280682745,0.01765685263976318,-0.007514209391495192,-0.021461475928717378,-0.014023263954565447
831,-19.53019549971643,0.32213339095361565,-0.4919642557599638,0.21434264635244601,-0.011196453083636182,-0.004628407232807931,0.2534133559587536,0.19999999999999996,-0.07088677844327598,-0.11756659671005476,-0.10375290520167965,-0.024212857017345997,0.0021756982103063416,-0.0036739262055492865,0.02766582796643238,0.024952633365465455,-0.013079596136909542,-0.024710864323375697,-0.01567473536246355
832,-15.44332244515402,0.34322781619129933,-0.4644175228954204,-0.015723462743599946,-0.01591640123741959,0.10018738845572736,-0.14275572043252668,0.19999999999999996,-0.19760848818278648,0.07101747110698173,0.04058589080776663,-0.21620517703319164,-0.0012787232353686142,0.010067103606192476,-0.010924494632239346,0.0152467165372556,-0.01452050789681496,-3.98124804355387e-05,0.0065158163910228085
833,-0.8473556537195925,0.3141655862863728,-0.5028413893293866,-0.18379281642674014,0.07188087197891943,0.05132080939999558,-0.05584880257058434,0.19999999999999996,-0.05404519166835139,-0.0866230316983808,-0.13781084143928524,0.1586776348177432,-0.02920051164682088,0.00837493683989953,0.0014276439245323837,0.03255000823866636,0.031072438326961622,-0.015646228307601512,-0.046428340623158926
834,-3.7171633680012945,0.3344317199654278,-0.4756925375947694,0.12827231023212607,0.11599358064164314,-0.07151820631909113,-0.06989716932865789,0.20000000000000018,-0.06506091725029191,-0.144509070265693,0.08993496681665894,0.11481377914583774,0.04299549404232506,0.01443254145288858,-0.010792799291145646,0.025832472443446445,0.018702882930302565,-0.02419850829842441,-0.0046982314673213055
835,-17.781668711195085,0.3364934456928839,-0.47302339065883187,0.08007663646175857,0.03327213654502572,-0.12190864036389162,-0.041865773398743145,0.19999999999999996,-0.14363299362865228,-0.1719483735267934,0.12722363797144412,-0.08007180810369122,0.0042442381795052215,-0.015588370693167816,-0.007085923315498042,0.02250486531478742,-0.01149264897393309,-0.025349880403090583,0.010819583285626183
836,-9.963912792508992,0.3400406943244022,-0.4684691057137321,0.11628653837529954,-0.07443878893907284,-0.09526032945715401,-0.04671474226947685,0.19999999999999984,0.1280155063561461,-0.10803838864867309,-0.115774850450254,0.1154708555039237,-0.002569799950428857,-0.01874782199580924,-0.011630423030078793,0.02560403406722735,0.03169173814033368,-0.005633021389214377,-0.02196191754857625
837,-6.643835518969341,0.3328201526937482,-0.4777903844885663,-0.19321173985436182,-0.0925978873820217,0.1363983637196201,0.12249908814939492,0.19999999999999996,-0.027951170855918053,-0.06728226133352909,-0.11012904575837074,0.04993044294678367,-0.03634160485332771,0.005831085517345616,0.03251001670627552,0.047091312361354366,0.021888950985875108,-0.007580864446620145,-0.02173142874858102
838,-5.92884210041565,0.31631734370498416,-0.4998769950306288,0.06880547816146547,-0.13799283803374876,0.0403347636731008,-0.0588916037847686,0.2681197324127893,0.1261404154632144,0.17038360884020068,-0.09183371096222778,0.03749784866848433,-0.013132251808732318,-0.009581458590088613,-0.004868954484730246,0.038259152620110336,0.05609117639077989,0.05282946077130785,0.01745193121786675
839,-14.888933758158839,0.3251224430999712,-0.4879530502576312,-0.15825805053490352,0.0021211380057835493,0.012821818669687908,0.14133219946391193,0.19999999999999996,-0.11872127134721153,-0.11895166127565002,0.16143218509294724,0.08636167560990439,-0.0055723006422147845,0.005659586654407818,0.021308650584206522,0.028204614373705292,-0.01069757106067102,-0.021318958176994217,0.015903069001007877
840,-18.29906181365748,0.3204497983290118,-0.4942399973975143,0.15274802333296042,0.0977070473875734,-0.27169571346559923,-0.01577785929931544,0.19999999999999996,-0.06023707989612945,0.16291962561723783,-0.029675955733574927,-0.009238695267609344,0.011172255010016941,-0.032814220648365755,-0.009564308735058619,0.02661290769785909,0.0027411554042168014,0.013093707777791347,-0.0009330460075365725
841,-1.190280525562482,0.2869670123883607,-0.5421680236879576,-0.17399300111004182,-0.1261950391797894,-0.07798497688710673,-0.021322697838787517,0.2062287139959904,-0.02110778350379886,-0.29220261440919804,-0.019194355131657227,-0.06177081794363001,-0.07012727637366645,-0.06526995115750107,-0.042060734429716605,0.01878064107415749,0.025572075391055868,-0.05669515571836449,-0.07375751967451377
842,-17.081457197617333,0.32642790262172283,-0.48621272541843136,0.11765594461101858,0.1320398773470929,-0.008117657642141902,0.15934736155067616,0.19999999999999996,-0.10192648814230852,-0.156652189688005,-0.028439870504379454,0.09582061051437751,0.018344901237232404,0.0018256386029789412,0.01641870849653403,0.02455734131577261,-0.012118008595839051,-0.02729929648720831,-0.006660879663199251
843,-13.968879565826958,0.33836610486891383,-0.47061314801382337,-0.08694683616839191,0.11805622330545344,0.18125700397536115,0.07943763939896277,0.19999999999999996,0.17536376875165147,0.02199616861243757,-0.12902522254105214,-0.007917137246689571,0.013093618973098691,0.029678594461442786,0.019434198504919845,0.027639773370630234,0.028607702163157767,0.006241452431825095,-0.01805857647727947
844,-7.908973217691372,0.33152369634111206,-0.47948542405442535,-0.14651028988251863,-0.1017513738024613,-0.1492099400721886,0.13579397994419784,0.20000000000000018,0.07654617735138718,-0.07891084197635839,0.05768361926360838,-0.05359377770727948,-0.032419807470101994,-0.03464161551158138,0.003968421050512139,0.0393093026338598,0.030254169675719738,-0.00048429846077353427,0.0024549806741410536
845,-11.384152638496325,0.34140917602996257,-0.4667248105627485,0.08088692185262837,0.16233891288711833,-0.05700228142132502,0.06401323604189847,0.19999999999999996,-0.029539004132853448,0.15189832448820598,0.16853999698068467,-0.08578132219528578,0.026217039166375022,0.00361976507056631,0.007473203229134313,0.030719318397284822,0.011707391690274379,0.02137413102007352,0.03188209705097687
846,-8.631064898975787,0.3283275713050994,-0.4836926458637503,0.14057066287719108,0.054950937921938635,0.07298725738039787,0.17259945062115636,0.19999999999999996,0.10734485225851347,-0.025164456986049785,-0.13218335252139327,-0.09419902943335952,0.02220824066442319,0.020623925162698172,0.037004738354949614,0.04986684262048784,0.039330389835167595,0.01129768708016659,-0.016456731330739608
847,-16.697019628883737,0.3471982137712475,-0.45942251780224536,-0.07488305074514993,-0.025901268710781078,0.05290169916276644,0.06303433261101464,0.19999999999999984,0.19145640431604768,0.17142086344452212,0.15748493739725067,-0.0629174436124675,-0.004486269612198467,0.007776068695761196,0.012583880941271657,0.026819449322176506,0.028191484912621145,0.022319778156985777,0.01613789959503782
848,-5.660309220170809,0.31782987611639296,-0.49780528138086605,-0.07013813666473566,0.024580213855779447,-0.19502138488106116,-0.13992913983737007,0.19999999999999996,0.017344698764326608,-0.05270826162197926,-0.16081457489417525,0.13946358948057253,-0.008199859680974699,-0.03434199149583534,-0.047946954837043296,0.005636046866017352,0.01886954785714466,-0.006352330719738335,-0.03228342489932478
849,-12.787002563988723,0.3394824978392394,-0.46918261103819253,-0.1892252395949259,-0.001676693504424681,-0.05645413588453044,0.022266746567310723,0.19999999999999996,0.1958227484345823,0.2219531858311168,-0.00878374569852875,0.10381750448458044,-0.010749472965194714,-0.005814454039474292,0.003112329350854225,0.0293186346784324,0.037779870147020916,0.03676348416469046,0.00903802574335105
850,-2.931423879249884,0.37480193027945835,-0.4261981811045406,-0.14347549388201392,-0.1545043619787877,-0.004371674717157109,-0.16303565436410794,0.19999999999999996,-0.13121314520190935,-0.04893631152607728,0.06408236963556779,-0.09038098869437898,-0.05780911272172273,-0.04405604453794731,-0.04669871749440256,-0.004456128589927834,-0.006629481709404493,-0.029899991486399647,-0.008431824760015645
851,-19.973678577280303,0.3401127196773264,-0.4683771258374127,0.14768045638860813,-0.14218531709793522,0.006969361040515044,0.10395307631126557,0.19999999999999996,-0.09901017529500256,-0.14824976650552343,-0.023320408183227795,0.12863143917792236,-0.013517543833095598,-0.004304549939281313,0.01571088735923397,0.023824156458960653,-0.01231505141873646,-0.025329243487817905,-0.0037975649154258274
852,-1.6826536654943354,0.2877232785940651,-0.5410249995765957,-0.04778832083945481,-0.012700783025592537,0.17912443237585246,0.12042481685570279,0.19999999999999996,-0.14831787669626453,0.1390275664201983,0.08305086666881836,-0.0695653371181163,-0.010556808586280482,0.0319853716840683,0.06522955292757626,0.08157031485036682,0.03476375566284166,0.02588555892706961,0.04999999415993067
853,-6.918344040447135,0.31511992221261886,-0.5015241394045333,0.09169772438697596,0.13801597017543324,-0.04482168853779215,0.058164149680366116,0.19999999999999996,0.16862440309084095,0.08438318603550678,-0.17168457310851468,-0.04260830498457014,0.032018722854080826,0.012711584760693206,0.012416970364021777,0.04257120142514964,0.05494373442561607,0.039439575443938814,-0.007736897867085703
854,-10.622473232735398,0.33994165946413135,-0.4685956098601888,0.056144399164828815,0.12000086784064593,-0.07502821649472348,0.08452254760205005,0.19999999999999996,-0.1487988776238757,0.121182324208403,0.15410524403796375,0.04021752302750926,0.019538219056249827,-0.0004082429891239895,0.009443694384552176,0.03174025777131669,-0.0035265197488276168,0.009550117693474391,0.030597195065096543
855,-14.726422976865257,0.3329101843849035,-0.4776729187078266,0.07971711009168422,0.06643144661196874,0.08700207026721102,-0.07230969089449665,0.19999999999999996,-0.04172010623481056,0.14698080438126654,-0.10131637273367146,-0.20452239878489084,0.012259174037319633,0.011232309464365138,-0.004634934378435614,0.019313700254062937,0.004844400736652846,0.012985945581397065,-0.009644580668927916
856,-17.544259920985738,0.32993913857677903,-0.48156616381287887,-0.18456910831224047,0.0400797669567068,0.10157213558541701,-0.08713104246447065,0.19999999999999996,0.04947793429860719,-0.13152351934053,-0.1150262272765334,0.09062026576549452,0.0013673394348791485,0.015872030969481535,-0.003946014534499602,0.019273706025078625,0.0096312379443909,-0.019119723536431616,-0.01888402513764081
857,-2.2286348444329747,0.2717966724286949,-0.5657558645818258,-0.06016348855641593,0.19608725667799146,-0.14621814882956038,0.021345922032333653,0.19999999999999996,0.2083901460746068,-0.061413903060898,0.012103893576361782,-0.09427724119183202,0.024763357515632158,0.00700663238141401,-0.009149451911667992,0.04241845686256772,0.08290889724334433,0.04917469003173819,0.014110575332394903
858,-16.686549353268422,0.3354940939210602,-0.4743151208007125,-0.14547843589670403,-0.10126930594569725,-0.0905652129033765,-0.0782016642388373,0.19999999999999996,0.04722722860328816,-0.17807089772477933,-0.027084560946702835,-0.13210269374061467,-0.017000453577770264,-0.01138060671004163,-0.005700624946397547,0.025080186845379875,0.01183874436735686,-0.022960698516121897,-0.012961300730504846
859,-17.49440505975167,0.32187229904926534,-0.49231639792672294,0.14058126707807928,0.05980893160940684,-0.13190294342412517,-0.17508495794976078,0.19999999999999996,-0.04006802957958697,0.1682027754710885,-0.024492431668216207,0.05985866321973624,0.008786850806628643,-0.018974827541776863,-0.02413113655408015,0.020211306744139797,0.007572743205370357,0.0161362194460245,0.0011271327792393231
860,-19.472878302964393,0.3383751080380294,-0.47060159255778733,-0.06547017568139886,0.1448270416388876,-0.02253635620765781,-0.03401705960592166,0.19999999999999984,-0.13842249521880892,-0.11420459305832155,0.17580003333285818,-0.1047222452561456,0.014842126624853041,0.0012523386466959912,-0.0048881216111226365,0.018988957260794456,-0.012793418809116983,-0.017986119997779944,0.017495698285938648
861,-10.820279865592088,0.3150388936905791,-0.5016358262977562,-0.13636480103495024,0.2537350646951458,-0.06541068875757286,-0.0016137079253187353,0.19999999999999996,-0.109583719850741,0.09447316939735376,-0.06558613891370296,0.07323270942521469,0.02433618159029056,0.008164287330610505,-0.0015200871559515464,0.025276663200602296,0.00041557390813852605,0.005713381082293992,-0.0016170888874065279
862,-6.017275570523546,0.33387352348026506,-0.4764180195869428,-0.14014147990147338,-0.07302767231861383,0.09886678339165914,-0.07527792896635142,0.20000000000000018,-0.028996404874749707,0.11499952351647623,-0.11608203485935317,0.152608172171323,-0.029037568694067244,0.0001832371894542035,-0.002340064970949985,0.023221045402606534,0.019244710270932868,0.019438700576600135,-0.0007470974643090575
863,-17.80427606007289,0.3463249063670412,-0.46051627452384813,-0.08923655348087799,0.17099209984530947,0.18037007614678624,0.09779041717465947,0.19999999999999996,0.10887011648285919,-0.002680832157787365,-0.012187020862547021,-0.1378728838491733,0.019681987097390143,0.027856431960464716,0.014775725243461435,0.020348925063273342,0.011947634720807903,-0.004497335519131704,-0.008575350346136122
864,-19.393789296574553,0.339203399596658,-0.46953980376594096,0.14987023702132168,0.07262661168111494,0.10378791879831138,0.08036971643712755,0.19999999999999984,0.041988646783737454,-0.17065329760144965,-0.08624031359742382,-0.09446325807951367,0.01181483998210997,0.009670295238176573,0.00886265725443525,0.01966823300361037,0.0019317449993252194,-0.026544042236217587,-0.01796834814422803
865,-5.524124298896179,0.34630690002881015,-0.4605388552175518,0.03889643398961104,0.12769207298820798,-0.06778382727962594,0.09414516345636822,0.19999999999999996,-0.09095075270576392,0.15029189854202699,-0.11874950386461668,0.11149034717377934,0.026125458001757355,0.009450209045284935,0.01580635882402346,0.04613773755474996,0.019878126612057234,0.023019261656446414,0.004898989671059568
866,-13.90354164574966,0.33094749351771824,-0.4802409037600836,-0.05884668378989842,-0.02661532003787249,0.14177643296074396,0.15797842430758988,0.19999999999999996,-0.08215603111191973,-0.12741065950807035,0.08968676700634642,-0.1155296812775588,-0.004200458444431224,0.01904836236323386,0.0290046009006872,0.029489542341702053,-0.0057036455295327755,-0.02174913185519222,0.004000158865076284
867,-0.4258878703156057,0.2932602276001152,-0.5327468327065937,0.055285220347969295,0.1318511658002755,-0.039320055774994866,0.07614715491136853,0.20000000000000007,0.0637249737737512,0.13293377459695982,0.15732638189877385,-0.14341127289590686,0.04381963218889983,0.03355164241223002,0.028863550249935574,0.07156359602732543,0.08197417182121594,0.08035855640536056,0.09230824974041965
868,-18.726482160402714,0.33368445692883897,-0.4766640223750212,-0.15630985210633352,-0.16212643419679085,0.05583434135915748,0.07124472830883129,0.19999999999999996,0.06816469417887426,-0.03496448083038169,0.12348712066452279,0.12786834835510816,-0.020648776014762952,0.008051895274111326,0.017728494260793624,0.02613144960336373,0.009267900176569432,-0.007383402301773486,0.009890196306712834
869,-17.341857284429896,0.3091508210890233,-0.5098295956992853,0.0591567874604641,0.05294712664134226,-0.18298941696183837,-0.05226715085156884,0.19999999999999996,-0.16310382242862603,0.00979309680486764,-0.17303127552902073,-0.10671132332227212,0.0054761308460838844,-0.021775795977169953,-0.010191430467636532,0.02319579209364854,-0.01057950143720347,-0.008256522746608777,-0.019542058206804703
870,-7.507413613729497,0.33908635839815615,-0.4696896817393883,-0.1716825556783592,-0.14144584928408024,0.10491422087992455,0.07301421069916977,0.19999999999999996,0.04245185968080947,-0.03304616744617306,-0.14775672327755676,-0.08568841305392697,-0.03898658611511135,-0.0026162780133857444,0.019356693698967326,0.03841791773486522,0.027836420023423788,0.0023654659576933597,-0.02406129390435308
871,-8.842863596223573,0.3405718813022184,-0.46779121162706816,-0.005432734724793655,0.16997363266932455,0.14353427938891888,-0.031056985595896973,0.19999999999999984,0.14591686399106174,0.21503258066040914,-0.01949056404052694,0.0695623589290682,0.02627902017704128,0.03597087267601278,0.01379073161832108,0.03190976318165502,0.044160783375353965,0.04978021972700306,0.0230868248504561
872,-18.661968710085645,0.3294799769518871,-0.48217097306855444,0.17762259446439102,0.0949524100416978,-0.03417519632134126,0.14516479756174902,0.19999999999999996,0.0345354829049735,-0.1646680308119548,-0.0666502191430227,0.08223126875086992,0.013802700493723431,-0.004886165690446435,0.013210855126919704,0.024731557042954797,0.0021728665187878797,-0.025781465264570355,-0.01379757385288629
873,-3.2546410086419186,0.30573861999423796,-0.5146496990199988,-0.013422779092630885,-0.029327345265588868,0.05393078173410585,0.18290148617259588,0.19999999999999973,-0.09253682447040457,-0.09887051915874731,-0.14817740248091033,0.18083286162501647,-0.007213170692322065,0.006591148555705129,0.045229990627289454,0.07315878581094118,0.032126471601355136,-0.01679352622117014,-0.03856805282332624
874,-4.735419462321936,0.33164073753961393,-0.4793321276935364,0.14535945466969394,0.16617095141063162,-0.01017515786915194,-0.10571241044168136,0.19999999999999996,-0.052975398925244895,0.17175289380556785,-0.13411923802645617,-0.013734494851572287,0.05153769650177606,0.030099630605976514,-0.004612249698639068,0.024626262193576193,0.02327484904067463,0.03163928222451913,0.0061380658751361205
875,-18.937084801187126,0.34212942955920483,-0.46580956672272883,0.1349960309150311,0.037272862807217935,-0.021138844950497067,0.16027710302047518,0.19999999999999996,0.13661345399821723,-0.1001461255605395,0.10977074413122727,0.09978483461679481,0.006446369540736497,-0.003371818341917489,0.017113062507248384,0.0265317989795101,0.013757832397737849,-0.014961932051835648,0.00478308259832545
876,-14.151031388527302,0.3424085278017862,-0.4654554276072129,-0.17617742975845935,0.0315635555231023,0.12193229573700218,0.09308121133208619,0.19999999999999996,0.11651325659080675,0.13530564526041527,0.07818994877409927,-0.04723665702402872,-0.0020925072739408344,0.019713718786835706,0.019932955037327896,0.028462829818930342,0.022267521826614296,0.019426517377052234,0.012023861894272793
877,-12.626236297990435,0.326004753673293,-0.48677606717430627,-0.19872211116582952,-0.11970067823838694,0.13334634260203618,-0.18923267952706538,0.20000000000000007,0.013027231958147872,-0.0028445352300280886,0.035600428029936036,0.10752599324856994,-0.024432722049420978,0.00961955956780919,-0.013459973359861406,0.015142836297948657,0.012105103199870241,-0.0003139454178953522,0.004242015495244559
878,-2.0998475853003207,0.3124909968308845,-0.5051624905854797,-0.13358837146730226,0.07576582535493322,0.03491727402358851,0.11452625064235454,0.19999999999999996,0.09632578864282249,0.13906310745883935,0.0573515002801634,-0.1484618821299963,-0.012561241332061795,0.013445662517352311,0.034690743724651085,0.06950800569748039,0.07545327747927598,0.07323499478220663,0.05984108757812877
879,-8.534281671914068,0.3434348890809565,-0.46415558755113706,0.12871402337191548,-0.049252070866822935,0.10268063818101437,-0.07854633287189883,0.19999999999999996,0.05314863321645902,-0.11980570554628119,0.1541462456600258,-0.11370635028558243,0.0062189074154253374,0.011892142848667723,0.0009154000214968021,0.025399704062979183,0.02528583474688161,-0.006596024702655386,0.013343252775305356
880,-14.910047515449625,0.3369436041486603,-0.47244278297622805,0.08904677064689945,0.058666056117125956,-0.1006921852099182,-0.010896335138197011,0.20000000000000018,-0.1731146823097114,-0.1760707000897968,0.10300360534448957,0.08850966514386154,0.009298785653907833,-0.011489016517548904,-0.004354615675119255,0.022803091867278837,-0.014524225903420491,-0.029336499871681136,0.007973816594683093
881,-10.762288465008078,0.33214491501008353,-0.47867239202558043,0.03040297422454326,-0.03446019570790928,0.09682617404927808,0.036760934658894594,0.19999999999999996,-0.045176962629292945,-0.20051531071259895,-0.23506786841528704,0.12078957960219591,-0.001354870451181093,0.011380759546683255,0.014165816377025475,0.029736621668359043,0.005551520783575165,-0.032295649380342295,-0.04380617716805632
882,-14.149327148731652,0.3256626332469029,-0.48723206982216105,-0.11326132338837352,0.03256755657134099,-0.08834738828897158,-0.15868277827048452,0.19999999999999984,0.07759813062873665,-0.1339804689436888,0.05765431928533072,0.13790803462307336,-0.0018377085210746673,-0.010085343334596361,-0.020645565284462857,0.019802480539030522,0.01879899483232919,-0.014033554515789793,0.0004373236740459499
883,-15.85677864364305,0.3208549409392106,-0.4936912684933692,0.126182321674975,-0.2123800013712651,0.16330472506155005,0.18602761163260054,0.19999999999999973,0.002864627614111246,0.047438281590203045,-0.024529056619590137,0.037273374435705005,-0.01926718098398281,0.012517819678658027,0.03239176915004825,0.02879611324674623,0.002899639740098598,-0.00032113271097461215,-0.0030573228532768033
884,-11.091607687046025,0.3333333333333333,-0.47712125471966244,-0.05276294437111257,-0.08867335777706813,0.08436897353681153,-0.02799573489959226,0.19999999999999996,-0.09712795112382361,-0.18080087467453543,-0.11215370804371652,0.15611645557334006,-0.014435831935325456,0.0050189473374644055,0.004110451540887855,0.023845345790884695,-0.00265450776382918,-0.032162936583994294,-0.025543870855212224
885,-2.7401410875928462,0.3369526073177759,-0.47243117873628654,0.11951810283636559,-0.04736322796005505,0.1047928792108861,0.10804171361998956,0.19999999999999996,-0.07031362260925195,0.14673615310849972,-0.06894684118716528,0.13428745946778678,0.016039697251971633,0.022252830167237125,0.04601059429803912,0.06896912958130627,0.0418553307077262,0.03710413925433328,0.025584638015517934
886,-18.24926938795357,0.31857713915298186,-0.49678539205004124,0.15005439941184265,0.08315568536607716,-0.08372914048529394,-0.12823211495739303,0.19999999999999996,-0.09815815232932293,0.11574537068462566,0.037213962629477675,0.10371117413596703,0.01166200110938229,-0.012943700312346961,-0.018053867555899245,0.019390785521652867,-0.0017351938916740767,0.008543399591224566,0.008270378973173656
887,-8.149441269454115,0.3382760731777586,-0.470728719487682,0.006544749704736568,0.13502549269944789,0.18863256322841485,-0.07541233530909613,0.19999999999999996,-0.05322896687155078,-0.11854741197582387,-0.15431976927528862,0.06828871093564126,0.023437149311162378,0.040924648850408876,0.012939408027478045,0.027270449885891015,0.011959781842289316,-0.018752374405587323,-0.031437543114037264
888,-9.895593213336532,0.326616969173149,-0.4859612555245929,0.03898982493468887,-0.0353896591149019,0.14382964139389134,0.2380614522724496,0.19999999999999996,0.17899341548771264,-0.11499754488963018,0.0037738433322520117,0.045964618574473544,-2.8445423117067702e-05,0.020858371878332088,0.04719481281017058,0.05051390470872679,0.04221519336651925,0.0015104725097391052,-0.003193186550884244
889,-10.135879033080181,0.3111495246326707,-0.5070308581844623,0.09343112998220428,-0.14394152622847592,0.13975519106324455,-0.10774365061345136,0.19999999999999996,-0.16234102272214307,-0.07662459794626389,-0.05242168478899563,0.023741196655221276,-0.01119885536341694,0.007867293205831325,-0.0026543424734026045,0.018712438626746767,-0.008977979759248456,-0.022274108250100042,-0.01333143456649877
890,-19.843310221448302,0.3419853788533564,-0.46599246125101423,0.14762115663078043,0.03915696124216823,-0.17248016968263338,-0.04142197105798017,0.19999999999999984,-0.04021788453388425,-0.03555327184990341,-0.19766367225184484,0.12588491275080543,0.004610524359040325,-0.023184745356728816,-0.008215489265503995,0.024718414109178286,0.0015228814036799367,-0.011166834020172508,-0.02246559584447678
891,-0.24729529037348996,0.2799625468164794,-0.5529000643681079,0.1379342241491454,-0.04889953037275626,0.02310539484348199,0.05528902012188587,0.19999999999999996,-0.22624862797756512,-0.08515059484299724,-0.14071245118820505,-0.08266015650396308,0.02622054327709486,0.00953546983283855,0.024589558634228882,0.061704965651026074,0.010515417287575964,-0.05332685032618718,-0.06739470806731863
892,-9.364294440855216,0.337618841832325,-0.4715733242635991,-0.10712023074929536,-0.1959369979959412,-0.029339241476638054,0.14973794661708484,0.19999999999999996,-0.02643279318762895,-0.15050134561468276,-0.10837157292507141,0.03255987143365746,-0.03750692720548262,-0.020183685198199033,0.018477518581014016,0.03874457598836556,0.010801555263440461,-0.02388139882080625,-0.027616079503873996
893,-1.3720931430342063,0.31622731201382887,-0.5000006235099012,0.12986301211230686,-0.10862370302543502,-0.12017942264867072,-0.10820683367708618,0.19999999999999984,0.017256158063603203,-0.12619001072363897,-0.12928344482756676,0.060397414921692386,0.005375211371395261,-0.03981683425478989,-0.052346806530209775,0.004088282489258426,0.03139733739222501,-0.014707694020353324,-0.050466605013420145
894,-2.049359287113809,0.3251134399308557,-0.4879650767445378,0.0015005986631668271,-0.14295343043134842,0.03923112276679866,-0.1978942323374424,0.19999999999999996,-0.05920050451329859,0.08656756855301526,-0.10009300088935853,-0.17255954184557132,-0.0283085909151471,-0.02571958659853168,-0.041538552410193566,-0.005621523923062948,0.01250124318523137,0.010224862063685546,-0.007513736912056527
895,-18.747559374169512,0.32419511668107176,-0.4891935311729959,-0.0668276699848137,-0.13798002286066055,0.004009670078060795,0.0767526518278254,0.19999999999999996,-0.13933007565676803,0.17582617582655705,0.17959889305379564,0.019674840711518957,-0.01679892214892249,0.0004393951830704064,0.01552204995205762,0.024504496822847412,-0.011346295295444939,0.013173033073385878,0.02440135228235946
896,-16.072270877812926,0.33547608758282915,-0.4743384304903246,-0.06448061897214936,-0.0805045733591021,0.025624374939391147,-0.171249743356039,0.19999999999999996,-0.0936945613127738,0.17749572284292714,-0.08148360637988322,0.10546679883773431,-0.011249508014808838,-0.0002746334577786631,-0.014998777656686056,0.01773463494122977,0.000257812574731763,0.015023862891744075,-0.0029609822269733113
897,-5.6361526408784375,0.3161012676462115,-0.5001737625259667,-0.054784950809712706,-0.15704330548487,0.14399295857593028,-0.13150883423036291,0.20000000000000007,0.08190750936304143,-0.11415934926120658,0.0682333308509967,0.04836976142387938,-0.0319235557718188,-0.0015928638758507326,-0.007494586835647735,0.01866766360077679,0.03400672862261928,-0.0013984761001904255,0.0023467883865560973
898,-18.68339140007073,0.3164613944108326,-0.49967926263547524,-0.045702236564389036,0.15809614521036802,-0.0775293430131086,-0.06820076545658622,0.20000000000000007,-0.16693793318205244,-0.028325952291784036,-0.052061132321533234,-0.20314649196017837,0.0160965171330389,-0.005328860221299247,-0.010340938555381447,0.019362545300031404,-0.013120718394484952,-0.011013902553828364,-0.007000813466202242
899,-18.789315546600207,0.31924337366753097,-0.49587810834643425,-0.12247139845821658,0.13233199000172483,-0.059306730344920094,-0.13533572724856288,0.19999999999999996,0.06509716182178492,-0.13933390428601536,-0.08009251173567887,-0.06603057610309655,0.011942365991925863,-0.0025828825442548342,-0.01583552225565999,0.020937534723900655,0.013397358605369227,-0.018544906284045003,-0.01643482927941185
900,-11.056008581214568,0.3339455488331893,-0.4763243408803882,-0.09083074258501264,-0.15918264287103487,0.17506993230262682,0.09973505970064674,0.19999999999999973,-0.06744582344890579,-0.037675398700636124,0.02534040273925089,-0.14471999765188628,-0.025412443579728564,0.014064677004829782,0.027296479071017742,0.03281132730522089,0.0030507662903318865,-0.009180430613291294,-0.0005604330234603134
901,-6.723333623669571,0.3190543071161049,-0.4961353881858264,0.03371404005677668,0.0765485770250327,-0.16978951055370348,-0.007572447130849481,0.19999999999999973,-0.16521406119143234,0.12830029340870328,0.11317139484390253,-0.10568967578959966,0.013978799801895965,-0.016933199639776967,-0.015757721218346968,0.024903152728056207,-0.002395344524575315,0.0076556309878860924,0.028680179616318528
902,-17.12419374757077,0.3410670556035725,-0.4671602279996835,-0.10568065318434992,-0.19817566220719032,0.021862614455811426,0.1417296990647003,0.19999999999999996,-0.06878538874275537,-0.09824050280477462,0.011565278396306767,-0.15396020114411132,-0.025497310792678755,0.0013406673873445703,0.024876464749800157,0.028215808353446,-0.0067527800653819645,-0.01916061812975708,-0.004383383573888885
903,-15.734194033492976,0.34220145491212905,-0.4657181483338838,-0.12090306631661232,-0.0653300409975305,0.10980083899924736,0.14394628663543918,0.19999999999999996,0.15186608687075764,0.10709153080541699,-0.09236285639871923,0.008699292976276867,-0.010466145880748767,0.014804003255878365,0.025488184482148794,0.029310263457387915,0.02240946590577053,0.011503587896098141,-0.012341331833497386
904,-13.706048245580762,0.3374567847882455,-0.47178183566165255,0.0923748291589281,0.13013527896336527,-0.02335956362202614,-0.06686845706032372,0.19999999999999996,0.13650749143142954,0.009580885477369197,0.11653790825266447,0.22463558603389358,0.020248974540136577,0.0012701724231219988,-0.008879686927714492,0.02320173104540691,0.027449141609015407,0.007615378137709395,0.015529717562920846
905,-1.0988565011590694,0.31933340535868626,-0.49575564768639,0.09866546242924025,0.18897693406206426,-0.09171105873608516,0.024325795923336484,0.19999999999999984,-0.07763709797830179,0.007258475245731,0.17105766126846006,-0.14036751435678113,0.06341158796414667,0.03661308722212632,0.011193501813984983,0.05161845205019982,0.03802319243130942,0.010994713865651122,0.042096623754252244
906,-5.7423251263289625,0.3074582252953039,-0.5122138839737667,-0.1405871741820284,-0.0593920901298744,-0.23756140592500463,0.01883557792215389,0.26463818194926203,-0.052572354993067595,0.03409656775922545,0.17058254567547596,0.021734101463907706,-0.032291709775966314,-0.05345243460869501,-0.030903603474049583,0.032687010104134516,0.020752839172207996,0.0069949173864214155,0.03244299991096551
907,-1.066900087426653,0.28859658599827137,-0.5397088107715673,-0.15596315688936466,-0.01558970907307954,0.03677034565909818,0.15808039085239536,0.19999999999999996,0.02669264607275918,-0.09417135696293379,-0.15679948855669001,0.15593290593367923,-0.04062407772161679,-0.009593409379567177,0.03656293442890366,0.08022024205390509,0.06702396348857756,0.011141048288404724,-0.03753351223401222
908,-6.48254664691361,0.3265359406511092,-0.48606901050707824,-0.1370439930727564,0.054474615370853345,-0.09367378164280854,0.11676927601719907,0.19999999999999996,-0.1257919239658779,-0.11813525915783274,0.059525793475855314,-0.09458535729681682,-0.009397255652566109,-0.011632643716086691,0.009515658404319664,0.04085744912231988,0.004409780527944231,-0.0264021800449252,-0.007330748330326602
909,-17.17801674803816,0.32365492653414,-0.48991777795453817,-0.03918233702244186,-0.13970571565333348,0.1364827908705524,0.05500328373579109,0.19999999999999996,-0.08517620909045436,-0.08320659003148531,0.13344251127937803,-0.1278005623165635,-0.01562345074040537,0.013746208217984808,0.015725711990060225,0.022389336815555445,-0.008127348410110634,-0.015704918558137246,0.011164699878581118
910,-2.144479474379814,0.3210079948141746,-0.4934841512074565,-0.13744594668781127,-0.09877314609871446,-0.03660531376505191,0.002630642524602178,0.19999999999999996,0.03683858497556918,0.0917973417742964,-0.20489154377654104,-0.1910174803974137,-0.04990072675516089,-0.04041956446505579,-0.018884539383039838,0.030354087728175813,0.044348550478110656,0.035773706087670165,-0.01690463684487819
911,-8.173350467313247,0.33210890233362145,-0.4787194827799668,-0.15755370608205702,-0.05165445643244849,0.06424614012813072,0.13034967832557864,0.19999999999999996,0.07862863528924993,0.08680143343147567,0.11325158352729472,0.11751436678376476,-0.022470571663487645,0.0029920244510221214,0.02593039475235858,0.04339836287252401,0.034364286429184224,0.027097131738824193,0.03137107460640251
912,-14.328519347702919,0.34027477672140594,-0.46817024231383025,0.04847583993217096,-0.113067993566443,-0.03861387668083126,-0.15334387875793126,0.19999999999999984,0.18071414189328724,0.041511288580721645,-0.17449980766000195,-0.04977317292861282,-0.012383879851572866,-0.011871348682304302,-0.01701527487249067,0.021746491916783548,0.03338130389439621,0.008901598275461022,-0.024191571424661072
913,-17.181375541175747,0.3416792711034284,-0.466381368050726,0.08439286054703221,0.14202986453498034,0.10780974170403007,0.02092328094879963,0.19999999999999996,0.09694238693234143,0.14376310687873275,-0.022302683835659434,-0.1818360746184242,0.019922893432545996,0.014581790112154287,0.0034432057712825022,0.02061812633414535,0.01594807470073,0.014017977386923935,-0.0053941854260979374
914,-13.848937360066724,0.3301462114664362,-0.48129368203071526,0.05259031686971415,-0.08185269766740765,0.012273549889858777,-0.14710831990055537,0.19999999999999996,0.04132680793685066,0.17459049127448842,0.1583512918183972,-0.13190652464272787,-0.00771405928106558,-0.004425234303331232,-0.01481745268914657,0.01929931447029209,0.01778701499258078,0.024153884508984324,0.0242633993839298
915,-15.993645468487603,0.33565615096513973,-0.4741053898741387,-0.06521667437267949,0.10412221682702195,0.07181142105725466,-0.18390238081568994,0.19999999999999996,-0.17019212917842055,-0.027923323344200144,-0.17458970266886864,0.002242151735864682,0.011146114098614534,0.010850273389616139,-0.018505670711986288,0.01368526537509202,-0.011796079445428804,-0.01269185450251748,-0.020103253496307923
916,-0.7173052779557274,0.30187626044367616,-0.5201710385624979,0.19425397094890537,0.09629707131220465,0.16366694773243284,0.03928096847252204,0.19999999999999973,0.13778982439120427,-0.07658550879792399,-0.06251532778644006,0.029610380558366952,0.07342294910525746,0.08305608038637657,0.07512765980474513,0.08686625123595179,0.1020645376642583,0.052855420319793504,0.004030685278159695
917,-5.64083492378016,0.32153017862287525,-0.49277825821631527,0.12463746047133037,0.1943359835707346,-0.17494859081756475,-0.12455331404665236,0.19999999999999996,0.0052094110783400495,-0.05509435327016021,-0.04074148616632193,-0.0804794005788958,0.04738352664488118,0.001020653406695814,-0.031122284443785665,0.015068034834174885,0.023044396144635448,-0.0022612649456289595,-0.01250076454916201
918,-18.904875173605657,0.331811797752809,-0.4791081764555558,-0.03804825285294211,-0.1061818958762395,-0.07309977533400021,0.04111063752999193,0.27260544446270885,0.007819766574287111,-0.18905838252024113,0.10718063629542048,0.16489520855416864,-0.013492968206449574,-0.008723378834823516,0.009713375661664803,0.03509013825469483,0.004136915177298082,-0.02721248841708639,0.006401112268215104
919,-10.233214401329846,0.3250234082397004,-0.4880853599342236,-0.1722809159228743,0.07553603770707852,-0.07292696174127167,-0.17524525476105587,0.19999999999999984,-0.04558771558279824,-0.13741213887925235,-0.07253879007717526,0.048472185328493914,-0.00336631411373717,-0.00787969327654347,-0.02732050276618215,0.012859507585264392,0.004913880623884158,-0.023195882245949817,-0.021299681708538167
920,-4.283493580457446,0.30528846153846156,-0.5152896096707859,-0.09748204941846651,0.07995268317347301,0.17055500881000246,0.15371845104144963,0.19999999999999996,-0.05099547771469012,-0.057137582447157574,0.09925597731950818,-0.09090277007525262,0.0009795921481682338,0.040329901692021844,0.060237738165038246,0.07077213302915589,0.036651898852193006,0.00257447833833104,0.015715133212696984
921,-7.192777165158294,0.32278161912993375,-0.4910912042403223,-0.0651413585009929,-0.1615984297822323,-0.16871851115709316,0.1251778516672325,0.20000000000000018,0.02713646054968349,-0.1946254214777311,0.009751040968765693,0.0478509258962688,-0.03486678352540049,-0.04481033406812177,-0.0023445567806337974,0.03785388160894274,0.02290119558526715,-0.023705488156393603,-0.01793523307413879
922,-8.436917520336467,0.33381050129645634,-0.47650000503434375,-0.19633335940073984,0.06359602578883748,-0.1418175269134651,0.0926540612259865,0.19999999999999996,0.07100760576236098,-0.039327469351755656,0.12371680958555567,-0.07154714197129886,-0.011163739925704175,-0.017464397277726845,0.002230350453689706,0.035721730604954316,0.028598461178725117,0.005429178229188117,0.01575236551484513
923,-1.7554725191404756,0.302929631230193,-0.5186582438333186,0.11505367565516626,0.0071557835688879756,-0.07631544435282223,-0.13337095832548468,0.19999999999999984,0.0731721212932658,-0.11053261772047489,-0.16403902782261914,-0.12036037126127916,0.025994572111643764,-0.005613324192786212,-0.03562110569951293,0.009466314882623655,0.044901599061001274,0.0027918173148734093,-0.04843744942881862
924,-3.5186693383485235,0.31376944684528957,-0.5033893479145032,0.09737137214683654,-0.028402849156793118,-0.046373575009779136,0.13452310555094218,0.20000000000000007,-0.17339253015900066,-0.04750183192669903,0.10703253260933748,-0.16540220344061177,0.011499216030861382,-0.005206082364336476,0.021233369029754888,0.05719481401334887,0.01133798890862124,-0.020743442752033173,0.007060306472286159
925,-9.525845879911685,0.3302092336502449,-0.4812107867144091,0.11722098606803985,0.0982163262826704,-0.030486247997782556,-0.12909131693591097,0.19999999999999984,0.19883085063511619,0.01303546557521785,-0.19704382982009583,0.016074976685166515,0.023332277385449608,0.0034871029710089665,-0.016621872782040994,0.021297324323321785,0.04482788932616562,0.01835145392472941,-0.023536860647477682
926,-12.536718389818757,0.3416162489196197,-0.4664614803475029,-0.12973387557686406,0.069807499985175,-0.0729203353422123,0.17906233330181479,0.19999999999999996,0.023111079168334173,0.07300298406961761,-0.08354008043111748,-0.1688218121248647,0.0011289433777578258,-0.0027564281886317986,0.02169169519604099,0.03574829701069386,0.013694368647496718,0.007830843998485543,-0.009808740064878427
927,-15.058826423842483,0.3311635695764909,-0.47995744484039965,-0.11100932760277857,0.061595924124453354,-0.06405590016095732,0.00631290614129608,0.19999999999999984,-0.12059518230055648,-0.15568987041468924,-0.13966070401990666,-0.14108018523536242,0.0026141410347906686,-0.0037235227242610087,0.0007358767128150925,0.023590017818588598,-0.008881743885517528,-0.028074290404167927,-0.024413060226421757
928,-13.051717956934132,0.34680207433016425,-0.459918313538821,0.16242787002144676,0.026728067346643784,-0.07555073235585924,-0.07925253722467576,0.19999999999999996,-0.15369842792689542,0.018431098679404213,-0.1384430000911362,-0.14546826635393864,0.010647755031833525,-0.010477284426181144,-0.012406134475599247,0.020274686874323867,-0.007899445762401277,-0.007915569619470575,-0.018024963312133123
929,-3.0511704927084757,0.3297050561797753,-0.4818743926987078,0.1401935128625038,0.09384737729364838,-0.20159147719420598,-0.07787299685580093,0.19999999999999984,0.028081640686098197,0.10990885455326709,0.035473495738324375,-0.11303064481615134,0.04179223362681987,-0.01168339500659085,-0.03818500173417038,0.016060395072270455,0.03675840129795887,0.03766483054578751,0.03272188234003017
930,-15.094091403317694,0.3292999135695765,-0.4824083832761302,-0.010911509692977172,-0.17843567492642332,0.11832843472311351,-0.1587118575994447,0.19999999999999984,-0.05791743947137661,0.18035621723780754,-0.08347204729270856,-0.011866819056148751,-0.020599741193928277,0.006089860945368365,-0.009655059565981417,0.017410946520342464,0.004066504365655726,0.016610836820239255,-0.00431709461469503
931,-18.41582730956681,0.34376800633823107,-0.46373454451142676,0.11482969584201344,-0.09345650409474934,-0.055362090510372906,0.06637851428005645,0.19999999999999996,-0.09732698611846254,-0.12920473044471853,0.1239281644862256,0.11951331422340127,-0.008906056027523854,-0.01028949040776779,0.009519713340154189,0.02515119774127683,-0.00909912149510103,-0.02086943315247354,0.012496856936988049
932,-18.605473278122176,0.3367545375972342,-0.4726865436668533,0.08248431848578942,-0.09939991226193416,-0.06069267726640606,-0.08000566072397536,0.20000000000000007,0.07379933360979352,-0.11567893877849711,-0.10930391824196124,-0.17863524063164307,-0.010326028509258988,-0.011828627445644948,-0.00654325749295011,0.024478994927055138,0.014103487576828274,-0.016648207943598024,-0.02084630618884998
933,-2.188253103794942,0.30758426966292135,-0.5120358787967381,-0.1700898746311829,0.07328797969066785,-0.1349267748756454,-0.12673341681715,0.19999999999999996,0.10617321514598052,-0.0037401775885048264,0.15959244309351142,-0.025456118157357148,-0.02323831294472601,-0.0284385364870135,-0.052233997715614995,0.002177393818993854,0.04534899395368449,0.031448615504219915,0.041568970820965556
934,-10.330888100867858,0.3297950878709306,-0.48175581723739586,-0.17977311507731447,0.05366218617594906,0.10411974035242608,0.04155078323538111,0.19999999999999996,-0.1455322634247203,0.06141212753268967,-0.06914824884630749,0.14480153535521192,-0.004549541048230725,0.017789388704824244,0.015851021968055195,0.02884573564626411,-0.004753273386509325,-0.0016018775020442517,-0.0033401618118441756
935,-5.059666942441028,0.3158851915874388,-0.500470732950829,-0.1309706908592136,-0.1539246832111901,0.029753349193236727,-0.07112231016948337,0.19999999999999996,0.19975696152314382,0.05623361938940004,-0.09645148763999682,0.06178689801433568,-0.04555787963209945,-0.025087191788872164,-0.015897594076601167,0.022306766663417982,0.057702279907753604,0.043215091683906935,0.003956878395613754
936,-5.468822160164015,0.33902333621434744,-0.4697704066927753,0.13700073701918872,-0.11038115581438261,-0.13924192231514146,-0.11641835006666483,0.19999999999999996,-0.055964260790781734,-0.08582063341874158,-0.12616687378558383,-0.02900606678951535,-0.0013953087523485969,-0.034578367094893564,-0.038456728108508954,0.010121309048112693,0.009091463154020641,-0.020265807297825504,-0.0354116134100469
937,-5.603077920076153,0.3278594065110919,-0.48431235161235964,0.20731365639338906,0.1265584188575387,-0.08180746704951751,0.0028366749276785316,0.19999999999999996,0.05574368928377161,-0.08454807400066243,0.1048182544395771,-0.13637376504786514,0.048860783208890306,0.012865506023125427,0.0020119780734523867,0.03724654040754861,0.0388648180115814,0.005888295424641801,0.012644155164105305
938,-9.019419025978973,0.3352059925093633,-0.4746882260486633,-0.08922007316101159,-0.07630767154199308,0.14272259782426958,-0.08320389423966912,0.19999999999999984,-0.1518874928944011,-0.09292572472288461,-0.133271271961479,-0.030461273654292065,-0.017148501335018034,0.0115678984704556,0.0013480976953544506,0.02060417413825502,-0.007022449787722296,-0.02623299013249459,-0.02923800848606215
939,-15.645514309272876,0.3309835061941804,-0.48019364775700074,0.2097380612380978,-0.10112776526882768,0.016706270246681032,-0.14968055858314075,0.19999999999999996,0.08749305475298844,0.054788293283384214,0.07061136682500083,0.10985462980187936,-0.004864565446864577,-0.006766061480411497,-0.015192415146899778,0.02031022550650336,0.020617906755680294,0.0083040134721884,0.008705668879150998
940,-12.805224786490871,0.33221694036300775,-0.4785782258322576,-0.05777680196251913,0.0018338008563688088,0.024878829507041716,0.17304652320464134,0.19999999999999996,-0.1509754441588429,0.1243566198982179,-0.13213775071694292,-0.13499422969542538,-0.0024524217664943504,0.005774579725979202,0.02613483377051234,0.032573769420924395,-0.008845192800282058,0.004431119347350827,-0.011730644663726971
941,-1.0344929305847188,0.3083855517142034,-0.5109059774362035,-0.06896694426770038,0.12919574119532629,0.11868984996584839,0.11592578097209794,0.19999999999999996,-0.10445393395731441,0.13283811393961592,-0.12834831911865488,-0.0015813165834418768,0.013261500320701041,0.05199344772609072,0.06735532570487679,0.08728626665869614,0.04924717563092826,0.03461257857954866,0.012015306268564745
942,-0.4794196348858861,0.2783329732065687,-0.5554353411564239,0.03518853494127005,0.055939331071874994,0.08534623748265481,-0.0949002893057692,0.19999999999999996,0.12203596416366232,0.13276888428843112,-0.16856151011791512,-0.10525924862842242,0.02325751281429972,0.03643369493409835,0.012698202170349003,0.03667594634855481,0.07886532146291367,0.08173546140026937,0.021181943831403198
943,-0.005267479465409508,0.27262496398732355,-0.564434378781818,0.0989953527265865,-0.14666075568907608,-0.1848426742123537,0.03928581846885462,0.20000000000000007,-0.059661634650356676,0.0984662211454317,-0.037272765238834715,0.13481477786850596,-0.009769547325961263,-0.07057330789377142,-0.05061483481598981,0.027999153469175007,0.03363783115859795,0.023786537415251444,0.0210532946026386
944,-1.8968108196193398,0.3110774992797465,-0.5071314009518758,0.030852142819831174,-0.005374298287286206,0.04063300142779136,-0.09360182772164904,0.25929757478730153,-0.14970548536232106,0.12126671021849461,-0.036348580906013506,0.26292037846931154,0.006367265573404559,0.00860090094315149,-0.005379786931973953,0.03499499016362069,0.021890753261298686,0.01245177292001836,0.020082791512883117
945,-11.1496002325795,0.3141115672716796,-0.5029160702561848,0.11274174374608391,-0.00921348669843207,0.04212230490660866,-0.23909552766077677,0.19999999999999996,-0.05514463738432333,-0.08614976909301612,0.12101871827984267,0.1345138122309165,0.006734935613144766,0.0022905951063124626,-0.02693411622588558,0.010981614762536321,0.0048410110059700345,-0.013000891117238728,0.011948232906016385
946,-17.569676360731798,0.34412813310285223,-0.4632798215613136,-0.11757181869398997,-0.19267555135270914,-0.06424070300053358,-0.016877538176678277,0.19999999999999996,0.1914044328644586,0.012870720649975104,0.08159464360423652,-0.12276459165741875,-0.025741614669809,-0.009495688235035602,0.004696484333715752,0.02904463690344701,0.028757333724236743,0.002850616491493485,0.0013806580036776585
947,-11.720380198712053,0.33569216364160187,-0.47405879675298,0.0864544810861761,0.1184216752867956,-0.061051601917667765,-0.11821748490365011,0.20000000000000007,-0.19200277128118567,-0.0189417124010726,-0.06916300585481683,0.1357472672686353,0.0202016266056923,-0.002443175016824793,-0.01717779618260547,0.017099504719138875,-0.012522791072471316,-0.014627644602487017,-0.0086064687255609
948,-11.881826339929995,0.3270311149524633,-0.48541092498712013,-0.05915906704316702,-0.10887968383426594,-0.023321770589124814,0.09203079823770326,0.41621599374182305,0.09416658507314425,0.05341532416653942,-0.03783365629981804,-0.11497712101441415,-0.018116663551057868,-0.008261751060354827,0.016204484210683313,0.06155808158210434,0.037171434241122674,0.010495504325119894,-0.004423929987879972
949,-15.566616358681905,0.3369346009795448,-0.47245438752624014,-0.21676051370775815,-0.009112038115434009,-0.06689782663511543,0.06727843565645983,0.19999999999999984,-0.04848352601237532,0.1205292234491645,0.17278524602958087,0.09815319039411204,-0.00922152273152555,-0.003818085925974137,0.0103353602291198,0.027236841376651832,0.0016774922916791806,0.010729541734349965,0.024392990359749202
950,-5.0029996643249675,0.31866717084413715,-0.49666267532644903,-0.1646424094111705,0.0605860740724502,0.19029876490491288,0.06445897478941057,0.19999999999999996,-0.20769362290809637,0.04029858816196199,-0.050217650767341734,-0.021803914984655847,-0.01134271502851119,0.03471302849461168,0.041292417221223864,0.049574777870039895,0.0010722255770736788,-0.010463420815384088,-0.005474537330508157
951,-7.344552357382879,0.32287165082108904,-0.4909700857739927,0.022243167378349863,-0.014935898600120338,-0.11519915452477682,-0.06450583671460887,0.19999999999999996,0.07395098671252946,0.15197451813720741,0.18019209756983356,0.1769983403625737,-0.001354527190160315,-0.01974984207780228,-0.020135839796462746,0.02188371219002665,0.03239173141309261,0.03760111481479727,0.05013125112461022
952,-19.740225773229447,0.32693208009219243,-0.48554246233963905,0.12450891944182098,-0.05095967020933632,-0.12326601725663411,-0.14021215189193773,0.19999999999999996,-0.06256235151895767,0.10335329846050148,-0.08306519749503183,0.11207239372577997,-0.0051530672874977946,-0.019563320270432012,-0.01562825763456273,0.023008731385118126,0.0031237539919766583,0.006615492783832928,-0.006723043454705436
953,-2.033619254877756,0.2945116681071737,-0.5308974944450384,0.022086766401181707,0.19954316993188595,0.16109835712403192,0.15014573595210204,0.19999999999999996,-0.05808930939289134,-0.11367990479998662,-0.011890421556489925,0.08346633484143064,0.0481560465089918,0.08036635262081757,0.08735291652683841,0.09636930283903178,0.05628615386197835,-0.0021725536475322633,-0.010928796528846067
954,-0.53076987772533,0.28431107749927975,-0.54620621873697,-0.03702121594576684,0.047802544881493776,0.19704014675703743,0.025308555298682388,0.19999999999999973,0.18249202706082368,-0.06629419969876686,-0.12847969075746854,-0.11556161959996065,0.004431255399456111,0.05294293438539232,0.06342806332826062,0.07847621204292587,0.10679284142126645,0.06225719006485521,-0.009063776024405636
955,-11.049878941735624,0.3474322961682512,-0.4591298134199213,-0.14140256550052877,0.1368807222537415,0.046380248842216414,0.00011058793023486227,0.19999999999999996,0.12380699477065009,0.13227335476870872,0.13680537937158951,0.08234014656233028,0.009650205796139778,0.015179449314446595,0.005881715970012384,0.028262513577542402,0.031716877951818954,0.02874347874590673,0.02893964017842594
956,-0.09642810254288747,0.2855355084989916,-0.5443398762578354,-0.11017654338184193,0.09296657942529629,0.11226596953590319,0.050944852674500024,0.19999999999999973,-0.02573210653684868,-0.16988793647335226,-0.16805238997100025,0.06997362200125755,-0.0067209667693037475,0.038741125168622687,0.05032957413109124,0.0751165806252515,0.059471273990720344,-0.016649816637109866,-0.0699111015919912
957,-5.016010503145356,0.32539253817343705,-0.48759241042576607,-0.13107014794228317,0.168536615261553,0.17482044677116887,-0.006524301559339786,0.19999999999999984,-0.08862433805359912,-0.002024958860370005,0.05367362856381647,-0.17472556298786976,0.012177699528848075,0.048788598174802515,0.032872744759836925,0.04312209045205985,0.019471155932665907,0.0012053726271182823,0.00989217366631868
958,-18.705086593435226,0.33086646499567846,-0.4803472485711043,-0.13436112875347922,-0.10655592901763206,-0.10007203233025501,0.003420994232364741,0.19999999999999996,0.14317097769103534,-0.16953264101165805,0.07495827516188669,-0.067928021801689,-0.015765737044325726,-0.009861078434926443,0.005329447187585783,0.028840666133343195,0.019842027705591944,-0.020225962348044583,-0.0019869292370739
959,-17.30014464114602,0.3169655718813022,-0.49898790735312315,-0.053342153268359664,0.17285629279581885,-0.09386534894556549,-0.04399138073083744,0.19999999999999996,0.10078060868386239,-0.1254802712815762,0.1028832143255529,-0.10680072996842717,0.0175851275722181,-0.005833738164216331,-0.0083267763880587,0.023395931982388773,0.016833987118119058,-0.014446382774120269,0.002985153667435923
960,-12.47460269344136,0.33072241428983,-0.48053637033421626,-0.0669000952471124,-0.09396175871868201,-0.1401129607157651,0.08835274259414524,0.19999999999999996,-0.1271911298019649,-0.13831485394299828,0.07852439752471654,0.0666420614546156,-0.017533785964419714,-0.021875804952681144,0.006885843217197646,0.030032297560934108,-0.007635224926617392,-0.02592091145662387,0.002707038867045572
961,-10.754909798383384,0.33192883895131087,-0.47895501317345224,-0.10439167006764746,-0.16742810817738027,-0.159125503304053,-0.013841838370578645,0.19999999999999996,-0.05943351691901742,0.000640775689812841,-0.13919149086408822,0.15594709660742226,-0.03213969676867647,-0.034008311163509435,-0.011308815522739643,0.02427774257971041,0.004305232675041647,-0.006974045709288221,-0.018831334406761466
962,-13.75456877607485,0.3364574330164218,-0.47306987282320917,0.16761900041471847,-0.032705978098841015,0.04046002860895269,-0.12781334446690817,0.19999999999999996,-0.12629440439779305,0.06563650591482845,-0.1131119354308088,0.1263588026671494,0.003978778564431711,0.00028755473312888863,-0.012402261804104663,0.01756196179448566,-0.004487285063091821,1.8649625686721655e-05,-0.00912392896804019
963,-9.917289720060005,0.3362773696341112,-0.47330235829858425,0.0604024852509009,0.1269767792632017,0.009123590226759253,0.22286236461028305,0.19999999999999996,0.018828652939408247,0.08666510671510136,-0.1585243063286488,-0.1166167146656967,0.02274104582708019,0.014631050017683191,0.03594676030822538,0.04675293345555071,0.022534402826197057,0.015377911236456446,-0.013854900932958906
964,-2.842462352426839,0.3165514261019879,-0.4995557255895837,-0.14051900509231455,0.11739468851271669,0.11403397245573238,-0.1711139398767194,0.19999999999999984,0.08230554986676222,-0.11885137335433503,0.017982845976511768,-0.03779862486490804,-0.002845173823087376,0.031802606308604174,-0.00447492972052386,0.016636193088961245,0.04475191080590425,0.005265777282166371,-0.008353136220662756
965,-2.1703532744470806,0.30431611927398444,-0.516675042954564,0.1412429237991475,-0.07354157701343458,0.04925668817877258,0.08548804450103456,0.19999999999999996,0.1237768325399487,0.13088688909370777,0.08941766417941202,-0.10638938069454233,0.01592345751849134,0.008069342546700331,0.030758863269408226,0.0656316528095762,0.08021557683431121,0.07712775671634693,0.06803729927226292
966,-15.242100066078123,0.3273012100259291,-0.48505238911114457,0.06736678249391594,0.1339394073637764,-0.06288030867247996,0.03979300862299392,0.19999999999999996,0.15393835359417338,-0.08524655039629685,-0.186164995960095,0.07067059289626859,0.017857555117379912,-0.0033913925125724155,0.0021941096445069006,0.027142323063954324,0.024571176207332023,-0.01022605547482533,-0.02876304023004938
967,-16.341312552987294,0.339050345721694,-0.4697358084468376,-0.07619509781864048,0.18134551932156895,0.02601060604275061,-0.01496906211525502,0.19999999999999984,0.14758716026011104,-0.062323091937427307,0.27930249080748376,-0.012266971696762956,0.01943412155311313,0.009803665157556776,-0.001358283718580408,0.022635060024147086,0.0222437352783547,-0.0034011325687799128,0.025987753568120612
968,-18.128026458379953,0.33503493229616826,-0.4749099090451123,-0.0652885135488571,-0.03188145799774017,-0.15368820523160576,-0.10930818344645539,0.20000000000000007,-0.06350649752825072,0.15263872064637363,0.19402123320864645,-0.029667188392070706,-0.006816237041141845,-0.017882442062728005,-0.011836905660011724,0.02411304098331437,0.003613835323503099,0.015397894939355741,0.02441096367502968
969,-2.4036323817864798,0.3160112359550562,-0.5002974755254939,-0.1658637919131487,0.12665638270446855,-0.15703790834606088,0.0882758043655685,0.19999999999999996,-0.017997873229420654,-0.14220238511355787,-0.06350190977127776,-0.03846394455649714,-0.011265518637879876,-0.017767164628655505,-0.008137157787588584,0.0457262528068723,0.036143047324998054,-0.016565483868726576,-0.03698963854462322
970,-11.247849608641205,0.3458207288965716,-0.46114897816567324,-0.03142210433116263,-0.059352324061375084,0.12426313450262307,-0.02148830583564473,0.20000000000000007,0.17498671278213865,0.193503419333343,-0.005011785026872161,0.18997221412684065,-0.008433893182318604,0.012572011028130192,0.007675322880245925,0.027715919891031438,0.03860901698995364,0.03769018988378418,0.014723700168677585
971,-13.088565932858689,0.32514044943820225,-0.48792899828288444,0.1289712705892855,-0.10770755516978961,-0.24072533872590365,-0.12521605995168703,0.19999999999999996,-0.02691957107906297,0.13269522726616026,-0.032656005584809945,0.005108971633301059,-0.010180704363500727,-0.03852803024129178,-0.02528376306235633,0.02137837724046068,0.010464105745632772,0.0138328871887414,0.001140763911012989
972,-17.732699887373492,0.3334773840391818,-0.4769336139814212,-0.06388266686715446,-0.18445388937077462,-0.02607369755753372,-0.09485216468282642,0.19999999999999996,0.009632662085494815,-0.1291299634080317,-0.19211423479343043,0.09986072123475385,-0.022967745869289548,-0.0068928619146019,-0.004101408096358718,0.023976441251588106,0.007380180762259865,-0.020192199555792874,-0.02638201370714416
973,-4.174214627418536,0.32049481417458947,-0.49417899327022047,-0.14014337259229803,0.09953729519274214,-0.06668628094964975,-0.10866011257070336,0.20000000000000007,0.15386629207525404,-0.10721785613801543,-0.012166038425471376,-0.11172275205586585,-0.006133455840730907,-0.0054967267981502616,-0.026088165099306528,0.016627633884899733,0.05065993093227172,0.013330836265783502,-0.009994247235853241
974,-12.936757637576855,0.3277693748199366,-0.48443162723912986,0.11089899231388371,-0.0854929604253145,0.21372648886883597,-0.10593458732157403,0.19999999999999996,0.21248379812822502,0.013471074115636215,-0.052437642415337195,-0.005554456411193325,-0.002639716678541457,0.02091338852462448,-3.158495806450971e-05,0.021738202265747922,0.03762384805493264,0.011240736277984918,-0.0077802315626203525
975,-8.762522042889923,0.32700410544511666,-0.48544679485969094,0.14586609061123534,-0.045265744490845736,0.011626739864879722,0.1074931219246485,0.19999999999999996,-0.041742878205385296,-0.21552556677847656,0.01733357836704395,-0.21514627975748496,0.006884272093132977,0.0013688474331112514,0.0198026934179874,0.03961207942900758,0.012016111555008353,-0.0305811776268919,-0.017621795371731433
976,-3.553307982194646,0.32523948429847305,-0.4877967362267137,0.08148348603815245,-0.14773090000753164,0.17329581958499649,-0.131198975252113,0.19999999999999996,-0.10131623191164026,-0.035148851403673693,0.12610133738129764,-0.00372439842059489,-0.01052980227254987,0.00960685456142966,0.0021844387933287386,0.02099317604792199,0.011509180416545996,-0.011632297105240564,0.01654422268553885
977,-18.492801055309712,0.33573717948717946,-0.4740005623801099,-0.06262934045538858,0.15036315595594074,-0.05865425649516907,0.011316576489582628,0.19999999999999984,-0.1514341018378446,0.19922716977930013,-0.041596385578801166,-0.12477901340797325,0.015127871888829414,-0.0019212117586343586,-0.0005295321808392932,0.020852576697081508,-0.010888625851144263,0.014036695535000853,-0.0011311505638886667
978,-6.568230168828734,0.3214041342552579,-0.49294854116104553,-0.12528463138586596,0.03697846441808832,0.11522493771256032,0.1975441636908448,0.20000000000000007,0.02879015841362374,0.11954283440948972,-0.14971549033554693,-0.026919319633980233,-0.007730799143986581,0.021474488060003877,0.047736438056287044,0.05968069338690386,0.038513898111864314,0.031929816392330286,-0.0022482032087484433
979,-10.24896280771292,0.30876368481705563,-0.5103737847968123,-0.05500115917804574,0.09996373203673635,-0.15948223619623428,0.09860937283490771,0.19999999999999996,-0.10693556627029566,0.1745985630755502,-0.10260880012996343,0.0028005702782666,0.0077772663829053755,-0.013780418606108768,0.004801588363696476,0.03274456486556904,0.0027455312118649456,0.016130214646283506,-0.0015246182666127314
980,-14.041786286189463,0.35253709305675596,-0.45279518090706194,0.012290856353064568,0.15490610621083492,0.16035682485075983,0.12464264972110939,0.19999999999999996,0.05288024936483039,0.0015659066695252247,0.14815770440650544,0.14519970242337032,0.0217232154796799,0.02799102037249049,0.022955070688227906,0.02801771147797932,0.012810519510482163,0.0014978544988987657,0.01890879705498543
981,-11.68731197999623,0.33805099394987037,-0.4710177827974998,-0.13224845780717295,0.02041602442360725,-0.09253763355885608,-0.06822147732130728,0.19999999999999996,0.08836156117158854,0.0816410143748534,-0.1473318675895584,-0.1692419637530561,-0.006526826530913001,-0.011692174161392385,-0.012118869043005671,0.023091321548267357,0.024644370308928222,0.013683915151299448,-0.017935607787566872
982,-17.98809351453018,0.3363403918179199,-0.4732209742248523,-0.06093191237169192,-0.16202035045248728,0.02865965623115549,-0.11327185227234804,0.19999999999999996,0.1462759485561178,0.16062889764278657,-0.10884951083489229,0.01936187163852074,-0.01952802054220091,-0.00013996325473417383,-0.0053369437188488305,0.02364844818373054,0.025914911979219687,0.01696993360135144,-0.014400038286337754
983,-1.1818423537854201,0.300561797752809,-0.5220662202876655,-0.11978915497302743,-0.03242502564154618,-0.1554737812368131,-0.13923167669892778,0.19999999999999996,-0.0019236686506965642,0.1252155295840019,-0.07039195885685925,0.15554920435812788,-0.038148759680768786,-0.05579005899276533,-0.07362402469741543,-0.01177174709255464,0.023153577533081254,0.03104915305778963,0.01696566152690326
984,-19.980675534317328,0.33343236819360417,-0.4769922430037044,0.10178688203718549,-0.11199813848064145,-0.1992208922396969,0.018145268058191215,0.19999999999999996,-0.2209975119508264,-0.12184845861115268,-0.002269206201487948,-0.023733642420817925,-0.01320585563270571,-0.02640253418220171,0.003016194487389363,0.026767109995269205,-0.020104149249007327,-0.021723800931147154,0.0012330953272260891
985,-13.637739988220947,0.3279494382022472,-0.4841931087347254,-0.05298934238974591,-0.12175693693549836,-0.13860122653001697,0.14680520287509252,0.19999999999999996,-0.04454242000803335,0.08449959010269222,0.08876205469935373,-0.12204322645956692,-0.01936664465316738,-0.020673806879364508,0.01597897051682495,0.03336670954769144,0.0037493746374078593,0.006321415307487112,0.012274638469909836
986,-4.826343211992182,0.31213087006626333,-0.5056632770365447,0.11021128241502207,0.006189646128334821,0.17287666055119483,0.06655352012957648,0.19999999999999996,-0.14735290540618845,-0.08091481275336918,0.10108190828908879,0.11481926432722543,0.02039398375563009,0.03790627551861877,0.04406297564135711,0.0542259991991774,0.013302562553216168,-0.018788924071103167,0.009318620698908094
987,-6.087063878798116,0.3231417458945549,-0.49060693291237495,-0.14754074979027218,0.15147428854203232,-0.020503356905844414,0.1550536522785472,0.19999999999999984,0.14655661598060754,0.04379243174503262,-0.023283114594389018,-0.11179579016327491,0.005522272777313182,0.012758131770691555,0.028661865379232928,0.05511396255556289,0.05671111382293217,0.03706516939430576,0.011919181930460099
988,-15.601887117980713,0.338879285508499,-0.46995497723609864,0.0648355998748336,-0.15162571128290422,-0.11278557278729226,0.005734001816330587,0.19999999999999996,-0.15656047965416706,-0.1316881114018402,0.10688029636150159,0.06989022682113055,-0.0173026938735972,-0.01967240749921299,0.001232742040093841,0.02555530055087527,-0.01230954473207039,-0.023215344817201805,0.009877309550380292
989,-1.2223462532290839,0.31991861135119565,-0.49496049398275527,0.126714938443205,-0.13808633423637778,0.02108918171386494,-0.1416610491335618,0.19999999999999996,0.08098305527135072,-0.14450973705838943,-0.006452816677812843,-0.14050288746543751,0.0008579529282237817,-0.017697075570069505,-0.02983597658889598,0.009514141206860647,0.04810444144122038,0.00055469942821063,-0.023878615847908735
990,-16.47867526218108,0.31050129645635266,-0.5079365821454862,-0.12610382279467347,0.14589027732011164,-0.040279138035325686,-0.14668515357026082,0.19999999999999996,0.0776951316257526,0.14690070033149324,-0.03070670352147187,-0.0857390728009108,0.013027455665686177,0.00031705741371958776,-0.01762096029147421,0.01968211974447544,0.019636140598898337,0.01687369194152957,-0.0038363445576479085
991,-1.2796280742756174,0.3245282339383463,-0.48874751362410235,-0.04421474304579311,0.17758668036778694,-0.1691291839030556,-0.17039445187653432,0.19999999999999984,0.07269607953231393,-0.08498232518332346,-0.01606298977661934,0.06493354631457342,0.024903639374707864,-0.001325291081443479,-0.057673651163621095,-0.00578376276441607,0.04024176811696262,0.008563124463600491,-0.01223647205231417
992,-11.54217832878684,0.3391943964275425,-0.4695513310046485,0.023677579384028237,0.11447402959251264,0.09596387442078892,0.16497488696104684,0.19999999999999996,-0.05603142474778671,-0.08993354937884392,-0.15629695115532927,0.0986477043596636,0.017942196835263338,0.021975316203800516,0.03037538002944731,0.03620244118375522,0.004270990646212286,-0.016734318912220613,-0.023975513745778908
993,-8.476953760556633,0.32984910688562374,-0.481684687497339,0.048468121897100515,-0.18373964661761616,-0.08635119900569048,0.23204390575226327,0.19999999999999996,0.006722465231857126,-0.03791760617865157,-0.19000527015669225,0.014751785160128598,-0.023731540254129723,-0.026362693971373266,0.025808854210119764,0.04898230925501189,0.021899976798134824,-0.003610662969553165,-0.02911847010305326
994,-13.824747417417072,0.3418053154710458,-0.4662211877773825,-0.11234817362459716,-0.10616241279510327,-0.1908351223310723,0.04855860787729215,0.19999999999999996,0.15744135821547878,0.05116105882990812,0.04070204384228036,-0.09279122248426795,-0.020552966722977004,-0.026755351839197253,0.00177145826192969,0.03170198784264386,0.02955662238365507,0.01098190427529911,0.002493760570166784
995,-2.6755738622101077,0.31388648804379143,-0.5032273790891375,-0.1324031444141596,0.0981748045243588,-0.13179955662152046,-0.1500213248025973,0.19999999999999996,-0.0035061875803832623,0.031586498101232416,0.14120209343085516,0.11130639052489302,-0.009056313902293162,-0.019104386981651462,-0.05026672592912521,-0.0004743476387551945,0.022397922758553287,0.014426881978506617,0.03675870632482424
996,-6.17827437163788,0.32839959665802365,-0.48359738495485693,0.12008540067365543,0.19693121719889198,0.06596382317409276,0.07281553103263835,0.19999999999999996,0.15858162499691725,-0.053790724455028055,0.034919934527164104,-0.09691174394161207,0.0486478719551359,0.04172439368307815,0.0329278547210542,0.05220229903119252,0.05912634027773443,0.025224469163278064,0.011562954176634228
997,-14.425695540362167,0.33791594641313744,-0.47119131317975954,-0.03704790865795262,-0.1440695399022949,-0.08683782640343538,0.16279022071617624,0.20000000000000007,0.16194829798846108,0.11426415218569479,-0.035423151535799426,0.0576189026101855,-0.020235218740806703,-0.014096858739969515,0.02105001274149056,0.03537296179883289,0.027919325588111006,0.016162398597565252,-0.003050473872676763
998,-5.4388204955150385,0.3362503601267646,-0.47333724185650095,0.14385855514100437,-0.1601779175483182,-0.007713782873663527,-0.1478150604493741,0.19999999999999996,0.06254664188503997,-0.07832337531599923,-0.16799463042998392,0.031570036356616794,-0.006978758061512139,-0.019443742271481816,-0.027419929876763217,0.01224712004183472,0.030202097123425867,-0.002067645657137525,-0.03442911741637218
999,-18.956422784041592,0.3552560501296456,-0.4494585171568731,0.022380281974985535,-0.03137089296426012,0.1907618558559039,-0.04452038258317131,0.19999999999999984,0.19402152009621318,0.07243847273986363,0.1296435539215437,0.11486303986405876,-0.0009131322439160805,0.019823874071691585,0.0012995279654721967,0.019294725390474336,0.024949463796244787,0.00782960582741891,0.009425817172520768
1000,-13.1569600748221,0.33907735522904064,-0.46970121295696354,-0.17357924167634337,-0.16775552682211683,-0.18700645697039509,0.019389237700443433,0.19999999999999996,0.16466471612654274,0.024394690248870154,0.061965091147199995,-0.0012450393080884299,-0.03214684088695611,-0.030408517135254384,-0.002195581694381016,0.030461975869715673,0.031155309243201017,0.009287424074014458,0.005521910780930954
1001,-16.09391925507246,0.3221604004609623,-0.4919278435512393,-0.2688096703758689,0.00826537758025625,-0.08300524558109575,-0.19646691929635646,0.22922892510561022,-0.02738976903018051,-0.0479922649589053,0.020746637550102063,-0.11809519052162455,-0.008352181136538827,-0.00685019019986275,-0.020615643070695924,0.022710807759450582,0.00761872045054078,-0.00859832913730201,-0.0023217467934581178
1002,-4.427609305521971,0.3258607029674445,-0.4869680099350257,-0.11077095033159225,-0.1129994143116701,0.12788896920478698,-0.06958592634036558,0.19999999999999996,0.13219577183410394,0.08072755663305801,0.018644442795995284,-0.14718696854842792,-0.03609199546882461,-0.00249223829006629,0.0014343946034304572,0.028395178713098785,0.05265679805868124,0.04479268611944406,0.0257640160293757
1003,-14.082888529203116,0.34766637856525495,-0.4588373061806824,-0.05053326003657147,0.14084653427568725,0.15298528809102316,0.05805784512317136,0.19999999999999996,-0.12146579519326553,0.13733757932911655,-0.050871519204529765,-0.08790217874663492,0.0171527672585189,0.02633659191394573,0.014848346188295688,0.023121722520145476,-0.0066193531182281,0.008691020301245267,-0.0009331162715848232
1004,-8.913075901144218,0.32448321809276864,-0.488807759505135,0.15122980644508124,-0.009768201230675632,-0.10180814528850898,-0.13891332210108834,0.26534724874651927,0.11216672006026548,0.0863582069017075,0.028990549112876837,0.10541780011327666,0.010877910561674644,-0.0151324319458657,-0.024974802038177122,0.027208646427476415,0.03947630613524328,0.026051084477607126,0.01597057719827139
1005,-15.357866956988618,0.3540046096225872,-0.4509910828312199,0.005195018691244655,-0.02656232345298964,0.14668961855273738,0.037829877463420744,0.19999999999999984,-0.0612482641205073,0.19840757306289433,-0.14895246456596198,0.17511486009024402,-0.001255913002754623,0.01710315746609992,0.012471477681153177,0.02252489657795356,0.00011522975017869904,0.016168894290313048,-0.009560590528813863
1006,-11.51478169457636,0.33513396715643906,-0.474781552466107,0.18573618325585056,0.119280774963096,-0.08377395810478039,-0.08624701106610111,0.19999999999999996,0.13106632777591398,0.1014895463678779,-0.01858174935342404,-0.07382444911295608,0.02654510000489533,-0.004755696231035892,-0.014411804174630395,0.023417517239588983,0.03255508366204387,0.0223253476860542,0.0031773899074030807
1007,-3.1932168790885953,0.37614340247767214,-0.4246465512651561,-0.14859276147651262,-0.12871431845124914,-0.05997569222716651,-0.1720104471184451,0.20000000000000007,-0.18249817060070364,-0.02865891918825934,-0.05806304171577159,-0.021486649221892012,-0.053340743883567736,-0.04887578822885355,-0.05586963812458907,-0.009219233299143837,-0.018298145706554598,-0.03794935556255915,-0.03112122100816992
1008,-2.714667112559063,0.2932422212618842,-0.5327734994437937,-0.1869391087096429,-0.08844082991916435,0.2262360534437722,-0.004381794745919885,0.19999999999999996,0.07756845753008904,0.10446588061269046,0.05218524221269138,0.05978263282602977,-0.050993606710242174,0.012145384574557033,0.032741664671019355,0.04923512765692073,0.059250986891917136,0.05385876539450537,0.04696995878610424
1009,-3.584244978906913,0.3167765053298761,-0.49924703662790376,-0.06048143555535803,-0.1089909240902,-0.12418285004669768,0.12930478964295936,0.19999999999999996,0.13674130381331168,0.09604810525488927,-0.04708654883380182,-0.09716404276278222,-0.03292717849783466,-0.0447402823337109,-0.004329068490220034,0.04913246312831162,0.06363940230058994,0.05404555159698911,0.021547412315834458
1010,-11.225566391728817,0.3364484298473063,-0.4730814941416804,-0.17965429319123286,-0.13469576333723762,0.009615134399459891,0.11524036029215985,0.20000000000000007,0.10932249804370778,0.0877600440487832,0.15990088008897568,-0.0038110265984430823,-0.029711834564192158,-0.006275874057965958,0.018453790972024993,0.03515521918448605,0.02771064980544871,0.020064292806214697,0.026751170742306762
1011,-8.564490931363611,0.3439750792278882,-0.4634730206431834,-0.08286046087022907,0.08160814002889237,-0.0520093715256901,0.15670875466962383,0.19999999999999996,0.048530247598963065,0.16096379652242132,0.1166085613073194,0.10071066747686097,0.003649812022820254,0.0005904536849256863,0.021677631484215396,0.044067570903683684,0.03051855842907567,0.034632643347965446,0.03718656622394166
1012,-3.5015527523754812,0.3196305099394987,-0.49535177233066247,0.05824537422179263,-0.13018859962815646,-0.04639652502749056,0.026475842808507205,0.19999999999999996,-0.16804696288966367,0.048886197515398085,-0.1570782550641178,-0.16468224284487357,-0.014658954963229508,-0.02782039705713219,-0.007355529705078315,0.033490858621585504,0.0034607234618698004,-0.011575527208118884,-0.028872534377087845
1013,-9.579584778140935,0.3454335926246039,-0.4616354305725633,0.1269987290821577,0.13685375186173981,-0.029404027502293244,0.09707885085200692,0.19999999999999996,-0.09668581138529853,0.13066842683284682,0.08661093540589695,-0.09569946707776002,0.029548750182498376,0.009720859725115029,0.01611974580058976,0.03639062600502376,0.0069718605536826786,0.015720042360680014,0.023414072299936754
1014,-14.160258624025236,0.34220145491212905,-0.4657181483338838,-0.12331756536570519,-0.14796649415169377,0.07034014529958237,0.07250823925368753,0.20000000000000007,0.12193202874909365,0.14450749831293527,-0.04881093284873154,-0.07061709601857065,-0.02268786416139518,0.0048116174864693,0.016992468983602054,0.029457058548600548,0.023726030415687757,0.019104712582433417,-0.003917763807514677
1015,-10.506758390120352,0.3384111207144915,-0.4705553738080068,-0.1509151436837469,0.050912144427290515,0.04878499724643853,-0.16597186655924476,0.19999999999999996,-0.12399170624351352,0.1320113871038443,0.06478795689647263,0.0626247978394489,-0.003282794440653865,0.00752485989804703,-0.016855877643031026,0.01364117251091173,-0.002288399077146992,0.010696613222888311,0.01806406262457669
1016,-16.885221056390296,0.35082649092480556,-0.4549076204710875,0.09550264277154827,-0.10585882207859021,0.18015576658076443,0.14057444917168996,0.19999999999999996,0.08898571912165118,0.08674978083062827,0.059233554706807336,-0.04293926473832029,-0.007635460765477916,0.017804239997955357,0.024778779210092583,0.025354181759535938,0.012116025724886676,0.006971857437941166,0.0044130152785825496
1017,-10.978658292875325,0.3383571016997983,-0.4706247037773284,-0.13071321474437456,0.027341843354676782,-0.013828717380987088,0.158306805331755,0.19999999999999984,0.1486738674674777,0.21521891210351968,0.04873872819560913,-0.057177911421600155,-0.005269014012492158,0.0016592914824513426,0.023027869388827414,0.03916786746405555,0.03626931319627489,0.040152932587813245,0.02119001848852346
1018,-12.361711846164612,0.35093452895419186,-0.4547738988221508,0.10452488891812514,0.10474258335248393,0.19299796425233756,-0.0295572628023848,0.19999999999999996,-0.11071557446068872,0.09296174162290599,-0.051273594693356815,-0.11322638989771706,0.02179660444226738,0.03008699198042323,0.00857861109741648,0.02205503083281621,-0.0019596845709863083,0.005512195686149325,-0.0017607947873427314
1019,-19.650361895776207,0.3345127484874676,-0.4755873263497997,0.06457523658434944,0.13922531522000806,-0.1389410536542059,-0.13169650459474214,0.19999999999999996,-0.10195485197165868,-0.073214758776597,0.1021908817555707,-0.048201397442868214,0.01493038192029045,-0.016576039489993654,-0.01937028532712874,0.020555843827858192,-0.004040984434664705,-0.011766584699356741,0.010242794693486861
1020,-18.207542208329272,0.30507238547968885,-0.5155971020152738,0.00983075172102538,0.07554654748222316,-0.20525704785765456,0.009079972570423386,0.19999999999999996,-0.16628119206740713,-0.05614485117144138,-0.1635355155119526,-0.11432412161787246,0.006447926317269481,-0.021924208702028415,-0.003004980307662436,0.025044818900402516,-0.013176588147929779,-0.016149427471693133,-0.019633334637405644
1021,-18.472452836908122,0.3546078219533276,-0.45025168894462814,0.03541082074317154,0.19519592447767123,0.11969971865186713,-0.07139486029697638,0.19999999999999996,-0.020853479302129434,0.16348455968781087,0.0894361673164911,-0.10452446952388231,0.0242443077441189,0.015814073692646754,-0.008745329204793779,0.015273052149670814,0.0030029063403305225,0.014532516506588686,0.01025793116720473
1022,-8.626258339153063,0.3196395131086142,-0.4953395395447479,0.12480797500095762,-0.12589414221010434,-0.15233388427603625,-0.06730133121777371,0.20000000000000018,-0.18593995497886745,-0.058777659491270416,0.0559716144749157,-0.028973438350074442,-0.008909788927115485,-0.03290781641694949,-0.022720676113206204,0.01808399261765022,-0.01204543999067325,-0.023943542615366013,-0.0009206336709629712
1023,-0.48743955440771813,0.29145059060789397,-0.5354350602708035,0.12580695897597424,0.009955068482222655,0.15376095228242953,0.22000274272296888,0.19999999999999996,0.11780712940319839,-0.12437252257083059,-0.009589098312765259,-0.038705527249610475,0.037701192518659936,0.05543345552815135,0.10149250524053943,0.127164012104774,0.11477153637963515,0.04637897556595599,0.004155412836516166
1024,-7.080490491870744,0.32825554595217515,-0.4837879276723605,0.2192535228723749,-0.02331266413344188,0.11662259894265084,-0.004277167778078369,0.19999999999999996,-0.09654915234976896,-0.16892965336273394,0.0797554384102048,-0.09129980215074635,0.022977500167701267,0.02215492174850727,0.01785226126341901,0.0353416123560167,0.008977325221580552,-0.028031029297347593,-0.00547350955377636
1025,-15.53909338689122,0.33136163929703255,-0.4796977699236598,-0.056922168311208145,0.04018192268573259,0.1607694558565132,0.13189998012004117,0.19999999999999996,-0.138370353209278,0.1035615155331274,0.07357629620030741,-0.09471830808379207,0.004792805532911737,0.023185920162805268,0.023506609615935314,0.023835578746077005,-0.012387855380975739,0.0037326205072583203,0.011659947643160551
1026,-11.120289609300812,0.3339455488331893,-0.4763243408803882,-0.11975563044679567,0.08969410672482553,-0.10872653283128901,-0.05436383006660214,0.19999999999999996,0.12550289351808777,0.11744937955286786,0.08358516218085406,-0.10092246467867799,0.002821196028838791,-0.009580724339401896,-0.011919955009788591,0.02433046587103639,0.031311033123006204,0.025191092750447983,0.01724705463938513
1027,-14.743428758792604,0.3282735522904062,-0.48376410526035796,0.08335754438035875,-0.18646244337838136,-0.06810501478519453,0.07011711261023942,0.19999999999999996,-0.10734887837027021,0.10811246500528941,-0.15792528010387813,-0.018571261366388304,-0.020331236436386648,-0.01589145681456804,0.010299773853469335,0.028229893674846587,-0.004291894796238276,0.0036028492621079013,-0.015547960859751072
1028,-16.439848229439008,0.34781943244021896,-0.4586461579117976,-0.009103451071361917,0.04676907597922615,0.09610452067190917,-0.08209274047106568,0.19999999999999996,-0.11000404104711776,0.16169608389994747,0.13786652941232838,0.15636355744704342,0.006372925174917721,0.011912563429393489,-0.005314286693161594,0.017491919353485288,-0.004682881417559022,0.014165086306977463,0.023076106975121847
1029,-16.378724849031546,0.3386091904350331,-0.47030125856891886,-0.008711114014552872,0.026121912142139728,0.14738105972853366,0.17105278940531893,0.19999999999999996,-0.012950450049387423,-0.018761242885887527,0.24875834544926315,0.1662630863249167,0.004568354500676444,0.020332092609060583,0.026461435101680458,0.02536018034558183,-0.0007654543294810096,-0.005690826161965174,0.02856834407560801
1030,-9.423135096063849,0.3409770239124172,-0.4672748841284194,0.003964326722465936,0.1537644302794005,0.053706861453042605,0.08896415564190131,0.20000000000000007,-0.18664689102268386,0.13024206201182362,-0.17397081424150695,0.008740458627175134,0.02304577431389394,0.02177223345944134,0.021660809324191902,0.03521631462412601,-0.005844625496446715,0.00507750887291107,-0.013307761508130574
1031,-17.575605372332664,0.3382220541630654,-0.4707980771373216,-0.0016496126940348877,-0.16186399634690132,0.09456537710657384,-0.03198830312528853,0.19999999999999984,0.16400337464592304,0.10295880007212281,-0.140616599954385,-0.10235393605477072,-0.017567103655890964,0.006708713697301957,0.004629581421423056,0.02399242481481298,0.024926395854728084,0.009688041510167542,-0.02104858373655373
1032,-11.301013750826858,0.3380690002881014,-0.47099465065113083,0.13618397464968995,0.03796163022003678,-0.1472267460066115,0.12063125835345302,0.19999999999999996,-0.04073647600594965,-0.14224723155614222,0.11688754586561519,0.05812513734250182,0.012096716646211814,-0.015667714786701013,0.009162973590822004,0.034495918760828116,0.006602770500443726,-0.02003055449122495,0.007520562315546894
1033,-1.8246539766010414,0.30018366464995677,-0.5226129448222951,-0.08836635150641609,0.16772079709552806,0.18161525948289162,0.022722846455231826,0.19999999999999996,-0.06684020170823479,-0.09500247014391602,-0.17370231791684745,-0.004029755690934205,0.01802615177906315,0.06698134980781786,0.05938454329312056,0.0673828856888175,0.04240199639887349,-0.009932605865236744,-0.047884501136608
1034,-8.261717221172933,0.33868121578795735,-0.4702088898799115,0.03340914823253343,-0.20994381465284587,0.025787508620201852,-0.02463270132771879,0.19999999999999996,0.13022780378234106,0.020260075520204937,-0.11310875071762506,-0.24263019714652911,-0.02778950454176547,-0.016327057710561116,-0.0024704035490847407,0.02795708146277843,0.037453329058553274,0.016748627800274217,-0.014514051586646277
1035,-2.0567819121790336,0.31836106309420914,-0.497080053740187,-0.08949074018970249,0.1361218019567606,0.09571520832540995,-0.15642014582475666,0.19999999999999996,-0.19138042920428106,-0.003844610089243829,-0.054673503695914165,0.07235356071393124,0.010007812679886992,0.038499192845492275,-0.0002072129146762471,0.016264962391300708,-0.003795678624405581,-0.02772860409992905,-0.02040458909501046
1036,-6.973784393318878,0.3339185393258427,-0.4763594680274048,-0.12290262690402909,-0.15988912253314638,0.01999668024590672,-0.22956054559077815,0.19999999999999996,-0.07395387582650964,0.04259777388782813,-0.1411541612674379,-0.009945213744364063,-0.03925707402405419,-0.022250285459600696,-0.038057426849279534,0.0006961847969104857,0.0021159180959044854,-0.0033690501308394154,-0.02122211877993908
1037,-19.38004225926205,0.3320728896571593,-0.47876657864097955,-0.061083855383868124,-0.07219700419672592,-0.17424848272778296,0.19847378031492094,0.2935251616180061,0.10153552266565592,0.031926431887317364,-0.010893613584990103,-0.05611614762073249,-0.011063644757527327,-0.016741362171076475,0.025492637240371943,0.04332027731330512,0.014107125817155253,-0.004840839551575807,-0.008981583933460439
1038,-5.327766940733568,0.3177938634399309,-0.49785449322022785,0.10198245887577108,-0.11995044794593622,0.16086385467195596,0.1271732554001744,0.19999999999999996,0.054672268257084204,0.0056736109799664074,-0.1318391157149802,0.0978449881541316,-0.003549263238646908,0.016853018893505295,0.044338588215833384,0.05948845117214829,0.047149011945688366,0.021163179583015206,-0.009050746702864427
1039,-1.7206988036348179,0.29256698357821953,-0.5337746859305864,0.10460023379733906,0.16251067359641852,-0.03281656810078915,-0.07131525431153096,0.19999999999999973,0.16612195392349205,0.08287457524111226,-0.17264336371931105,-0.007117377310007147,0.056905294871388984,0.03841221862622323,0.001167307926577097,0.036007004191860016,0.07973516765482233,0.0715913184216686,0.008620133737332928
1040,-18.48765049975583,0.3186581676750216,-0.4966749454385267,-0.09654552467107794,-0.09365277408524039,-0.00578077111233279,-0.09991054730942173,0.19999999999999996,-0.12285697117236186,0.12063167842923027,-0.13242976260039915,0.12819197061993595,-0.01261853042347142,-0.0012594884113840688,-0.005494760822030338,0.021015626332382954,-0.005539579059219621,0.006101185613990602,-0.010395286474533942
1041,-14.241746772928215,0.32833657447421494,-0.48368073710737336,0.13483136843447885,-0.003353294642254688,-0.029421915846848057,0.004761971977766287,0.19999999999999996,-0.14959369456136526,-0.21999891684571118,0.22629755333016138,-0.03174128436141435,0.004884434172935261,-0.005391904274310231,0.0008515563534535708,0.023496697590134556,-0.012315682094709594,-0.03307933092046698,0.019072827578144283
1042,-12.278866821059184,0.3275532987611639,-0.4847180224675578,0.05742095856883715,-0.10917204555253335,0.1527870158411505,-0.08223869565159334,0.19999999999999996,0.1411452228725622,-0.09590505484237805,-0.05544862898656946,-0.10588237768437601,-0.009101146607777326,0.012533609077720958,0.000626614708096933,0.02293212184846159,0.028349476858143787,-0.005741610002671396,-0.014731842254083674
1043,-2.456695392826113,0.2990672716796312,-0.5242311112302898,0.0903546726017956,-0.029171916609367632,-0.21750387778656868,0.049011150122339364,0.2182981263501932,-0.004153454947151247,-0.006165855033783097,-0.11316335307600384,0.2721775934727974,0.009459679003706114,-0.04110841497281551,-0.030107078582258053,0.03673972288703446,0.03995010301437343,0.011207055722385806,-0.013385218131022393
1044,-8.417096004594987,0.32296168251224433,-0.4908490010764388,0.010676095907778965,0.019258589379743236,-0.25307098919017795,-0.14501958031730505,0.19999999999999996,0.07589421559987264,-0.18427338536584997,-0.043187710504302125,-0.06861943373497013,0.0005759730814198892,-0.03747355500394343,-0.04279362618880402,0.012226558070140265,0.023209879152624947,-0.020190189401473713,-0.024870997495409004
1045,-0.9096191525636499,0.29599719101123595,-0.5287124103400764,-0.09949379661921356,-0.13061656576603892,0.14125824063533682,0.12296537940041952,0.19999999999999996,0.0805432469864665,0.06369247314159093,-0.14849023809467982,0.012940059356254006,-0.05093588298139979,-0.010040546704746727,0.045761853062243445,0.08040958268903367,0.08225964892908992,0.05944700351760553,0.006987413642037303
1046,-11.285686110179734,0.316740492653414,-0.499296412119746,0.12844193959113934,0.0451316852911763,0.02477950405603244,0.02887895242089109,0.4183397328473848,0.17234168154716217,-0.08969275531017452,0.08488346321582337,-0.007510285720216025,0.014746556617377206,0.00678491307888655,0.010741350865607116,0.060667151428235824,0.04994257467088694,0.0012958708633668756,0.006459381399638672
1047,-3.86206153586906,0.31239196197061364,-0.5053001493040797,0.1343142621464923,-0.18890648823447984,0.14887344396200589,-0.08399759929753715,0.19999999999999996,0.19217944140351143,0.010870150584674334,0.020493954417489503,-0.02036465995380954,-0.009436952386942563,0.0022629868538078263,0.005414833613578174,0.031450418689489744,0.06770865936723416,0.04686220746957511,0.02397866094729643
1048,-9.705630723231419,0.3367545375972342,-0.4726865436668533,0.13946530083964306,-0.05237187824675901,-0.0855962742496244,0.10390548272538117,0.19999999999999996,-0.23113298027865323,-0.006715266128370265,0.004471841550230296,0.17634097598133858,0.0027679828909591368,-0.01360361275548612,0.01046642274219677,0.03351931462164797,-0.015426606706729105,-0.01727391149554019,0.0014363850978346328
1049,-19.7234788119988,0.33786192739844423,-0.4712607447517545,-0.08713341786060148,0.015999915288010945,0.1651454771574895,0.17155844736123582,0.19999999999999996,-0.12631704271077435,0.06757426259514183,-0.150094842617958,-0.01617659440878807,0.002336542589886299,0.023009555640856116,0.024765053581543208,0.019013661890817827,-0.01737852695775177,-0.004943152353865695,-0.016272963119883844
1050,-18.855867942589736,0.3324060069144339,-0.47833113667426774,-0.0901416165591785,-0.04387045688734523,0.0759941363900637,-0.27237045101986557,0.20000000000000018,-0.17819232441023286,0.01389699338392914,-0.06547254786886421,-0.06006147348052073,-0.005758821548656111,0.0069567989552276445,-0.02461528850411761,0.01440123352685954,-0.009947307532470594,-0.004173483670372571,-0.0049909660950105
1051,-10.656208752935822,0.32470829732065687,-0.4885066136390576,0.037750059935937955,-0.16325589698650148,0.06192909495216437,-0.14248525762791353,0.19999999999999996,-0.12035645059429459,-0.012715453306335923,-0.1220410553604337,0.1394667312364185,-0.01891467613646441,-0.004703825951359382,-0.013298058480981971,0.015962515111051498,-0.003557536344055965,-0.01159004557110309,-0.01681561991120907
1052,-3.5654724699880944,0.29079335926246036,-0.536415515517951,-0.1254506299628024,0.021835630297639505,-0.1041131359379425,0.015802271937597007,0.19999999999999996,0.26194601017904184,-0.21105990372814756,0.050552907694811494,0.00923951026201778,-0.01981078494507442,-0.023743932430448415,-0.015455574917346813,0.03506980736586905,0.07748073750669483,0.018663295344312422,-0.006302399427845612
1053,-19.432521672388482,0.3145347162201095,-0.5023314130780343,-0.06885899365501055,-0.053135091125697476,0.11067219800507541,-0.023272306939533218,0.19999999999999996,-0.09802299513356756,-0.15233501580106418,0.14290485862663269,-0.15079854071341892,-0.00580658449878995,0.013100674243734255,0.003948976834123524,0.018885157277623278,-0.010074173366980625,-0.02249846720374342,0.011481680042159388
1054,-13.120821179087896,0.3531763180639585,-0.4520084253633242,0.037312036264787504,-0.03911130485874696,0.20397896042531233,-0.016323645468843663,0.19999999999999996,0.16639445694089885,-0.013064733540626322,0.18236780686826887,0.1414470556325155,-0.0006163311815936265,0.023543501787480742,0.01065917863843079,0.02529107118630377,0.030237452672174626,0.00753805476310383,0.02263475480702179
1055,-12.84206703999596,0.3372227023912417,-0.4720831956387689,-0.11040293784905017,-0.023190906520826927,-0.1468670893628174,0.13697252817379316,0.19999999999999996,0.07176823921056388,0.11062109053134389,0.07225753257274382,0.1279196757788608,-0.010446461968321979,-0.01759900233516434,0.012992710051145264,0.034530628897181934,0.020222039982195423,0.016399003077349143,0.014680781443248006
1056,-12.602502865931331,0.32916486603284356,-0.4825865261400675,-0.10941795751456716,0.03445735112806349,0.16326022729482756,-0.08566084344481875,0.19999999999999984,-0.022937658805894937,0.1658040092231275,-0.05888537499790016,-0.15957657759080063,0.0005780973935631012,0.022498113885772858,0.00033489591208544866,0.01970950143825695,0.009410796064057257,0.018773546860134813,-0.0010548726518564398
1057,-18.186275318588233,0.34722522327859406,-0.45938873414985226,0.12152349534664708,0.1591487645640163,0.16846138346098405,-0.1420016717959717,0.19999999999999996,-0.0012104167216624249,0.020027231170698094,0.12302955437684346,0.06459748256317696,0.02267842154888614,0.017993723213084484,-0.01574612710620044,0.013158536857726501,0.005032797196271043,-2.372224873951877e-05,0.013129476064428743
1058,-6.665414843641669,0.3253475223278594,-0.4876524962712532,-0.18223763284090141,0.16690531665708433,-0.03557718256568058,-0.02142169794209563,0.19999999999999996,-0.11755110073147595,-0.14037640013725128,-0.042531887332074726,-0.09339878179343612,0.004259390057569978,0.008034685531547979,-0.0024814907291444764,0.027090359680778896,0.002183036299181699,-0.0308678591744307,-0.026397760643649015
1059,-5.7708861199375505,0.31886524056467874,-0.49639282053038963,-0.11858721762601186,0.07669323195728303,0.01206500704178806,-0.11017746052495551,0.20000000000000007,0.09891682867355596,-0.14136575340867094,-0.1437291387147538,-0.09846536205298076,-0.0030696860930465647,0.005890110217104601,-0.013284630040152545,0.020145060850674402,0.036869680848620724,-0.005974460780224606,-0.037986505524842964
1060,-7.3552507649232535,0.3344137136271968,-0.4757159213332003,-0.13655299602184703,-0.10210906883628397,0.16055411350586832,0.10858295276625636,0.20000000000000007,-0.10203817100243717,-0.12486592936394933,0.027137081504944992,-0.03815968699841279,-0.028772742920835953,0.011383717701411333,0.03259208823879768,0.04321548812648721,0.007226679907493371,-0.023470055938369327,-0.008960899824659732
1061,-19.17639582564422,0.34672104580812446,-0.4600197960680603,-0.04412638933016165,0.06038032584462316,0.14520500125385832,0.16979880115871812,0.19999999999999996,0.18499302934161438,-0.00296846299531774,0.02763036659740912,-0.16489762347829762,0.007693435605679647,0.020487458863811123,0.022893556214151563,0.022965368756799467,0.017399587442580258,-0.005167316249832905,-0.007492919547310868
1062,-9.83245762466324,0.33647543935465285,-0.47304663111915224,-0.12938796034803263,-0.09846968778670276,-0.0831748795302473,-0.0900158149971636,0.20000000000000007,-0.13055033547769426,0.0167843035244839,0.09165318705527584,0.1599638312803997,-0.025197575034356764,-0.021892172006533966,-0.01821349955638415,0.017439796204754617,-0.004896286402067694,-0.006965912190721204,0.013856431400462006
1063,-9.385550829884803,0.3330902477672141,-0.47743808241805713,0.04003396838386015,-0.10209520312865934,-0.19314285540394519,0.05310547066990516,0.20000000000000007,0.12722121864068253,0.08747099658137909,-0.16490382486237473,0.03202646232919376,-0.013694043840524608,-0.03507834480270362,-0.00711995476011047,0.03207303414153548,0.03532833436240079,0.022086847054001043,-0.014359449886420085
1064,-8.838096883078084,0.3268510515701527,-0.48565011345045717,-0.07710472407843813,-0.13020761095641484,0.03431730814789101,0.06717262764471991,0.19999999999999984,0.10045982259968535,-0.133078176255808,0.17314960292339807,-0.08451012739364479,-0.025572467525618117,-0.007131402323507624,0.01286088784277287,0.03560639554091161,0.030864272851820883,-0.005493826745466533,0.01502157542482367
1065,-12.336373101825117,0.3076112791702679,-0.5119977443205399,-0.047056237727334235,-0.0918978299668766,-0.05775841440862503,-0.18023200420578184,0.3030825131695274,0.002358904345496682,-0.15021731726376472,0.08037075409518164,0.08702602481741191,-0.015276263129016707,-0.014631912543280348,-0.022421982366451102,0.029782731683437185,0.015964027641183185,-0.01978413103758414,0.0013335106815851921
1066,-3.1669036231195378,0.321917314894843,-0.49225566338568344,-0.07843973519538779,0.1328124033955324,0.07410586436106034,-0.07145649655121764,0.19999999999999996,-0.11308076789661124,-0.07332279212531287,-0.12805542784389912,-0.1287265126309787,0.011785719208017813,0.03234585531892045,0.0099375407423424,0.03150631399786847,0.01395239365694874,-0.022036194220884212,-0.04066466521872563
1067,-2.566949253611355,0.31289613944108324,-0.5045997952103991,-0.17134301266914476,-0.12808618830943763,0.1868767483937154,-0.03993071659085481,0.20000000000000007,-0.19467522720830446,0.005659905198201021,0.030231612614575253,-0.043196589015766666,-0.05718858091946427,-0.00336661083500636,0.015517955251874804,0.034051510072196624,-0.0004589990106072362,-0.023279508053785633,-0.0021805418076856473
1068,-12.411679483319244,0.3307494237971766,-0.48050090372980275,-0.10046185187070499,-0.005484634691538421,-0.07292774968670264,0.021836769359727042,0.19999999999999996,-0.07644018938149351,-0.08973835959290502,-0.18095486780965206,0.25215557760727636,-0.007133361248265433,-0.00903559884395148,0.0015638378430005255,0.026364940954495573,-0.0002179956930780067,-0.01946586813601362,-0.02610121793992512
1069,-1.8366121057897011,0.2578237539613944,-0.5886770724786874,0.021080249876197877,-0.022784917747978427,-0.05362295282421786,0.021364585434127514,0.4682975486470119,-0.053610213774080526,0.08753257876786359,0.14869173301735322,0.12301521991116908,-0.0007564373754129172,-0.01374547546134299,-0.001182689316578714,0.09552482383318686,0.09323935818628298,0.0509896590802365,0.06828887934461034
1070,-16.46610443373824,0.3436689714779602,-0.46385967683632984,-0.1375716203875635,-0.15954717073576752,0.056924993354077,-0.03990209612818749,0.19999999999999996,0.16635782183602432,-0.0496605679841564,-0.037063152527192916,-0.15297257704703088,-0.022099363885059405,0.004322703224121511,0.003943142890707601,0.025177953793416554,0.025276034350475037,-0.0052346278188348805,-0.013183952897535064
1071,-9.855006617605754,0.3288947709593777,-0.4829430312347077,0.1495967051438338,-0.14067372150655033,-0.10609214979600708,0.13618971657520978,0.19999999999999984,-0.042024233294665946,-0.011177859318320786,-0.14395963390341224,0.07028598046200019,-0.009304358208478393,-0.022945894901030623,0.012652679849075806,0.037715555226035265,0.0106659949956595,-0.0051818820547197015,-0.019579631842270098
1072,-19.31425632443297,0.32924589455488334,-0.48247963165327357,-0.12179257660806411,0.0027716238988394377,0.1743684496363149,-0.1041674183437081,0.19999999999999996,-0.06391299348072689,-0.21219404385784962,-0.03238279771893378,0.08841009645556319,0.00024760058114245675,0.021650731515390407,-0.0047578530973365375,0.01565268108147136,-0.005788190732079731,-0.02977655579464975,-0.007147893004964633
1073,-17.31740711200716,0.32476231633535,-0.4884343696928038,-0.17206368098887712,0.1882046010677562,-0.03654743029551264,0.13739958078397543,0.20000000000000007,0.11153945527496177,-0.09708433041135672,-0.02113152451182835,0.03602939666573173,0.017062029315375683,0.005921960269597647,0.015178033839567348,0.02695068057639571,0.013637054200856492,-0.014674199685658394,-0.009887666659628437
1074,-11.854020776543937,0.3311635695764909,-0.47995744484039965,0.0170654416954731,0.021754881608212682,0.1663862379032171,-0.20391026127807793,0.19999999999999996,0.13885896496662473,-0.11296337912531722,0.04500871150862511,0.09405212191445213,0.005954315724784724,0.020719646357391056,-0.014533532307219117,0.015584379707766069,0.029171955289421184,-0.0055075331008602275,-2.8890072597637594e-05
1075,-6.2628990570709675,0.32853464419475653,-0.4834188270500421,0.14335023769401223,-0.08091735848339575,-0.001154024787896226,0.046301954118668866,0.19999999999999996,-0.17882999612636755,0.01851790606395655,0.16792110959659598,-0.16300741312910685,0.005003744637251792,-0.004487644287230439,0.009776977722122906,0.03651062758981101,-0.0012408659943317394,-0.008969554356160741,0.025637287391198083
1076,-7.267358211368366,0.3273012100259291,-0.48505238911114457,-0.10917949745765776,0.06693691092818307,0.08465610620167703,0.07601118914736223,0.20000000000000007,0.08963355762385398,0.1641986992591616,-0.17557618037144662,-0.03380785901065765,-0.0005598975283638931,0.018654471160423267,0.02437461597072864,0.04297341945913771,0.04146822993568203,0.040855820114467825,-0.002792282047564556
1077,-7.9111528557529915,0.3201346874099683,-0.494667266391419,0.09358980370114386,-0.0508501471564936,-0.11132721750525036,0.05039867955790499,0.19999999999999996,-0.12556047349564275,0.10316004479204222,-0.12807573079726972,-0.1370379029942525,0.00042524929410442153,-0.019296637737815973,-0.001269631066833573,0.031642579668368906,0.003043665701410844,0.005243166226910301,-0.011555482111158604
1078,-10.468132329156106,0.332288965715932,-0.478484080052157,0.09737052692703986,-0.06744053881000713,-0.11953933779915697,-0.08949000294126684,0.19999999999999996,0.07834019410245605,-0.13770780332819327,-0.0512158398488984,-0.1588957562429816,-0.003724195081807439,-0.02196586085323752,-0.01868032382220488,0.021691393421499363,0.02302445434505516,-0.013643411239230917,-0.019126468602206317
1079,-4.230079496843011,0.3210079948141746,-0.4934841512074565,-0.06957694672123481,0.029258198389891587,0.10609085229800835,0.07977764013078084,0.19999999999999984,0.1134482609910494,-0.12476216967100316,0.13808168249384908,-0.13900424930418295,-0.0045821950072392785,0.021063741695163358,0.034420868201387456,0.056618329095675476,0.058886019140872305,0.014105948587691122,0.017922712787299996
1080,-10.286071780140869,0.33740276577355227,-0.47185136171349457,-0.1654796708372866,0.16554580454519952,0.0020001308844216272,0.12154586417496017,0.19999999999999973,0.009954693542919474,0.09608429923752992,-0.03363464624926726,-0.2057548905284156,0.010684107901481214,0.013085231716341817,0.020167972548337347,0.03655499316237727,0.018212586781474673,0.015620914254921209,0.0011004295708094284
1081,-11.971804332312749,0.32680603572457506,-0.48570993115531647,-0.1571346405509628,-0.04611816256495184,0.0688881760764008,-0.09232285534775184,0.20000000000000007,-0.16067839731406505,0.037305794444150366,0.18779381213129479,0.04975816157042252,-0.014454215786521623,0.005615347337238763,-0.005204007336442448,0.01839428168536387,-0.009500760364286815,-0.002985334331634038,0.026920186447180687
1082,-15.42664800765515,0.32793143186401613,-0.4842169546911846,-0.18976181133095338,0.1336470068264862,-0.05220311076690194,0.026385178257733795,0.19999999999999984,-0.12160968092672174,0.10968586480599785,0.06755833303191103,-0.09914901405329417,0.008869293662538065,0.0018376558634637928,0.0032209423820859064,0.02343278988779685,-0.006732135954202847,0.006258287686957933,0.010657758806460586
1083,-5.814384175768662,0.3230157015269375,-0.4907763664590871,-0.16683178101463397,0.09020830607407855,-0.06160536345441898,-0.03806445343125894,0.19999999999999996,-0.050158920846644,-0.14813378733681132,-0.13913321294177672,0.10586417490037757,-0.008261014559780856,-0.0056044507884708775,-0.011601533808684674,0.024302698319446973,0.012888695041629348,-0.027004872731766796,-0.04154081703797679
1084,-3.6845263980304246,0.3264459089599539,-0.48618876963035623,-0.015023319015835078,0.13019826755216848,0.07680283168133437,-0.09817946075184336,0.19999999999999996,-0.13762398406597331,0.07019415360831384,0.13089438478620113,0.1410835985383304,0.022731674553610293,0.034811912379873425,0.00629758017623851,0.026973437631278848,0.009344280393495597,0.0044385464226476,0.036877796641069494
1085,-7.675446033439053,0.33529602420051857,-0.4745715962222773,0.20345924312068814,-0.12010902192748849,0.03866112144447803,0.09316876629719223,0.19999999999999984,-0.09496116256932698,0.06158607326183036,-0.07998644708161322,0.10806816429738275,0.0036679899597935987,-0.00047872910608739533,0.020517769772053503,0.04085880828928796,0.01087078439482664,0.0049811711196211875,-0.0023971843362688796
1086,-9.156608312971354,0.3293359262460386,-0.48236089085091993,-0.16272819431870572,0.05776884849244905,0.2027897681229379,0.14776578573951013,0.19999999999999996,-0.10835507869240592,0.05758143596500619,-0.018341666168052516,0.04466922250093263,-0.003150990665565181,0.03399647264259953,0.04130182405262677,0.04237295269771487,0.0051012858414586195,0.0034978757221944,0.004701833694554834
1087,-4.7012083462598575,0.32169223566695476,-0.49255942106163014,0.07735189974356954,-0.1791864474364763,0.16494985930261502,-0.029389881257885435,0.19999999999999996,0.09489599690952426,0.06968868046985746,-0.03307047477052721,-0.15146676010954477,-0.017193078551989906,0.005052974139389547,0.015742466936927706,0.037463033400453566,0.04941752498666878,0.037508435681716495,0.014126394389126884
1088,-13.260485767378299,0.34112107461826563,-0.46709144884915654,-0.2138959754098228,0.02897703766989802,-0.04110686016608333,-0.08270233334761715,0.20000000000000007,0.15195780043394225,0.10205000779699527,0.09309669308681842,0.08621329208882272,-0.007219075058395845,-0.0029594981266476868,-0.009237581972088089,0.02317390603392317,0.030590643140519725,0.01981363246205301,0.014854318061944453
1089,-13.417677564933726,0.3312175885911841,-0.47988660900890945,0.010610113182151895,-0.09640229320041786,0.13731026765288298,-0.13050375790127985,0.19999999999999996,0.13223741285188537,-0.0977182101354111,0.18174697226925024,-0.01347097280672075,-0.009991185746132442,0.011092076403469459,-0.006684588984720535,0.019897013700556174,0.02545655451754151,-0.005109110635544418,0.01598634447350199
1090,-3.2139955437499914,0.30372191011235955,-0.5175238775000045,0.1818122847772731,0.008489808984681506,0.019795085366047346,-0.024114863886474644,0.19999999999999984,0.16415155311416124,-0.049636816523032784,-0.19841354929114224,0.1535860380571872,0.035923247761690744,0.018133047100471023,0.009283980108249976,0.04210552371658626,0.07049150487480729,0.03459805736328166,-0.02383350932859706
1091,-13.004961760922846,0.3447583549409392,-0.4624852002477494,0.16413919382456005,-0.09585864157644189,0.13051565561819525,0.06698386048734159,0.19999999999999996,0.04861517567748644,0.16322806972930226,-0.03710444372124528,-0.09355495936542729,-0.002313962479635085,0.011439313934905158,0.017591380935769688,0.02916967386473087,0.01760460634808416,0.021294951975135392,0.0018983746721088987
1092,-17.13170395543235,0.321152045520023,-0.4932893074807087,0.03877467697808194,0.0633851743073391,-0.1942945132303868,-0.1793235524601316,0.19999999999999996,-0.051221357395487166,-0.11878141412729186,-0.004649738076372629,-0.14956957342490892,0.006098146037992601,-0.02384873339812353,-0.025375631496027517,0.02134262587771937,0.0038341724781481112,-0.01689714722253747,-0.00605592308661287
1093,-17.015530874239207,0.32953399596658023,-0.48209977530639553,0.0063396342478958196,0.10955845859490214,-0.014610105037559806,-0.04552578198463883,0.20000000000000007,-0.17895224186610484,0.12995702089333733,0.13240196904552315,-0.18265478833003804,0.012750165384968527,0.0005450598848127208,-0.005770575376251864,0.019028831739723445,-0.013164897385546,0.008224236271385191,0.018404272316504478
1094,-12.751057677337602,0.3221513972918467,-0.49193998061494176,0.04913501329122259,-0.01165817917164169,-0.10398015904020573,-0.1508148832775693,0.19999999999999984,0.1091972859806531,-0.07056688737526076,0.13878764473019403,0.16585994713325286,-0.0001714223725633774,-0.016096274124611645,-0.022496831765156183,0.01989638803910153,0.02516259330687683,-0.002407197852353063,0.014272236296390338
1095,-5.129258584586028,0.30739520311149526,-0.5123029139295152,-0.029490569140766705,0.12815417251207858,0.0501851501931836,-0.19370634679345736,0.19999999999999996,-0.21614401603055608,0.13144246122100764,-0.01870163169058613,0.03217565241836401,0.018463675564497076,0.023307194548139405,-0.01767984460835968,0.008069455727229518,-0.012494860480267194,-0.0019386616162170955,0.009216416150751191
1096,-14.366566378128155,0.33000216076058775,-0.4814832164756648,0.033403014900628,0.06236915847081875,-0.10760294090303203,-0.15509647780745006,0.20000000000000018,0.16127174228488178,-0.09267068074552717,0.0003890453320427614,0.1871969395556194,0.00778512261111849,-0.012959691608482808,-0.022172009869883866,0.02112685947783148,0.02980779233024859,-0.0060490730937611675,-0.00502837129040704
1097,-16.701226428476378,0.31706460674157305,-0.49885223465131295,-0.12208391657296011,0.1362998628054461,-0.047688274812376655,-0.13342103224231844,0.20000000000000007,0.08060740311113675,-0.051095451216591786,-0.12511850591556312,-0.10368555332360703,0.011991272035912777,-0.0008139332697716935,-0.016076243325519043,0.02037758491531261,0.017322914031162765,-0.007706316943566955,-0.020968449094990908
1098,-5.865747383779743,0.31499387784500144,-0.5016978869849111,-0.03925981073685635,-0.05475642921110199,-0.06467251071997891,0.0823756745218286,0.19999999999999984,0.08564310557485504,-0.2054936831527719,0.19018865902223314,0.07761012706037414,-0.015207058120126469,-0.018516165302514154,0.004776566958684202,0.041110830882338564,0.03893715429636973,-0.012134055020002024,0.01248014119434426
1099,-10.679209639023359,0.3259327283203688,-0.4868720279506793,0.0993496702438901,-0.11359921202863206,-0.08225375459763061,0.054431579020429895,0.19999999999999996,-0.12375400445667621,0.16234674008574074,0.1485450214474855,0.015720018119514838,-0.009548729541002382,-0.01814692714357116,0.003848949024038608,0.029609326661591114,-0.0006645797036349813,0.015694862109082372,0.03161216575771931
1100,-11.00318867355936,0.34388504753673294,-0.46358670732269003,0.04572216339540737,0.15940745949046023,0.11416728241113283,0.09590416608924669,0.19999999999999996,-0.07761750670327075,-0.06529349182987035,0.06161996330458441,-0.18026796677602738,0.026119117887684888,0.027546497034644336,0.023615044186411763,0.033172786060989,0.003347926201436464,-0.011365342400998677,0.0032866600499504425
1101,-14.034128718155651,0.32684204840103714,-0.4856620763323262,-0.15533452541117546,0.09171865520416772,-0.01651537511021472,-0.0929798839321955,0.19999999999999996,-0.09070221378559568,-0.17272111297046897,-0.0016771379058882069,-0.17835109568029378,0.004460295090748491,0.0026021387622097315,-0.009946531591882683,0.019288589906334787,-0.0038255144004752583,-0.02717098888234221,-0.01033798952852315
1102,-13.746645123401494,0.3403648084125612,-0.46805534959307993,-0.16191825395872042,-0.04355833538003927,0.12400337178513414,0.12509205507526266,0.19999999999999996,-0.08349548732861906,-0.14118008713749927,0.025118146975281207,-0.09563426235944404,-0.011274416790395172,0.016744642415460666,0.025064842130321174,0.028559357936077702,-0.005536570469334274,-0.024289162990351117,-0.004824222446783943
1103,-13.382913798583003,0.3255185825410544,-0.48742421427033605,0.132231581396076,-0.15103289875142334,-0.06719985435066045,-0.041608954935079344,0.19999999999999996,0.12563003492994945,0.007161392887406561,-0.08283620865061359,0.19229907409879127,-0.01354237956803614,-0.01738052425568189,-0.005361612709719174,0.02628651182163729,0.026466838855621084,0.004131025328077452,-0.01009149630547059
1104,-6.283086796096526,0.3231867617401325,-0.49054643694744926,-0.09123032019966784,0.10629400975347601,0.07742671483215374,-0.01793031173946494,0.19999999999999996,-0.15869588051186784,0.018880412049249676,0.1321205773133654,-0.19742177360075452,0.006825269429867827,0.022484566202811897,0.011877127788782412,0.031735503957017505,0.000872197466804714,-0.0065771268680804,0.019822805823259407
1105,-9.314864712706367,0.3336664505906079,-0.47668745848111416,-0.1749297206127252,-0.00967789536749411,-0.11755128059970867,0.18803402114410978,0.19999999999999984,-0.023753347558005514,0.05720200913451719,-0.10291996388922789,0.12593176169421186,-0.017745019591891984,-0.0175113016096927,0.018415152132534817,0.04167012018136964,0.01477170848853331,0.006875266187293073,-0.007825316005089502
1106,-16.851430939497792,0.3214221405934889,-0.4929242109379634,-0.11609077607008753,0.05729706594924341,-0.14886553973234024,-0.07404481306051261,0.19999999999999996,-0.08276652903601428,-0.16387629944903148,-0.07930178492220517,0.07775719178056532,0.0017870255727085898,-0.014257194257105142,-0.0102769523899617,0.023119351314208614,-0.0030734333096614623,-0.02531288755867952,-0.013322717580348434
1107,-16.6709406060904,0.33990564678766927,-0.46864162050562885,-0.18234741452329092,0.04113221197624527,-0.03110542986168764,0.09446918888861708,0.20000000000000007,0.05979272883115238,-0.1731176692796857,-0.19402522666430883,-0.024010129975012173,-0.0006610171930743192,0.0023439431577829965,0.013678211979944614,0.027383244983315905,0.008845182452668259,-0.025969910518039787,-0.03176927712121107
1108,-1.2328104741438715,0.3741537021031403,-0.42694995324727814,-0.07756038269455004,-0.007218364049047395,-0.2583594738589306,-0.06279467597691146,0.19999999999999996,-0.24577017469132806,-0.04929068002947987,-0.037303742420031524,-0.0617025062797211,-0.024193899476102385,-0.06620032119266882,-0.07667131531075133,-0.005135837546080972,-0.02784861282072644,-0.062243370718571764,-0.045077007038337794
1109,-17.683348633934646,0.3450014405070585,-0.46217909158481113,0.2738148979765654,0.054375187904887934,0.011603395840913234,0.045512798934792285,0.19999999999999996,-0.00727537094733378,0.07543817898102789,0.13177629269129118,-0.20020387672318843,0.012815773504434896,-0.003189949809218352,0.0031777743890014304,0.022181326954408824,0.0033070725729064786,0.004778681766497616,0.01243142828316717
1110,-7.133734103981785,0.32552758571017,-0.4874122027514685,0.08645353090423535,-0.12957111397335477,-0.04856849636456264,0.10249483348854932,0.19999999999999996,-0.04154895019658403,0.10595677730840557,0.15021835655701887,-0.13518794120728947,-0.011131494188829114,-0.01838448478081037,0.010716297199990074,0.0401820442542312,0.019313276440143152,0.01997088663375359,0.03585238375508593
1111,-2.579793461191528,0.3239340247767214,-0.48954343298178543,-0.005746364248292644,0.06013993778195883,0.22092159683363108,-0.047595431663890866,0.19999999999999996,0.15361275944941488,-0.02052652353851766,0.23486621781470693,-0.056591168669587195,0.014176448267924763,0.05479248496160971,0.042920879976975204,0.05253933761188409,0.07712692146530489,0.05162637831522177,0.06607015891039263
1112,-7.566350927872097,0.32186329588014984,-0.49232854585421854,-0.10660074720559684,0.0844706686026598,0.18545107381776638,0.0451132439445414,0.19999999999999996,0.17171354776013428,0.06284533254506583,-0.13143852917248292,-0.012366856951752573,0.004084374145859256,0.03552958925641676,0.030363797474471245,0.04263779503515257,0.052116158645182716,0.03415559502040518,-0.004634908264135759
1113,-5.721292074646335,0.3317577787381158,-0.47917888542378484,-0.11472947513977162,0.1062618609006663,0.15759721378367678,0.0029570125194412346,0.19999999999999996,-0.06854071767539666,0.06595412269844855,-0.1403032721786135,-0.14365632510398552,0.004369220856088458,0.0360323597829337,0.026806459935170654,0.0401238717252456,0.02026084298907833,0.011095490381069675,-0.013159501565461832
1114,-16.149994661104067,0.3314696773264189,-0.4795561944753158,-0.134411460835043,-0.10456192464857823,0.10618494968013716,-0.08381637736636026,0.19999999999999984,-0.14395004504124095,0.05946738681530894,0.020340193995339654,0.14726766161799193,-0.015264333347514616,0.010909656107659198,-0.0009561820672828644,0.01873703039644286,-0.009564270401801947,-0.0004172834923994788,0.006621727224801287
1115,-15.98658706208775,0.3336394410832613,-0.4767226150117317,0.12399716577234125,-0.040805174243086766,-0.03149216705589343,0.15601793908454148,0.19999999999999996,-0.1705823597005066,-0.086377343728105,0.17284364312146022,-0.01788420729406531,-0.0012856096848446754,-0.005474694211916041,0.01940192314047508,0.027456650680470488,-0.017329472943693122,-0.01875353232302277,0.018602304613641176
1116,-14.106903002034684,0.3291288533563814,-0.48263404324746506,-0.05359973176815521,0.07033036917499721,-0.1802661414177884,0.04855988660594403,0.19999999999999996,-0.050064168006875305,0.18609936166375132,-0.09973692118329186,-0.11134342017919677,0.004281337770842593,-0.018104910586424997,0.00022068111238310922,0.027949621812420746,0.0050835642581538954,0.017093336391332828,-0.006849223254813744
1117,-17.704840746119373,0.3403287957360991,-0.46810130303405645,0.07321945148790786,0.2010110553392853,-0.019662495653038445,0.14467980550673878,0.19999999999999996,-0.036494434949337996,0.026510362795068017,-0.11511360013761962,-0.183308794131004,0.024599592456568942,0.00241813275601668,0.012901165293687416,0.023658934171836562,-0.0029935706789645227,-0.005565264768838695,-0.01674802357161189
1118,-19.305247623360817,0.32806647940074907,-0.4840381419241951,-0.08048413137204319,0.1089119221887535,-0.02815860345800698,-0.11814775651909688,0.19999999999999996,-0.16964224379948403,0.1709743454212508,0.05311653878396745,0.0705644584573972,0.010507970662102056,-0.00048512220734748293,-0.01318873666252408,0.017990341023611117,-0.01042867116668526,0.013235728225077825,0.011778659953757951
1119,-0.8071375611345637,0.2795574042062806,-0.5535290007641108,0.11895205590580965,0.0377642111376827,-0.03330154327332449,0.012445329298557455,0.20000000000000007,0.17903548548312678,-0.15394287364998285,-0.11350883092966609,-0.15104967032184996,0.037683426882597224,0.01537643203378646,0.008321892605935584,0.05258927804633478,0.09105140044649776,0.03351195623679561,-0.03346446787270183
1120,-17.451624908197488,0.3391403774128493,-0.4696205008628172,0.0018443795984745101,0.139589096096028,-0.06574006158738199,-0.18458039418045827,0.19999999999999996,-0.006728330978663394,-0.0070563962984190555,-0.19133258934747602,0.2031287519130988,0.015403253026859364,-0.006360071912219359,-0.023770246706477465,0.01828542325347651,0.008584784137578386,-0.005291106966005385,-0.021603110534267198
1121,-1.789704329170906,0.2921798473062518,-0.5343497422193773,0.05550537419518061,-0.09638028960593766,0.16778051653941484,0.19358570782874657,0.19999999999999996,-0.00038348264603108235,-0.03798929060189749,0.1415989747216706,0.1067763638611212,-0.004925690703621069,0.021632053532649968,0.07435171127488127,0.09733010337809468,0.06817834681979053,0.025476006990941012,0.040750820706548674
1122,-16.553268814416995,0.3358722270239124,-0.4738259060985879,0.04564176825187409,-0.14637263486003801,-0.015783434230116623,0.08678625024693296,0.19999999999999996,0.14176040073214932,-0.16650177168061606,-0.09992954240424394,0.09722419759402905,-0.016042437553743266,-0.0059521041395051355,0.014522877553971164,0.029425788664794113,0.0192223810672788,-0.02161188048162601,-0.020587939219826094
1123,-0.19436052621109567,0.2772075770671276,-0.5571949030881199,-0.013712980619633205,-0.11989821319773769,-0.20910471332529731,0.16017660957206098,0.20000000000000007,0.021051165999280034,-0.12379702374850646,0.10348812285577817,0.04877117068170612,-0.03465952631821247,-0.07942748675019877,-0.031699256419974724,0.05655400130769496,0.05861471958883654,0.001534188838443248,0.0034928471000308
1124,-0.2816351654412621,0.30497335061941805,-0.5157381087994029,-0.035406297870818955,0.02562813605768035,-0.06186845581331077,0.17990888447917006,0.19999999999999996,0.09553119670572677,0.15068648310550162,0.046930905248666104,0.20403964071912548,-0.004466055587903903,-0.008391342008618519,0.0289037223648758,0.08839856543426929,0.0955475957051373,0.0932924856313634,0.08260815076297925
1125,-10.308447835975414,0.33965355805243447,-0.4689638315827641,-0.138354124917449,0.13352486449151174,0.03852043170389966,-0.00403178871977806,0.19999999999999996,0.17193977729288976,-0.028975875342130242,0.20351545372086047,-0.08113768381148113,0.008744242017396252,0.014359640139583588,0.005338895798485926,0.029523476364994982,0.038333618499187795,0.013043773573309634,0.026828379138373486
1126,-7.093215573615591,0.32253853356381446,-0.4914183929219359,0.1163935147336534,-0.21895334315408482,0.03509982909512481,0.046045918795689846,0.19999999999999996,-0.10643467063987513,0.027320073398505555,0.23579500872095777,0.013957641462108702,-0.020628399028520306,-0.015375340920279047,0.00915210409590761,0.03449137978992737,0.007029524844517493,0.0008897422584969287,0.040329020407268594
1127,-16.138975484384655,0.32882274560645347,-0.48303814870586914,-0.12560031661399487,-0.020524120737484823,0.18255524520067057,-0.05860208530753627,0.19999999999999996,-0.09209773356744891,-0.011111003757511544,0.1315596385789437,0.17794985623640935,-0.0041528567258126365,0.022670821783736434,0.0027137452034158524,0.017817213310596314,-0.005649298688973627,-0.006209826700979993,0.01706322430636541
1128,-7.55146465471279,0.3305603572457505,-0.48074923080612236,-0.00762030141584877,-0.13683026103960164,0.22799241754733307,0.03935589947854847,0.19999999999999996,0.10965796780380613,-0.14085450880692083,-0.030052626930642975,-0.10763601697729813,-0.0188470755706149,0.020765873991498412,0.02960329501085453,0.04056791693191577,0.038907158272000524,-0.0035961009006247,-0.014180507877562544
1129,-14.111466878701815,0.33764585133967157,-0.4715385820947151,-0.10464290998600696,-0.210885281919556,-0.20276279478007914,0.011221984633214686,0.20000000000000007,0.03727557010992408,-0.052679963068008616,-0.17151444127191715,-0.009017054231293335,-0.03304054786543108,-0.03277864965968291,-0.0016973459743520145,0.029512093686402403,0.013526686324974866,-0.010036249498526073,-0.026353530642333006
1130,-4.532681272883142,0.30777333621434744,-0.5117690077552611,-0.14380943378546834,0.0875635511952663,0.03430503934734521,0.004642497902500099,0.19999999999999996,0.16550219448563383,0.0764174946507724,-0.13715755050988213,-0.1506022381231317,-0.006670867375591375,0.012105698537758891,0.009994186166436407,0.04025897775100645,0.06278996730979691,0.04954354780539905,0.00042086659418393653
1131,-15.403482178540406,0.3329732065687122,-0.4775907115612926,0.1605953667874459,-0.08108424015663793,0.11327848873999807,0.16434933800171284,0.19999999999999973,0.111699933084787,-0.09449115460753403,-0.05051764041799989,0.023983838203884486,-0.002788813685691754,0.010103838711052936,0.025979929637991065,0.02975569416686377,0.015842941170625135,-0.01294662950774829,-0.012592610813480315
1132,-8.130990985907601,0.32819252376836644,-0.4838713164064042,-0.11173190026471823,0.033131658145717675,0.1210070244249562,-0.08226512106898824,0.19999999999999984,0.12974661772974477,0.15205656556896366,0.012353598858853608,-0.1577075139380577,-0.004532839515788437,0.018098784670143465,0.00189145458269563,0.025478261614776804,0.04028676003515985,0.04012489714690729,0.019573584074182485
1133,-7.775684267210551,0.338879285508499,-0.46995497723609864,0.13108223990249315,-0.034857416405748395,0.06466915476895209,0.16553790322840714,0.19999999999999996,-0.043190406574802255,0.044399692982155715,-0.06750991246010217,0.24875327367733915,0.009284263065455666,0.011597890152987103,0.035390301709620466,0.04973334966899459,0.02049271142858374,0.009278704663913107,0.0017861610542403194
1134,-17.217040287689723,0.3008408959953904,-0.5216631265316058,-0.01529447622300652,-0.08731977498676093,0.16396719441081067,-0.008649334332803927,0.19999999999999996,-0.11804835321799882,-0.10542237928987282,0.17760611964818115,-0.12369236789056519,-0.008606474744228543,0.017021430994564143,0.0076024968109278,0.01906462603057328,-0.01130237251667756,-0.01792904920555965,0.01670334157348038
1135,-17.517073826638114,0.33729472774416597,-0.47199044721729444,-0.06890698567187115,0.1256412580477061,0.11037509240278519,0.12610718210022678,0.19999999999999984,-0.15188930150353214,0.01595434846270552,-0.10448801645962202,0.09663781535155128,0.014117904913338298,0.018794916341408785,0.01750667860851573,0.02051447885636583,-0.017076533122816793,-0.009470481072411352,-0.00997672928649815
1136,-17.38334707818791,0.3246542783059637,-0.4885788696049348,-0.1380945786340355,0.10492163618903497,0.053211419345381136,-0.06578135488281475,0.19999999999999996,0.12596543248637138,-0.09848894280103027,-0.13718463213963586,0.07635200352169629,0.009338735364099451,0.011085458824856984,-0.004657094234970788,0.020897055035387965,0.018901263641046433,-0.013715423554215334,-0.022584131339924117
1137,-13.23003356913887,0.3191533419763757,-0.4960006035471965,-0.0743146512742839,0.11265350653311157,-0.1891207478933734,0.05732733817160266,0.19999999999999996,0.04027602175378411,-0.20340718530840754,0.021536286483142535,-0.10136426258229429,0.008369736938463927,-0.017155971303139027,-0.00015394458533828635,0.029598928091432216,0.012761575431682227,-0.025536442357673213,-0.010188104426491616
1138,-13.35790209437031,0.3272291846730049,-0.48514796974028485,0.0635120815566849,0.08180899755552201,-0.01818991047927377,-0.14758465553481762,0.19999999999999984,-0.13884110839065328,-0.1676592013255667,0.14322131134695298,-0.03918273381052889,0.013158271985068722,-0.0007228477619876143,-0.018168756966923206,0.016314633650859577,-0.008333635355689565,-0.026830681826993275,0.009936053344409295
1139,-14.069140687442333,0.33236099106885625,-0.47838995467643025,-0.05115225635724051,-0.06518059036110684,0.1371546487531889,-0.09382413115013283,0.19999999999999996,0.01759228017376928,-0.15204080091589928,0.08357243436643971,-0.19948285792222276,-0.008647994589499584,0.01369755530436186,-0.0022493816569344673,0.01979129341137795,0.00905710349977452,-0.019054895450435923,-1.88898043826979e-05
1140,-8.307904504231452,0.32397003745318353,-0.489495153899761,0.12675666638317568,-0.04826306261863623,0.09270174214311287,-0.12729474066805122,0.19999999999999996,0.1317068382633548,-0.10885563733475252,-0.03382326431329822,-0.13059804827561852,0.006355545406738296,0.010025403129227594,-0.00711565757111373,0.021689610116883515,0.036684244107872785,-9.63775755478657e-06,-0.012722456314955928
1141,-5.934691319975833,0.328354580812446,-0.48365692057422216,-0.10653373280248463,-0.16685503412162364,-0.041133651116186346,-0.05052755479507839,0.19999999999999996,0.017115281784053075,0.11721855134705247,0.12893518276232194,0.17168101127119959,-0.04229443357525666,-0.03388401941080359,-0.019899319578175992,0.020166107116512087,0.024385595313160504,0.027035402880345543,0.04054201428537436
1142,-8.898903347347701,0.3319108326130798,-0.47897857323974513,0.2006836009350674,0.04159470435384209,-0.1394450635578241,0.13339003370593253,0.19999999999999996,0.07538380436870934,0.10409770585453779,0.0782970912492683,-0.027107995974818427,0.022372346260412245,-0.011702298753263944,0.011676461522580344,0.04186542588756366,0.03322376706982827,0.027345735081517566,0.024353359721023937
1143,-14.556657266815728,0.33968056755978104,-0.4689292975307756,0.08309114434488563,0.07163623809006668,-0.05288811420917864,-0.004049631367080069,0.19999999999999996,0.15926606193067003,-0.10359346260982259,0.12977393690846759,0.19570141053982879,0.011493651908418636,-0.004780806985498616,-0.001797226073562829,0.02642677056565186,0.026864665174413552,-0.007217650470565133,0.010633932944356822
1144,-15.238691295579438,0.32834557764333044,-0.4836688286775367,-0.08272570027583413,-0.07081898858524693,0.17499829120465757,-0.18218791120935363,0.19999999999999996,-0.01818010356025253,0.025271973163145767,0.19461960142068999,0.05119743058081944,-0.009435315521019777,0.0177691974670511,-0.011495298732326116,0.015337595766325535,0.006641678657323116,0.002742762551971746,0.02376246582963791
1145,-7.4799905406137395,0.32740924805531546,-0.4849090575976643,0.021249902461420906,-0.14868888864393048,0.06109144358413179,0.16156857108783151,0.19999999999999996,-0.008258796580569102,0.18288468261315627,0.11342798278259389,0.10282973224636605,-0.019798706377836685,-0.003932852543751977,0.03066183282245545,0.04830822262688162,0.026577712828205823,0.035645592909012,0.042642488172978825
1146,-16.0222396185153,0.301822241428983,-0.5202487600078516,-0.152470790719134,0.13997980456810946,0.014744825773063453,-0.05947757057059461,0.19999999999999996,-0.15337660682116075,0.09925571093780149,0.00967328397990029,0.17102140663023602,0.012000677593628538,0.00827888619686473,-0.005304382409657859,0.018684360055490134,-0.010152050614749884,0.003961341230274904,0.007087112957675314
1147,-15.07845187627491,0.34276865456640737,-0.4649989002006169,-0.10495374564580076,-0.14465570295170316,0.10156569025573109,-0.006636439292949556,0.19999999999999996,0.05487975179822578,-0.13027634616329123,-0.13755515452024258,-0.11947716937205591,-0.020168009550052098,0.008534158889918151,0.008400402882561435,0.024371543246890663,0.0116797967842264,-0.018834198041236858,-0.025601359987033383
1148,-14.967720251598973,0.34662201094785366,-0.46014386248281725,0.1861104166733568,0.09492892154720348,0.08357925182474796,-0.06442441315486111,0.19999999999999996,0.1697999271381201,-0.047547568815442726,0.08451486585645464,0.06909463498981332,0.01950395063331814,0.010162777944115468,-0.005266402208557904,0.021713315180922184,0.0280181441144847,-0.0006320684473158643,0.005744572131485959
1149,-9.468284725903782,0.3390593488908096,-0.46972427631067193,-0.12133830383689218,-0.07235595117407177,-0.08137479456952595,0.12367920102505305,0.19999999999999996,0.08392506035439656,0.09923125611309065,0.09298894643346492,-0.12510648649350495,-0.021456983672610345,-0.0174569088668368,0.011955780961362463,0.03781267247355721,0.02964678891117382,0.023809881970480198,0.021393802648360806
1150,-14.136741434762083,0.35334737827715357,-0.45179812666138347,0.08174946207852203,0.17446493017873488,0.03472434924754167,0.1153156143863297,0.20000000000000007,0.08425288546863295,0.0407674353338424,0.1619417150242608,-0.10678360828213548,0.025541746383471554,0.012169815992111354,0.015543087586271575,0.029134570906884826,0.01800773416193261,0.007884131841401985,0.018683538431117266
1151,-13.204350701443301,0.3338915298184961,-0.4763945980158489,0.02871508200742806,-0.17069217862199892,0.060230859457800844,0.18441163801901717,0.19999999999999996,0.03921500562048496,-0.17477951976064326,-0.0363692582945647,0.10558645821806206,-0.019497398744554622,0.0012656918444518624,0.03004539060855525,0.03525350671100314,0.010787763492977567,-0.023561965649791784,-0.01308056506585363
1152,-17.795654889540142,0.3318208009219245,-0.47909639274669474,0.16141316672191683,0.1505264068501007,-0.15997294560833722,-0.14948231058422742,0.19999999999999996,0.027332797313959427,-0.02861432185322752,0.07217393413875413,-0.0504841169294768,0.01912548232923291,-0.020408090141873413,-0.024057607133844208,0.021184425654401547,0.012387406367936801,-0.004167342546363231,0.004566681074847937
1153,-15.363082237455684,0.33318027945836937,-0.4773207118746955,0.11363789850804433,0.045548727183194714,-0.09965296049913398,-0.0760572010480074,0.19999999999999996,0.14663557309773706,0.07529876080581077,-0.11429450500807281,0.12887437384999897,0.008313498852831627,-0.013141749738910899,-0.012033455753009735,0.024235688772881913,0.027777058624949863,0.010542080615151266,-0.013557470934954206
1154,-9.216466816947037,0.33095649668683375,-0.48022908927724434,0.030254176597013346,0.21714854709870046,0.013027316249921707,0.08777073665548114,0.19999999999999996,0.1383224862673873,0.10516689928338975,-0.09695060068343157,-0.11135923716467483,0.03413033821582609,0.022180941751978538,0.019475647270456625,0.03994471835562043,0.04154385606301853,0.030840538323507204,-0.0013340932172710342
1155,-0.07584728154812836,0.26179415154134256,-0.5820400597779808,-0.0832167632839933,-0.1534057790130843,0.008533623794421298,0.03652311679980076,0.19999999999999996,0.215340035300157,-0.019217807156165414,-0.06243042661559314,0.22133244803678478,-0.058087089393421575,-0.049619141805596505,-0.009841268458302752,0.04834014498161501,0.10133714938176422,0.07486459087003985,0.020257317827316292
1156,-10.551299460526005,0.3180279458369346,-0.4975347158975907,0.09328500334493521,-0.19676369564815344,0.047567865847891064,-0.1763147808061725,0.19999999999999996,-0.04616132809871731,-0.023175576678710206,-0.07224652867903057,0.1444852208963898,-0.019747240976922834,-0.009343170209495764,-0.019116932549070306,0.014531819165385092,0.006517031591784711,-0.0072466274387928895,-0.010521309152369462
1157,-11.58187812369005,0.33690759147219823,-0.47248920303686626,-0.020904128106564914,-0.14512923975994815,-0.10572953199808906,0.13909968702839326,0.20000000000000007,0.04342787855810627,0.15130490838061803,-0.04700300922754527,-0.147401616940735,-0.021882022217655697,-0.021327478735796858,0.014512256006094905,0.03590731061444036,0.019533300380930124,0.020981323613695906,0.0006342852008018496
1158,-9.610039423325327,0.3240240564678767,-0.48942274533840674,0.13527473631503967,0.17193220492326525,-0.19482086651976516,0.10738187139646885,0.19999999999999996,0.04982374969760432,-0.02900866932860749,-0.0886967266592687,-0.023061175159980556,0.033036141750718284,-0.010772106929727953,0.0044175991538594195,0.03743849156693243,0.025223502087377267,0.001991318816598604,-0.012933681763283205
1159,-9.084210006529345,0.3544997839239412,-0.45038402519366105,0.09678834211371294,-0.12005819211752428,0.1716660785580013,-0.021344549803810203,0.19999999999999996,-0.11152983605483226,0.07215123584328795,-0.04860560212938776,0.15785616337944336,-0.006660414212324624,0.01546040274285675,0.013499729636656535,0.028041144368147895,0.0030165311608808107,0.0036345970548013,0.002083548123588857
1160,-0.700469723670345,0.3127520887352348,-0.5047997811608175,0.051390046558596754,0.00874452325130336,-0.005626842137894377,0.2134946363273932,0.20000000000000007,0.03390023650348973,0.20775311382907222,0.08314588747788197,0.19594471391436835,0.015090479500651425,0.010296412208276135,0.05328149702904572,0.10104781862336357,0.08695395610635492,0.09144431572911581,0.0977025136913123
1161,-12.701744919420241,0.31481381446269086,-0.5019462184562988,0.06567003213589556,0.13827048794056412,-0.1002876503502486,-0.0853965322909178,0.20000000000000007,0.09508335156182562,-0.10002422504262423,0.049845003121534476,-0.16542271755638951,0.0200507301110102,-0.007007622540868975,-0.01492595865227028,0.022578151467034218,0.02290342506241185,-0.007712458820283512,-0.0021572603640741825
1162,-15.52383889908226,0.34275965139729186,-0.4650103075389652,-0.003971741761042837,0.1766032133187469,0.06256215463537233,-0.041146999642088164,0.19999999999999984,-0.10506937556746447,0.09528275820239247,0.16869076361814503,0.14667299325474792,0.021800616674392766,0.013135803780719218,-0.0033705023316579147,0.018693756466650967,-0.004750456203085609,0.0069359197515210394,0.025426742331880293
1163,-14.54066803763597,0.3318478104292711,-0.4790610435383537,-0.002644075720111268,0.19820201941016297,-0.07041396732855905,-0.024844736140100056,0.19999999999999996,-0.1906569865607323,0.07324168058864038,0.16506329148438864,-0.07493324276730537,0.023373103406392485,-0.0009575976196752595,-0.006135526592437528,0.020755227987022964,-0.013736529217935061,0.0011758328832933863,0.023503835514458983
1164,-15.57261436258166,0.33647543935465285,-0.47304663111915224,-0.20085668404350196,-0.11291051261258461,-0.1293089596150293,0.07720277535463771,0.19999999999999996,-0.014334164539414027,-0.1881129348508874,-0.048247693554309155,-0.029026275429635897,-0.021859874382255076,-0.01498473257388015,0.011003742999284454,0.029941786690434728,0.002670266297697205,-0.027821566236561093,-0.014787484155499402
1165,-17.674387250683868,0.33505293863439933,-0.4748865686634276,-0.1579076794387908,0.11702966460457755,0.03788747212834741,0.1611561623201178,0.19999999999999996,0.018507449107924633,-0.0862377880657203,-0.08325227909124322,0.1380215052432783,0.010208604559271663,0.012632325017301573,0.020982692229174756,0.025161240214046917,0.001289203161231059,-0.017203072404454737,-0.013574716512391578
1166,-19.161710392411123,0.3194414433880726,-0.4956087404606667,-0.013798431019417535,0.12484995194724213,-0.012140812818372157,-0.02472205272913857,0.19999999999999996,-0.18814444499931396,-0.10064035266826478,-0.14727712230470966,0.18842683151354128,0.013630261309183054,0.0008934157226548238,-0.0038348714461074714,0.018455897372977044,-0.018433755517655068,-0.021293611575774758,-0.013894099465181903
1167,-6.467827121027314,0.3252574906367041,-0.4877726929071093,-0.1723849661063021,0.13566746994393078,-0.047026814590360656,-0.009175104475534513,0.23190642931880245,0.050374572556285524,0.0719948134118443,-0.058734642527196596,0.22273518706974305,9.602766796459113e-06,0.0030229014304291126,-0.002337418597306196,0.03550761256139544,0.03654552852429509,0.02475165218834513,0.007394650714109891
1168,-16.77906468421055,0.3334413713627197,-0.4769805165660452,-0.2136656986271782,0.1252466585795344,0.06832488554493776,-0.13524716969168687,0.19999999999999996,-0.038525099288380785,-0.075231734526611,0.09343215255776917,0.05032660118390182,0.009542052444587869,0.0143037476427381,-0.011805632493759932,0.016912041702647762,0.0018183291817886263,-0.01160099152072082,0.008115200333386337
1169,-6.445092720751866,0.32993913857677903,-0.48156616381287887,-0.06777304629278805,-0.14707568196247,-0.12487413559958756,-0.14629020771027226,0.19999999999999996,-0.043137379870451825,-0.053334976366009076,-0.09728328916641592,-0.12023128303200536,-0.03393380843645512,-0.04287282555164225,-0.042897380403184075,0.005657814445544221,0.00697457247141978,-0.014646135146389093,-0.02699297733360719
1170,-8.295185117938253,0.331505690002881,-0.47950901291336895,0.11394807211891968,0.11440197143443574,-0.009205633234888874,0.16744076049165882,0.19999999999999996,0.11956321667443714,0.12729581499867126,-0.13058122694726393,-0.017563304099724644,0.02814748642089052,0.014296802736204534,0.030156661636478614,0.04972658622196045,0.044262611518396534,0.036099437991979365,-0.0002973600551448278
1171,-6.293940930063977,0.3376998703543647,-0.4714691060936226,0.1501097625407858,0.10340550879418685,0.13815273726131377,-0.05354308914682321,0.19999999999999996,0.004469373122744465,0.11602210214993805,0.090593322583599,-0.14370410440060885,0.03777042191155367,0.04045934242852323,0.01809392587898578,0.03493859975709093,0.03134810677664927,0.03136056858415055,0.034126005589573204
1172,-14.303940521909865,0.34806251800633825,-0.45834274229878375,0.13135790024286717,0.14867052955124266,0.05683734108144275,-0.13213691721537751,0.19999999999999996,-0.034442538200626246,0.07853755293279142,0.12838392203844237,-0.08963329873720993,0.02448600958831107,0.009967639090394585,-0.01433813278270972,0.017005288563685095,0.00649350524077265,0.008643151894816306,0.017688323433443478
1173,-5.654306306595158,0.3108074042062806,-0.5075086437719329,0.05426088879880094,-0.11160487977151352,0.06836138750935075,-0.1583917101431736,0.19999999999999996,0.04534650776195965,0.07646346777467866,-0.1533580625056636,0.13221309573485931,-0.010313496040338497,-0.003676057790624412,-0.018075371118328114,0.01385920159317138,0.029765643618663018,0.022265662998189818,-0.009212180797716848
1174,-1.2181796627483692,0.31041126476519737,-0.5080625266645092,0.10758982980642043,-0.1340230634635812,-0.11915382430239434,-0.10996698234734019,0.20000000000000007,0.010451944565173968,-0.09290871399175551,-0.10453716861821757,-0.12136847290511676,-0.005071924232581845,-0.04837271237242255,-0.05709390101392385,0.0011922184497734792,0.029406977873406927,-0.00977619482290181,-0.04222360920270917
1175,-6.2546934323519725,0.32793143186401613,-0.4842169546911846,0.14393097111231173,0.0906650859743635,-0.17107638474837403,0.02084423161320622,0.20000000000000007,-0.023928172265914288,-0.10182683961510186,-0.14636077776981574,0.10136753690091256,0.030793075311602087,-0.010737002028756108,-0.009593914451633467,0.032230231325406214,0.020684548609935332,-0.01398328385342813,-0.03257569773362785
1176,-2.976163113332511,0.31860414866032843,-0.4967485733918951,0.09468779720022387,-0.16398453262651635,0.07035616595624898,-0.009230873487227788,0.19999999999999996,-0.1837536230643871,-0.058545965355273906,-0.06968792118898534,-0.14975312112113673,-0.01249012517332017,-0.010953461037341995,0.005934359761269875,0.03550117772828196,0.0017699522282901582,-0.0332828426380306,-0.03308877887971292
1177,-3.8776031578621506,0.30572961682512245,-0.5146624879971896,-0.13684438231962479,-0.16061068743241583,-0.06437331110448866,0.18717851897148202,0.19999999999999996,-0.032004253704384394,-0.1435225689102095,0.05245006996086968,0.023016207596525166,-0.053971141288957566,-0.045368295672032634,0.01176372414993782,0.056438104505365586,0.030519746919055,-0.018107550210502962,-0.010702432728638592
1178,-10.632044305830714,0.3264369057908384,-0.48620074735921787,0.054840048866031964,-0.15862796062207418,0.14176468431591566,0.11258885384194385,0.19999999999999996,0.014883444796352337,-0.09970425550346165,0.10710072581688648,-0.11049002623733396,-0.01605332223254747,0.009850007223465136,0.027396854144350804,0.03623072671206111,0.015331717488234966,-0.010145567940026029,0.007566954872546652
1179,-2.157776337382405,0.3004807692307692,-0.5221833176186863,-0.008866465028703112,-0.16222125946888075,0.07746516230938595,0.12681697989477317,0.19999999999999996,-0.13642265741856194,0.1470793653270248,0.010853457871526062,0.13027465268114416,-0.03354463296315792,-0.017546646314578626,0.03081988652423987,0.06489671930207884,0.026928729520840924,0.022561716705984676,0.03517496571683966
1180,-12.448551114404854,0.34337186689714777,-0.4642352902812113,-0.13117678657183962,0.13855582056834634,0.12541832919186063,0.03857886062286524,0.19999999999999984,-0.01749556529401305,0.10770870293081375,0.09957939611386471,-0.1414865387063968,0.01230975129154776,0.024994290631327163,0.014069795135314152,0.026549240010257213,0.009288876687826119,0.013544451197655415,0.017009211610815388
1181,-2.5589278288955875,0.31993661768942666,-0.49493605078691927,-0.036769143951166414,-0.07212622516573879,0.06467741165487165,-0.13664981246085506,0.19999999999999996,-0.15079640662952537,0.17057132217421309,-0.014221616331315752,-0.15418806163231394,-0.02076802880797459,-0.006824272681745143,-0.018317920335381307,0.011032869861470222,0.0020947726261694457,0.013399608166353097,0.021653231629276414
1182,-8.364979276130684,0.3253475223278594,-0.4876524962712532,-0.004524886042850967,0.19830522467614461,-0.022383494484149582,-0.15320001679657366,0.19999999999999996,0.004447594570817088,0.18009537448874485,0.191053598244249,0.04598981069647025,0.028847672054632668,0.013782489852210738,-0.018511798279231377,0.016495849111160105,0.020882276896667207,0.0336443088623119,0.0479831121420392
1183,-19.712680999065903,0.33966256122155,-0.46895231992698033,-0.1582307657981896,-0.01578158419673333,0.053670129453910115,0.049738720152469544,0.19999999999999984,-0.13379605077684986,-0.17338598315533074,-0.19090595549045916,0.024490810976057764,-0.0035911434591411034,0.010684553803342066,0.011407205745820603,0.020921916504968725,-0.015709797440000787,-0.02997060281980981,-0.02324054216738204
1184,-2.132231123231879,0.30960097954479976,-0.5091976739251,-0.1478366257426282,0.14792138996702942,0.05286713312745486,0.09877482245523103,0.19999999999999984,0.06400510600596236,0.13902923210011445,-0.09338266138900658,-0.05618302921257321,-0.0005699088928176432,0.030967388093554423,0.040901175142868215,0.06979615982476522,0.06970620119689362,0.06490544132298928,0.02832139009649347
1185,-9.07757039950945,0.33641241717084414,-0.47312798252557225,0.09783773564347595,-0.19496361307045676,-0.052487986244701273,-0.0541652721597217,0.19999999999999973,0.13787217783086306,-0.18341782326100392,-0.043795651592188754,-0.03545974019758879,-0.020326632455890236,-0.024017543666753446,-0.012030211510705663,0.024625423370965467,0.03331957949013059,-0.013856124635634681,-0.02080229946249677
1186,-19.338142176602314,0.31390449438202245,-0.5032024661689011,-0.14685594315916442,-0.17389948798721905,0.09363362509224336,-0.15112926307471886,0.19999999999999973,-0.1362895948943223,0.09256664401201792,0.004578524816430586,-0.001046916963883697,-0.020858031995711405,0.009789142102993696,-0.006236341067743797,0.01885874279509166,-0.007215559292560582,0.004722065161647441,0.003411593047103769
1187,-7.0051046966542145,0.3343416882742725,-0.4758094688794755,-0.1915774403783921,-0.046967287974322904,0.031107018677687517,0.1195596849786218,0.19999999999999996,-0.012501441087042106,0.15618658203041177,-0.08707320459465975,-0.15502734027886214,-0.029080550434641486,-0.004712721669320984,0.020845641902467685,0.04316459397572525,0.024763306555340116,0.02845967827264122,0.004938085521161082
1188,-12.157642779210597,0.3373487467588591,-0.47192089889752004,-0.03537091856072912,0.11440103160365986,-0.07020144697249578,0.15106484045171367,0.19999999999999973,-0.07577758843229704,0.06901508597334337,-0.1428661125757494,0.14130297543001194,0.012095962862736958,-0.000638455689492463,0.01786879545150385,0.033760688795863046,0.002181232944370555,0.002064351139204959,-0.012908456330989675
1189,-8.886775754719164,0.34166126476519737,-0.46640425577046263,-0.1214594445565639,-0.11452543431658321,0.01743495265446168,-0.07856140633330597,0.19999999999999996,-0.10184890936459147,-0.08467619427202698,-0.14066475444843654,-0.14082890405403034,-0.027454549055117253,-0.010713832695948134,-0.01005330195289406,0.019242590817843463,-0.0008666991053177836,-0.02216103628478051,-0.03178832687733273
1190,-15.74017569904682,0.3384471333909536,-0.4705091599764225,0.11825403348326438,-0.02599653038826685,-0.10564266401666472,0.11913444016956037,0.19999999999999996,0.09843354814878941,-0.025402730344203286,0.1552003344513479,0.15193571899790306,-0.0004263614465935814,-0.014130205547431397,0.012446472246271401,0.030910929834955515,0.017128888098166945,-0.0023805119759893714,0.01573643098167665
1191,-7.386118568547712,0.334179631230193,-0.4760200245620618,-0.0416270991720284,-0.13340014157175498,0.04694817308015617,-0.04187047685924116,0.19999999999999996,0.16147385233588,0.14594962068564513,0.12989674721355302,0.09883388908174119,-0.024596469976168215,-0.008999859438797638,-0.002795610884825331,0.02768125556680178,0.046644871116455155,0.045974158558564564,0.04345717529738563
1192,-7.013612744010514,0.3272291846730049,-0.48514796974028485,0.12358214330615368,-0.13671374192166738,-0.03801098819045103,-0.03288619239508874,0.19999999999999996,0.12424424667564636,0.10482928451040974,-0.13140102617952287,0.10833237682106027,-0.007773319075482916,-0.018411223632628638,-0.009156955333887825,0.02769309590564115,0.042181405980550014,0.03368121370131464,-0.001281622655972966
1193,-12.515164937283812,0.3424715499855949,-0.46537550066049466,0.1604744739711577,0.08264548671229037,0.06292884982162752,-0.14461838224373263,0.19999999999999996,-0.1875611253371854,-0.03912267301840066,0.07320521525252947,-0.049443793643076314,0.020179027292200898,0.0100404056846489,-0.013787821709323246,0.015435368910905129,-0.012622039208317575,-0.014165878701466005,0.007677517638743864
1194,-19.886447724364327,0.31756878421204265,-0.4981621936212924,-0.07217557712228143,-0.13831390959179665,0.03983258130226692,-0.10756858238293404,0.19999999999999996,-0.15448861824504465,-0.07697473888353472,0.1139936158200186,0.09665237665212306,-0.015978265299754144,0.0031592768670653743,-0.004095354084602174,0.02010609335148443,-0.01189708880132261,-0.01353948827493831,0.01446357105471924
1195,-1.768233043062306,0.3013540766349755,-0.5209229291401566,0.07770035957571948,0.19712310494282556,0.10075398019180355,0.06818388647603912,0.19999999999999996,0.11490613939287161,-0.07261795010943502,-0.037430473239020975,0.1312841060722847,0.059987784108531166,0.07330214813314219,0.06184631193009451,0.07955224733654141,0.08605583333529124,0.0404453581525664,0.006507646917488464
1196,-19.874228509634698,0.34420916162489196,-0.46317757447858043,-0.06409071694636094,-0.02498823530828449,0.21742526291148492,-0.020528873296513626,0.2560653036145314,0.11585978310856168,0.05436115151728813,0.17968998713233353,-0.06699068616464125,-0.0012341708279618034,0.02535595693381644,0.005569561023087737,0.024003304969561032,0.014839371016672372,0.0020161026223140077,0.01274821896654632
1197,-14.696219255250835,0.33164073753961393,-0.4793321276935364,-0.08249575432767081,0.07684051389926773,-0.09834906328991945,-0.08235302608283816,0.20000000000000018,0.13855609860650284,0.10852796133113117,-0.03129583243598667,0.1815817500266831,0.005022225860100615,-0.008817609561161007,-0.011946818627727377,0.02373441993111312,0.027793514967257717,0.016224452371231192,-0.001107243186802937
1198,-4.869377309645074,0.3190272976087583,-0.4961721548937826,-0.08370530108554866,0.08141315943112266,-0.009398207613894727,0.19744782908500108,0.19999999999999996,-0.16408876061255243,0.015152807328457174,0.02096367145093146,-0.22783026339249185,0.0014047781612348466,0.009202110204964075,0.03791043735297281,0.0626758005332487,0.012043202574146929,-0.0063547174567885455,0.002805186010359718
1199,-16.108682785165488,0.334161624891962,-0.47604342594051413,-0.0551206391580669,0.08888628796250354,-0.10644227924779552,-0.07834621660663511,0.20000000000000007,0.14274713334947756,0.17002575790515073,0.06098121510987803,0.09745047066049259,0.007593018821603466,-0.00971547123997061,-0.011317712744940398,0.024165671092758377,0.02746478486169951,0.02256798738872764,0.008978243708442673
1200,-1.0822907926877008,0.2940885191587439,-0.5315219294654866,-0.043924035059539894,0.02238116766216167,0.029201541144500645,0.06435352347200707,0.19999999999999996,0.05634104854480698,-0.2406017665040368,-0.22869146314401853,-0.11450545446892851,-0.005325427061313432,0.008184269102762282,0.02418316563957557,0.06260392233197341,0.06472027555738903,-0.01712778814899479,-0.0908403747367941
1201,-18.567266679583152,0.3357821953327571,-0.47394233581481654,-0.13689794028180358,-0.12388711330267321,-0.00999723488273655,-0.06699494175040219,0.19999999999999996,-0.11102067773794379,0.11105354501544666,-0.12098162316177695,0.11916692386721715,-0.016842963750815333,-0.0008838679386072146,-0.0004987719215847955,0.022484652188634022,-0.004968044200824563,0.004983332935253977,-0.009842593311666564
1202,-17.536906017229466,0.33217192451743016,-0.47863707731034794,-0.14320585590416343,0.1263382795907029,0.07611406182540391,-0.06438984307019062,0.19999999999999996,0.06786201450146245,-0.09344552993027957,-0.08487127669914842,-0.14377313847864878,0.012005924816369098,0.01434194733708115,-0.004409395692404509,0.019433838216290435,0.011714737072606904,-0.014152164712819605,-0.017652702510228525
1203,-19.820785352804428,0.31956748775569,-0.4954374114811385,-0.054629413389601124,0.20876678531637738,-0.003801505943990285,-0.1778835026640874,0.19999999999999996,0.0614833226848253,0.08889964751067767,0.03822905370629115,0.1663067687841497,0.02233253247251887,0.0022473874696251647,-0.022559428724012162,0.017492420045636337,0.015051051342863534,0.0081097312441068,0.0034423125630851587
1204,-16.582144425017784,0.338879285508499,-0.46995497723609864,0.14562305631194927,0.005577785695564322,0.1319536470528722,-0.1323053218655556,0.19999999999999996,-0.04052155902168457,0.07300905659167613,-0.1207872641025954,-0.15022230935810252,0.00636661118999743,0.011168500146867412,-0.011115598503780423,0.016150918275059892,0.0030860581863878587,0.0031465954563396595,-0.014640679948708142
1205,-14.94724578500783,0.3568586142322097,-0.44750381531910055,0.12310691944736732,-0.018913452246074557,0.06263676027989239,0.16003531781076577,0.19999999999999996,0.02581923187306079,0.16381890715975594,0.0815379479639665,0.16413146321911679,0.0030985086517098413,0.006986532078792615,0.02347457470646872,0.029757173074417158,0.009894076747273087,0.017604437244797648,0.016160456595230015
1206,-19.423000098040408,0.33361243157591475,-0.47675777438853256,-0.10324779225958533,0.02957820924801926,-0.02839052905732831,-0.13618392995087203,0.19999999999999996,0.06097587646170384,0.14569381100959786,-0.1336240039855589,-0.16230584802733442,0.0012842755359881533,-0.0014208863198911775,-0.012709552845511781,0.02157569984867577,0.01586505756348589,0.012425890114606585,-0.018404763802257095
1207,-1.1614706112558473,0.3059546960530107,-0.514342876494927,-0.07238327860821432,-0.12014838443578843,0.08858555275714537,0.103339009184978,0.19999999999999973,-0.1764927602982872,0.11354204791537785,-0.07810009815635122,0.04740886864385778,-0.041861415357544625,-0.015551978363508712,0.03060831949043736,0.0657468340101851,0.02141970169112105,0.005593659100256679,0.0059054356466166375
1208,-1.8110581588580779,0.2969245174301354,-0.5273539406828179,0.011864216729143487,-0.13697362636942692,-0.11466813595449556,-0.17051267440034104,0.19999999999999996,-0.013277675846376867,-0.07226874293022087,0.19619319163047735,0.08424173613951794,-0.027543270578704676,-0.05570167343707354,-0.06977228054364737,-0.013209963696724957,0.01570381922610315,-0.01057289114401416,0.024631272349427958
1209,-7.990604075767955,0.3380059781042927,-0.47107561855445407,0.2126110823191793,-0.044329999798233787,0.12454216843529956,0.1357472009229068,0.20000000000000007,0.049469914369993,0.1363017688826565,-0.08873364221136443,-0.008264223060366649,0.01657447841419048,0.02091995674191952,0.03716017025350993,0.04903881824770412,0.03541458464201075,0.0324681303715128,0.006986522872851039
1210,-10.960227641215187,0.3228266349755114,-0.4910306407848834,-0.21283108322658303,-0.06500014284601394,-0.23470780610910977,0.11864285969293843,0.19999999999999984,-0.04919283050709601,-0.007823538889417489,0.036057782349805514,-0.07574395637903589,-0.02618541138582519,-0.03534105795222379,0.0022938784878594534,0.032997371818044886,0.0056118830454407525,-0.005301448642681756,0.0017429778270700998
1211,-18.940236613535344,0.33157771535580527,-0.47941466516404396,-0.11599309357145571,0.1772192230432044,0.06685630813445306,-0.18540782826783772,0.19999999999999973,-0.12095023798883692,-0.0748556147535431,-0.013545823205193904,0.04517187103547537,0.018593203928508495,0.011673786893213649,-0.0203811854342101,0.013974029635352738,-0.007507058547315717,-0.01380345080763818,-0.001464797922260158
1212,-19.40426711641908,0.36116212906943246,-0.4422977954528041,0.1929979315375122,0.03237581379468589,0.08438651176725026,-0.007894555726764155,0.19999999999999984,-0.11863134637768992,0.163361319450439,-0.06350196552673353,0.13685055581892513,0.00780114563236695,0.004644220982282188,-0.0008477643066206114,0.017299451822982263,-0.009389193306894467,0.00976519731181565,-0.002424866996553305
1213,-16.73182142566568,0.34376800633823107,-0.46373454451142676,-0.14838512375284452,0.17105915788387976,0.08609968855284837,-0.019958104775048325,0.20743089306888096,0.10810413709805468,0.1167848383650787,0.10428936317718115,-0.03788869332618348,0.01691034322246272,0.01768810300736625,0.0006216088109340006,0.021681669807993395,0.018791066786742538,0.013642419175360652,0.01042519392248393
1214,-4.003890302595391,0.32187229904926534,-0.49231639792672294,0.22099064895095946,0.05449430318096416,-0.2628487288412384,-0.07191444371415721,0.19999999999999996,0.03461903250690942,0.07837829996500797,-0.021064024036845007,0.05569051880391845,0.04355896614898506,-0.0261766696843961,-0.044456599591474015,0.01491513171672257,0.03350236145684802,0.027919275453813848,0.015582375580604813
1215,-9.75454617824064,0.3472702391241717,-0.45933243390192174,0.14926920136647004,0.07902266476551052,0.10124996009625505,0.12751078170662364,0.19999999999999996,-0.11677992979376224,0.10220840133281868,0.07771250793471568,-0.04624655300384419,0.024461018637983615,0.023775101871098665,0.030159350866303076,0.039294867656668286,0.003984164166612225,0.010384665910682139,0.02078621204366582
1216,-4.053635542950804,0.32984910688562374,-0.481684687497339,0.04656818300469888,-0.1515376706562014,0.10986000075965043,-0.052160717345327616,0.19999999999999996,0.048466258783422186,0.150294571760247,0.14950746586218075,0.09160513182827176,-0.018132653017908368,-0.003284669707118649,0.004100970413951897,0.03147504023433866,0.04254904226509217,0.0486259674115213,0.06253552577399271
1217,-11.251875302616847,0.33160472486315185,-0.47937929004162017,0.08249259399687534,-0.05790945729853581,-0.1614100653350584,-0.13321584138128223,0.19999999999999996,-0.1238721427620956,-0.0570538910420354,-0.07491307227004451,-0.1091329359140728,-0.0044245801938110375,-0.027034267761084408,-0.026021062450299087,0.01674773590036499,-0.0043301135188513395,-0.01705931161272264,-0.016392306914338663
1218,-11.34551103001465,0.3125990348602708,-0.5050123671853722,0.04073708027414923,0.02170140025745661,-0.050286325041357084,-0.10242716899433223,0.20000000000000007,-0.19616767152472978,-0.055212396637678435,-0.15407906157417545,0.1793888956961211,0.004903404211042583,-0.006602311983233201,-0.014488435407408792,0.017871068573069082,-0.013899564779785269,-0.02172051439611696,-0.022511036752647574
1219,-18.375782401349646,0.3392934312878133,-0.46942454820360124,-0.0877654698600228,-0.009559504708303234,0.04960030751817744,0.12956577352114165,0.19999999999999996,0.0021389985351456375,-0.19043074871761462,-0.19297836134570875,0.13796083579388602,-0.0022999385110618097,0.009111875964293869,0.019433964373501887,0.024603018437579817,-0.0016522377194822945,-0.030658934449337257,-0.027510788324435206
1220,-1.9925991650188912,0.2835187986171132,-0.5474181400690866,0.11088304121467715,-0.15665188675692385,-0.04069494380880562,0.18684326920785,0.19999999999999996,-0.026541104406419,-0.007185465438909742,0.18490133538266496,-0.08629895378374974,-0.008616829437850956,-0.029449433140141784,0.023582718646599925,0.07358969459821124,0.050795379557686995,0.01902280872384321,0.0452846839405102
1221,-6.967638506964116,0.32346585998271393,-0.49017154993665957,0.014131185505371579,-0.19638275578612557,0.10238547894995798,0.08983172432655011,0.257025497128736,0.08904575664148202,-0.14725411547143577,-0.09534839182994603,0.008595094360394916,-0.027977801269492588,-0.004938899311541014,0.023698320232042283,0.05256366948147379,0.04403299817782952,-0.005680257579908512,-0.02451994102887952
1222,-7.288073758898372,0.3254195476807836,-0.4875563629083298,-0.0746412587652315,0.12179268605612692,0.12283249585321605,-0.19285138240986444,0.19999999999999996,0.03586447181431742,-0.04744072357208942,-0.08099451344659768,0.12358246808255666,0.012331483835146569,0.02804528181511594,-0.01131980065291074,0.014471958198849423,0.02412993368383585,0.0005651169535397511,-0.013108790842081674
1223,-8.325710055479396,0.32135911840968023,-0.49300937268270917,-0.10245313462419561,0.05354438601993024,-0.11187295578130509,-0.12521989710810022,0.19999999999999996,-0.10399507845066966,-0.09944186018232253,0.11083903221464711,0.09263365561882957,-0.0034247847383348075,-0.015158111513492403,-0.02686407181695939,0.013728227432174257,-0.0012982316849853934,-0.021838279610901592,0.005631413106569827
1224,-15.752424947637024,0.32027873811581675,-0.49447189126271063,-0.01065502657254792,0.04457894711152401,0.2150590967390767,-0.004105863864010839,0.3789322053063514,-0.13392923975940177,-0.01618038375310671,-0.10168952915058567,0.09486970774339502,0.007527140923557089,0.02728769269701293,0.010362909426245896,0.039314079817639305,-0.005771585484716839,-0.014490413624492708,-0.012595393158049365
1225,-4.925306778715122,0.3071971333909536,-0.512582841239156,0.0217587583440239,0.17174289605955428,0.08143927041854657,0.14137244812108846,0.19999999999999996,-0.07929692842137426,-0.15920736127903318,-0.1399292861871759,0.0052530511692034515,0.034376186132864424,0.04316756319265095,0.04899614577572076,0.06388523199811734,0.026662669828591737,-0.02374441466493192,-0.04173406223684803
1226,-12.017386303821198,0.33588123019302796,-0.47381426484352696,-0.10631692899504469,-0.051044096053711206,0.11467654191446679,-0.09040568410871427,0.19999999999999973,-0.011721857115500237,-0.12192793444578359,-0.14073192263472972,-0.16317503473204967,-0.01150299132663022,0.011249809645325749,-0.002378410535031413,0.02030197344175111,0.008110067104087343,-0.018993019019251746,-0.028238959340531673
1227,-13.693649175686438,0.31028522039757994,-0.5082389103734304,-0.0504852208063258,-0.028683820020414346,-0.12084843819707991,-0.14944327745557087,0.19999999999999996,0.09087972055942883,-0.1157315742484127,0.14168603999844248,-0.10224190871432513,-0.007351612437999245,-0.017716270941027908,-0.021240317454768894,0.02071275283648774,0.02121306533836367,-0.010048142005064752,0.00862261268937604
1228,-5.164146311802435,0.3196935321233074,-0.49526615006416375,0.11868481058326824,0.11347576699402864,-0.08569207090666689,0.09804769458470487,0.19999999999999996,0.0993328929570229,0.0813836867168048,-0.14881226188476088,0.05457081537274278,0.03573788058345594,0.009011431009900487,0.015540373539346288,0.050748691453323516,0.05370826683224914,0.03971274249961066,-0.0007575065146263997
1229,-19.603865808801743,0.3074492221261884,-0.5122266014215164,-0.20027302535771843,0.014930921785315632,0.11181569625472958,-0.21516655360942463,0.2584839265467316,-0.013003555671618173,0.12933044827347642,0.02387052379602852,-0.03312534870495702,-0.00023253878987946426,0.01577433972409204,-0.016721688656519438,0.02281784365854849,0.008576924672728758,0.010113935986617877,0.001609309998129125
1230,-17.5522786557931,0.3177848602708153,-0.4978667970514321,0.021784324699392902,0.10686443736255544,-0.0673037721956291,-0.12433500252081726,0.19999999999999996,-0.19019178765296058,0.17914902394655946,0.0996788601790954,-0.010692791442989935,0.012057736963602734,-0.007121631589261126,-0.01632357188591873,0.018032231162492574,-0.011694700543059272,0.014379822132687311,0.01797822928875929
1231,-7.705904115074084,0.32059384903486027,-0.49404481434570646,0.11452535916847503,-0.1043810430546159,-0.11897078571060092,0.12143879019885104,0.19999999999999996,0.010751204484266886,-0.11788972745791404,0.10171478049095022,-0.11032830943432607,-0.0054648893897349905,-0.024771521913657998,0.007507963474160681,0.04054230639263209,0.022709227883063496,-0.010673388786213532,0.004560066908195317
1232,-14.770518731666488,0.3408869922212619,-0.46738957053499675,0.1296398646662353,0.04842320649008418,0.14383417503996734,-0.1263711946808416,0.20015798886854452,-0.07430343359859766,-0.07571239332847482,-0.14071292478834363,-0.060844818538910966,0.012626085707535213,0.016055322408478734,-0.009217460407136994,0.01611598184291201,-0.0014034497242712523,-0.01553303969617232,-0.020704174770145804
1233,-14.83172734871324,0.3135083549409392,-0.5037508808096711,-0.06890192017527906,0.23287140632977138,-0.17516044591759494,0.030693925995726852,0.19999999999999996,0.10703620609049196,0.00576906323556199,0.10913333724368979,-0.07043369501188405,0.023675724492283896,-0.011050257009784806,-0.0034043207939486683,0.027562429580586734,0.021436873679577827,0.0033396960319206355,0.009358401764761696
1234,-11.156519812150595,0.3459287669259579,-0.4610133211954462,-0.08559892508222768,-0.010299566135661565,0.1039831901872706,0.08337607594606714,0.19999999999999996,0.1214628190023474,0.2014972833771589,-0.0320527405667632,0.16172939970250363,-0.005696693198701783,0.014274007139896235,0.020593246661802383,0.03385233424846261,0.031838548052706306,0.03523195922575242,0.011727833132869724
1235,-9.560771896254394,0.32689606741573035,-0.48559030398347613,0.10214983592273419,-0.12649047242256706,-0.07889214480252464,0.044902154192483584,0.19999999999999996,-0.11711413172565013,-0.05060190378912383,-0.1580870492302822,-0.12176230791463437,-0.010604079454804259,-0.019939726417636087,0.0015398691110299482,0.029768783796935015,-0.0009324029699452202,-0.01731268972620417,-0.028811992819921854
1236,-12.811817962766064,0.33689858830308267,-0.47250080882732687,0.057373346918885494,0.1296315687062705,0.16180215097776957,-0.12191853856115568,0.19999999999999984,0.13633193388555045,-0.11762295107237383,0.05992702163417315,0.01539248824382145,0.021600599379539554,0.02566807083982442,-0.005838452590025538,0.019506998305013266,0.027018068704824625,-0.007313452909313833,0.000854339458651656
1237,-3.7029245151698156,0.3133553010659752,-0.5039629538945107,0.08049109662674149,-0.11551655875207538,0.03229544346804245,0.017461150622155776,0.19999999999999996,0.1256983578191325,-0.19378523550361054,-0.16832496576227596,0.06642719144596597,-0.006809795370575851,-0.008744920319279054,0.006910074585774819,0.04207762847050449,0.05672537384243336,-0.003088715942836292,-0.049040129998706425
1238,-10.511393252594047,0.3147597954479977,-0.5020207455955796,-0.10875956135779212,0.14110630021446716,-0.16657983977154237,-0.029355925413041876,0.19999999999999973,-0.037555617764754044,0.12756856137454528,-0.15159666882568032,-0.03747752527817701,0.009488130649890446,-0.013669347237748477,-0.013054491710385068,0.02383726996576359,0.010448992964624022,0.013499143453658083,-0.012871399596232984
1239,-2.442653425897735,0.29281907231345433,-0.5334006395988427,-0.1126214103442333,0.06345286550407368,0.07179917818545925,-0.11742523575308791,0.19999999999999996,0.14235275102939637,0.11459687686836319,-0.11737165956717648,-0.06038002274820991,-0.009321247145352572,0.016303264048612317,-0.00505567523931,0.0236000703158197,0.06383332246524685,0.06364611325038629,0.01717579011263418
1240,-0.26727761646532855,0.28432008066839526,-0.5461924663190426,0.10574208193554137,-0.14755839435457524,0.08272637799053896,0.13969270532820371,0.19999999999999996,0.0046569325378721,-0.111385695506298,-0.08067356073781752,-0.1275642516091532,-0.0040035901979438146,-0.005673240892513713,0.046166693402251845,0.08802473384446448,0.07197867807214828,0.0075642325928141334,-0.03132318181780538
1241,-6.557012876809647,0.31430963699222125,-0.5026423029519367,-0.197492546807772,-0.17383734236604223,-0.02325179020162334,-0.14725806412387613,0.19999999999999996,0.012065794575996647,-0.1142570073702824,0.055561429455484944,0.07627602509892238,-0.052466435124430624,-0.03381611989325745,-0.033201991059929485,0.008014940945683917,0.014938806899221016,-0.015483974361696065,-0.005060434187527714
1242,-17.35940046926081,0.31992761452031115,-0.49494827221287163,0.1056430817771173,0.1575857504921114,-0.17359162387844967,-0.0341708409765514,0.19999999999999996,-0.08679695180998843,0.0902378970156402,-0.1458492680885019,-0.0061245859616396985,0.018844050195037137,-0.018905167284788995,-0.010732445565092489,0.02295178717923998,-0.0016356755608851212,0.0030339444351316722,-0.014908055440414354
1243,-2.3961079156868017,0.3256086142322097,-0.48730411402845364,-0.14527785542200872,0.08896996899880362,-0.15205137979335773,-0.050999339445852825,0.19999999999999996,-0.07970679147047825,0.1275603192161433,0.04322523198232113,0.11220911367103445,-0.014481163920501416,-0.02492931140881043,-0.03720660934945735,0.015503235750512257,0.016017663049164195,0.02012232331597707,0.033363044213575714
1244,-7.8011831017824775,0.3281475079227888,-0.4839308895923117,-0.008982315627025509,0.11623336409589054,0.1276830407855448,0.17259108589116515,0.19999999999999996,-0.18602155626547115,0.02960232550989934,-0.07422321581159151,-0.08466309601341213,0.018504246046070986,0.03364067283528543,0.04489952539311331,0.05029416598076133,-0.0004964226843045861,-0.00678915642099153,-0.00793234805917615
1245,-6.830797155793675,0.32682404206280613,-0.4856860030846821,-0.1275269409770649,0.12607588037854692,0.024658316232526813,0.11372283797641192,0.20000000000000007,0.0442399387603079,-0.06405382164757605,-0.1787167223170659,0.12100554171049957,0.005365840241061886,0.016284638609393696,0.02571277601049939,0.04703819151426246,0.034002214483237446,0.001581111178193335,-0.02810805624544122
1246,-17.630766798532186,0.3328471622010948,-0.4777551414182112,-0.13807365485860917,-0.10796616720220457,0.009077311598961902,0.03802483204642862,0.19999999999999996,-0.13413753408154214,0.10614491736176733,0.14474926509811253,0.12182631775237387,-0.015578108653036694,0.002119793040890775,0.01110881029079918,0.02392409571546418,-0.010091456240603768,0.005635170572869733,0.020943436081597298
1247,-2.3599391421217284,0.30303766925957937,-0.5185033829341994,0.12426841020925436,-0.12536245409205127,-0.08890725504936559,-0.023203918451760164,0.19999999999999996,-0.08370310574750205,0.09637639735202917,0.10322753380018246,0.15495092529785506,-0.0006701130129969347,-0.03369882773962655,-0.02525906500526541,0.024623584111316772,0.01975978477026347,0.016120919000476946,0.04188400876310546
1248,-17.037926324729607,0.32900280898876405,-0.4828003940770405,-0.15407225846135358,-0.1548769858748062,0.20746116694430142,-0.012929094157255102,0.19999999999999984,0.04791694570314111,-0.05948130743687033,0.05745483591143457,0.1058074055108378,-0.019650507154275597,0.023216688486339492,0.01140179197944468,0.021228864698252713,0.008438581933060966,-0.00973311743913835,0.0028632266822007824
1249,-7.22528725381456,0.3179649236531259,-0.49762078663224263,-0.14786173413068138,0.08004634876746325,-0.09386201105747671,-0.028178466039136603,0.19999999999999996,-0.14590661017998993,-0.1347130886267254,0.019761215728872718,0.1496705254696541,-0.0053344484292994696,-0.010294688548135426,-0.012068028942741477,0.022909269418475348,-0.004844395327767698,-0.03307330742710877,-0.013087350547522296
1250,-2.424876297125607,0.31028522039757994,-0.5082389103734304,-0.10896534985791359,0.18102946497926983,0.032292111546264705,0.02285919900671693,0.19999999999999996,-0.1766614482123465,-0.08076055618191377,-0.028569845155836122,0.16886202505973863,0.014274440699072877,0.03500082743808643,0.024725523955107836,0.04935468896823217,0.010448257532649994,-0.032198560087820974,-0.023649525357740866
1251,-18.576837088381044,0.3371146643618554,-0.47222235542054264,0.04141060865634398,-0.10073592419397127,0.12119277183427306,-0.08173099118870776,0.19999999999999996,-0.12782512895224538,-0.09240525729836856,0.12267191094413472,-0.11202740693195531,-0.00919702718361595,0.009749139721789023,-0.002574773007269502,0.017695043025590128,-0.010809772720570043,-0.015944319769260456,0.011612988925550835
1252,-11.731344419710297,0.35059240852780177,-0.45519749203623316,0.120347803239736,-0.06621810716002748,0.11124793394826882,0.15948899977941697,0.19999999999999996,0.1289244035173513,0.07455093613606169,0.12462647442744153,0.01459534179169628,-2.117752410051599e-05,0.01254466385231341,0.030330214049139936,0.038092872612153106,0.030130456580187714,0.019193284332311312,0.021957632789173717
1253,-14.252847130582124,0.3093849034860271,-0.5095008816278301,-0.011567092124559676,0.12152680215270072,0.0364349331569996,-0.1543388160818156,0.20000000000000007,-0.06990910004317133,0.23462764121870158,-0.0637235936704538,-0.10787202155159768,0.014973868391695577,0.007902829067500814,-0.016572864922976133,0.016124397205193753,0.004165148690657956,0.024084899066223207,0.0003812921664395034
1254,-10.894894024427012,0.3208909536156727,-0.49364252612722337,-0.010439857190807882,-0.02668665483790963,-0.21999050059848882,-0.2220325422917455,0.19999999999999996,-0.023181263270568825,-0.14056252861224924,-0.012808761237667934,0.14429789196056222,-0.0071007786488989,-0.03454623522217867,-0.04285854003196839,0.01092793378576305,0.0077225022680565995,-0.021552147891811216,-0.011596589945591396
1255,-2.6984885298153607,0.3012190290982426,-0.5211175956475784,0.04374349195379738,-0.021639296722916847,-0.16955274568353154,-0.1697887278796766,0.19999999999999996,-0.13210788234356918,-0.010307187444592494,0.22840961583336122,-0.024451052138554818,0.0018675734509849792,-0.03673622146010581,-0.06405370214137598,-0.009591292367541825,-0.006179024157558644,-0.01996378608135976,0.03255832949975231
1256,-5.855608793203604,0.30683700662633245,-0.5130922627009297,-0.16752242721016905,-0.06731770193279783,-0.17520342043812456,-0.08199999151397783,0.19999999999999996,-0.0090745301116312,-0.15353446375308188,0.0015916300712080097,0.1437558349690096,-0.03604207976545569,-0.0461910231736066,-0.04055206917540676,0.011079051794117849,0.013095676639594652,-0.024990138572698793,-0.01987844218249091
1257,-19.00334901690584,0.3602077931431864,-0.44344689539635773,0.1329549234703044,0.14489257750586643,0.05403933773211191,0.14403587682700345,0.19999999999999996,0.07759872632136039,0.097092364162708,0.029202861233544358,0.12018333274710113,0.01934306279806103,0.006871063450631857,0.013818564670679021,0.022022029619421166,0.008239021256737233,0.005006699430944545,0.0010018191384731866
1258,-15.126076372025821,0.3340895995390377,-0.4761370440658828,0.15809454935142492,-0.049867426978500745,0.18797871764817486,0.21229251996469803,0.19999999999999996,-0.027124166764473923,-0.07001317516124539,0.012101487847671495,-0.08252795628381068,0.001980341892660922,0.02099684191969222,0.03434721771515832,0.02895578327970505,-0.001471668984533411,-0.014346461030786755,-0.003063937046924033
1259,-1.132175753817414,0.2819792566983578,-0.5497828386054122,-0.1284386636043241,-0.047191728028617874,-0.11745723301899275,0.13779186042101943,0.19999999999999996,0.12893373482967005,-0.01855107561360569,-0.0496732091343561,0.17196249534941405,-0.0429510902740597,-0.047827520031766275,-0.006912612468284361,0.05977494792977561,0.07928106762477374,0.047240919558974186,0.010281083306480013
1260,-18.31425362080235,0.3164613944108326,-0.49967926263547524,0.09014234316377487,0.13211149520476428,-0.13973860086038836,0.11286612808087854,0.19999999999999996,-0.10230260751365501,-0.049821127156243206,-0.05883262595322344,-0.11418507206707237,0.015294276297334068,-0.014072285610631091,0.007776021335770415,0.025293024093005562,-0.009526120099751925,-0.01449210518111998,-0.0094329514093908
1261,-6.629227316827702,0.3406439066551426,-0.46769937519578847,0.15774903632958487,0.10928669881188391,0.07494869862040639,-0.11737942577965088,0.20000000000000007,0.0787439179785639,0.08852831229096395,0.12659625449823364,0.04676765569071242,0.03771875726040707,0.029073222026033876,-0.0006529060559890031,0.02535085932375344,0.03853831050045391,0.03360756000255951,0.038964480490536996
1262,-3.26171695799448,0.2980859262460386,-0.5256585281537888,0.1425757608680775,0.15419274834402827,-0.1794700987954899,0.010751132872090032,0.19999999999999996,0.09547853785107421,0.12468138728023995,0.0647224459603484,-0.028127888028651772,0.05321057740610178,0.004847188449767109,-0.012112152381845551,0.03758393042927916,0.05770260153127142,0.057480857458774626,0.049451808954875054
1263,-3.1806548339799434,0.3453255545952175,-0.46177128203560835,0.16757642194289074,0.025361411920053638,0.10850139166658067,-0.13121839654616832,0.19999999999999996,-0.03920408248609332,0.11377329857102007,-0.017773168623145756,-0.19659182824404758,0.03788552711971902,0.03571732870767747,0.006168550058145686,0.025790614363606038,0.029832559769436124,0.02890554895764586,0.020590704436468963
1264,-16.23333642890287,0.3359262460386056,-0.4737560632484167,0.1423398839849648,-0.13537921061270525,-0.02500264828877101,-0.050217889235647184,0.19999999999999996,-0.13486359121835514,0.06898393054754744,-0.08816434955948002,0.1550484965525292,-0.011964776293681936,-0.010377618438360445,-0.003225957877201849,0.02212699329106288,-0.007474653811898783,-0.0002383642309235968,-0.0057628216533996
1265,-0.7242794513465398,0.32071089023336213,-0.49388629268161566,0.15997876110766904,0.04522210859199635,-0.0018703345758935095,0.10443959060126692,0.19999999999999996,-0.0755202699943045,0.10580771053482134,0.1538289501521521,-0.15333227444189634,0.05062294082738293,0.03055386103807597,0.03998948708579934,0.07750051595583524,0.052885091135885326,0.0387509006628682,0.06812091589588186
1266,-11.431652309407381,0.3274542639008931,-0.4848493500921874,0.014428722255881979,-0.18834561034012037,0.037572866028220915,0.14428582985100794,0.19999999999999996,-0.08949648650064491,0.214654129963478,0.01187980586634123,0.09933654919430476,-0.023749047569444275,-0.005129216947702905,0.024126789144405632,0.034947667635675445,0.0028617836379026054,0.02246551785201922,0.016497030731040075
1267,-6.860756447636984,0.33725871506770383,-0.4720368189520994,0.10673838921603108,0.1543379885517909,0.14815019520982783,-0.06610108656386822,0.19999999999999996,-0.08386761860056746,-0.12471738891835821,-0.11583914950728569,-0.0002481834322706204,0.03907572390318602,0.04417620259751646,0.01617531623574702,0.03124597237867724,0.011757408166624742,-0.02172499334549536,-0.029996903981243186
1268,-9.747217402523354,0.3477654134255258,-0.4587136124004504,0.1386579876718594,0.024591093686551227,0.09892965533201818,-0.13737514991427272,0.19999999999999984,0.0778988360979549,0.14527177992827647,-0.09146531498443726,0.08581018238463,0.01589638708384439,0.015623247276707285,-0.008039536360317482,0.020205261398253474,0.02903927463654826,0.02835592215745612,0.0020384521066855255
1269,-12.18886522894192,0.34226447709593777,-0.4656381730262372,0.17142285180706485,0.041108633031179495,0.17513567665109253,0.11799614401993151,0.19999999999999996,-0.02542304557722407,-0.01695568891051872,-0.16775418530565467,0.08420377469733413,0.017321181551002807,0.02605278808697018,0.02728676032705214,0.03219702395555137,0.007755428316813585,-0.005728580180808648,-0.02065908161616677
1270,-8.907552320701758,0.3123109334485739,-0.5054128116286952,-0.0849328493385477,0.22747482388653825,-0.05415317497806443,-0.06756374550623871,0.19999999999999996,0.02641328778225068,0.1096947723440626,0.01445719458978661,-0.21531015157451097,0.02486288495197105,0.010382511767207295,-0.009219654935685788,0.023631706105691482,0.02289491173419396,0.022014500676318553,0.0108397688961992
1271,-10.582559268290309,0.32968704984154423,-0.48189811167642554,0.15017932846594784,-0.02083802826245069,-0.04410195368264643,0.009750797486643219,0.19999999999999984,0.10906030931877135,-0.13058526794080985,-0.2195186646447665,0.1159656501979643,0.0073563734372624435,-0.006687276768285078,0.0008778695015098846,0.029971417514709803,0.02831264652381429,-0.011668191642799948,-0.036773236418275165
1272,-4.54222963334486,0.32655394698934026,-0.4860450626448222,0.018108379804779955,-0.05797657135031412,0.13480035874536356,0.05395439601897895,0.19999999999999996,-0.09207556574192258,0.19556370171867385,-0.11059050875074172,-0.13693051786922525,-0.005470465876958978,0.016581334119558314,0.031060935822507123,0.04892578975979921,0.023951187675779535,0.032963670798823286,0.012427790208969839
1273,-4.277343457415814,0.30035472486315185,-0.5223655318010119,0.029701919257365234,-0.12406072650733278,-0.16836825349954454,0.07633656956994307,0.19999999999999996,0.06457678762463624,0.006418372247159543,0.15915663175335848,0.17138073954066022,-0.01984909303267114,-0.04770909519088854,-0.01721397262240812,0.036599186846092924,0.04203790378293088,0.023000967026912063,0.03964917774905783
1274,-0.2705391845555418,0.3008138864880438,-0.5217021192574977,0.13981385870993113,0.008322526746572816,0.051337663174100386,0.019264484872839598,0.19999999999999984,-0.08006355227994859,0.21874429298472003,0.15280539803084223,0.12964822320104533,0.04031637172559368,0.031071075317065024,0.03100661595649014,0.06144151387591684,0.04857264193960035,0.060850375611691425,0.10281798865913165
1275,-18.176989653536424,0.35338339095361565,-0.45175386622343305,-0.0817373991702616,0.15953644394650993,-0.07706241427968588,0.07043921002487263,0.19999999999999984,0.07544582820131845,0.10446503942947466,0.10427923411512853,0.12703443083274843,0.01557072482589632,-0.0025539083730180766,0.005884896096396488,0.025276881187681267,0.012851641017198675,0.009147938347585047,0.01082886942052099
1276,-2.9902817427478183,0.303865960818208,-0.5173179470302584,0.1383350596813473,-0.02835035619772294,-0.1336862114061973,-0.13992042490037324,0.19999999999999973,0.10554378843691577,0.08344324902502197,-0.07186077852078915,0.0988601318316325,0.019106750896269047,-0.022955222434002838,-0.04657121824133574,0.005680673515681473,0.04647454646235899,0.04300713764567098,0.014375568022794747
1277,-4.405199709098586,0.3151919475655431,-0.5014248862729708,-0.08749981545390186,0.03841725879577197,-0.17300059919210056,-0.07443028268289456,0.19999999999999996,0.05814070759825451,0.18004310914947033,0.13096172854557447,0.0575064985820318,-0.00964013271272946,-0.03075057978773519,-0.03851805489828776,0.014271325965687165,0.0354025394416204,0.04909864653509762,0.05766582238426253
1278,-8.942712968983281,0.33516097666378564,-0.47474655270931626,0.0890797592796595,0.09418053788381753,0.09676821533509357,-0.1227591117359616,0.19999999999999996,0.10555705054485759,0.11373223691212389,-0.06877142646106249,-0.10915166184742388,0.022965335261348224,0.0223362535226012,-0.004535269781976083,0.022363815604620845,0.03493211084013643,0.029160124418350346,0.0025278650462939607
1279,-10.685697309674127,0.3459107605877269,-0.4610359277480463,-0.11125655500950342,0.1786112617777798,0.02881889690990805,-0.006623534535489888,0.19999999999999996,-0.05246144828526991,0.22549351593750872,0.12183844421649973,0.07489634332804046,0.016993113320689094,0.01602098756763041,0.004251588669143166,0.026200719635872415,0.010026143340381337,0.030224500527043147,0.03393980040383642
1280,-2.507709416821392,0.33427866609046386,-0.4758913395152346,0.0781475419310016,0.15054430244871533,0.05468899916359035,-0.01969643588462809,0.19999999999999996,-0.1838491196271357,0.08985561440182688,-0.16105932919089538,-0.06215865735220667,0.046699657869922355,0.047640185999687605,0.0257939288091573,0.045669533835985494,0.01171195316066998,-0.0009134607739468828,-0.017858505676387075
1281,-0.31164163673612677,0.2830146211466436,-0.5481911273051117,-0.21668230965993532,0.08636231005283221,-0.023439490053148677,0.08581889206239503,0.19999999999999996,0.1246473710095894,-0.07030894634167861,0.179055489964981,0.01368519085543974,-0.03834564784508727,-0.00649111926179423,0.013922083900154886,0.06510879121983315,0.08651956910772514,0.04660215414598728,0.049617287745165696
1282,-7.3758924590419,0.3265089311437626,-0.48610493477664335,0.1053220562872334,-0.056817963291865094,0.0773488107733903,0.15143267344998934,0.19999999999999996,-0.08839279585830238,-0.12727199187813015,-0.07875553367696521,0.1146581747841242,0.003835352028197564,0.010654051564406106,0.034536086996040834,0.04903049106508889,0.01216829913813677,-0.022061662047081116,-0.02170330852372344
1283,-5.824311125498824,0.32481633535004323,-0.4883621377621752,-0.0984604461746689,0.051390806890237756,-0.13087961734084982,0.08733374266813253,0.19999999999999996,-0.12137816278361435,-0.10785651172010526,0.04188140622270105,-0.1608193061996904,-0.006484072044912228,-0.01777893623217226,-0.000210742356043407,0.03751382600320335,0.005597875031113454,-0.025748274835023132,-0.011361838718058025
1284,-17.88153390425118,0.34049985594929416,-0.467883067482297,0.006538775575391042,-0.07108832078787748,0.1401841056644957,-0.03437789808699839,0.2713950077936258,-0.04825466015431782,0.25453683906303537,0.1438675588163001,-0.029756834057958224,-0.006357238491718973,0.013927410081672685,0.0039876161591204775,0.027336244282956248,0.0028255135856478167,0.023309846053449407,0.01968388218329237
1285,-5.389019544637284,0.319396427542495,-0.49566994576565737,-0.16194526482881288,0.17607753231029408,-0.10516414916320367,-0.11558692442865515,0.19999999999999996,-0.03257182681382109,-0.06527390616181986,0.037694347616335964,-0.10568604867705736,0.005475237302875863,-0.0019300949210391376,-0.02744879173122434,0.013726577146546006,0.014889513329832632,-0.009453342397371906,-0.004344308794363998
1286,-0.5733330869581224,0.34027477672140594,-0.46817024231383025,0.05143222793020999,0.07651233407752443,0.11115743955982156,0.056679477573626104,0.19999999999999973,0.08550066757517831,0.18518860790076408,0.04616233321677397,0.18736691216610174,0.032400897070532085,0.05157661227954126,0.05644766260442262,0.07980974814865666,0.0908054216348657,0.09724325082844147,0.0895905650515807
1287,-0.5123669702774762,0.29159464131374246,-0.5352204613871765,-0.14219177017971285,0.13207596465627408,0.14184775746246409,0.10521028283425131,0.19999999999999996,0.12092254534514801,-0.006443976953676116,-0.10330913356559575,0.04799856900287789,-0.004824574649693286,0.05176359877625088,0.07078124447543316,0.09328545769619005,0.10027748140362283,0.0634433554972663,0.00899089058070548
1288,-0.3384883293978902,0.29828399596658023,-0.5253700475090671,-0.12466160817658088,-0.017597034817679106,-0.0342566093904524,0.17167538556909145,0.19999999999999996,0.08351029335533895,0.19169137105556852,0.1498339676052341,-0.026773730030054534,-0.03755350723063117,-0.024216959222183886,0.0238690215825499,0.08299614524660748,0.08948163415739249,0.09817495462855123,0.1093419298469444
1289,-2.860037424283494,0.30743121578795735,-0.512252037434286,-0.05224625878908127,0.0655295508557736,-0.16091866583717893,-0.22898092379699958,0.19999999999999996,-0.08115665829820647,0.1553943587620447,-0.0014440339311570045,0.054329549729558516,0.00015412898418547808,-0.02599970957641101,-0.06994455904161745,-0.01801303097524279,0.0023347757709005533,0.01755391565931095,0.02376547584261665
1290,-2.5828669270358198,0.37436077499279746,-0.42670966232872976,-0.021382577834952975,-0.18686609533071458,0.024684546993944557,-0.167330168700348,0.19999999999999973,-0.10641070743625954,-0.1966834213105425,-0.009760925715407662,-0.08688155667783037,-0.040979819360344276,-0.03713436941325043,-0.0411405127966175,-0.0020271479853762164,-0.0015055521373548734,-0.054688282949457066,-0.05000441686088451
1291,-3.669784533737559,0.3042711034284068,-0.5167392905517495,0.0021246635517799565,-0.07095947971440486,0.177703531400864,0.17605050952684262,0.19999999999999996,-0.11176742817161325,-0.07078521701421978,-0.17601379541956247,0.014595375200713176,-0.010178315855270615,0.023281130006460326,0.062398679538089814,0.076011890975597,0.029406648411473776,-0.013793766594358468,-0.0396469643638598
1292,-16.727733667567747,0.33305423509075194,-0.47748503951845733,0.03988836120693357,0.00632842702730627,-0.12300373587556453,0.08338191500264601,0.19999999999999996,0.16386187482964107,-0.11108515736941625,-0.13425466421974266,0.13819586446874968,0.0004371778594906858,-0.01405623658880766,0.008097078492221887,0.03000540489674563,0.02309530363878369,-0.014727250600671253,-0.022966319187092746
1293,-11.771814437858307,0.34184132814750795,-0.4661754328341628,-0.1720059835084909,-0.13752409943833643,0.07240377424537225,0.11315994845138676,0.19999999999999996,-0.09666304091555565,-0.09760627753476706,-0.07958693180206437,0.031049944104026693,-0.027688386044654706,0.0029101595333019697,0.022242769100695548,0.031662466884456494,-0.0032593508625067243,-0.021032243745168683,-0.016506383909060642
1294,-2.5421312151378324,0.30045375972342264,-0.5222223570795336,0.14819392616823576,-0.11907842696433556,0.024917260796957826,-0.03474760125785435,0.19999999999999996,0.15312051553137598,0.10423829753062283,-0.10134160753347089,-0.11436236421714681,0.0068628772529181,-0.00761201264526835,-0.0023749712344871983,0.03596512796696709,0.07063466158037753,0.0652489875112615,0.01978934742046739
1295,-3.023878020348178,0.3251764621146644,-0.4878808983291412,0.089699669065314,-0.09552637712300982,0.06616631123011264,-0.046042410351142385,0.19999999999999984,-0.13289996818399485,-0.10556047306777501,-0.13383115689191805,0.1302736340867333,-0.00028679943157686286,0.0004922442410352471,0.0029632945671734163,0.03128999274276505,0.00944974066638268,-0.03367910366943771,-0.046458947356894174
1296,-16.01474823636963,0.3210710169979833,-0.4933988963205968,-0.10540508218692739,0.1685443244190564,-0.05020532328058198,-0.08533123710776087,0.19999999999999996,0.13706172374692374,-0.08887139799938033,-0.11694188367083132,-0.04763902758853808,0.01611094394405728,0.0003033939968599286,-0.011425423710686453,0.022091024560939476,0.023209781552749734,-0.010300263847677725,-0.02171820855163579
1297,-16.244518222834326,0.34149920772111786,-0.4666102995453938,-0.07385163813786465,-0.039116434371740456,-0.1427070218728499,0.12674421917764,0.19999999999999996,0.08813078852100856,0.10947779241051495,-0.14168021981714096,-0.07829188569124049,-0.008508808405241718,-0.015126072958552634,0.014517580315662517,0.03179003971778091,0.016824988283259606,0.009017097951165846,-0.018574831586945457
1298,-6.582027053734462,0.3215571881302218,-0.4927417776986971,-0.07906859315337783,-0.05300777822896079,-0.1326546184348448,-0.13092556572024402,0.19999999999999996,0.1209797308703663,-0.08762573787612056,0.05350356908698241,0.14223440662910333,-0.01994693781053786,-0.032253850824356084,-0.037653007569322834,0.01138961926745384,0.03438598193985247,0.0031552802144746597,0.003257723259029961
1299,-9.908129282473359,0.32808448573898014,-0.4840143057835797,-0.1572063692800189,-0.049830801176347445,-0.08030958518600369,0.049952961186912684,0.20000000000000007,-0.18348387668002356,-0.05838330383425448,0.06129024078106238,0.1595428618753768,-0.020358533119279217,-0.01597479821619689,0.0021766869289937987,0.027886700083352256,-0.011949958380780664,-0.021260910512908203,0.004110722254292278
1300,-15.184626127617317,0.3372227023912417,-0.4720831956387689,0.17658872383645266,-0.15565128320370025,-0.0004094088200514698,0.02737073172738582,0.19999999999999996,-0.17705414313132017,-0.1425956885700534,-0.016055441091863396,0.10427457961917289,-0.01243682759614506,-0.00814293516497185,0.006585307862173803,0.02421840772737161,-0.01589783656845109,-0.027239953653571257,-0.004633959330144995
1301,-8.587188920852412,0.3337474791126476,-0.4765820059617543,-0.09202820805206684,-0.11586986774661961,-0.13392877551109136,0.03667259325589656,0.19999999999999996,0.14339376949179897,0.11780402695855684,0.10752583755410515,0.05277692142986467,-0.027447774029501427,-0.03176671826726474,-0.007357233768281477,0.030734542067104076,0.039314912444350945,0.03363145264803027,0.03003065267585462
1302,-0.684536180542004,0.2799175309709018,-0.5529699012283583,0.12554126783403222,-0.0837005089250822,-0.1491648259669659,-0.07422094378367201,0.19999999999999996,0.14777509800277738,0.12360139334925115,-0.042673774409978514,0.05332218772824062,0.010996651128201567,-0.04162146620048945,-0.05343963052352671,0.01100566353743861,0.06957869452941554,0.07742965697722771,0.04465975745896689
1303,-14.029083381532455,0.3408239700374532,-0.46746986904348165,-0.01257720664293076,-0.03569336675446735,0.21966334112044675,-0.08682649772337266,0.19999999999999996,0.1777665824940559,0.10000837072649925,-0.07594093110581712,0.0915237034324102,-0.002316460099996193,0.02487260647779114,0.0016475753751608673,0.020911056759709855,0.031511732970638105,0.01739973461280836,-0.006976564464324915
1304,-16.604131440221877,0.34101303658887927,-0.4672290180444794,-0.030474948126568827,-0.17664938487364942,0.0987562798295217,0.10131072184585187,0.19999999999999996,0.1593574123717427,0.1683703897249799,0.007487948725989559,0.05759291450169614,-0.020405578770631844,0.00838480268764357,0.020964885128375507,0.02821910710566414,0.023634016652752544,0.018918890034763894,0.0006431159061287832
1305,-3.775672869055949,0.3230877268798617,-0.4906795391955673,-0.08873624659184039,-0.019383199007659575,0.09593220008330487,-0.09847400389752169,0.20000000000000007,0.07420844033870172,-0.15621636017063362,-0.13763169485172508,0.129417855058613,-0.01760128323067809,0.0072150247134015666,-0.0027445778432087123,0.02460164842586652,0.041075344121653416,-0.007550773952403951,-0.04108859553946831
1306,-15.500692769935045,0.3212510803802939,-0.4931554031083969,0.10079467251584633,0.03536003179593303,-0.04619246886840483,-0.1856638769403935,0.19999999999999996,-0.11803927202233432,0.036765842022263476,-0.10815070838581062,-0.169033127449014,0.007152474525808804,-0.008220487440849739,-0.02303763617371796,0.016544387056092777,-0.003279114321872213,-0.002410909424222801,-0.01315511250537313
1307,-0.5550681744706871,0.2978338375108038,-0.5260259626973347,-0.056444472653086074,0.050419387519022175,-0.24422048743550104,0.14412295632219582,0.22508281844932243,-0.21202637250870535,-0.02220355905853224,-0.003366824444380034,-0.04211312160925481,-0.00726023980555061,-0.04585270743023529,-0.02472249116231585,0.05741695646953994,0.012867283842299309,-0.03417367009958209,-0.01986850525609577
1308,-15.200447807125203,0.3352059925093633,-0.4746882260486633,0.08245154694590406,0.006463513188737399,0.1517842879531291,-0.04263841289401605,0.19999999999999996,-0.1203747673401612,0.09111396375633618,0.16018877784112545,-0.14498473008059065,0.005555644222467702,0.01677640012382172,0.0018769527910865653,0.018662908309291636,-0.006796060723577854,0.005687940902123496,0.021495810082662038
1309,-14.631883653861358,0.3426786228752521,-0.4651129870696638,-0.0909124676567958,-0.022522587506598954,0.08034482476605824,-0.12367171540305355,0.19999999999999996,0.18921667160274058,0.0869835244102852,0.17259152901625185,0.033756679638215874,-0.0053671314399994,0.00876518284160846,-0.008553283485449766,0.02098832540949998,0.03306587766910263,0.018161838035655443,0.020807657795477295
1310,-9.881665548492881,0.3115276577355229,-0.506503390196777,-0.14522999101640477,0.14480946622571228,-0.07464321606187983,-0.12304451924149354,0.20000000000000007,0.01945414816301663,-0.08453537429766411,-0.0756914512630549,-0.13259183373077388,0.007983016967561811,-0.001972382133548836,-0.019951452525936792,0.017733635079982248,0.015930575368395712,-0.010171417486717632,-0.01924741043142697
1311,-7.315184219787136,0.30849358974358976,-0.5107538558379044,-0.0999295452376408,0.0971401028453276,-0.10921659530958726,0.01376716538703765,0.19999999999999996,-0.14819052733078877,0.09345074915176822,-0.1261276903499992,0.11217762438785053,0.0026003935872510493,-0.008816640117972974,-0.005967166177597483,0.027865054636853175,-0.0006517755212457372,0.0012758453913232057,-0.010097692040228505
1312,-7.606437903382506,0.3227726159608182,-0.4911033179449632,0.12070319621448784,-0.03198273540327898,-0.02859031613382413,0.11990421513804227,0.19999999999999996,-0.1776888971281543,-0.15472771024508472,-0.14849169967386008,0.017911230063267693,0.007601613860418532,-0.003173995228497988,0.018681049042927732,0.04129225465242134,-0.0045447736721248334,-0.03801180776499912,-0.039602186123094164
1313,-1.612857408883773,0.32580668395275136,-0.48704001034665806,-0.015237013121823647,-0.20297726985772305,0.1426011231900591,-0.19287336024690713,0.19999999999999996,-0.016658914438495688,0.03321629714925152,0.07879136606744137,-0.11764465592829855,-0.04382692969735964,-0.020687507791721075,-0.025057550423385335,0.0012280176977796696,0.024486065355626505,0.013548456432531896,0.024517015377878305
1314,-0.7326693951256544,0.3093038749639873,-0.5096146391143908,0.12472239146404958,-0.15579039723182198,0.07676223672707774,-0.17895540508553018,0.20000000000000007,0.07608767458858497,-0.043143443220508365,-0.06782179885668793,0.07671665282573915,-0.0017071439464461217,-0.011472213793431097,-0.027270650861017275,0.0043313081424422115,0.049250848995133996,0.02142256183840781,-0.009958916418134667
1315,-5.0253477355573075,0.311086502448862,-0.5071188318329428,-0.05741636314897968,-0.24875247412074494,-0.12893232742210725,-0.10853886880840839,0.19999999999999996,0.11138615249756026,0.028872749951400014,0.006056846607252834,-0.11004421744354664,-0.05345788742285573,-0.06371272483529294,-0.048991505931162756,0.006451216186220855,0.03571334794764101,0.02261265901840387,0.007772885582409278
1316,-6.153677341214399,0.3255365888792855,-0.487400191564801,-0.11595708355599856,0.1935498816009924,-0.17687556053501696,-0.055920498603168736,0.20000000000000007,-0.028044771681155656,-0.051194188072453926,0.14425270230172677,0.03420531364948696,0.014391096310157656,-0.0092487886781478,-0.024006915779977767,0.020515879698875854,0.016322087108996443,-0.004517677649007759,0.018011169476891097
1317,-0.4199537801765416,0.272940074906367,-0.5639326935975048,-0.17611772993837302,-0.15676951380349793,-0.13895361624688976,0.05067751871691274,0.19999999999999973,0.014751745766897643,-0.023303668630504402,0.1960449120803917,-0.04338129481653292,-0.08406186115211849,-0.09231844349276024,-0.05039411715147149,0.02716165924614521,0.042876159971416694,0.015678634298313135,0.04342921735420792
1318,-3.6203869407087055,0.3114736387208297,-0.5065787035554854,0.07182986140535116,-0.13771251965203787,0.06080901869566883,0.14193119529530954,0.19999999999999996,0.0386202211146511,-0.09824072857661045,0.11774414734378545,0.1331123079165856,-0.01198244116394774,-0.006170126666353049,0.03348762959751937,0.06412907928458979,0.0510291783019421,0.008102718978245754,0.01913228557169126
1319,-5.406202090987257,0.3209089599539038,-0.4936181569954433,-0.12540279408400404,-0.07817985229058047,0.1024090841270974,0.09622622766160248,0.19999999999999996,0.06192984705632294,0.06480552886005353,0.10092635242365522,0.17012031349668405,-0.02956279648466669,0.00199290764217972,0.027285102298412568,0.04944658924986851,0.043642048415493184,0.03208766447861214,0.03731195006270482
1320,-1.707959048531965,0.30490132526649383,-0.5158406879512002,0.024158950225606893,0.10953017072698482,-0.11487778562339931,-0.1262334657117327,0.19999999999999996,0.04754066752118832,-0.12086175128981601,0.11514683905939316,0.1416503698418788,0.026520370886619803,0.0009937127676615805,-0.037536241001667366,0.009238211740253806,0.039479921429207275,-0.00038882355094903254,0.008688465238643736
1321,-7.072557989658556,0.3394554883318928,-0.4692171652397386,0.07127688541753535,0.021386125634278576,0.11510139349555072,-0.11902665689271888,0.19999999999999996,-0.14757421189759407,-0.01750991292426802,-0.17236226023650877,-0.1357625535015457,0.013057947368137719,0.02107356516477013,-0.0012145951618755288,0.0204032841183149,-0.001475038753907442,-0.015710650134760733,-0.03199486365789087
1322,-6.426178438426508,0.33293719389225007,-0.47763768516816374,-0.12555404017905794,0.1474038577018383,0.12003199144783472,0.061725423985123574,0.19999999999999996,-0.002894911766200213,0.16962948795717075,0.056695790442022186,-0.1160644965207524,0.009930736516588382,0.03419438036537318,0.030731955516106205,0.04527893279627284,0.031586728650321264,0.038439547112008476,0.03452729413205282
1323,-13.098163899154715,0.3510605733218093,-0.4546179422528186,0.16600786840862042,0.1357043779988419,0.14881892104835245,0.025767785725811027,0.19999999999999996,-0.10481713667857841,-0.03462468081997981,0.043666330396677826,-0.14059289892313823,0.027369343005487195,0.02474557995009634,0.01132204788348639,0.023893465396983612,-0.0040241227071278664,-0.009888832834543441,0.0032114744474933134
1324,-1.7919075589112126,0.33330632382598674,-0.4771564463854447,0.1665600382784435,0.0841693340176959,0.186704281082319,-0.028896897240617583,0.19999999999999996,-0.027277977935310758,0.11359757239728858,-0.10674996452528526,0.08604393452303945,0.05751447750101068,0.07254222412724476,0.05431457375150644,0.06082894840852272,0.052928943288435455,0.042928382635211815,0.018215444602953202
1325,-11.416354552592324,0.34354292711034284,-0.46401898832106253,-0.08292051417136519,-0.08842842802482652,-0.011488067471750792,0.120168676455323,0.19999999999999996,0.15119768663641817,0.0841380969828317,-0.11082043306988931,-0.15083809718759533,-0.017210595728940084,-0.0056680889053288604,0.01783272891312512,0.03600581913353991,0.03334151093449864,0.01881387040452421,-0.011574038676059923
1326,-19.212398670786925,0.3343416882742725,-0.4758094688794755,-0.10826611778509122,0.01930704769098308,0.18813131207142664,0.02010028409455893,0.351621506806159,0.06469223933009295,0.005783013091695643,-0.20626198758978015,-0.035836491540212456,0.0024744577308717336,0.024566503844351852,0.010559788307875632,0.035639787472060896,0.010194675012177478,-0.011035675803446101,-0.030493237369170575
1327,-18.214431693597938,0.31606525496974935,-0.500223243496956,0.08189113854022642,-0.12261705967448377,0.1426243929713864,-0.1641615795078189,0.20000000000000007,0.046097296992938845,0.021236120858306746,-0.21623147869110285,0.00514093276373603,-0.010577373693994477,0.009754883528099844,-0.011441465658968662,0.01765193949187264,0.012274701281350832,-0.0023158224068841713,-0.02725707711950591
1328,-1.7148897612957406,0.29003709305675596,-0.5375464563089529,-0.15133941545807092,-0.04121020243992802,-0.1115552197456734,-0.031219734070866433,0.20000000000000007,0.14875935641029817,0.035326508805351826,-0.14802996846184016,0.13255959460797107,-0.04426096891414774,-0.04718281102908435,-0.03946454497630789,0.020108352766708675,0.06357692846792698,0.049280386880704546,-0.0035350347776891998
1329,-19.253322435573672,0.3277693748199366,-0.48443162723912986,-0.1857207880164945,0.1620306634332151,-0.11295851988196945,0.01429469663621901,0.19999999999999996,0.10727049211010606,0.05287296625661231,-0.0616095546589633,-0.10324231900642025,0.013690024442522063,-0.004713875806288296,0.0002610019916739014,0.02537152314267034,0.016768272557478692,0.001892836956993905,-0.013068511995858399
1330,-19.222502512207235,0.33648444252376836,-0.4730350107335334,0.15273975640044665,0.025575930178211657,-0.11881362628136011,-0.1260079433987339,0.19999999999999984,-0.06891160620318204,-0.13328954772460144,0.14458598083888505,0.030075608974579296,0.004137085437826463,-0.018409454614846877,-0.016741679117062334,0.02164271720649065,-0.0009709214151825707,-0.01763517732364951,0.013966240178457406
1331,-8.681886475369108,0.32567163641601843,-0.48722006361628833,-0.05069508862081198,0.0433885779401083,0.14419980022173995,-0.1196962963619246,0.19999999999999996,0.04858198937895797,-0.22410077161817624,0.014122788748224894,-0.15521468711005618,0.0035583822288781496,0.0228200031068501,-0.0013537253545647312,0.021363483605177622,0.021837338492498887,-0.024618291631173423,-0.018126252122821596
1332,-14.810596501318628,0.3384381302218381,-0.4705207129732949,0.1397668849751108,0.1498611764622841,-0.09347782661733903,-0.017749912404776372,0.19999999999999996,0.10021390410991865,-0.14954673524602993,-0.018689179648753555,0.13069438053578747,0.022533302885279695,-0.007873902375607054,-0.006648663647521129,0.02495726970819435,0.01922614551134637,-0.016904649274638476,-0.009184120071568186
1333,-13.67255308474976,0.33836610486891383,-0.47061314801382337,0.15457455414936436,0.08084001197343366,-0.016266853036854472,0.13958431274810615,0.19999999999999996,0.08142961016572713,-0.14342796269231167,0.0797900600986083,0.10408663513559434,0.017038443597506198,0.0017873266088875973,0.017461541494829116,0.03222632548206469,0.016732480769970963,-0.015672286530580188,0.0032656500149102446
1334,-14.763911306959345,0.339968668971478,-0.46856110507473353,-0.1851687044538652,-0.022520736175565916,0.0992518936288673,-0.031425382246534656,0.19999999999999996,0.09519608077880515,0.08039298285196897,-0.1197059692641126,-0.16633825060028024,-0.008704646532083735,0.01353804703391841,0.004158865938970657,0.023194127610281376,0.019678955149712348,0.009127773853980465,-0.01663893768641927
1335,-7.880213139054348,0.3274452607317776,-0.484861290936606,0.11460107686149144,0.06684205359172322,-0.10801282968465485,0.07163815594405601,0.19999999999999984,-0.04189734159831491,-0.0890004315005059,-0.15890973988466098,-0.14909837093459283,0.020548030487298443,-0.005928903768734,0.005215651234706038,0.03655867877790352,0.015147561380093976,-0.014287828154515944,-0.033178664459746196
1336,-9.107700328827903,0.33489988475943533,-0.4750850019028024,0.008200802192491858,-0.15762050439315536,0.11518316714826671,-0.13625886107490992,0.19999999999999984,0.015581878864551903,0.12795305158674836,0.12409515304578649,-0.11510658169408959,-0.02060465176886093,0.0012770011587841508,-0.009225554083657267,0.01788665685523093,0.019160783172069054,0.02315033223314616,0.028357851903287302
1337,-15.27803961711863,0.35381554307116103,-0.4512230925066641,0.025397465695382853,0.17773219127131915,0.06441973961337102,-0.07680062379542753,0.20000000000000007,-0.07721616233084744,-0.16502608824794163,-0.1422334526547924,-0.07117427639091795,0.02310471180534217,0.01276921456545482,-0.007709566535204275,0.017829987160986566,-0.0036679432270259565,-0.026721669771956943,-0.024007689090413325
1338,-15.28504476461881,0.32420411985018727,-0.48918147062003264,0.07353702694449721,-0.04687041528844549,-0.15789540183840725,0.1427342784769861,0.19999999999999996,0.00992105254278547,0.07960325850088602,0.14114464950898098,-0.14829391689901156,-0.004889912482302539,-0.02018089692575473,0.0140899181634526,0.032188946285019844,0.008475747073830623,0.007332177699024104,0.015911293932540028
1339,-4.035091464809344,0.3091418179199078,-0.5098422435181985,-0.07561815952254865,-0.1888070895034683,-0.08644641453406444,-0.12641248963191976,0.20000000000000007,-0.008420491997344716,0.028279178938354212,0.16877564887404392,-0.11724052699825598,-0.04844882647822519,-0.05403254937211199,-0.04862914348164967,0.0024139719908849687,0.01705073214072059,0.00885587511066946,0.03266714549419804
1340,-8.920860773474077,0.30950194468452896,-0.5093366178454573,-0.07948369268927244,-0.18917122803891268,-0.082037905593622,0.08159318536562632,0.19999999999999996,-0.27296102556448887,0.061465560187267496,0.02643291689645858,0.006854485664351624,-0.0357703779752885,-0.029115243006049975,0.0035994593554191682,0.029689310366260543,-0.02243829098082731,-0.013926961882222536,0.0053678340328308875
1341,-15.84990008220373,0.3483776289253817,-0.45794974099560026,0.0459724159322013,0.14231452792005528,0.10218998126987221,0.14069581107578355,0.19999999999999996,-0.1370777605645452,0.11653398169794614,0.09685508856590447,0.0183604329736919,0.019664002754167405,0.017625746762679573,0.019430139620658367,0.023484970369917813,-0.012192918773643787,0.0056088649201238095,0.016068371052451704
1342,-3.8262847619693297,0.32624783923941225,-0.48645235600464354,-0.04024976553978006,0.12099160602634974,0.09663790608240784,0.10965681931166589,0.20000000000000007,0.13599092267382182,-0.07131606556935885,0.129964571980101,-0.09519234281651476,0.016844075339999237,0.03785464289408735,0.04635304356343482,0.06709389994360325,0.07065797844534823,0.032228878278051605,0.030290142843666063
1343,-3.203902589690884,0.3117707433016422,-0.5061646416128799,0.14621037454758287,0.058020776678151274,0.21174171191572208,0.02567926690834935,0.19999999999999996,0.09114710506651699,-0.015958672014725356,-0.12791118301464557,0.12333090985430659,0.04164436177865621,0.062265280319742024,0.05697289426746674,0.06516687771310807,0.06818026542287482,0.03529253337497813,-0.004835351870941208
1344,-11.236088696178493,0.3283005617977528,-0.483728374092301,-0.045640408153289534,-0.08081611313380702,-0.1830051232193375,-0.030940859732347434,0.19999999999999996,-0.12389927345264676,-0.0789605596333576,0.11747350844663303,0.13926415422858116,-0.01611912280534883,-0.030323466513871092,-0.013729464230427863,0.02293951086264016,-0.005121104419577104,-0.018184448013488886,0.010851910060819033
1345,-7.761671169466078,0.3230607173725151,-0.49071584688959863,0.08241723322206085,-0.08019565861247803,-0.05651528603871886,0.14669508145998914,0.19999999999999996,0.050444668427378846,-0.10787065759482264,0.14937915788082987,-0.1264822567637218,-0.004343941783837022,-0.013062554298210951,0.018181046218758896,0.04508490593483127,0.030025598515754124,-0.0034731300497744338,0.01441118418843945
1346,-6.571992244150707,0.31136560069144337,-0.5067293694657227,0.15301764036543486,-0.1768612768314202,-0.07868099564014656,0.030519818818655273,0.19999999999999996,-0.10673183101019489,0.1313524069451563,-0.08273013552309448,0.04010589486589754,-0.010807531330691,-0.028571751701368154,-0.0054489013958042235,0.03073033182998819,0.008171817066329239,0.012507267310635591,0.002330282119078942
1347,-5.241764391663198,0.32017970325554596,-0.49460620222153684,-0.05400149093244837,0.1102374064576507,0.0819145383425482,0.0916583529804809,0.19999999999999996,-0.10717446816383847,-0.13733432480093063,-0.13429142283211237,0.0833879954899903,0.012257762883919013,0.028711901129170745,0.03430224589845627,0.051632399765743964,0.01603274734782794,-0.026868284798878005,-0.03889045307002352
1348,-2.7938442805023413,0.34001368481705563,-0.4685036031903031,0.1895521839387129,0.05565610536192232,-0.05659733878115985,-0.050279988426227884,0.19999999999999996,-0.1226130897817277,-0.14060171194988932,-0.03462419344857844,-0.15007538831178163,0.04728139588104329,0.013838139655742245,-0.006247276196531861,0.029842312903208164,0.012189300065339507,-0.03643499659067138,-0.037783134916219464
1349,-10.325418871511244,0.3297410688562374,-0.4818269586291521,0.09964063859252525,-0.15186852223286834,0.15609076684905024,-0.07170394856394462,0.19999999999999996,0.08072895412720091,0.001233185551241888,-0.12423802957077784,0.11449595451239097,-0.011658523166298326,0.0101168434158351,0.003471946043505655,0.024508623978463043,0.025786635863337223,0.0060000370259982545,-0.014258357298406523
1350,-9.20119967396725,0.3534104004609623,-0.4517206738548872,0.10613831047207146,-0.09709310356446635,0.12073355704677677,-0.08423004734211316,0.19999999999999996,-0.05997778299883784,0.12973160294003097,0.06759109989707729,0.1345044957386262,-0.003255315383982893,0.009407498194247514,0.00024361354552383596,0.022605354477788355,0.010012503403653087,0.017264154675168484,0.02348666078301172
1351,-12.52994009465402,0.32353788533563815,-0.4900748574099542,-0.08200353136452283,-0.0772939038447214,0.13505243078610818,0.09249889977770984,0.19999999999999996,-0.13874415681094254,-0.09290569844147065,0.14240900792502006,-0.03909237104950459,-0.01278410113430017,0.01483192271714194,0.022391432180879033,0.028576765560304213,-0.00955602880879619,-0.019336574682720896,0.013183574447754632
1352,-7.6943940558131025,0.33312626044367616,-0.4773911303942375,-0.10855929380336253,-0.07838824677576857,-0.02132735996135518,0.10637855161589375,0.19999999999999984,-0.15102954305753247,-0.11796676962473983,-0.15186847362262265,-0.06448176153872519,-0.023743934151537187,-0.012828681316416766,0.013404767373754395,0.03723973807100296,-0.003052556801451935,-0.031429571192984035,-0.03815480713744207
1353,-8.66390003619713,0.33504393546528377,-0.4748982386974716,-0.18591637318159568,-0.13029821216993137,-0.04067691046854897,-0.12592481310433085,0.19999999999999996,-0.049776104421813114,-0.00126627134867374,-0.02456093634857656,-0.24158037895652984,-0.036995832881272596,-0.022937020862177197,-0.023536786849714206,0.01378647701509894,0.006167279295197403,-0.005056542275927744,-0.009114301605899896
1354,-13.68249022662968,0.3372497118985883,-0.4720484126594881,-0.013143980568829901,-0.09700587081160628,-0.13416227383632495,0.12913756453494696,0.20000000000000007,0.12467557179338214,0.114179675305542,0.11524474616618932,0.07245031698317837,-0.014340605182469983,-0.019524728425891827,0.013555290233802295,0.034411088294395896,0.02553145795104101,0.01829987462135479,0.017663054775543644
1355,-9.009076245775196,0.3269500864304235,-0.4855185434939039,-0.03343448449077125,-0.03903649012859729,-0.16790418300010487,-0.1148476241078672,0.19999999999999996,0.06540627558047057,-0.13317138047092367,0.05420376073306118,0.191995801488204,-0.010790897760237863,-0.02982603615961105,-0.029802321726652533,0.016717242674318247,0.022120405941921897,-0.01237882833620408,-0.0015208904481268418
1356,-10.436746852437645,0.34143618553730914,-0.46669045408713666,0.22525046903542353,-0.10149180883951386,0.028849757438286713,-0.05998342370560203,0.19999999999999996,-0.04600743775750634,-0.1637683639760704,-0.08630753379106577,0.08834120545653139,0.002809256408615728,-0.0028992808619852733,-0.003716573627650664,0.023669004814969502,0.006657733521025518,-0.025626414081099117,-0.02212284046863247
1357,-19.235158269189622,0.3603968596946125,-0.4432190018862129,0.1575993136087276,0.055980229510415334,0.12102871107638659,0.10970279570524492,0.20000000000000007,-0.016456898172614157,0.18699684644650416,-0.05029116807354746,0.10194403740655977,0.01039546805392016,0.011575049308165945,0.012938211227222888,0.01943113866749004,-0.0012872047404004208,0.012555585922517112,-0.004137470455793489
1358,-18.73500207527808,0.3238710025929127,-0.4896279342918882,0.12661429318087172,0.08447790076950887,-0.10837947700027316,0.07603465321473796,0.20000000000000018,0.09311945267265467,-0.11927264393353845,0.10756922766324502,-0.08453235156517004,0.010724854138482667,-0.012994233237710954,0.004917859895524278,0.02625709049123025,0.012085440084953708,-0.016321310539002987,0.003622422863188949
1359,-3.3576534635180373,0.3063508354940939,-0.513780930902519,-0.04813627155875566,-0.17306327889478332,0.13171492271734164,0.07948451794836472,0.19999999999999996,0.12137460957973996,-0.16807414623345862,-0.051526401028955476,0.026625852038600673,-0.03959368870424876,-0.008951710938289005,0.028349613228419872,0.05625089264504693,0.06253478581337829,0.00576178291722327,-0.023029489613104453
1360,-0.6052824884431232,0.29650136848170555,-0.5279732978387345,0.14614168627152424,0.03403540772768688,-0.08011515778405276,0.14552448254465716,0.20000000000000007,-0.11735956931834308,-0.050516910541492245,0.09781357439547876,-0.1284932114167648,0.04392905782586248,0.009748379208083378,0.0274060116293174,0.078234614957308,0.041298983375823536,-0.008297857983957269,0.010802330022683137
1361,-4.020042127219142,0.3214761596081821,-0.4928512284458742,0.23534470706722782,-0.11604803360140317,-0.12526254986586696,0.003933720425122854,0.19999999999999996,0.05594875669777941,-0.03586245413991454,-0.149916202881352,-0.07768357532133326,0.016743389122343223,-0.027904482974157697,-0.01741040443916036,0.03149361244437612,0.04130444046209578,0.011214054862352971,-0.025797597119517762
1362,-1.6450725110554671,0.2772886055891674,-0.5570679761899741,-0.29889361301230644,-0.0065289955381786615,0.036474719760006866,0.09045936065314257,0.3192676297642274,0.09796236028168623,-0.008460640320977708,0.12848358256863052,0.013469098100843624,-0.06838898314751936,-0.0207627266580969,0.017287177110058814,0.08316505678120444,0.0959943760357693,0.05357519987077834,0.04921545835986224
1363,-0.49445449167256683,0.31748775569000287,-0.49827301915564576,-0.08706589361229489,0.07053152340716051,0.12382275457669428,-0.1146239412891428,0.19999999999999996,-0.10911915024623213,0.09678523789567496,0.10790492107919022,0.09014657789361026,-0.0047246318845804965,0.03444501118994627,0.012816214153606299,0.028738800690095715,0.02335390245838301,0.01625359992045089,0.04928346115183336
1364,-13.926282954827432,0.31875720253529244,-0.4965399932685984,-0.05837095555956305,-0.05072144250361407,0.15779024651178258,-0.16220076489868626,0.20000000000000007,0.13284858523840026,-0.19858590111157842,0.006216178819138467,0.03326592535723685,-0.006985608951975143,0.016133066616754198,-0.009923244018761842,0.017897414251492525,0.023654453881473896,-0.02019414091625472,-0.010209834919828676
1365,-18.366290321314935,0.34414613944108324,-0.46325709790696024,-0.013340119566204872,0.11515142763705609,0.022816427657216407,0.10197444078453048,0.20000000000000007,-0.09417191343697232,0.09819545070872604,0.17617386678394928,-0.1781763534253445,0.01308412579364196,0.006483730657008664,0.011684258954979891,0.021699185921799848,-0.008699693340628877,0.0047908846390284495,0.019258987050141105
1366,-15.95878536556613,0.3271301498127341,-0.4852794274620391,0.15425769232389258,-0.13294721072432578,-0.19327401056842272,-0.08299650199417076,0.19999999999999996,0.020484359058394557,0.14628876260576362,0.028793585112993306,0.04095787761203668,-0.01315860552479165,-0.030981025661825857,-0.012736887547818607,0.02596605910810146,0.014308655698783382,0.015874613980671425,0.006356003484472511
1367,-17.474985115651176,0.3347558340535869,-0.4752718454579955,0.08246000237429983,0.05605464575532062,0.04892984267279578,-0.050388470885440184,0.20000000000000007,-0.10060156832318011,-0.14391090815155405,-0.18523233483711987,-0.13242222700028952,0.009047769728227876,0.00455456355624989,-0.0045902143866639565,0.018629469100612667,-0.00804934447539558,-0.02527724879809064,-0.026324297906605964
1368,-16.63462917806466,0.32664397868049555,-0.48592534313752994,-0.11048243172923375,-0.07719085276682154,-0.1792384662991667,0.03582767330147991,0.20000000000000007,-0.19280758534319603,-0.17783748469384345,0.008343683604032898,0.018271822262225616,-0.014276978430557226,-0.02054555909587901,0.004221605869178579,0.026944229283004967,-0.0176526877112607,-0.030322386584514617,-0.0024439715889758643
1369,-19.02561091985725,0.34983614232209737,-0.4561353246452005,-0.028908399070448,0.04569073156895238,0.18144517191508866,-0.03175015191138391,0.19999999999999996,-0.09581746909015776,0.0803084706149513,-0.17243706139436218,0.16364254443465587,0.006712581040816341,0.021620104467268114,0.0011912963071129344,0.015511575357261486,-0.00811662587945507,-0.00024559401070583376,-0.016396438064610747
1370,-12.087262178421287,0.328831748775569,-0.48302625788264764,-0.1399342609760974,-0.05313537057302129,-0.17130240149613968,0.08529357320386699,0.19999999999999996,-0.028471984817587576,-0.011400630542180068,0.20523241118803143,0.10522936720307559,-0.01714102156327161,-0.02400807005306831,0.004200490293900826,0.031106029617956634,0.007165872053156667,-0.0023976831049490597,0.026156535558492858
1371,-12.061558667857778,0.3352059925093633,-0.4746882260486633,0.06520798938860073,-0.07630330889704666,0.17027950142720624,0.19692623957823105,0.19999999999999996,0.09070066758304804,-0.12929460911362445,-0.03695223235233847,0.03433545165990444,-0.0040866556916626315,0.020132309179297404,0.038254117770047544,0.038574169849018194,0.021030313625857784,-0.01283252845160813,-0.011460640994869166
1372,-18.79938484438805,0.32783239700374533,-0.484348130860913,-0.09576202790350886,-0.06209840746362204,0.14425691361707021,0.04940525706736714,0.19999999999999996,0.13578088344277187,-0.11510443858397679,-0.06817196129284138,0.1294201106288418,-0.007135659008245601,0.0181579291992037,0.013518137638263617,0.022554301956084096,0.014817188176721258,-0.01753779010354261,-0.014975939171793138
1373,-1.588968808954185,0.30825050417747046,-0.5110962043954449,-0.024475715909834606,0.04184404472618214,0.07736572171982875,0.17792539095853582,0.19999999999999996,-0.039294156008917544,0.2131938724236261,0.18769993613942082,0.03820116211365432,0.004552559084239014,0.02636007646788945,0.06111708750543332,0.09082850855295133,0.06232196138105321,0.06961921920280631,0.10209998834555437
1374,-3.3218194786008652,0.3267700230481129,-0.48575779125200136,0.13194528013550677,0.21289691045201545,0.07611099274209243,-0.012962057704679099,0.19999999999999984,0.10446649825415841,0.06352798627351466,0.050869941236764166,0.1472203332012692,0.0659199094746714,0.06284766747874085,0.0342879988769878,0.053127568913263305,0.06675153043005282,0.05296454627099839,0.0431474127849713
1375,-12.573230076518351,0.30912381158167673,-0.5098675402610938,-0.015429537455177628,0.15065235240785743,0.07980229904121058,-0.23272913681144655,0.19999999999999996,0.03251855654637955,-0.06563464725093646,0.05593596915977657,-0.16729750132721524,0.0195948176411498,0.015683316968251027,-0.024080506597283193,0.012711360949027393,0.015391094473552719,-0.005750775087222617,0.0009406181003661975
1376,-3.1276377859858506,0.2934132814750792,-0.5325202315261738,-0.21109678684518227,0.0009942507827412983,0.16938562161027318,0.15013995391664264,0.19999999999999973,-0.11619801467224365,-0.044294702659537416,0.054174070526227684,-0.05371659898715204,-0.03706675816809928,0.01950746222255113,0.056038668208672614,0.07237075966591765,0.028053721632909586,-0.008040835940916284,0.004449653259698515
1377,-6.98791840507894,0.32467228464419473,-0.48855478294721516,0.126881180336979,-0.14745652051610778,-0.045806408409421545,0.10599014808620107,0.19999999999999973,0.15171504466106123,-0.03942599891530451,-0.13393607313438555,-0.04878862594053951,-0.009173217575220953,-0.0189571349270284,0.011530994314895208,0.043751097493816705,0.04867990412846236,0.016044317499615664,-0.018076119883377716
1378,-1.3568332999893755,0.32884075194468454,-0.4830143673849836,-0.06776866975854923,0.05019368473658057,0.15224760080298427,-0.07868670919805941,0.19999999999999996,-0.16405134607875166,0.029234094593643834,0.05640166204754803,-0.20141623278388307,-0.002799056512567647,0.03622832057711714,0.023681162995071146,0.037192435752781805,0.01214331470837875,-0.010507641006494603,0.010426752692400756
1379,-15.04178469409834,0.3353320368769807,-0.47452495306017645,-0.0624913231883528,-0.13897008334932584,-0.12407831262385349,-0.12538802814208938,0.19999999999999996,-0.07566170461343658,0.14841363967175228,0.06723848689208356,-0.05775842151910612,-0.020630470186248414,-0.020700948862993222,-0.014762171534234744,0.02184559389465716,0.002976898688092079,0.013845349372470825,0.012123819162222018
1380,-18.92997788659832,0.33003817343704983,-0.48143582510919447,-0.00474015871642534,0.1576801027165795,0.16665999595853512,-0.09139738994186396,0.20000000000000018,0.12326020547663041,-0.05913286574387709,-0.05509874669505085,-0.14203053475103763,0.019594124545472994,0.020746627420449745,-0.008992306981193778,0.015721118489666713,0.01631337568198309,-0.009768569431811445,-0.014752511628867794
1381,-5.540181959357097,0.3150388936905791,-0.5016358262977562,0.1094961002663732,-0.06844170396133377,-0.1338214966896229,0.11004319385531632,0.19999999999999996,0.08119732332625783,0.07172633734430173,0.11407975773397211,0.11119408682282211,0.0019052333807748883,-0.02568616872166487,0.0021610089728262174,0.04456457408372111,0.04491525190614489,0.03430999684323942,0.03914792913744156
1382,-19.32667012662473,0.33489988475943533,-0.4750850019028024,-0.004915905186861361,0.10592136417178746,-0.1370789153294057,0.13932767681803032,0.20000000000000007,0.15783194093826092,0.16219233040756115,-0.04567070895585883,0.047061158192234234,0.010226180508072372,-0.011803007820758958,0.012798226541456027,0.02875423831784103,0.020666241104691025,0.013377855562731626,-0.009474777597069965
1383,-12.778759786148868,0.32010767790262173,-0.4947039090150316,-0.02350141467079922,0.14859040333133564,-0.1226204116140617,-0.014577470788160829,0.19999999999999984,-0.14945430311414906,-0.07308590815400313,0.1512071885896057,0.11696289973788486,0.01636171803552915,-0.007997179556181374,-0.006703956150355453,0.023289280714740616,-0.008883259439699842,-0.016341639687771917,0.01705558475776298
1384,-18.33843028718754,0.35563418323249785,-0.4489965017070198,-0.02986181634541222,-0.06562785814695168,0.18231962103387292,-0.014138797576700881,0.19999999999999996,0.08264690024155685,0.15716173366427308,0.05117179251087716,0.21707148048035524,-0.005955011797733092,0.019965024401684985,0.006511712898338758,0.019872612308107215,0.013550547910715222,0.014793076954364609,0.006832395848507228
1385,-16.62032268132499,0.32767934312878133,-0.48455093563302964,-0.11485863558519661,0.16337438098348167,0.0049883363552579146,0.1778902782444144,0.19999999999999996,-0.09405982292237812,-0.14524962204997394,-0.03408995099113008,0.06548897286816734,0.015970643919789394,0.009631771191199267,0.021271034997042415,0.025782228474588526,-0.011137370759761928,-0.026087480779037518,-0.008136288261994248
1386,-1.2808416194068784,0.3051174013252665,-0.5155330231539397,-0.11376278336270187,0.16187449926543898,0.055510926625384885,0.11892470214685519,0.19999999999999984,0.11269861424472521,0.03235301913078189,-0.09629344989846693,-0.1085820053256452,0.008700926526150872,0.040679050483113245,0.05238819251631507,0.08310008505472136,0.0892158471771128,0.0622662943196217,0.0129919056065118
1387,-3.602575087121174,0.31948645923365027,-0.4955475437801502,0.018289151925805103,0.19421732795099694,0.16078520258245543,0.03777426692914619,0.19999999999999996,-0.05835595318380492,-0.11231617411246564,0.01863973444840274,-0.19962218886692304,0.0419146250896723,0.06636934527025792,0.05215804186479765,0.0608577415815385,0.035502830274200974,-0.009327260841683963,-0.010519275686461299
1388,-14.53736109897008,0.3376278450014405,-0.4715617432318281,-0.06537396003179397,-0.20515888721766842,0.07076176221331971,0.19108451593657408,0.19999999999999996,0.05761281395099914,-0.1628864313035369,-0.010656179014647734,0.03646545033146011,-0.026923056294252724,0.0036365601487112088,0.031915614283873905,0.03347156217915667,0.010004613089854704,-0.02239157015467628,-0.010011016011535277
1389,-13.016824338725414,0.3256896427542495,-0.48719605220024287,0.0971758922630864,-0.0636728140754499,-0.09836576857786204,0.06402692375457016,0.2886795023183275,0.039586023717279484,0.1275887234855011,0.010047995289674016,-0.21085635651824938,-0.004382150355565257,-0.01567348945535487,0.006764136890670949,0.04166487383195853,0.02132120314214043,0.015855679353144303,0.0035525220110290434
1390,-17.091036606467085,0.34546960530106596,-0.46159015619338206,-0.17779808480301176,-0.05318225372012108,0.006073164635692628,-0.026018098859476365,0.19999999999999996,0.10736791736288344,0.17350094480128714,0.1541871464652649,0.10187238935226275,-0.010735870095505036,0.0028812967369340053,0.002699789070018788,0.024800655388525255,0.02034950636156748,0.020692713657439975,0.018846529505907494
1391,-4.800113408771441,0.3214851627772976,-0.49283906588949444,-0.0360760761913205,0.22531307143956542,0.0013263068272777448,0.0431009864544016,0.19999999999999973,-0.24080469705069402,0.09233898177972488,0.04085809992069321,-0.1201817803363228,0.03399996652127879,0.03345199249352741,0.02144114557090183,0.043561875736589165,-0.004484035139097684,-0.00551612826173735,0.014869553892764948
1392,-19.29290656100082,0.328984802650533,-0.48282416368363085,-0.01727721498176698,-0.12377401481492055,0.18770637134071105,-0.08239206886834152,0.19999999999999996,-0.07513834102670629,0.11348860617790382,-0.008408922551263076,0.1918144602383868,-0.011992949571173436,0.0184401486504297,-0.0001540744284065497,0.0169328707302135,-0.00363644902537972,0.006473701441550085,0.002572508837133006
1393,-9.267579337070732,0.333243301642178,-0.477238571363695,-0.16405828774620554,0.0731882133152156,-0.13105016421117474,0.09234557391655965,0.19999999999999996,0.06980425246081287,-0.009744290885173736,0.11398455696993072,0.1458246604949272,-0.005162363931919352,-0.013516996621831107,0.004613528361463219,0.035203744054900676,0.02684999838695837,0.008071130000642215,0.01885009479460205
1394,-11.45936626034665,0.3431557908383751,-0.4645086678852674,0.13471105181846968,-0.15247415940233033,-0.02189401077582889,0.08565411808209829,0.20000000000000007,-0.15307217220011407,-0.067499132415976,0.026788161428897502,0.1579071938762852,-0.012086449938901988,-0.011504281478155808,0.012447391638747375,0.030761837603274892,-0.008503153063782454,-0.018731857138737328,0.0013675190617927356
1395,-3.0794013323429397,0.3080344281186978,-0.5114007409463935,-0.05999051421199999,-0.14269310679199773,-0.13400856040010647,0.08471929600872771,0.19999999999999996,0.08588449543789503,0.1467592525648308,-0.07979611628275982,0.0661486583016825,-0.04076574173501969,-0.05595868672607522,-0.01885958904194198,0.03924180244972999,0.05341140653471994,0.054604013393141915,0.024290149793380306
1396,-6.84629061577364,0.32414109766637855,-0.48926590152508864,0.04226869128199592,-0.11487268497845952,-0.11252112140089562,0.06503541719398429,0.19999999999999996,0.1076460513960207,-0.156266395189933,0.029621231935000956,0.17176840662370998,-0.014747693040270606,-0.02916969085545794,-0.003211369127092647,0.0360339409100626,0.03794458791173657,-0.006627169808217383,-0.005734668458158533
1397,-19.861785441986854,0.3201436905790838,-0.4946550528705469,-0.043053282536593795,0.15684717085272823,0.06388593354964028,-0.11402898438770573,0.19999999999999996,-0.1714746170235957,0.04479417085169289,0.16679741735177248,0.039118423446270964,0.017498982414786486,0.009357546248396293,-0.013180358010261873,0.014612171212029318,-0.013926066497973016,-4.792061260274742e-05,0.021796061212600998
1398,-17.39640289562292,0.3291198501872659,-0.48264592333669487,-0.0009263289977626208,0.025664680248699497,-0.10524430321943432,0.14376790257057703,0.20000000000000007,0.1274464917156333,-0.10901902858012012,-0.1290275270061351,0.158903737661638,0.001743012088783388,-0.00982938574392358,0.01577329289946366,0.03019825634504664,0.01637181166063563,-0.016846352259119658,-0.02143290689908959
1399,-13.913926638352816,0.3302362431575915,-0.48117526499333446,0.18374942226541993,-0.10844271559712113,0.052505219918196684,0.1438955361988769,0.20000000000000018,0.016471176234554342,0.11327689470477519,-0.10441897500109622,-0.07724006007995947,-0.004746252368465387,0.0014609213464743251,0.022712105005025233,0.03159532149899455,0.010677524094476044,0.01051787475666106,-0.009956280609736513
1400,-2.3331380055941544,0.37480193027945835,-0.4261981811045406,-0.030088784070696067,-0.09376710872149067,-0.028090681711747303,-0.1973305286358074,0.19999999999999996,-0.13243093921681695,-0.14202733587938568,-0.1660180715444379,0.010246550219618013,-0.025576888713200945,-0.03077333139533811,-0.05170743501376028,-0.01017035310538478,-0.008216492196664269,-0.05331954306803629,-0.07301427333695565
1401,-1.4847686706246286,0.32639188994526075,-0.4862606409591671,0.004680519356710616,0.07683636036647402,0.11898260214644418,0.10610883020163554,0.19999999999999996,-0.1132372170946393,0.1694598376904561,-0.04774919757749581,0.1629454355661444,0.019315640158944734,0.045113127665895175,0.06088266118070723,0.08066681620844499,0.043687900797875,0.0393132482089667,0.03777281114846123
1402,-19.85520045585104,0.3410580524344569,-0.46717169225050986,0.11705871738545291,0.023121947532045394,-0.1482462778668217,-0.06014673852227148,0.19999999999999996,-0.14236777375418389,-0.09587254509596436,0.06893222774725394,0.1442537720960064,0.0026313183432170864,-0.02009320903732924,-0.009017484008050108,0.022976998013003187,-0.0102328941706861,-0.016146053729228126,0.009368065659002472
1403,-16.846665464813295,0.33094749351771824,-0.4802409037600836,0.1529356310865745,0.16241103094861295,0.00816746198858142,-0.15997694314556904,0.20000000000000007,-0.07119900310253223,0.008469394400114825,-0.10178026367712062,-0.13506027165089432,0.023232490460001448,0.0003207334368204475,-0.021249732473401835,0.015765469150809536,0.00012228411020206087,-0.004469457048967733,-0.013341788486876697
1404,-8.954152974606238,0.3349268942667819,-0.4750499776834872,-0.12989424567544533,0.16040411195499604,0.10796810211296994,-0.07439734119822768,0.19999999999999996,-0.09103398924371091,-0.03137575266709302,0.057315146623979955,0.14761131052357723,0.013168303096865168,0.027124103686862966,0.002905428325322623,0.023137682141043298,0.004131305899148965,-0.008073446156493672,0.007869589401440611
1405,-16.926652620936174,0.342336502448862,-0.46554679070461585,-0.07685555186614577,-0.05115735615070944,-0.0931683000937462,-0.14289738862471835,0.19999999999999996,-0.1405194579909915,-0.1250939907035407,-0.0060049240269455925,-0.16430303054320247,-0.009126575938867782,-0.012282818191644042,-0.014896072139613886,0.020566774281664053,-0.008277546131630568,-0.020843642461363325,-0.0050477588030157245
1406,-10.42557847167052,0.3175507778738116,-0.4981868190738905,-0.07501144688556573,-0.11252977573798893,0.09152706696451358,-0.15041463300506452,0.19999999999999996,0.12601958250171844,-0.06786384618822018,-0.11404349974247582,0.06259014897445281,-0.01985708453958446,0.002095081626815222,-0.012388419566863405,0.01808280948500234,0.02954794975837816,-0.0012420148620630612,-0.01968144133175744
1407,-10.77923601324324,0.3140035292422933,-0.5030654706470409,0.04380243569661596,-0.05892035026732792,-0.17082598553771802,0.057394343645117196,0.19999999999999984,0.12169940329820218,-0.13925624410728757,0.16301119314507725,-0.04509004430265404,-0.007109948951703267,-0.026505614249975613,-0.0017089530888024635,0.032288721185698206,0.0287454829718605,-0.008558426908562802,0.01205787631236567
1408,-19.18979418722835,0.3345127484874676,-0.4755873263497997,-0.05131132392736003,-0.18517778830550988,0.07527357035106008,0.1567953206817343,0.19999999999999996,0.09340437390242023,0.03187203890376602,0.09377424354114999,0.11239134038699945,-0.020775909408065202,0.008408168345188228,0.026873421370036822,0.02706669010405283,0.009877812752994002,-0.001411961922629996,0.006369324791083242
1409,-8.776407667663289,0.3229166666666667,-0.49090953920529573,0.16608274012764548,-0.18012024456573822,-0.14707717314449145,-0.0028997427639921216,0.19999999999999984,0.11902181981115031,0.03784127282325148,0.026432374291317128,0.12052463247241386,-0.013086743472892005,-0.03530646319449865,-0.012917767499207512,0.0281006524970838,0.03489097273509939,0.018371282613380693,0.011260449522772168
1410,-4.647725693748562,0.30617077211178334,-0.5140362705823341,-0.10786754169651017,0.04773553779802994,-0.22534397339339007,-0.1888344478577607,0.19999999999999996,-0.005142054324487337,-0.06186932618254728,0.06876337178493686,-0.0944437469623377,-0.011634458269950089,-0.040881249070468834,-0.06601948846008282,-0.007106563872572739,0.012339893875352071,-0.009570304353357848,-0.0011274998730568635
1411,-15.511557319663527,0.3392124027657736,-0.4695282768331863,-0.07562331111481846,0.21310747704134841,-0.01897976181142204,-0.053959207134029935,0.19999999999999996,-0.10244378496642488,-0.11854359574981292,-0.2162880686014026,0.0010547935807407407,0.022761773417960627,0.005650722637472812,-0.007686714246274892,0.019391126974133876,-0.006144713632827839,-0.022978045766805292,-0.030012204136146817
1412,-12.795217267843032,0.35203291558628635,-0.45341672746173356,0.014698614983715544,0.1478126429995723,0.14930714792984806,0.18286313497179538,0.20000000000000018,0.09299859998758916,0.1176377627632914,-0.025231633726123935,0.06945046263806415,0.021599939894318822,0.029039591344831254,0.03271311899216435,0.034857090516438156,0.022343137822432243,0.018393221778225163,0.0034981045364712547
1413,-1.9212488734511055,0.3051984298473063,-0.5154177050238568,-0.07771469899709167,0.16474114944747018,-0.18691636999416764,0.12104172898868168,0.19999999999999984,-0.011238417959479658,0.18357783784470333,0.03888836279506102,-0.015881433973344947,0.01408381447530382,-0.007516867395365296,-0.0014451700928215614,0.05592193556855714,0.04976479308542636,0.05683296723292575,0.05680145032252085
1414,-15.19780639345301,0.2954570008643042,-0.5295057149389637,0.04716223706214174,0.15175784780123713,0.1368654841432499,-0.1919723889602014,0.19999999999999996,-0.18814825434967689,0.048475791321523604,0.00732397528918021,-0.028294021072789253,0.021655412185720438,0.018987737162046176,-0.018708515949891036,0.011491860615997948,-0.013198910312206073,-0.002255749510918554,0.004159504074742461
1415,-18.115809586480324,0.3159212042639009,-0.5004212237759118,0.020202852429980905,-0.1657881198064433,0.03667279542765121,-0.17982270285277122,0.19999999999999984,0.0660831787398346,-0.08845437272558646,-0.06830647332699487,0.17466950469073758,-0.018052690964368644,-0.00195935126469683,-0.013656548990283731,0.0208894304562476,0.015288899751152637,-0.012037542906532788,-0.01123016633546417
1416,-7.495742744811764,0.33547608758282915,-0.4743384304903246,0.14189062407959963,0.04830625827927373,0.1491830211046924,-0.05002429823599122,0.19999999999999996,-0.1650936645228656,-0.1165785671019352,-0.1141300079974367,-0.01479355867820556,0.024818608362122237,0.03132815416685689,0.014159659938111807,0.02930954601094799,-0.0029205404071385396,-0.029843103344239234,-0.030114389735717388
1417,-11.755645333553092,0.33239700374531833,-0.47834289963744353,0.017093881744875777,-0.14320650279408476,0.05359638351087826,0.24837361749979464,0.19999999999999996,0.12199669665228659,0.08449467809494449,-0.11067335845515162,-0.020564881247983977,-0.01719949667951117,0.001472699047945817,0.038781657423351615,0.043192966797190084,0.028528125170947844,0.01621414723391751,-0.009600633344990207
1418,-14.715501341706975,0.3193153990204552,-0.49578013705607643,0.04026165521642236,-0.132939486137574,-0.10358937509425,-0.08910037162471378,0.19999999999999996,-0.13542578210318534,-0.12530481430666157,0.0882808869332732,-0.08509762858391987,-0.015915404435106067,-0.019465225377420434,-0.010984664892123758,0.021820621335626532,-0.008043528840571731,-0.021776541453845975,0.005067934923974793
1419,-11.50767015868478,0.33186581676750215,-0.47903747899782145,0.1043115887137581,0.13004516112107853,-0.059776378536277985,-0.16093776187034056,0.19999999999999996,0.044248699000051094,0.07425245109640846,-0.12379215097171713,-0.10263580869036822,0.023160502673294236,-0.0017930890099756823,-0.022827588042074375,0.017354024925313377,0.020326519869044078,0.011879861927966957,-0.013283776410754742
1420,-13.147782238655868,0.33865420628061077,-0.47024352583611156,0.12149444755254628,-0.04492692398563457,-0.12313561818701148,-0.166774686851709,0.19999999999999996,0.0082017788291262,0.10689853974179653,-0.051536480612728905,-0.17703152423944715,-0.0011830951531387464,-0.020850367834035637,-0.025075453953531484,0.018578297507208227,0.014418903899429522,0.012506890366828907,-0.004688334338092773
1421,-2.8104902829858602,0.31060033131662346,-0.507798085346338,-0.15524149905476553,-0.08362873392398841,-0.13009279899857554,-0.037780946481864155,0.19999999999999996,0.05339285455858298,0.12892116020581343,-0.12094455004759334,0.08999745672881661,-0.048715413446395635,-0.05438493759247053,-0.042412136278452486,0.015249373300338341,0.03847446481907217,0.04097828267190322,0.008553707185463763
1422,-15.149283054748773,0.3321539181791991,-0.47866062013476435,-0.08642574933021017,-0.10933434266949338,-0.08811367160401855,0.023885255199780395,0.19999999999999996,-0.07052690311290229,-0.04444152496902558,0.1587158420879814,0.2185567110265883,-0.017399198404626535,-0.01298666922410308,0.004520293330273911,0.0266469519808828,-0.0013913073208844295,-0.00951491262889295,0.01916725960267658
1423,-10.173708086017383,0.3261217948717949,-0.48662017612118513,0.0767123110166891,0.11325586788078142,0.08168647264603222,-0.13606103831011912,0.19999999999999996,0.07423811053638595,-0.14350014490720267,-0.14174112440264325,-0.032804930300146376,0.022624544110046173,0.018797278220935614,-0.009182662995811608,0.019838555010479462,0.023976079763713003,-0.013739736059288713,-0.029326232115366575
1424,-15.086569207744963,0.29431359838663207,-0.531189671410949,0.14954192941779962,-0.17485033468951908,0.1425937752961109,-0.035778078409995834,0.19999999999999996,-0.08447523607701322,0.04935465335352549,0.024478319075067922,-0.138927673680968,-0.013994848124947381,0.008132979108260854,0.004707373267429817,0.021037941547983413,-0.0025942040787327644,0.00014870973899829178,0.003080019918257957
1425,-15.701567637115454,0.3101771823681936,-0.5083901534471872,0.11247609929678319,-0.09036337773588964,0.05569831533530988,0.1453814083559821,0.19999999999999996,-0.17076068634907376,0.11788460822914555,-0.047954348725284736,-0.059481155972531174,-0.006393241095416753,0.0034104965397628415,0.022091540226706265,0.02642246423474625,-0.01520886872370522,0.002886155506518045,-0.001479704014648368
1426,-5.229297924059242,0.30926786228752523,-0.5096652075634222,0.1816730665545692,-0.12317266861163839,0.05839688443336671,0.14145814517822433,0.19999999999999973,-0.009376487983653864,-0.06476319787849828,-0.09986523524257451,-0.12129431411747495,0.006067684891822663,0.002818111817103,0.03397237633959046,0.05752318339392642,0.035036814249833306,-5.805569337519291e-05,-0.020299308876729132
1427,-12.919719167608239,0.33132562662057047,-0.4797449719976571,0.14022986452472994,-0.1422043031554103,-0.004657140764414034,-0.08891377561282265,0.19999999999999996,-0.02786403403963449,-0.17311778867164818,-0.1500698332669248,0.07294325996441559,-0.011056936709967987,-0.009946959788664653,-0.008783314205721407,0.0214796368663004,0.005436415135954003,-0.026565137783717028,-0.02784711177097602
1428,-13.955654154816187,0.3267700230481129,-0.48575779125200136,0.11576633237046513,-0.10138142248067827,-0.014229694391773379,0.08900258863762162,0.20000000000000007,-0.08203361693602762,-0.1934769990356267,-0.05233633677188719,-0.15177300937592006,-0.0077097428655816275,-0.00645713875152932,0.013243466322937367,0.028606517885373307,-0.004465358788814142,-0.031179660482252906,-0.017054483454659642
1429,-0.2117190869582899,0.29624927974647075,-0.5283426968553032,-0.1575888962561471,0.22774529790189185,-0.06806794221359477,-0.013321760937795624,0.19999999999999996,-0.008834835432344403,-0.08438180728362071,0.11337901689011678,0.12668044308448886,0.008707770269800495,0.026674781133006826,-0.00026643051657028195,0.04208768490768149,0.048815825262974046,0.004403821311672407,0.015707855606847468
1430,-9.636503269415211,0.33556611927398444,-0.47422189455115343,0.012435168414001194,-0.11598892471691964,-0.11970035383899924,-0.0850412241524459,0.19999999999999996,0.11482759245171194,-0.1498763590185394,-0.052753409691955515,-0.14937696771542724,-0.016980220362981715,-0.027387828261639227,-0.02046329992076377,0.021138564995272727,0.028518901498586404,-0.012351852679415487,-0.021170724222227436
1431,-19.112365826243597,0.3122569144338807,-0.5054879360851883,-0.04749405849865128,-0.014431280538194056,-0.010106248814691009,-0.11949559924036525,0.30009907343996733,0.290140018768716,-0.11067571069506955,-0.017054715528576268,0.09050329447576934,-0.002556358668666653,-0.0014805299440304933,-0.009089140945063879,0.03558026031638782,0.04002524076561042,-0.01369743218607002,-0.014295130192864592
1432,-11.742702000726586,0.3302992653414002,-0.4810923922744677,0.09433803888298367,-0.11545293049471092,0.12015975212620505,0.13570918061533793,0.19999999999999996,-0.10199526304466257,-0.048857880787877624,-0.06602896366007759,-0.11745799038814464,-0.008045243791348066,0.01043073825059211,0.027761335473982584,0.033698341364515,-0.0022535039232458765,-0.013800711863579942,-0.01237873589400575
1433,-13.588892641018884,0.341076058772688,-0.46714876405147576,0.08905821553228101,0.05838740058222909,-0.15906532077679103,-0.14445839034151148,0.19999999999999996,0.14847585516348416,-0.05940417674612595,-0.08642137918709392,-0.05472926167048341,0.009554595093189773,-0.019878150241691695,-0.024178842012169483,0.021499851978109545,0.029755255687937625,-0.002586199303103056,-0.01699783122899589
1434,-0.3915296889205315,0.264459089599539,-0.577641501456183,-0.12292952964335695,0.027389430027620686,-0.07089391608875709,-0.04950665788535644,0.31870965758357017,0.04874773485176418,0.0953142691870543,-0.054986946305678,0.21152185842684224,-0.027280081002813573,-0.02394595698848698,-0.028704780809292063,0.04900495760270094,0.08442824218620994,0.06397699519917086,0.03554686293824455
1435,-17.062045698897425,0.34747731201382887,-0.45907354672529016,0.10168039121604436,0.16775025412843347,-0.09007288063559088,0.14686265534048568,0.19999999999999996,-0.005907451230155427,0.053912247477445184,0.14573821949946014,0.08807590047238499,0.021146312682832288,-0.00653034168852523,0.012271058510056488,0.026791147014066447,0.0026529511885420025,0.0021040767458666075,0.01696309224039975
1436,-18.5347365209655,0.3335133967156439,-0.4768867164615978,0.11496742858166979,-0.13407235073411886,-0.07173105098387582,0.08267394412145276,0.19999999999999996,0.00036721707771627014,-0.12347393679849589,-0.09501221321684433,-0.1777018584858264,-0.013722777984592318,-0.012739921758093558,0.0120717660416552,0.02748213855513268,0.0018895812311256208,-0.020935135726096853,-0.01810242194558687
1437,-0.034458875570120284,0.3186941803514837,-0.49662586707008216,0.06564242764106172,0.03895598175756654,-0.15249246601164818,-0.08605834789819664,0.19999999999999996,0.09336926333769847,-0.08073620131326673,-0.11894629991299234,0.16379901212756948,0.024652327505308137,-0.017955147379624104,-0.04973733308043082,0.010341245240772306,0.058633209301849384,0.020978068370040442,-0.028845024545348548
1438,-7.663888640268615,0.3236639297032555,-0.48990569727241656,0.12886895220313632,-0.10396288236550288,0.10129486152315301,0.15827575861936652,0.19999999999999996,-0.050977851136795385,-0.12497112728189907,-0.12362373759125582,0.008024829278891069,-0.0009134536346750268,0.009831100489907643,0.03661848567371388,0.04933168325114108,0.01701631543043278,-0.018421842315482207,-0.02819912181696123
1439,-7.488452196744612,0.32926390089311436,-0.48245588089545943,-0.03401596166859358,-0.07995145673276563,0.12203866596650523,-0.12968368923488335,0.20000000000000007,-0.15665172368350666,0.041202716829292,0.13752628458911698,0.09892950129533654,-0.014408380771887799,0.007578290664322572,-0.0066772480501798,0.01660376730310954,-0.004963292677022972,-0.0048565310368196045,0.0245507920556691
1440,-19.640560536406365,0.3175507778738116,-0.4981868190738905,0.1773024256955476,-0.02408201061390465,-0.11616211744726536,0.17901807782922285,0.19999999999999996,-0.09168748609922392,0.01284548219668606,-0.08101814060657485,-0.1178842595115748,-0.001202835377577703,-0.016168971639938273,0.01845609118198479,0.026834030363485178,-0.01024918058401088,-0.008670689998712585,-0.011117532467188053
1441,-11.95499998694942,0.3100691443388073,-0.5085414492097008,-0.1000646786440753,0.005230321970427122,0.026911688508562095,-0.1418984960625383,0.20000000000000007,-0.17316141671153434,0.17998066933462986,-0.03457416640666181,-0.1381785623615712,-0.004883217143399041,0.00235478165857295,-0.014446189191478135,0.015458262256286548,-0.008848934695232952,0.012608660937186463,0.003843691413141265
1442,-15.159113806886912,0.342336502448862,-0.46554679070461585,0.12245887912482585,0.0547362337437997,0.0026630856573275513,0.08993080395181068,0.19999999999999973,-0.13893410804749862,0.2059756301211763,0.15472165712706792,0.03057960222649353,0.011111084722177655,0.001470203138604749,0.011452990040285408,0.025188180567943235,-0.008425289735910514,0.017987111269132768,0.027204655083049856
1443,-7.643795205849276,0.3250144050705848,-0.48809739008566005,-0.07063766409503332,-0.1684454567944084,-0.07464327342980805,0.030891951744044504,0.19999999999999996,0.1982703819878681,-0.11267883621389961,0.13771850037999941,-0.006713935354938695,-0.03431655532138226,-0.030676269763159084,-0.005605416473187661,0.03195280582699003,0.04766313484751284,0.008217161528516646,0.014645058683153777
1444,-15.324254204283836,0.30777333621434744,-0.5117690077552611,0.13267409258918603,-0.07380874659604592,0.05989853705376248,-0.1500116140156573,0.20000000000000007,0.06578156556169899,-0.07612447362466285,0.08766477951958984,-0.15403619103939653,-0.0034970792795166656,0.0006939398645863468,-0.01356838531733372,0.019096294254842192,0.01623689281340504,-0.007784169441170648,0.00363512393252917
1445,-11.942606861110141,0.33706964851627774,-0.4722803518259416,0.12019451850469927,-0.12299695756338735,-0.0632067243983638,-0.02389507667104534,0.20000000000000007,0.0786756625954124,0.15029633240028054,-0.12122005924207467,-0.11951466862473652,-0.009836531093480538,-0.016139140563203834,-0.004323693216212146,0.026553454536786196,0.024312476339498994,0.02214899062442909,-0.009329887073784947
1446,-11.296076933114863,0.3360252808988764,-0.4736280471879752,0.11958085588094162,-0.06818022562886324,0.13080935671064792,0.1009646488620956,0.19999999999999996,-0.15381834140656586,0.05339603065328274,0.04434314866769377,-0.12890739218990935,0.00023660500882655502,0.014513022070618765,0.024430679507934944,0.03202103347007463,-0.006647303270378973,-0.001550185269932404,0.008835638954793315
1447,-9.513510884652614,0.3267700230481129,-0.48575779125200136,-0.08193375887348776,0.10076760833499451,0.008379793637500854,0.10068979617574848,0.3315375011417905,0.07395813401934238,0.012226626555165243,-0.09310490325176318,-0.19740187801020712,0.007729921303981934,0.009929213828714721,0.020013309403881185,0.05664589483302392,0.03945773716946512,0.011353068663117733,-0.011416581881898718
1448,-10.039755851708765,0.3421384327283204,-0.46579813837169187,0.17944389178787046,0.0551954171447218,0.028201130439934947,0.129039742549979,0.19999999999999996,-0.14277149584301108,0.16987840308003904,-0.017374061360453056,-0.07809585779399075,0.02194876055061432,0.011314444247076895,0.023868527285665176,0.037571421494070896,0.00012656277118958781,0.015836353270323955,0.011149531061364095
1449,-1.9307311933681959,0.29844605301065974,-0.5251341603374787,0.021020565769887936,-0.057172679753084335,-0.12920620358248042,-0.17268535728308648,0.19999999999999996,-0.17388421902873472,-0.09032470402465137,0.03629509750262042,0.11941117305545436,-0.00919782608745037,-0.039894095361412314,-0.0649438066567732,-0.013032354596898072,-0.01615940606397072,-0.050479124675486535,-0.02540906639575338
1450,-19.414012395208335,0.3546168251224431,-0.4502406627438811,0.1391226621323878,0.06915937781157423,0.08014980323568896,-0.12193529101532996,0.20000000000000007,0.07994733543766507,0.11897293565441394,0.022266433213004935,0.16844616149993508,0.010964811406968172,0.004940488999155093,-0.013882577944927359,0.01749656860737241,0.01535217987442237,0.01073049496254749,0.001821964548715509
1451,-18.088273788545607,0.33086646499567846,-0.4803472485711043,-0.12498000010885632,0.0961045033136774,-0.16108681423691085,-0.04399245827073913,0.19999999999999984,0.1607473739474738,0.04204049593627983,0.03942649515547588,-0.13162185903058687,0.006410440369517368,-0.013769091196292126,-0.006909850985766576,0.026817257955631685,0.02603493638840126,0.0050000083016081935,-0.0024970064948471936
1452,-14.734916951712265,0.32261956208585424,-0.4913093026371794,0.10845937250686248,-0.1872193978514216,-0.001437705170935532,-0.07959732314871892,0.19999999999999996,0.015097178135646245,-0.17213447519940364,0.15069193410046144,-0.08536261388655023,-0.018670698548696563,-0.00992337841209949,-0.005586094655823369,0.022925518920496657,0.008991475301589665,-0.02103895348486013,0.00897913739890125
1453,-17.607287611221416,0.3277603716508211,-0.484443556603702,-0.003771691159090306,-0.22041772069232118,-0.051691143999376764,-0.12910507674290497,0.19999999999999996,-0.2016970712079968,-0.11580970617017579,0.0007584990257480599,-0.07674909100238615,-0.026073354587297152,-0.01260938877952654,-0.008678015191908419,0.021513289479873222,-0.015535949382147739,-0.020944507495662772,-0.0009860237866152117
1454,-8.803901323686645,0.34033779890521465,-0.4680898142179531,0.07868010887681644,-0.027376390922655414,0.17262509989940542,-0.009489483961897095,0.19999999999999984,-0.0434865574365553,-0.18781527621424274,0.03625094700493056,-0.24427613568349718,0.0053966470012670265,0.0239481115135712,0.017072500776191973,0.03105114350346445,0.010969161458887168,-0.026291042796397494,-0.012618590792544833
1455,-4.797179131070168,0.3218903053874964,-0.49229210309107646,-0.19855041967509174,-0.13083956266115507,0.160990003823006,-0.17275570066981535,0.19999999999999996,-0.044132636128081666,0.0831965843133966,0.0025172536800433278,-0.007017839049410309,-0.05104367902009341,-0.004649752257383854,-0.014845052660590215,0.009428632659844728,0.01397113678504115,0.012847404296094593,0.012183806646693753
1456,-17.27052527988795,0.3211700518582541,-0.49326495816012017,0.16956711944781558,-0.1600508792009042,-0.042336567615293544,0.052753145759301234,0.20000000000000007,-0.12063260865517986,-0.07741294880534758,-0.05931043942735116,-0.11793629108880682,-0.014737568052237996,-0.012085058997920808,0.008880980209322329,0.025435288740738138,-0.010030731145868907,-0.017620571298415103,-0.009877401132950735
1457,-19.075405810206338,0.3321539181791991,-0.47866062013476435,-0.03457569003184189,0.13379895441252543,-0.133624561779829,0.14936328817109518,0.19999999999999996,0.09382813297383881,-0.04452935560816199,0.1503368653204738,-0.05994315170223394,0.012898166522400856,-0.00998413702743831,0.013651546467871995,0.028003816743564464,0.011009765413595007,-0.008554116692181682,0.009538888703059358
1458,-2.906540153188409,0.32228644482857965,-0.4917579602647299,-0.15207704596428118,-0.09656016665809736,-0.060695881619724,0.00967384336879711,0.19999999999999996,-0.1611641111754532,0.07886314285928887,-0.1498029664889877,-0.09116284186537055,-0.049165746078147,-0.041966837107733114,-0.02011563414630014,0.026202997635133656,0.0016968338059080953,-0.007912325435637552,-0.023754788586772144
1459,-9.688257902391818,0.3349899164505906,-0.47496826548785787,-0.11608035474944926,0.14791527714628253,0.13139275460314453,0.14568825508946448,0.20000000000000007,0.07795882972737549,-0.0512820208370963,-0.052430024220979164,0.07725248362620817,0.013289101656255436,0.03127229546733233,0.03481385647842165,0.042458477510761976,0.028879499980633383,0.002400363654896726,-0.0069931163411234955
1460,-0.9351046664004699,0.3037759291270527,-0.5174466421304424,0.03966165499654195,-0.10560372795735884,0.06901038202455012,-0.15043254278798995,0.19999999999999996,0.07952587904270962,-0.1287589011545913,-0.18804600488327988,0.03896090715297837,-0.012207295958185264,-0.009143826644593183,-0.021873721956224945,0.010847115831164576,0.049841336556966834,0.001955041431756874,-0.05742124779332915
1461,-18.154414760538966,0.3400767070008643,-0.4684231133405031,-0.09916932257921514,-0.13269733460844232,0.1504190813774597,0.13190939646009464,0.19999999999999996,0.11376174996447766,-0.05983306684396286,-0.11214638049469024,-6.366767165748667e-05,-0.015497854918570895,0.01825804374569695,0.025093409464541035,0.025344649086955613,0.01189660075931002,-0.012713524687736958,-0.020024949887761528
1462,-15.251842428100613,0.3380239844425238,-0.47105248332741345,0.126336927818994,-0.004657200175197679,0.021389462654324506,0.16422817369439935,0.19999999999999996,0.025704515540045526,-0.12373993491612134,0.18058422327657117,0.15335956192434644,0.004226674828966414,0.002350898409246969,0.02193582355976281,0.029880073818964743,0.00614892763423302,-0.016414504912998073,0.017102884897068547
1463,-10.731184861571625,0.33530502736963413,-0.47455993496210597,-0.02001397315091646,-0.14543451925606135,-0.11148073061355629,-0.11966884340953371,0.19999999999999996,0.02963652982202958,0.14670950356303625,-0.09976951884821497,0.1272863813366515,-0.02265860168054338,-0.026992132403150522,-0.022262108458516422,0.018573584402698844,0.018514744003147256,0.020190589121293557,-0.0030332196004290795
1464,-4.935960276909427,0.31992761452031115,-0.49494827221287163,0.1666967793173029,-0.08526122272446886,-0.009131806426393713,-0.00415728070661932,0.20000000000000007,0.14171344208224584,0.12837288059378468,-0.10794382100446105,0.15672276714472352,0.010186013892181654,-0.0059366568466569835,0.0006894814137287962,0.03651491866594658,0.05706574741930566,0.05243245320478392,0.015539824515485095
1465,-5.833544466500237,0.31387748487467587,-0.5032398360851917,0.19485157455159202,0.005806507762837472,-0.06039190172152639,0.1478646323158118,0.19999999999999996,0.06510732789441595,-0.22563360241840802,0.0512491365935517,0.04909531674185661,0.026337841233687254,0.0008597588047636016,0.023535466173470583,0.05457284462475848,0.041996901103378316,-0.015991189079118277,-0.011204653564793238
1466,-4.105336395722182,0.3059546960530107,-0.514342876494927,0.10110046509748014,0.06359162163007291,-0.1264764501599851,0.13731092532360836,0.19999999999999996,0.06692786310693072,0.16306006765675712,-0.05457548817344645,-0.08695711885171921,0.026681417291712434,-0.004197158391006382,0.013687076427102594,0.05659906381742582,0.05533049371566915,0.055863679063296756,0.028599443334746028
1467,-9.82351120070974,0.3322529530394699,-0.4785311503911077,0.14878775422642943,-0.004678782453617948,0.11274704640046133,0.09090501419069233,0.20000000000000007,0.15328813569753136,-0.08218813625715236,-0.11877611827968633,0.08862901249442887,0.012636933559301771,0.018117512323976553,0.024921917931523783,0.03930647040806509,0.038704957879497265,0.0026337278607923465,-0.017930998806400398
1468,-2.255544964770447,0.3102221982137712,-0.5083271290987471,-0.17901345470707727,0.06136738656570084,0.06978412715899097,0.021024305828151676,0.19999999999999996,0.17294067795050175,0.00993508882487953,0.16102400941470152,0.12491094954999647,-0.024058512671892136,0.012077196393353062,0.01958993802149965,0.05126785760232202,0.07983693676870746,0.0595986480049148,0.060607151604237325
1469,-9.40734733917539,0.33219893402477674,-0.4786017654665029,0.08814059287529802,-0.08408075437514025,-0.07451341270051395,0.12378214999423037,0.19999999999999996,-0.1126712326886374,0.08832510578773148,0.16800792090010494,0.060478830678343684,-0.005553631199001938,-0.01505136625924435,0.013521423868062307,0.03683571992910354,0.0029502270355996913,0.007799428281065554,0.03239346310265763
1470,-7.582359849466657,0.3191263324690291,-0.49603735884577854,0.015763815651265303,-0.15766981174123787,0.065439092975041,0.07820256367161005,0.19999999999999996,-0.21916948096141675,-0.25209580193604325,-0.010964448274044707,-0.000694984789341187,-0.02171211154560564,-0.00540400114514348,0.017813747297275702,0.03607638599213801,-0.014347772739258486,-0.05702856809663749,-0.03125897169540891
1471,-18.752288433611515,0.33261307980409105,-0.4780606764182168,0.12507095059944456,-0.12746224033316253,0.20717840592806114,-0.10222344116583307,0.20000000000000007,0.04220710914206014,-0.015006714426369442,-0.04199192114091112,-0.13885921726415798,-0.009620977092491325,0.01658384145475641,-0.0037339737494739506,0.017049160329117564,0.008589668006728873,-0.005879318756863737,-0.010059985645918907
1472,-14.574649017060516,0.30356885623739555,-0.517742785668616,0.017410484130795312,-0.07816328654748235,-0.10856278727654013,-0.15504515552163992,0.19999999999999984,0.006871242086887866,-0.20254672471198068,0.12401272188942347,-0.10738759783525043,-0.01019017640034753,-0.018502276828457873,-0.020018635739925753,0.020476576294786213,0.009381483818887796,-0.024706686324225905,0.00408748602208968
1473,-5.265105787539152,0.3067199654278306,-0.513257953417836,-0.12985209412308102,0.08584245375984394,-0.0723580582332119,-0.04871735122421113,0.19999999999999996,0.15865353306298302,0.22782461421936087,-0.05373558208413264,0.02301631329317555,-0.004999621546866194,-0.006749375218925075,-0.014926006893086197,0.025932244113988354,0.05486533556386961,0.06826977339614444,0.03409449520803592
1474,-6.516199007300244,0.3287057044079516,-0.48319275904159054,0.013995840659926801,0.12351379385427413,0.08063854213206322,0.16813561666014618,0.19999999999999996,-0.18092626777603765,0.14171602071268719,0.03058548100757801,-0.06048843719728687,0.022781661103649754,0.031000402973804377,0.04431479971469937,0.05562268092613318,0.006375057877840115,0.013439030614740352,0.022821226533540205
1475,-10.002400600680373,0.31148264188994523,-0.50656615042202,-0.15251538330413475,0.003763659307325462,-0.1255924849819451,-0.1383748054623429,0.19999999999999984,0.038225513466415194,-0.2051592608947763,0.113963276560404,0.022405616022656474,-0.012890579851355848,-0.02032833732487689,-0.027129705984322627,0.015881880347211524,0.015744157878546477,-0.024490878815182648,-0.0007924505414086218
1476,-18.19654943284191,0.3344137136271968,-0.4757159213332003,0.16132330449776067,-0.09340826100905915,0.03249755977338921,-0.05954116105593754,0.19999999999999996,0.14389320186105997,0.11494396308055364,-0.1342096123784176,-0.06018293634382224,-0.0068215980096589185,-0.0028952540024499472,-0.0035970112294699402,0.023045958427006814,0.023257136693222453,0.010390683493113674,-0.019314071869610008
1477,-15.91893764430533,0.3252664938058196,-0.48776067174644416,-0.011458281407197967,0.1436966902135679,0.17242296319571784,-0.046930491258515956,0.3980051338437256,0.06623158422394146,-0.022954210769395866,-0.019397383242667408,0.11890326184526998,0.018784904610920417,0.024789310048757927,0.002129598293907321,0.04210071521483412,0.019255156268874713,-0.00779425452194378,-0.006463536865349848
1478,-9.195736055613384,0.32598674733506194,-0.4868000553806646,0.026639491310573832,0.04005911849332479,-0.08430122289507483,-0.1326678901372251,0.19999999999999984,-0.14566961544631254,0.15440712569708656,-0.04846780975826804,0.16778772626213448,0.0070126802933479955,-0.010034877886236825,-0.023135779831694937,0.014834905995889195,-0.003585288031084576,0.010749707479092365,0.0066056060993987895
1479,-16.99040944362202,0.3412381158167675,-0.46694246471330636,0.1599906406522315,0.003400039025834023,0.094719545206545,0.11905945682462211,0.19999999999999996,0.1154322859984448,0.1158274791664003,-0.15378850365702024,-0.03778204946890202,0.005783709896150306,0.00911377311974709,0.016817477034708535,0.02532038805263088,0.016501455799602244,0.008924555385539783,-0.020109965116686643
1480,-4.040664623051381,0.30422608758282915,-0.5168035476548456,0.07478827403677044,-0.23130426375152754,-0.14805663700070365,0.09048965609331322,0.19999999999999996,0.16463141395073155,-0.029620318387759945,0.020363633313197505,-0.04074580346599612,-0.03169357115775624,-0.06000353848881248,-0.01737329526368328,0.03944737577978612,0.06077256267489446,0.031636220242618314,0.012040449487442336
1481,-2.488667257074056,0.3120768510515701,-0.505738444834904,-0.04204527223190157,-0.12485991495861122,-0.07736835186185258,0.03911898672618582,0.19999999999999996,-0.15387525748385436,-0.1063801086885554,0.10871504387349337,0.1476370641755458,-0.03459199097798389,-0.0437513926005279,-0.016972727554548338,0.032840034901700704,0.004492633089758307,-0.03802852051800404,-0.004957441648665479
1482,-1.568282332961985,0.3058106453471622,-0.5145474007580287,0.037776289728236816,-0.011374929295098113,0.23222635803945804,0.07148002814688074,0.19999999999999996,-0.15550278096696682,0.10973822128879837,-0.16689269340454393,0.015008699130017246,0.009954116945708705,0.05105465852208101,0.07202080978879244,0.07895636297325132,0.03346132215564767,0.015016455893973416,-0.0070959830579442155
1483,-7.155563548559275,0.3238619994237972,-0.48964000724989587,-0.06131180447387038,0.16259235294486288,0.15572935381200861,0.040267758317979546,0.19999999999999973,-0.0949141976340616,-0.14649595741863858,0.10473422770648382,-0.03395434769209479,0.020648233316036494,0.0415835262476673,0.03047878708933731,0.040806047074160606,0.010467750064489634,-0.02287434543739982,0.0022019344085903426
1484,-6.003789312726644,0.3471892106021319,-0.45943377960373977,0.14335530939044433,-0.048757478810566565,0.1290138609428302,-0.069987640397729,0.19999999999999996,0.12235278525616013,-0.09488407272580635,0.1361880142126027,0.05546083826386069,0.01259624123036227,0.019683068538674582,0.009068302893783946,0.03178091351523889,0.046023746855072864,0.01128052185022811,0.02090810061932245
1485,-6.766773632664142,0.33057836358398157,-0.480725574489865,0.21862773221818463,0.001678965156858503,-0.198690401556062,-0.0956021630468785,0.2483543440129552,-0.018790340028347705,0.07139179712766887,-0.142353396946742,-0.0045108599063026335,0.023636880442755383,-0.025637302918853584,-0.03197793192025481,0.02422847458360885,0.02360523243808276,0.012886860894831426,-0.012655735824549189
1486,-10.812215044290367,0.3556161768942668,-0.44901849130104493,0.03624818273543417,0.0864409388645568,0.13240732721000806,-0.060106048574267566,0.19999999999999996,-0.0688119565130385,0.13138207639412539,-0.10422712269965839,0.18037634700891125,0.015979725483735066,0.023432548974102227,0.0038558796558437235,0.02298893801732602,0.0066542945982474965,0.013624324311222886,-0.001974029828353934
1487,-6.078692111997359,0.31697457505041776,-0.49897557171959145,0.07463324770131911,-0.03670466210755963,-0.1822615287731787,0.1825042703905316,0.19999999999999996,2.8107911974944147e-05,0.03263181550880132,0.14320980302169034,0.14802656458494434,0.0012284840276037734,-0.02930914295319483,0.009129870787057624,0.049956370412447916,0.030486256620211167,0.01627026352064772,0.03442096940932606
1488,-5.882252850437077,0.3317847882454624,-0.4791435295006242,-0.1329812176789276,0.012802969955864496,0.046138393492015206,-0.1304388057083983,0.19999999999999996,-0.10860484305523609,-0.1410673919367348,0.09401415317385427,-0.13395222499896925,-0.015000178602850528,0.0021226274495288054,-0.014966962528872297,0.014487212576669647,0.000813775539546439,-0.03137494590791108,-0.007734264337492657
1489,-19.661976318665292,0.33729472774416597,-0.47199044721729444,-0.18262559241577447,-0.08561624312947443,-0.040971236111792764,0.10798667162423232,0.19999999999999984,0.02041497412189276,-0.033302530811915906,-0.1316785743197243,0.19740417746519323,-0.01285171978181576,0.0003882388459495565,0.018724812180949783,0.027393658080888176,0.0032155396657939576,-0.01163495578443589,-0.016915276084054808
1490,-0.3424376052988407,0.31111351195620857,-0.5070811266586087,-0.15867308468979638,-0.024691553882723205,0.013420302556707075,-0.030337992888865337,0.19999999999999984,-0.2001123051312792,0.19979191530482343,-0.08267350241117052,-0.09029934313463496,-0.04752394848063605,-0.022699864821453548,-0.012443826538189796,0.028520911338832076,0.0027679037686033116,0.009644484090949599,0.0173286229316682
1491,-9.274832832760048,0.33363043791414576,-0.47673433448773334,0.02018229968432098,0.1573508135777621,-0.17428021964429619,0.17485286287182414,0.19999999999999984,-0.07177730518656172,-0.00452723082905194,0.06415187166205405,0.13287739654412903,0.022163331336623394,-0.0090814666065787,0.015000328371319689,0.04166421187180199,0.009201566028191928,-0.00230403823109115,0.011681756190507235
1492,-10.69330812991053,0.33849214923653126,-0.4704513996015614,0.14401289427943023,0.04883081825259379,0.07489568408839299,0.14362060019185555,0.19999999999999996,-0.12064724576153746,-0.02566037960451671,0.14685364569962625,-0.09547873212204708,0.01779096311199712,0.01611751257570844,0.027881743395967107,0.03703193955234033,-0.0010301813619473426,-0.007993511524382926,0.018694255785649826
1493,-5.39294761797926,0.32740024488619995,-0.4849210000838649,-0.03077292485116291,0.15679438799733278,-0.03518051161137883,-0.10253275371951905,0.19999999999999996,-0.09776643822475817,0.12857709611416232,0.1524463557562708,0.09592953172541512,0.02184391059769408,0.013474103881507849,-0.013107297092505464,0.01963159066150932,0.010212972835353227,0.018247051958257154,0.044644631718339114
1494,-19.73204001666587,0.31600223278594064,-0.5003098487639142,0.10407214852084698,-0.18345361810407443,0.14316969509237648,0.009096337503183227,0.19999999999999996,0.01956190559554709,-0.13658002204684253,0.1792584802882238,0.024807792848905535,-0.017159505191511788,0.010309846780340482,0.009081084235546471,0.02088258611792861,0.00204279938101049,-0.019038158304108238,0.0145908000962286
1495,-5.192656675134071,0.3098080524344569,-0.508907298383133,-0.10685566791743634,-0.044907524694902654,-0.13959469113219614,0.14819036956016274,0.19999999999999996,0.07895408334318176,-0.09378834591969593,0.14147094474451297,0.04623837268791154,-0.025190708095590278,-0.03353561765077079,0.0032438282647412053,0.04750796334204776,0.0429452671093493,0.006617161238681487,0.019103083689051555
1496,-17.990514892546233,0.3293269230769231,-0.482372763470336,0.1823935317831397,-0.04482326886602327,-0.12434754113670808,-0.07923635355169016,0.19999999999999996,-0.02171140798420152,-0.04589054928192937,0.1735201629076643,0.12807718448864366,-0.00252679102949566,-0.020486355346687028,-0.010747186023629944,0.02382079097849207,0.005001393269489339,-0.007078231253567262,0.0187605089595982
1497,-2.6616310476850416,0.3108974358974359,-0.5073828597521979,-0.05876101866430205,-0.2134953607618416,0.16606504795454488,0.01251811027671729,0.19999999999999996,-0.05517620552041049,-0.10631978171364956,0.004579135469616126,0.18308533963891802,-0.05125038789781066,-0.014423118182157281,0.01932699569761971,0.04424225911603565,0.028554093022807803,-0.016264683837368076,-0.013811517122244354
1498,-18.64188181218669,0.3319738547968885,-0.4788961185988508,0.11025503924110841,0.1631129159141338,0.01201047731382642,-0.09865008110880574,0.19999999999999996,0.08347117592274605,-0.039832361292348926,-0.13440986507683758,-0.15825808413019313,0.020745074701800915,0.0005969429649319177,-0.01428292508194412,0.01871576300300956,0.014529647522334349,-0.00837602874623041,-0.022240471298482428
1499,-7.12706956113661,0.3182980409104005,-0.4971660344057672,-0.06807824416903421,0.1697003712675125,-0.04244849568168924,-0.19032244880919547,0.19999999999999984,0.1272065284662401,0.13292088782155081,0.043359591093541414,0.0259634326912364,0.01835547730030374,0.008122894116789682,-0.027964913261961544,0.011915082394069612,0.03955068206849672,0.0398146436569359,0.026965416961433314
1500,-7.33271754548751,0.3284536156727168,-0.48352595298311174,0.10258057832076822,0.13714512269162205,-0.1441342737420729,0.11962271449127186,0.20000000000000018,-0.15064620868943618,0.0041959780005249615,0.05856966459043058,-0.08310545947387313,0.0307785197042956,-0.00279731556755291,0.010506873440740364,0.041346892570542214,0.0026298493298890593,-0.00765826053479043,0.008485800470355522
1501,-10.801027767608385,0.3253385191587439,-0.48766451443798015,-0.05274555401790077,-0.008810551372317099,0.1210893472222071,-0.05152517182820175,0.3316752386654862,0.17444692026760938,-0.11016029322792296,0.07984487743558401,-0.06970204596277071,-0.003313651579016883,0.015103128456330195,0.005445874302412031,0.044033850673789184,0.0450998682591084,-0.0004782140307701634,0.0035905133143913246
1502,-2.657359242892362,0.3112125468164794,-0.5069429023529142,0.17239876227787848,0.03362058897823612,0.14162566690410996,0.054743351458446034,0.19999999999999996,0.16142855276810902,-0.07361295459680313,-0.0002937002610553724,-0.16227642275536194,0.043310344955073986,0.04927326763143232,0.051769189857300446,0.06984946887917891,0.08505741173215352,0.04247341001121163,0.010448109836932314
1503,-14.9345769021311,0.3348458657447421,-0.47515505881628733,0.14725627407043348,-0.05539855238928619,-0.05278884040589756,0.005601393314669837,0.20000000000000007,-0.15841586563337764,-0.14522344039325535,-0.09005309660615197,0.14526253718692794,-0.001820237847914566,-0.010641056041850309,0.0006794101749011264,0.023751559977272827,-0.0128513438483786,-0.027583653706496576,-0.013805879308301586
1504,-15.460965939400916,0.32143114376260445,-0.4929120463375423,0.1406581798604102,0.12333663941517317,-0.00776205712653686,-0.14162661968706117,0.19999999999999996,0.0578860432449265,0.015002581488069766,0.10849236851854092,-0.20523551065928153,0.01958670939955157,-0.0006773244852493845,-0.01825150118596338,0.018642322459097988,0.01646019748179103,0.0032819568369087684,0.008867924122184885
1505,-3.339677741304744,0.28798437049841547,-0.5406310816521712,-0.016619971142019626,0.057666259401387594,0.07667245741275573,0.054083408610412394,0.19999999999999996,0.16042997910411583,-0.1870543656469235,-0.04358418665851757,0.20388937202386784,0.009093646019334834,0.024813082620733885,0.030794602110565443,0.05728261824555104,0.07195623840959489,0.011990729681245444,-0.018109623267519106
1506,-12.767940170984428,0.3429757274560645,-0.4647366140822879,0.01082180534264725,0.1649644682744147,0.07274114284463684,0.06270214459240668,0.23759790965284333,0.22654421422528542,-0.07911454011778757,0.11489326171636773,-0.030620513233610466,0.022675804257256158,0.018718325398733006,0.01369891028403546,0.03550780182931608,0.04021727070255876,0.0020357462063160083,0.008637752593004854
1507,-16.870626494425945,0.3229886920195909,-0.4908126822492692,-0.008199077620407069,-0.11374986374062035,-0.12638794399486197,0.1691766690437059,0.20000000000000018,-0.11002519605488308,0.12230245774340287,-0.09170679875525663,-0.05845199304686205,-0.014955509225459311,-0.015686883627033375,0.02112244702010229,0.03060859076597457,-0.00782898204623851,0.0043904031818622095,-0.008507850586467722
1508,-13.393710479871777,0.33934745030250646,-0.4693554095451884,0.01724093109786606,-0.12112552978227867,0.10843483784885179,0.053931659369641685,0.19999999999999984,-0.1810264839432368,-0.1376814445894382,0.005892814224069944,0.17466629914461695,-0.013153147987654054,0.008398605857239443,0.015394546341863229,0.025303064716943203,-0.016063132303020915,-0.028221851368215197,-0.0029619820791770314
1509,-12.905181849401448,0.3369526073177759,-0.47243117873628654,0.18798764075223973,0.1063310512372458,-0.11185140250975441,-0.03363657289444379,0.19999999999999996,0.09986714313442285,0.11220720673237834,-0.08060148097833651,0.06751750176117871,0.02192364778669502,-0.01053546347536438,-0.009099590406719864,0.025690815214550716,0.025823198295024878,0.017823214641919483,-0.004871659099957052
1510,-2.783433709594977,0.3105463123019303,-0.507873623579698,-0.010496298838675484,0.13663318370507913,0.20457217390219318,0.17414197984070123,0.19999999999999996,0.015320635560910612,0.027478125117417714,0.039137251739341336,0.1922203512956814,0.027875505053487293,0.06881679200663617,0.08766459430416039,0.09475150761967602,0.06767095102704569,0.03914296163678666,0.03509504279321515
1511,-11.619690789782144,0.33836610486891383,-0.47061314801382337,-0.09347565120125541,0.15413445806538423,0.0023888574685787555,0.10343082437738003,0.19999999999999996,0.17985393916623377,-0.043765155998796205,0.06353432372707178,-0.1594167899952998,0.014753169491323338,0.011238296304350052,0.01634202602567682,0.03475098455320497,0.03572008928451037,0.006227975663607621,0.0038847210192592125
1512,-11.86081653179092,0.3403107893978681,-0.4681242815780778,-0.07119467813230965,0.049404687405693995,-0.026444125627643957,0.21826149659656033,0.19999999999999996,0.10547869012550574,-0.0024612120074718716,-0.18958026413163026,-0.13717484597318422,0.001968596537480711,0.0023176155539147156,0.02967461684629148,0.04047699064948399,0.025268191370545996,0.0028196615306446153,-0.026966334463727627
1513,-3.7661453049264324,0.31800993949870354,-0.49755930579550534,0.056493549586038666,0.14286219825616842,-0.20162261851260532,-0.09538549414250373,0.19999999999999996,-0.14789546409106052,0.08828969342730429,-0.019607064554808717,0.04784391742951028,0.03335167999053899,-0.010159786503621074,-0.03878403199214472,0.011058491132213117,6.644228207841825e-05,-0.0010907536307989344,0.00610445532833842
1514,-16.397516808671547,0.3193063958513397,-0.4957923822587869,0.04522881699367559,0.018477403272406035,-0.1979441223417723,0.07873480642120065,0.19999999999999996,0.14642367877981186,-0.030721864113390115,0.2375294416176734,-0.044939866460070144,0.001209055542249346,-0.022711514238925232,0.004952262050106035,0.031204803257016366,0.023331992297576914,-0.0008207366659443675,0.021357239738176485
1515,-15.491484860725347,0.3369976231633535,-0.47237316218705944,-0.06818776534423206,-0.12277979781473261,0.17126925366135604,-0.013868244765920882,0.19999999999999984,0.014630405511810485,0.15378139439265456,-0.18763965832686466,-0.06784348018242889,-0.01503993550208388,0.017338445778993516,0.009270779034790101,0.02203533647766881,0.00919352136254598,0.013087993706877805,-0.020131860708295764
1516,-2.821691889683759,0.3082054883318928,-0.5111596319023711,-0.07345323826646138,-0.052733765138887945,-0.07892552637573133,0.14850901182280157,0.19999999999999984,0.11256540812899767,0.14708377097666123,0.14932245322141138,-0.037406826069047654,-0.025785364227933507,-0.029087489159787233,0.009679257473272525,0.059916540437562685,0.06907963324048337,0.07034916297064289,0.07452670955170904
1517,-2.955553226932082,0.297275641025641,-0.5268406757313593,-0.18805800958171062,-0.1367800416729695,-0.053772491799952166,0.15723299387342177,0.19999999999999984,-0.0036995356397206535,0.08704145630574699,0.020674398755294216,0.1527410723711842,-0.06346813732802098,-0.0485605516480539,0.0056676110857049105,0.05519425519565434,0.04204505621496969,0.031236377762127773,0.029281850704463704
1518,-7.028759845252026,0.32365492653414,-0.48991777795453817,0.05782152856049548,0.0976586154699528,-0.15391629335004073,0.07502660059562656,0.20000000000000007,0.09573159739332497,0.087282037186712,-0.10162417742425539,-0.13093915001959197,0.02001760388437539,-0.010222538495063856,0.000623432886931729,0.03892081504062025,0.04099039115651168,0.03016501700179744,-0.0014973741308608574
1519,-7.110643957741157,0.332748127340824,-0.47788437999403904,0.032490931194367266,0.014622883313950176,0.11324755647339528,0.15718119726881827,0.19999999999999996,0.22322283585462147,0.045103747543995217,0.09998532960632261,-0.1141455187445298,0.007585366885542079,0.022591465113388488,0.04122045581102377,0.05626826520686354,0.06524719602785865,0.0437295084200108,0.03211581013923354
1520,-10.053930177707981,0.3461088303082685,-0.4607873203671456,-0.1274284800246954,-0.04604768360524616,0.005887081876154431,-0.18308606709132275,0.19999999999999996,-0.11567526885847228,0.1640705850416918,-0.035023227786123635,0.1227816057162935,-0.01616645111312092,-0.006051730265598485,-0.023431593291214588,0.011606876730355252,-0.0011611787130998425,0.013812750254927484,0.007338188354781019
1521,-13.47346952124188,0.3314966868337655,-0.47952080782332207,-0.08600719538766197,0.11117577085952061,-0.12570211394644878,0.10800079176315953,0.19999999999999996,-0.037102049721736134,0.1811171919482417,-0.09231820660934748,-0.05857667976388384,0.008459007718017412,-0.008469990030714468,0.00952012700253011,0.03037032211976209,0.006459330216172582,0.017549768951379996,-0.004777428324902735
1522,-17.360615779432397,0.3576688994526073,-0.44651882161600415,0.20190920899822112,0.03289406566894344,0.20705083525820664,0.002042142986786341,0.20000000000000007,0.09897105485209258,0.1325644569334532,-0.030023567335963824,0.09454466796633286,0.011256552464781057,0.020295843440829,0.004578864145145046,0.018738386521563954,0.015350049143369895,0.012380075133318161,-0.003448213522519605
1523,-7.391523170627817,0.31735270815326994,-0.4984577912494955,0.14167862121131167,-0.13844260764033453,-0.1552917454554121,0.024484159083126043,0.19999999999999984,0.1265706262957527,0.10938137153869557,-0.016247352289979564,0.08790351648538802,-0.00794380477683225,-0.0350747075951381,-0.012421731681437792,0.030915180045346533,0.04154021805352331,0.034300751052735626,0.015549644771053441
1524,-4.5284814253055945,0.30818748199366175,-0.5111850054991244,-0.07939241913997928,-0.07537579861948647,0.12701601371775256,-0.07142659836242507,0.20964662582134697,0.22574250929348838,-0.18397122149840195,-0.0074045126109988256,-0.020024300936120475,-0.024118753270368217,0.0052531121483100265,0.004044234470011592,0.032623938225098646,0.06763028477967395,0.013024726494677329,-0.013308302116387198
1525,-6.327579956463602,0.32110702967444543,-0.49335018675550496,0.13951872887313338,0.10623131041669001,-0.12101426366025796,-0.14454000724533192,0.19999999999999996,-0.004710392980606038,0.08317674376192583,0.1311876897548226,0.06962086330723238,0.033237853250316064,-0.003126245012490698,-0.02957539048970754,0.01368725824443813,0.02117676200371495,0.020111927334177864,0.03474467874199089
1526,-0.8262986650818647,0.28270851339671565,-0.5486611131038822,0.12279889451537905,-0.09615220082750775,0.14146219496504825,0.12922014112456756,0.19999999999999996,-0.13207404296104547,-0.057713401743626346,-0.06035939512640396,-0.06021972873642169,0.011866907484067402,0.022612527882685023,0.06339706448572338,0.08855635423971725,0.04181334775113755,-0.013461433140420734,-0.02383918899246273
1527,-8.545233795739538,0.3331982857966004,-0.47729724157194975,-0.16242040965905685,0.20929143111633983,0.029026767120300816,0.059578978607047535,0.19999999999999996,-0.0016474758271967248,0.07611319640090801,-0.10328502293205485,-0.1586367183370954,0.016045740578945297,0.02188975676779995,0.016536213153787505,0.03616487583356818,0.021391569582733593,0.014942698195575305,-0.007503817807807543
1528,-3.6345616644542424,0.31446269086718526,-0.5024308736262539,-0.07655118266260258,0.08032253450882139,-0.15370297895051868,0.09800508805378781,0.20000000000000007,0.13687698055589737,0.08985816175889727,0.09400925918532128,0.07067381432415361,-0.0007553583384091164,-0.017991945662816096,-0.0031655203191377165,0.04752499318960128,0.06411267834321699,0.05612482026763335,0.04983167927862863
1529,-6.3635153867297305,0.3746578795736099,-0.4263651291559562,-0.04512931925521001,-0.0607775879233337,-0.0844623933372653,-0.21651797804614148,0.20000000000000007,-0.1872082824038203,0.04438349020987789,-0.11823319360522457,0.04328775521912672,-0.01670655753483778,-0.025952402989017055,-0.04607662419673853,-0.0020120615562265855,-0.015436490980355563,-0.016715773001999886,-0.020932406392021177
1530,-15.901609576140299,0.3322529530394699,-0.4785311503911077,0.10093822357436022,0.04557478754839134,-0.09514042906632328,0.14010444465043728,0.19999999999999984,0.1541147101057909,-0.027542195863622776,-0.12324843873345923,-0.11333677045761519,0.007569062804115028,-0.01002177154385109,0.0141557984206201,0.03120357575541501,0.022821961295955286,-0.004519387993250042,-0.021768245189513362
1531,-5.472361284758842,0.3215031691155287,-0.492814741798536,-0.23627438937775674,-0.061499505058234455,0.08111443872982686,-0.038533423673216896,0.19999999999999996,0.01527472888603616,0.03421099610723687,-0.16658294499433443,0.16650957317335763,-0.04246734497525947,-0.00607189103183315,-0.00041669747256201344,0.027203717650402824,0.027159718768301765,0.012189496463021617,-0.017967004294724885
1532,-14.010483446422157,0.35234802650532987,-0.4530281566351265,0.02916083188058613,0.016123109529365482,0.22078348731343364,-0.07846256850765138,0.19999999999999996,0.03607394280904069,0.23748833120135993,0.09351304795444638,0.08839468080411639,0.005945362238724371,0.026895460082617898,0.0019020331578191577,0.019268689023097873,0.015590854255998463,0.030525755408961557,0.021860028814689358
1533,-18.5902210409972,0.3207559060789398,-0.49382533821451907,0.06798546912294204,-0.12376495598335083,-0.12032513747878723,-0.15235708514412558,0.19999999999999996,0.03486239392212485,-0.16954550386233844,0.06793654704321334,-0.06322290744311777,-0.014062357103814026,-0.019531253312141256,-0.015095716924645283,0.024512654311246114,0.01183860463624052,-0.020240175590429073,0.000774891010383798
1534,-19.265161473415322,0.32796744454047827,-0.4841692640875125,0.029827613590794534,-0.17212492294458645,-0.09024241299846186,-0.0756015270220621,0.19999999999999996,-0.12814543137893808,0.05584796017077562,0.16170292390242277,0.08650720799195863,-0.019805633626642158,-0.01471541489731523,-0.0035145253636432593,0.024411997238092613,-0.0062754840499213,0.00214460450756344,0.021147001833084652
1535,-19.768461574758483,0.32969605301065974,-0.48188625202564034,0.19665661086016037,0.027640772533692463,-0.026078196185022207,0.10745108187112579,0.19999999999999984,0.09367258049800875,-0.17971766898414696,0.14546578842215557,-0.023317300645687992,0.00579881431223261,-0.006725354450562661,0.010152771043752996,0.024399195233240766,0.008477145241855144,-0.024091858845133034,0.00722114181821313
1536,-5.674272699228,0.31606525496974935,-0.500223243496956,0.1615683244680863,-0.0768566932878042,-0.012475333745667434,0.07886807377741431,0.19999999999999996,0.16203100664473563,-0.03759544870779898,-0.15403687708119365,0.11656824228729959,0.009130696079723872,-0.004537871409631363,0.014477768236640194,0.046910666563017685,0.0581002309972696,0.024258119640736403,-0.016401765662700844
1537,-18.13598142122128,0.3275352924229329,-0.4847418972638532,-0.04395052683668706,0.10096391514605853,-0.17788769956865316,0.143653579375886,0.20000000000000007,0.024203086672830432,-0.12235959290553665,-0.16816463181148633,-0.018816967682861847,0.008532044257963764,-0.015390762534438792,0.012977113283453013,0.029333736589820546,0.004124412820793679,-0.021525219030511297,-0.02569240107783368
1538,-2.9849199238369053,0.3014891241717084,-0.5207283498502173,-0.09680454709306308,0.0784143961623154,0.15448978852412318,0.07815359826399737,0.19999999999999996,0.1534494075313665,-0.10052092599506278,0.04170265860750902,0.09646467782256274,-0.0010195369522444388,0.03891055779080549,0.05005204747714085,0.06823042571466921,0.07837220190940056,0.03268490213092165,0.014032979458674629
1539,-3.4186188061190883,0.30699906367041196,-0.5128629490941277,-0.04863912763113386,-0.10631609224376079,0.08988298269114187,0.1117941001595273,0.19999999999999996,-0.1322931413031188,0.0422835212905156,0.1478992380919279,-0.12089179658887388,-0.027552668842545626,-0.004065901269366092,0.03136890260687609,0.05756831677799595,0.019644084438406116,0.0033614092856994572,0.033979833685050496
1540,-4.291354064868502,0.3207378997407087,-0.4938497189747514,-0.07586743119503403,0.11864276937991285,-0.1283678005887261,-0.12738429423557548,0.19999999999999973,0.10062867480626375,-0.12326908753143903,-0.031109292696259373,-0.09473064956678952,0.00712335845405497,-0.009982207832650778,-0.036310588137957976,0.011129947875795208,0.03889540100515253,0.00027249835095429284,-0.019413195520154452
1541,-4.362715800474303,0.34571269086718526,-0.461284677523185,0.16706770493355086,-0.16116117022940793,-0.07502020931454711,-0.022570305347432634,0.19999999999999984,-0.0763284396731437,-0.052799076725724134,-0.15571847813010029,-0.08933461564609348,-0.002959611940133779,-0.03025860117016402,-0.017789265429234806,0.02535258993248218,0.013906871027097619,-0.015490648873351182,-0.03803912089740156
1542,-9.559909349646343,0.3520689282627485,-0.4533723017673078,0.1329244674053179,0.01577437015728213,0.14711780591156612,-0.1100030211856812,0.19999999999999996,0.14665880673214915,-0.038473653066107706,0.11565838887955593,0.09338948666233986,0.015100880347438441,0.0223569465492743,-0.00010206184317683372,0.02389287428866273,0.03738627941185199,0.011392319021359667,0.018123712332941057
1543,-10.477544032149687,0.3168395275136848,-0.4991606430225114,0.03142391176559622,-0.10199766365738197,-0.06738342790767059,-0.159272023772038,0.19999999999999996,0.19918478239887208,-0.07104706094253559,0.011883846492319687,0.1578072830635859,-0.012604670906190697,-0.01849969319157978,-0.024798241051439716,0.018075914186955658,0.03975137053608411,0.004800068191800346,-0.0013773700210606033
1544,-5.7305397323168545,0.32942595793719387,-0.4822421825047105,0.16853456091970076,-0.13407635595778544,0.06720019713853641,-0.11163321608967622,0.19999999999999996,-0.05020588498233086,-0.036433526393136774,-0.12150526382918661,0.11041099468964698,0.0014364768861936485,-0.0013827430132514952,-0.008905342996415856,0.020155584043465177,0.01509699220750458,-0.007739311328631265,-0.02226136058657121
1545,-8.061024390252696,0.32247551138000574,-0.4915032598700815,-0.1405502086977672,-0.005866115947494175,-0.1755070481910819,-0.06676414911264042,0.19999999999999996,-0.22359408127407238,0.006846750175250848,0.11325120287681094,-0.06762044372488213,-0.017343728978851877,-0.031011878111192034,-0.026726565480615458,0.015307674389449395,-0.01811221009081903,-0.018841608127694073,0.011112336631299721
1546,-16.904297773995076,0.3396985738980121,-0.4689062763549471,-0.1392949760091159,-0.14557310780065566,-0.11204189731468146,0.08690319092551209,0.19999999999999996,0.04537171073714578,0.11226474899804864,0.0848142120658125,0.07373615614902805,-0.0220281370069455,-0.013028553280005534,0.014106277063401467,0.030582940937702616,0.011785769087035153,0.010324169485662787,0.010099661934139052
1547,-4.3855356072330345,0.3285526505329876,-0.4833950248752086,-0.09731132787352204,-0.14166013708344172,0.2450201843309031,-0.008249181281848476,0.19999999999999996,-0.03640493124390944,-0.060335341564330194,-0.18985758014521625,-0.021161316476828763,-0.03752122039327357,0.015355381244607173,0.029995464293827066,0.04199133652547702,0.02712954247104924,-0.0067208796344285495,-0.039123406814278165
1548,-8.04769073863696,0.3193063958513397,-0.4957923822587869,0.17326816905824183,-0.033508630337140625,-0.0961166148879254,0.014045834795440209,0.20000000000000007,0.14229895038097795,-0.17486057999025864,0.055998768093945814,-0.10990245245606951,0.011156590643235603,-0.013882454163271926,-0.0038258974057468974,0.03263763197181577,0.03980062794750238,-0.006995504766002231,-0.0052466989293155405
1549,-11.35445899826905,0.3148858398156151,-0.5018468688274528,-0.07300278244275478,0.10958809829911483,-0.149462095444383,-0.015017449523835547,0.24475853924761326,-0.016137414521893444,-0.2540424027345695,-0.08370687928167468,-0.05428433850416098,0.008137032789543376,-0.013216359271461878,-0.008518011606549586,0.031218238713738945,0.01047217749018388,-0.03621429880321664,-0.028931550216444633
1550,-14.33751879248619,0.3261938202247191,-0.486524270971177,-0.2430158091810286,0.04343942573777205,0.014765880308988821,-0.06363404561052505,0.19999999999999996,0.23804393774176325,-0.12809186221875718,0.03052563288896438,-0.03848340631220075,-0.004492015758772802,0.005975669666115158,-0.003674576665451039,0.024427992825189267,0.03631959309137758,-0.007941569518195201,-0.006865620497935394
1551,-12.006966045409179,0.3312355949294152,-0.4798629996323392,-0.11270174969437062,0.09597739612220603,-0.12066683696991475,0.1521652052391334,0.19999999999999973,0.1086210852159514,0.03885747158796576,-0.07574780032354332,0.09526245484691487,0.004558667453069166,-0.008021830869390992,0.015348028907426694,0.036359735452419085,0.026083069768719117,0.009458282955404592,-0.007366639788072208
1552,-8.052610972780172,0.31025821089023337,-0.5082767162043055,-0.11805142741734612,0.20478578498928307,-0.019347165289859056,-0.22016656333603027,0.19999999999999996,0.11367370020495499,0.012006136611368408,0.1047447237143561,-0.007224498436802108,0.01877653094891571,0.012263580093184205,-0.029296204573973632,0.010162843649281113,0.033354911787188815,0.017587962087880445,0.019776111930738426
1553,-12.173772520073161,0.3418953471622011,-0.466106809456494,0.13989315845178255,0.1491725661453304,-0.08152884866119194,-0.04049095774998299,0.19999999999999996,-0.09774920065552535,-0.1319707525163233,-0.119031048219346,-0.04016346760051757,0.026482670288132445,-0.0031264651388510896,-0.00837323052134996,0.022860975179296115,-0.0017732649814966278,-0.024191697427821495,-0.02328829471070361
1554,-11.693813330412377,0.3278233938346298,-0.48436005793216413,0.036634990083065616,0.13572397689709953,0.024963291234665192,0.20449705866384904,0.19999999999999996,-0.1718865511937187,-0.03409085551869709,0.030988920812187622,0.1612143555967172,0.020568053777164846,0.014105817316539853,0.03090517641429953,0.03684161387255311,-0.010646978519890195,-0.014363652404203802,0.005218859333678189
1555,-13.452419892731045,0.322394482857966,-0.49161239889189445,0.03553677920493584,-0.23858389877066974,-0.08389385560638472,-0.023306448757436347,0.19999999999999996,-0.08849754820775713,-0.1657701233542734,0.11000586763301491,-0.054405478465527964,-0.02941438567651495,-0.022477198452591128,-0.0024841239870981397,0.0250998062432235,-0.003126807580574939,-0.026103975234548018,0.004561953778868804
1556,-10.14787335639725,0.34124711898588306,-0.46693100651181757,0.10042224890365857,-0.0219039700898318,0.10246846296698056,0.08574220079477739,0.19999999999999996,0.05273896169758364,0.19127335791981723,0.11091708099028921,-0.13453371663706157,0.0059120047149629935,0.014500315523162822,0.022466605777610157,0.036324127907035174,0.02641704488817647,0.034665062530244595,0.0307576961897701
1557,-4.902498791795418,0.3271301498127341,-0.4852794274620391,-0.0876959293749608,-0.12790819573023707,-0.05558083820690277,0.14052596302093276,0.19999999999999996,-0.12651139217367416,-0.09301917742934637,-0.14154396732380495,-0.027214536740141196,-0.03632677309580577,-0.031535270868989745,0.010092759343832745,0.04660140079434105,0.009063970219226593,-0.027179223344491014,-0.040829775422468795
1558,-16.573910387954903,0.323024704696053,-0.49076426187049144,-0.03258873776922494,-0.11064095898322428,-0.040338549226603834,-0.09606676601737425,0.19999999999999996,0.1305137926324071,-0.10821659472777082,-0.069274714100619,0.2123598865427757,-0.014379253575582942,-0.008361609230309012,-0.007503879307970245,0.024341747991736256,0.022399015607052687,-0.012723595439411569,-0.013427000367320995
1559,-4.943111242520093,0.32009867473350617,-0.49471612390996567,-0.13403139370075717,0.1486981765683311,-0.07082801173781594,-0.07758367868994233,0.19999999999999984,0.05345039720357106,-0.07309101956016101,0.11482927402311782,-0.12748804851630374,0.004731961879621579,0.0021567909948158864,-0.017165362845209926,0.021725041957117434,0.03326432504942791,0.004740046372584481,0.012808330670623144
1560,-16.324301746212385,0.334332685105157,-0.4758211637397017,0.05486005748639948,0.13047760997344043,-0.1008406084443897,-0.04816175570301206,0.19999999999999973,0.1336800538514444,0.16182809404450454,0.15246980678446015,-0.0176820137123495,0.015867793476349354,-0.009596588086196987,-0.00943289076801852,0.02421854355612759,0.025403741868691883,0.021805480440960024,0.0181126945562955
1561,-13.993763825088632,0.3195404782483434,-0.49547411914441447,-0.13064538213489132,-0.034438476674324286,0.1506588424433867,-0.00851822328553617,0.19999999999999996,0.01442050008128788,-0.21968834067894463,0.127695458153824,0.11393477654780508,-0.008157038401510218,0.0186295919415589,0.009133761819014303,0.023150166374012203,0.006735759767049865,-0.02762807418185646,0.006197505626557114
1562,-9.949601334774322,0.3353950590607894,-0.4744433395785923,0.1671552569064367,0.05836602623659324,0.07957197615854958,0.08645258602630113,0.20000000000000007,0.02144046941069584,-0.1763127929064684,-0.06426670334079118,-0.1464341890141639,0.02227165449570706,0.018281187241059156,0.022022989353291948,0.03695043728273327,0.018780306202384793,-0.020339205280805944,-0.02171650834055339
1563,-4.013949584970469,0.3264549121290694,-0.48617679223182814,-0.14864468029026476,0.1369188053765944,0.14679044575852546,-0.09972304553286385,0.19999999999999996,-0.06033863679965468,-0.14489039359970013,-0.01051883206805758,-0.05217516057433912,0.0020278707096040953,0.03933532919302173,0.013298437665768147,0.0290098697104746,0.019399433532718006,-0.023928681197980126,-0.02433439327637386
1564,-1.847069259651132,0.2972936473638721,-0.5268143707960452,-0.0322944530634649,-0.031788972515476556,-0.10201803389573959,-0.1585640148841238,0.19999999999999996,0.12474240189893601,0.15116315463979482,0.15476377544816863,0.04466519365429576,-0.015243361154609435,-0.03346883059191711,-0.05655706689036563,-0.0034335728692710087,0.0514445793745162,0.06814719660868164,0.07908530504667266
1565,-17.106555799243488,0.3254105445116681,-0.48756837841503015,-0.13416360733651106,0.0760455535814942,-0.1321306702606334,-0.03702417909000314,0.19999999999999996,-0.1404207807335761,-0.11692280006483724,0.058700880532018794,0.10459152840092606,0.00380105045500811,-0.010900844816809814,-0.005510095687103464,0.022978645114166734,-0.010346140576714983,-0.020113720184766468,0.005646260575943769
1566,-19.369062991990887,0.34144518870642465,-0.4666790025325499,-0.15186737601025418,-0.10241596364660926,0.0007359606073416413,-0.002145060903641096,0.19999999999999996,0.07541923057115614,0.14337149597393714,0.1742401591905356,-0.149804753096525,-0.013974289174270153,0.002481190679925942,0.0070365786629546945,0.02530093414513289,0.014046709600866602,0.014073045389184283,0.015214388181580872
1567,-4.954391982767813,0.3217552578507635,-0.49247434749454383,-0.15511235134133963,0.06104288581384699,-0.11746323404282984,0.11976356525408564,0.20000000000000007,0.1320910730917174,0.06657910664877184,-0.10198104345144907,-0.04596674035595958,-0.014274164916539623,-0.01737613629508091,0.005207835286205573,0.04751336306182314,0.055852300909829455,0.04047631790311903,0.0029556484067572485
1568,-0.8147610943203318,0.3086466436185537,-0.5105384414114899,0.1870960647784184,0.12937645003258422,0.043836621754882774,-0.06606596374049595,0.19999999999999996,-0.013811359204783876,0.11797679669938053,0.01446596238103856,0.2273707814084158,0.07626851244556802,0.0615688114016222,0.02420526055604495,0.04570886563663145,0.0535077226411416,0.04909847686893657,0.049995958751424444
1569,-10.042902318079504,0.33823105733218095,-0.4707865167598163,-0.00864769634037387,0.05686333524151848,0.18350782305282218,0.15172066819552346,0.19999999999999996,-0.11687162279097607,0.025108545198726216,-0.08523205827440976,0.17204825090564996,0.009654706223079722,0.03192479824251498,0.03834327965573473,0.03984925114833606,0.0015474540956523092,-0.0030651160930119017,-0.005894265853815834
1570,-16.962511205561555,0.32322277441659464,-0.49049804624215354,0.06785232244158572,-0.08404544302708315,0.16657852236044224,-0.16285350976255186,0.19999999999999996,0.06528809760533633,0.09639643284474818,-0.05757653590805132,-0.0994091360502013,-0.0060252829977765635,0.013835170453621455,-0.011170495546074211,0.016948807289188943,0.01586222851856823,0.009473943995342907,-0.008438375519193542
1571,-0.8691376829898729,0.2739934456928839,-0.5622598259878568,0.12709107451256035,0.10072635165990024,0.011815940798954646,0.13877605685190164,0.19999999999999996,-0.15265372389160223,-0.10598613496771958,0.15758231095694827,0.00536840636041301,0.0540502650731012,0.04371451964889615,0.05456084531694497,0.08716653147712844,0.03688723236142618,-0.024365617981808807,0.011380963240910045
1572,-2.887438146901779,0.3130852059925094,-0.5043374533272339,-0.12213403492333606,0.16832939874715275,0.013835037248995298,-0.07445560048483599,0.20000000000000018,0.015782497040840407,-0.09649595151102348,0.15862912075122235,0.1503383592925936,0.009254769481007117,0.024999904643039503,-0.0005842396704395931,0.0292352796961792,0.037168962358790227,0.0011940715789947058,0.022432164467134953
1573,-5.953669964525947,0.3149398588303083,-0.5017723715177778,-0.04917808641775653,-0.11558820474524639,-0.13218754900164625,0.08936359378504204,0.19999999999999996,-0.16365529663896097,0.08391692409851557,-0.0674869334093393,0.09862341190349301,-0.027435791324770295,-0.03790869416814579,-0.005559324616621877,0.03433722435899728,-0.0008285444623679078,-0.002581344083380614,-0.0029547363183864586
1574,-9.95227317252655,0.33340535868625754,-0.4770274242165637,-0.09959226935410867,-0.010841382147326266,-0.027132884023912767,0.1716125604598814,0.19999999999999996,0.10421187888102727,0.026981080309763733,0.18609686258528796,0.17353108223869207,-0.009586539351199583,-0.0032935272445387847,0.024073424618136635,0.04198243336898994,0.03132899200791548,0.016071792331493796,0.03244895397734676
1575,-11.473188652277022,0.3269230769230769,-0.48555442225652523,0.09508753779319606,0.20834229764735782,0.03849332606377303,-0.13190574472773406,0.19999999999999984,0.10120471505235165,-0.06821286586967912,0.028991614176172693,-0.12776189866973572,0.034296430606588955,0.016680450932390466,-0.012747672250628514,0.019806018374366696,0.026378978568116537,-0.0009637992066936234,-0.001451026829382397
1576,-11.917205284152507,0.32397904062229904,-0.4894830849678061,-0.13591043138904127,-0.1845729087016667,-0.13023644019909447,0.03007496525948839,0.19999999999999996,-0.11761834969648492,0.046068882608345636,0.04781055972026445,-0.10770746242561413,-0.033955726314520214,-0.02740049549527887,-0.0006502223609383853,0.026907719947910833,-0.0039457054268315925,-0.0022801847125016412,0.006245711399024924
1577,-16.59915709440044,0.3312265917602996,-0.47987480416019096,-0.09819964077534737,0.19508514304528568,-0.003295788373337264,-0.1300810875426187,0.19999999999999996,-0.06822656986026832,0.16443335077235846,-0.12092851804132776,-0.019749901589456543,0.020059558602811004,0.005646336643509329,-0.015891438716137563,0.0171301013508867,0.001789608575299395,0.01335249184326102,-0.010291475006461439
1578,-0.617939683888654,0.30825050417747046,-0.5110962043954449,-0.08965161486598709,-0.055405481323203304,0.1355693762922919,-0.10254018831583864,0.19999999999999996,0.12691987382875683,0.14811077214980062,-0.011066670919306078,0.13073602230481554,-0.033096194983086434,0.0043977153956355,0.0038768008152838813,0.029524471256572062,0.07404923233123603,0.08394273879150084,0.06110737085483184
1579,-4.190135700888886,0.3171456352636128,-0.4987412612300107,0.13871154034725988,-0.09949049719208718,0.0014622396258536447,0.10754474658287615,0.19999999999999996,-0.09594166246631126,-0.1864435558904875,0.13338948802917402,-0.03701626986595047,0.004964745070184363,-0.0063661442482233765,0.02079528734414609,0.052452406285285545,0.01969869983245309,-0.0326590359999917,-0.004458428502141937
1580,-2.3677493117793027,0.3278233938346298,-0.48436005793216413,0.14304683095949958,-0.05108299935189545,-0.1093686092452882,0.11953813817459917,0.19999999999999996,-0.13987523892320564,0.044216855998949575,-0.06396158548880984,0.12890974185775253,0.017790203086021108,-0.018656434354956657,0.006130195786542297,0.05523196054293812,0.021135940601994904,-0.0012520879039418858,-0.002943666161388582
1581,-1.4458545496190247,0.2754519590895995,-0.5599541344586504,0.03637229930268364,-0.0383740412554908,-0.1911398380929059,0.2081755315385907,0.19999999999999996,0.0914049314300296,0.05560299810712685,0.04541239770071109,0.13351796257246143,-0.0025928899620768137,-0.042474398380941865,0.001043936438154587,0.07263093548399002,0.07740138823427914,0.05757646481098061,0.0453919019923286
1582,-15.555839543176532,0.3307494237971766,-0.48050090372980275,0.11306043296653157,0.19978954101999197,0.056784165426989025,-0.14099538678848691,0.19999999999999984,-0.051522772528471615,-0.09853363420469821,-0.028061207401510496,0.1112528596633203,0.02846896963363477,0.010011555485622327,-0.017060352311287615,0.01560129218235234,0.0011758125110418489,-0.015772849785225664,-0.0057612575496280094
1583,-1.0495003920765598,0.3103212330740421,-0.5081885077177825,-0.13743743526646224,0.06757507488762425,-0.07145416172471152,-0.12686140942136293,0.19999999999999996,-0.003844400571284389,0.1548677154523521,-0.14784420072470397,0.0901156019514987,-0.019898413216197095,-0.015512775670016478,-0.04195755511542089,0.004118636313850603,0.03199330633279996,0.04175163335826027,0.010402235682730175
1584,-13.816923310971827,0.3286336790550274,-0.48328793122887836,-0.13372039919765533,0.13661362844576333,0.01902049861501098,0.009582885407946589,0.19999999999999984,-0.1879522317088247,0.04246176915872287,-0.1594296525408444,0.111218934925232,0.011314516680248724,0.010038467219665047,0.003782488460394973,0.022069457488637933,-0.014486088467635681,-0.007125678873021673,-0.015915360912759892
1585,-9.699958408982742,0.3276253241140882,-0.4846225364050825,-0.026878139362764657,-0.13726654406505776,0.0351005730807774,0.09571544183483209,0.19999999999999996,-0.158280998399725,-0.05980582264668129,0.20625540437275156,0.08069707623741036,-0.02114889655187304,-0.005160940129324238,0.017416575605247106,0.0336130857739411,-0.00687902709524224,-0.01689603120410808,0.024836470059711832
1586,-13.87744739346136,0.29765377412849325,-0.5262886064003611,-0.19255625300973106,-0.029124339508178835,0.09561913700067352,-0.18885533831559795,0.20000000000000007,-0.151106443816361,0.08199613021738046,0.03524315840924868,0.025499199722828526,-0.011026442452908689,0.010481511540591654,-0.015399801803805829,0.013830665096791785,-0.007934352241311384,0.0025736637430644436,0.008427190336724387
1587,-19.274155620754446,0.3512586430423509,-0.454372980739764,0.0358643532850549,0.12053057585790371,0.23933124624983598,0.10604179091112007,0.19999999999999996,-0.01195462742437506,0.006434643850495062,0.1330700975832458,-0.14677266483796955,0.016869527891408963,0.02913043724014833,0.01450670991387066,0.01577196095527076,-0.004655092601946092,-0.005975384121691087,0.010105005563021826
1588,-2.9695728206040783,0.32369994237971766,-0.48985737790410866,0.10987227725141388,0.0352443938626026,-0.131930036245159,-0.13169386558156437,0.19999999999999996,0.04638449361255289,-0.127172960239551,0.12939987228891503,-0.0883021009182413,0.025983234616565036,-0.012433152822105156,-0.04105632064539993,0.008144907364703904,0.033605203583757445,-0.00483924015431801,0.006315874976672388
1589,-9.603714989824095,0.3454515989628349,-0.46161279279300166,0.1603985017255081,0.063693426985753,0.12919999623287784,-0.05543251318783617,0.19999999999999996,0.03445381240107333,-0.08476128268808503,0.14815864655240107,0.1239018202264655,0.02385743308668556,0.02463780140939143,0.00676369503642613,0.027097754528212233,0.021709070982911676,-0.003482362520757602,0.018612979245772685
1590,-4.216211831264644,0.3233398156150965,-0.4903408136771905,0.13740802946275396,0.11658909245617022,0.09665197614782355,0.14693456334302754,0.19999999999999996,0.06575459784413899,-0.09263563946590009,-0.007137180903295666,-0.13688892037689002,0.04515245021872144,0.04696286462559315,0.05633878802232088,0.07318386772597084,0.05955476483594084,0.015415361886727553,-0.0016341111789725344
1591,-14.851787828659468,0.31945944972630363,-0.4955842607536594,0.03770114433182301,0.07139145582246645,-0.13392422646953708,0.1263089472807415,0.20000000000000007,-0.1343571988706885,-0.1430473038406251,-0.1101958222851621,-0.043073901098956216,0.008546780273495163,-0.012647455094324016,0.011290228539194815,0.028913710889806415,-0.011224008975416559,-0.02754540244422839,-0.019166958888274802
1592,-7.274291968621343,0.3293899452607318,-0.4822896619495925,0.03214134556947735,-0.1915289951925967,0.07026132691938994,0.07490052545616599,0.20000000000000007,-0.20782768284439668,-0.16383171025561397,-0.022404212249285516,0.037104201513073864,-0.025339715685872986,-0.008513583428287909,0.01720457835566055,0.03642763801442145,-0.011045554231419962,-0.0432601470631876,-0.023867485635084257
1593,-19.96388393169482,0.3580470325554595,-0.4460599212955582,0.19804981126831878,0.0007843339020157463,-0.00573269766463457,0.026675258857279532,0.20000000000000018,-0.1547116622673704,-0.20904506438665543,-0.18512985345731045,-0.019871318196415064,0.0029264718366116406,-0.005933753336086733,0.002141714511556307,0.02003122438860631,-0.017525985198181854,-0.03372616793586702,-0.022457596198616175
1594,-9.379328591348797,0.32284464131374246,-0.4910064177673132,0.09029311994152762,-0.016651458343884654,-0.07436753108947335,-0.11911894805995811,0.20000000000000018,0.044959191164718755,0.1360514750615381,-0.1668350177883731,0.15172325855052618,0.004304524228504107,-0.01245373009862298,-0.020449540091355255,0.01879874679612976,0.023672360796781693,0.022740182988387234,-0.009727461552099194
1595,-4.665721227813924,0.32699510227600115,-0.48545875214227047,0.08327092301787355,0.11319928235538892,-0.12753602956651997,-0.046112732364740526,0.19999999999999996,-0.046758417177287834,-0.12353748520019457,-0.1415858924240628,0.11799923789393185,0.031139507097899383,-0.0010601995024791969,-0.016819494963482437,0.025140279443774945,0.01851999642710712,-0.02137703037023824,-0.0405198158437032
1596,-6.87925567677439,0.3127790982425814,-0.5047622767797377,0.06199351226182533,0.10755224610671495,-0.20229136939219158,0.026842293653143324,0.19999999999999996,-0.137594543886169,-0.04748828152542706,-0.17828439661692572,-0.03795335655760313,0.021615231800300123,-0.01716809675837226,-0.012463056086746076,0.02903673338155788,0.0006333539278632756,-0.02024885688831145,-0.03623902419642255
1597,-14.174231337289811,0.32944396427542494,-0.4822184447286447,0.07696472539772055,-0.11929692493392219,-0.09811433397835308,-0.07648584594630284,0.19999999999999996,0.12265989950679494,0.01312563971229119,-0.13394154767167407,0.15941108285294117,-0.01266053259682763,-0.01903631668146006,-0.01029320904976669,0.024977600273585355,0.02556985104976005,0.003191193765171875,-0.017139788898163595
1598,-10.126805561624138,0.334332685105157,-0.4758211637397017,0.05969750699879365,-0.06768669563569679,-0.17197179163852747,0.06529001754913584,0.19999999999999984,-0.16228992352604316,-0.13715336516389823,-0.04208985188316582,0.09382084760473916,-0.007065209900552297,-0.02788370480251067,-0.0018008481511486852,0.029610681492571015,-0.009230776444833898,-0.031397672854905356,-0.016364230998506212
1599,-15.637141492407324,0.33436869778161915,-0.4757743861882222,0.15290424114272813,0.10832667558180152,0.10918637361291778,-0.07058741536979893,0.19999999999999996,0.09892587977461992,-0.06906128228397,-0.16037471094261482,-0.03063342129154892,0.01939544466397948,0.013234263996036276,-0.005735989197662688,0.01959111349377092,0.017909826959366493,-0.009574447605305339,-0.02490338638505034
1600,-8.353786956781219,0.3400677038317488,-0.46843461097719447,-0.0019798619431857733,0.18635321911991312,-0.17556696048726783,-0.05716246492191144,0.19999999999999984,-0.12084107870421223,-0.11638239600228213,0.1007693044837749,0.04094471433745271,0.025296185644635677,-0.008926310975173359,-0.019279994886879422,0.021016592499847705,-0.0013257091311777685,-0.02436823086157749,0.0028862482447254045
1601,-11.06741101236842,0.3131572313454336,-0.5042375552315284,0.00952920637261666,0.1693362579434463,-0.11095867614011107,-0.1709390326860445,0.19999999999999996,0.18490462097105173,-0.02340673953484019,0.10434079680680335,-0.02658466954508629,0.022159786446418396,-0.005751917942974572,-0.027645115442313836,0.017812180256304894,0.03837337706050838,0.01125048058904076,0.012096458254663265
1602,-7.401086457091635,0.32617581388648803,-0.48654824527324786,-0.1815766681243577,0.014793877839466844,-0.12352035258783454,-0.024795501796140533,0.19999999999999996,0.1390039046832083,-0.09144321910191279,0.22308467101432006,-0.0017818048527592255,-0.019240829005241118,-0.02274095792820619,-0.016710718006368613,0.025047658615323414,0.0383809601575544,0.006757485516829152,0.028422911544447555
1603,-15.927737316549731,0.34907987611639296,-0.4570751868303775,0.20801748876165627,0.037019209234832214,0.060387719315488156,-0.12242082826500296,0.19999999999999996,-0.0680525924175498,0.08111791089685354,0.062053588437250305,-0.16093066267136685,0.011765285364772915,0.003150965053253899,-0.01299789782098622,0.01724834992522418,0.0009849750149029412,0.005817567015085624,0.00796314239823032
1604,-18.446144619251644,0.34177830596369924,-0.4662555071485255,-0.06985274791403775,-0.04925176827803582,-0.07845601897614254,0.14455439360188257,0.19999999999999996,0.15885865784352038,-0.14962229271503957,-0.04608800734299636,-0.10331611332834503,-0.007889208938727249,-0.00647266759906638,0.019283087728717823,0.030317931168108936,0.01798703366278033,-0.02090625999844194,-0.016627579541743456
1605,-19.055715490147783,0.34140917602996257,-0.4667248105627485,0.18246164075538945,-0.0941686870462302,-0.025815717110955327,0.04313874769267037,0.19999999999999996,-0.08686494540545914,-0.16569644969719383,-0.046997333342665766,0.15485647894943594,-0.007611289563681243,-0.008914210469284398,0.00659938204909267,0.02351577463779888,-0.008629163383332639,-0.02649246423187152,-0.006964670480580073
1606,-19.75657111833103,0.3456316623451455,-0.46138647987391307,-0.1696309539815797,0.1360903793856066,0.13643525995816932,0.07869915828419503,0.19999999999999984,0.000958315387064572,0.13588747011808736,0.12735957769497286,-0.014938885190324703,0.01410374617885881,0.022909215088297002,0.01186104824472819,0.018409500951087673,0.00010701576107625787,0.009190911679169632,0.012421377583711809
1607,-7.830198790826653,0.3349899164505906,-0.47496826548785787,0.014160744588202115,0.1306591976792759,0.14119071559008356,0.14460368754881228,0.19999999999999996,-0.10671023978579607,0.04918928511563378,0.052764120553776446,0.1607220091384199,0.02328531212329132,0.03732427897572708,0.04257381449364318,0.04905152862139714,0.011628040778944162,0.006198334918211518,0.018637633820318973
1608,-4.417870753721296,0.3193063958513397,-0.4957923822587869,-0.08726739723123068,-0.09773798068873668,0.1179290012964272,0.18431241263638376,0.19999999999999973,-0.04138977489496958,-0.03658221876681711,-0.18544242015895043,0.04933879432648476,-0.029743170526078087,0.003090551255579704,0.04671585295639656,0.06698165997802226,0.034767338489360894,0.0005916643744596585,-0.031456009656906724
1609,-18.000933073039157,0.3284806251800634,-0.4834902414026317,0.11069970252636939,0.0993848718058486,-0.05264046822012275,-0.11145955043570761,0.19999999999999996,-0.0021248944146646316,-0.16253391031935624,-0.16938476284561785,-0.09177183943231289,0.013200274920173082,-0.007769183504587509,-0.01540741771649256,0.019981932934557804,0.005254068782523543,-0.023830469121529602,-0.026037351853250856
1610,-6.044728766685587,0.3118427686545664,-0.5060643223835127,-0.0757135285343073,-0.1889466045620746,-0.1730012799084938,-0.11204000946681168,0.19999999999999996,-0.10915688741470009,-0.0001265351192641125,0.041628579281743905,0.0993865757126045,-0.04342544335618852,-0.05772963592882248,-0.04724170370045636,0.005258323488694942,-0.003256561357514848,-0.013406061774470205,0.0020197658802009457
1611,-4.880671360919841,0.31976555747623164,-0.49516831671102773,0.1536770720658637,-0.022868679026130104,-0.07280127276489617,0.06863796830770766,0.19999999999999996,-0.1175549725047763,-0.11987620142991813,-0.1542415432316002,0.09034229066910786,0.018282248347696692,-0.007302892025045172,0.006529346208077157,0.041998807340616784,0.011560198029381732,-0.029002503358253582,-0.0433729481554298
1612,-1.7361211793038294,0.31222990492653413,-0.5055255031871453,-0.03859441173330591,-0.06051664738451341,-0.08527648390365955,-0.09782529221881929,0.19999999999999996,0.15350329068059076,0.14418013799967816,-0.06096231570413523,-0.15914142037529774,-0.022549900199127376,-0.0363915258898188,-0.04380730170126458,0.010149096203662895,0.06312366517237103,0.07306632221372145,0.03468603863874354
1613,-0.11627758003196575,0.2761361999423797,-0.5588766560022482,0.1281796675142901,-0.06340938886047978,-0.05403653264931212,-0.05057919315984713,0.19999999999999996,-0.09676765767373251,-0.12418618543757708,-0.13590548142806028,-0.14693589327670104,0.01939743350537549,-0.015003434427755218,-0.023014837547853904,0.024966285920086432,0.021829733355716443,-0.03752928868480975,-0.06967749344203197
1614,-4.979129166947514,0.315633102852204,-0.5008174552974068,-0.10823852423173011,-0.22056040997044804,-0.07562084708056603,0.053750202342977726,0.19999999999999973,-0.03386224351514971,0.20921787193547078,0.021427126448580084,0.0773227744750777,-0.055523857082353655,-0.05078585453217814,-0.012949261384032495,0.03109522777378263,0.022447974360502713,0.03752295958491172,0.036258683480404355
1615,-11.328800198493319,0.2967084413713627,-0.5276700978056641,-0.030784022331968173,0.14599211683326938,-0.13379539218958927,-0.10498595834876757,0.3912402820633809,0.03846641542940727,0.021962494897368144,-0.0023931810394573483,-0.13038013686679198,0.01594866707250746,-0.009818473649168467,-0.017721737821482376,0.04592180083964722,0.030966019487386087,0.005786195300744064,-0.001205229828087372
1616,-5.274231596847606,0.31038425525785074,-0.5081003171434306,-0.06640684469502377,-0.14109992112121558,0.10177689991600727,0.15811957577470576,0.19999999999999996,0.0012078826357887638,0.15113334941145828,0.1530077689445921,0.02724775750120842,-0.03221931998228823,-0.003772956259499867,0.03637191385623338,0.05747535560794692,0.03781804500415476,0.04051180809393173,0.055287072475412966
1617,-4.309299934310131,0.3089887640449438,-0.5100573128146502,-0.13516915119893427,0.07714628376578206,-0.16420776458936148,-0.14183160923039612,0.20000000000000007,0.1337615120142096,-0.07250337757756971,-0.0648062387548572,0.010574062868889532,-0.010488324802730141,-0.026829049816584138,-0.04881239734526127,0.004854038001352595,0.04191511585251975,0.0118880855124606,-0.01560674110539158
1618,-0.6297961502314529,0.3068820224719101,-0.5130285523304158,0.13485290158140967,0.03498328159927237,0.1476434757010456,0.11512308770596352,0.19999999999999996,-0.10570190083959115,0.08052990331791994,0.11036176799211678,0.07080368126268097,0.044900291552826606,0.05908003861796322,0.0785081296133883,0.09584115486824953,0.055219406347152944,0.030214294706909624,0.05661683424071529
1619,-16.76276934274936,0.32262856525496975,-0.4912971831857588,-0.2519354143892797,-0.0006128138749540125,-0.012094544799479943,-0.19236766707812425,0.19999999999999996,0.17686071363263206,0.07775580982952597,-0.07111735999710135,-0.01725567639890279,-0.007177407729941053,0.001554825312215303,-0.01767163025558805,0.020998988981242313,0.031163621235310718,0.01110907695350627,-0.012117006588128396
1620,-0.7464446620836647,0.30290262172284643,-0.5186969676878185,0.09273573612332084,0.10514042810574353,0.12390808776808551,-0.13146814853384822,0.19999999999999984,0.10658514146355443,0.1096681975119287,0.04364674402172833,-0.08684751647179056,0.04881924172422648,0.06225293790524656,0.022291659561051478,0.03560324317935805,0.07439399598728116,0.07528677340949672,0.060945619341772506
1621,-18.092769685049724,0.3193874243733794,-0.4956821878618064,0.13846272698225712,0.03146738911551603,-0.05745711523945814,-0.020046236711691742,0.19999999999999996,0.18588262667500796,-0.20859569557087757,0.01899902440970982,-0.13908918529548162,0.0059410730727034455,-0.00944552282069378,-0.003775521318862374,0.025044276370253946,0.024206084672020893,-0.023981476758612136,-0.01082628887299065
1622,-12.972295201078044,0.33639441083261307,-0.47315122858375547,-0.1010134632168569,-0.08645438786515812,0.19454726171699888,-0.09972298544645279,0.19999999999999996,0.03525375797488674,0.007093097979455124,-0.11022748525207146,-0.16568756054811995,-0.013804938354590221,0.01998002012663863,0.000625711080422754,0.01971480276178386,0.01421738974273943,0.00012148260565433647,-0.016843451881586483
1623,-11.550450714366434,0.33707865168539325,-0.47226875192525036,0.026962186164176245,-0.08679481445138201,-0.11369908795517537,0.06634615204120896,0.19999999999999996,-0.03553655717703197,0.1794610626237758,0.14554041761199613,0.1456597219752535,-0.01124701666134317,-0.01971847605421406,0.004254587403281068,0.03056927308694465,0.009909372503671632,0.022693008089203822,0.03182378436169907
1624,-6.249861759878456,0.3326670988187842,-0.47799014926047345,0.1350066526288942,-0.09071096749582833,0.21071233175579104,0.069231810386565,0.19999999999999996,-0.08122479650177626,-0.005705062778359653,-0.0929200967667047,0.1144882816860809,0.005302065063888751,0.028865363725010758,0.03997991622796237,0.04840796352886516,0.01895736008898701,-0.0008896716132482996,-0.009907596734800536
1625,-11.848148083485867,0.3328201526937482,-0.4777903844885663,-0.08333788409659104,0.03896536551442397,0.19045514485654141,-0.18504112248450955,0.19999999999999996,0.010060620398096989,0.0069941043864165725,0.11721960557843397,0.16792615268498656,0.0025119731389255887,0.025358005860479923,-0.01046882934123815,0.01478965502161416,0.01325418270930068,0.0033445362656453997,0.017705680261624068
1626,-14.286521145295023,0.3348368625756266,-0.47516673606732396,-0.03690269598178061,-0.2191219947104688,-0.05590791443592903,-0.03876714316491889,0.20000000000000007,-0.10867145486454487,0.04377776445426288,0.1677558035364137,0.12909522885168112,-0.029246802873342272,-0.016016938003339944,-0.0017004963937069582,0.02402821055260593,-0.0037006031323976413,0.00019050753916491966,0.02356904251724602
1627,-17.231090482111714,0.3301372082973207,-0.48130552551049893,0.15309335380896344,-0.06270644131421609,0.024378183395475542,0.1771079093095225,0.19999999999999996,0.11209698588846531,-0.13573382512361756,-0.03668578385086991,0.09819751730886968,-0.003062702454778533,-6.736145086191866e-05,0.02305392794250835,0.028771139665088485,0.012516239449642266,-0.019833210626382318,-0.011709599984489573
1628,-7.106460197694943,0.31996362719677324,-0.49489938857245613,-0.16753086636782388,0.09221650668460554,0.04017543921825517,0.013766561396556765,0.3632788799535722,0.04830195562346784,0.2063003297547112,-0.02830491974618735,0.04012454125482003,-0.0039963470700782365,0.01211803526258456,0.01194920186688425,0.05990597171260403,0.052123153968846286,0.04876330368651529,0.026401720923223473
1629,-16.94216954014966,0.34177830596369924,-0.4662555071485255,-0.07954593242672629,-0.027149019553985264,0.1274493457413381,0.16872924429011035,0.19999999999999996,0.012641086082042006,-0.1759673352280708,0.020501466502118218,-0.18801657017560908,-0.003798242667716362,0.01778643641419932,0.02688517523307511,0.025780885274957314,-0.00019805007383404024,-0.026452277286770538,-0.007582890191453637
1630,-3.4512762700905597,0.32520347162201096,-0.48784482685953456,0.19019747585987212,-0.21955405578709702,-0.13315219674361153,0.03412193357911484,0.20000000000000007,-0.0015864292011364886,-0.16796091948039785,0.027478226172889177,-0.025948763175880924,-0.008841880809047166,-0.05128066597143603,-0.023293606423912257,0.03134270877824413,0.029666130919249717,-0.021278786335212692,-0.02097446383889141
1631,-18.91583702278525,0.32733722270239124,-0.48500460668377726,0.008550440111483325,-0.2003946469359577,0.0975291317513282,-0.11684931792873975,0.19999999999999996,-0.0007509440140614196,-0.19908872427391283,-0.011690368077556582,-0.16514642690696027,-0.02129225963629386,0.005732021688225161,-0.003967980857290678,0.020553781758854382,0.003778625812077949,-0.026415073241922674,-0.009167399213739977
1632,-11.651813523586004,0.3097180207433016,-0.5090335247636947,-0.039772559119731016,0.15667741734756932,-0.0840102027191468,-0.21883987104265712,0.19999999999999996,0.06029646333349135,0.07936651215624345,-0.04730457008192131,0.11373240419923962,0.017317613889785533,-0.0041494627961793235,-0.03183559934787829,0.013618801074684921,0.02191602265692755,0.013993682159059119,-0.0009599852749457344
1633,-12.4302656542105,0.31951346874099684,-0.4955108299105768,-0.03714551934634915,0.1394181028702845,-0.13997126482497244,-0.1374733768812226,0.19999999999999984,0.1771106534131855,0.09301643488586443,-0.03073793489109588,-0.04512671288702572,0.01434089137059452,-0.011950605393235347,-0.023619648124314628,0.02071404783050593,0.036333837085128703,0.021005052306063317,-0.001396154342376631
1634,-12.096590880302653,0.3249693892250072,-0.48815754584195864,-0.07832812464525254,0.1468702967110468,-0.1654227596819392,0.042504517968113685,0.19999999999999996,0.1384402382546137,0.07236894605625481,-0.025026910907485524,-0.1310382057752937,0.012699030429041238,-0.012375820540830933,-0.0018175510254569169,0.030357501244876434,0.03085227810151861,0.016381620885445848,-0.0019688148135839707
1635,-12.226122382739275,0.330569360414866,-0.48073740248692176,0.03534979747395332,-0.09238344009872577,0.032096554155808345,-0.006414788055060158,0.19999999999999996,-0.20764200854174203,-0.18958825435205304,0.17803083226116462,0.05849432506149284,-0.009656350800978751,-0.0012717843147004118,0.003684798681815189,0.023369820835072865,-0.018193719782818113,-0.03523356014741005,0.013464091306656482
1636,-4.811371832094045,0.3192973926822241,-0.49580462780676826,0.0993095880189427,-0.035482521289270035,-0.10425850301852024,-0.0465839222478058,0.19999999999999984,-0.11847231166685332,0.16064926352465947,0.09817455115136603,0.13706933908258248,0.0075215715906058606,-0.01912115361581778,-0.02047255451790471,0.021690766615540282,0.007805377285832819,0.01926147957794809,0.04095373471142121
1637,-2.5350726836597204,0.30623379429559205,-0.5139468846167042,-0.15780515292462652,-0.1315454643761313,0.02933882138609906,0.004483045884123547,0.19999999999999984,-0.0599813544479028,-0.17658619805536133,0.11722766103642338,-0.12303230188933222,-0.0577122962047846,-0.03367457934950796,-0.0073483815342272754,0.03254310052356743,0.02091195042636353,-0.033039789029074125,-0.014130309476405527
1638,-19.141911855376343,0.339968668971478,-0.46856110507473353,0.10241536056982846,0.05647670885636528,-0.10312789055231303,0.062182036075821435,0.19999999999999996,0.13605062286945366,0.14677163781034785,-0.06350911657656003,0.12946662668931033,0.006975905253013948,-0.01257581252705701,0.004528254443025429,0.026635412228617948,0.01995706489581451,0.012266902482116525,-0.009632381780130372
1639,-10.664228034808904,0.3182080092192452,-0.4972888934639582,-0.02970135582764778,0.06388304137458521,-0.20317919723314584,0.23495682361551332,0.19999999999999996,-0.051603021492259205,-0.005840854637657516,0.11985837460220586,0.09097733121698533,0.004134545820480739,-0.020473423049131984,0.020563062524052905,0.042471520092678246,0.007853023743401008,-0.002352580048206486,0.017376206122482394
1640,-4.911916464065978,0.3254285508498992,-0.48754434773405,-0.013054184795119357,-0.012414215746795434,-0.07371068104116309,0.16551811327923033,0.20000000000000018,-0.121952319108944,0.11528876688297487,-0.14857973796265658,-0.14948198118311626,-0.0051495582870808064,-0.013031134041699945,0.019566637434440218,0.05376913879207202,0.01669542134863853,0.01241375140026603,-0.010127312131201003
1641,-9.842483127579003,0.32590571881302216,-0.4869080187089964,-0.058945632984936436,0.0950816134536763,-0.11476720401851312,0.011419769141876451,0.19999999999999996,-0.17132088601336548,0.10909776107404605,-0.06622258939069332,-0.17314454392289286,0.007272213046913028,-0.009041894663524298,-0.00431510079879638,0.02587723124821436,-0.007112186468609433,0.002522449680347578,-0.004168371284951723
1642,-13.648637367730199,0.3407069288389513,-0.4676190342456704,0.15641466933969814,-0.15759682250329793,-0.03663406797071115,-0.1667515046171256,0.19999999999999996,0.1057621466015034,0.058254979015584164,-0.04287566716154603,-0.07571014279053363,-0.01301502103663564,-0.015397395029317314,-0.019486035759388832,0.020047972585323565,0.02532788821967999,0.01044412061353505,-0.005874312510956616
1643,-13.256497533264717,0.326959089599539,-0.4855065845650187,0.07159808177245797,0.07557436343941977,0.13732233763932958,0.03986145845070381,0.19999999999999996,0.1244876541607833,0.00864479533200329,-0.265724223844612,0.07678708536069037,0.014760642820658256,0.02097953130678478,0.013180228625985332,0.02733103180372238,0.024886018671195265,0.0025460364518962416,-0.033599083816035845
1644,-17.526065889146835,0.33616933160472484,-0.47344190934498087,-0.18156296316073378,0.08497371586952353,0.02886208842931055,0.12448679327675581,0.19999999999999996,-0.12267818134151366,-0.06694383328534308,0.046416560084696065,-0.1440758645521236,0.005758060482094222,0.010960715115570792,0.017637667088339467,0.023486983190668165,-0.013525688825015448,-0.016319887921241866,0.0018476346413349965
1645,-5.790121092886167,0.32617581388648803,-0.48654824527324786,-0.08164657424142366,-0.11870257124711958,0.14498315817120946,0.10458821299437514,0.19999999999999996,-0.11234064236235713,0.1031553040755758,-0.023949537731725274,-0.11063399917621407,-0.028793344601345056,0.006220941860308876,0.03312658660370718,0.048306572726249705,0.014253255953842586,0.012245930425175055,0.009614447609125117
1646,-2.643800437644984,0.3059546960530107,-0.514342876494927,0.06542421673857421,-0.06554079038043653,0.0580592480853356,-0.1621125958982358,0.19999999999999996,0.03792379673785492,-0.08400645508094663,-0.13174914777986918,-0.1951837492987471,0.001035789125263886,0.0010929187078032175,-0.019961712579171308,0.01116126650671582,0.035228155727644976,-0.0005275963608292685,-0.0377658171102348
1647,-0.38565154276967206,0.2993373667530971,-0.5238390661142346,0.055846989424699685,0.028849708656935383,-0.10536364031787146,0.0993382825871128,0.19999999999999996,-0.14382533519003218,0.13798177426806563,-0.16629255944718807,-0.06250171010809492,0.01960378588639373,-0.008103218183882037,0.004671532359099868,0.06062261476815845,0.030372082435440713,0.017884460610973905,-0.005204509366645034
1648,-1.7406525997523872,0.3010839815615097,-0.521312349450706,-0.15317482255175713,-0.15465604788888232,-0.06471132913306818,-0.07032991793379802,0.20000000000000007,0.002121775811792576,0.12829629544781834,0.07224103268648834,-0.154468778546395,-0.06749250067753917,-0.06349020997780827,-0.047703851520746396,0.008058955103144371,0.029509576203800743,0.035954161116808575,0.0430378456454912
1649,-6.121376626858076,0.3380329876116393,-0.47104091617603905,0.1616431732940195,0.05727858956479192,-0.09089315082936616,0.10251663927450398,0.19999999999999984,-0.124631717826107,0.0814399864392637,0.08283636135394173,0.09876038141800615,0.029124218274982624,0.00015652136797375993,0.013156073157517536,0.044315097884336255,0.011517419285507716,0.008778052553824323,0.02659277715743019
1650,-3.80242212887336,0.31848710746182657,-0.49690814345897133,-0.04943308727299677,-0.175580447285929,0.17130416611443686,-0.14378364777404987,0.19999999999999984,-0.10803523035906656,0.024516121992404223,0.09846784123211318,-0.028879457969003642,-0.03851031583961719,-0.0040688180254343075,-0.006801224379156478,0.014733642406814669,0.006817295686199654,-0.004468785422302323,0.01891081091370324
1651,-10.520030400363478,0.3308844713339095,-0.4803236141403671,0.05436932340312119,-0.167971365400551,-0.027683178309137142,0.16169300153142385,0.20000000000000007,0.18022338920469722,0.01723381804557892,0.12000656876903122,0.07081935533645944,-0.019495814381965168,-0.013573198956919788,0.022044599260607887,0.04125124922527228,0.03975836577951647,0.01744860391957524,0.02026361955526223
1652,-10.749231393326244,0.32916486603284356,-0.4825865261400675,0.09550917822280236,-0.09663830338784347,-0.10929351214556347,-0.19405541242382704,0.19999999999999996,0.0695413648163412,0.06471120675832133,0.07851035451150432,0.09174066773379688,-0.007878996172779892,-0.023717685817570812,-0.03185933212598545,0.014496516200680749,0.023457465286543664,0.01454626563574382,0.015583484058616757
1653,-18.696895217048954,0.3302272399884759,-0.48118710524420844,0.10801612761575252,-0.1366812099467661,-0.04032639483999725,0.12571561010803223,0.19999999999999996,-0.04614164576523496,0.14588608005737355,0.14588236840577742,0.05135056326106606,-0.013817137591834856,-0.008492836008810815,0.01777641281781563,0.0269939107454442,-0.001896590629478553,0.010654164726246864,0.01801869119592178
1654,-7.064155702795592,0.3379069432440219,-0.47120288433760754,-0.13405487148571715,0.05672916749682564,0.09028983945717052,0.11505569777635857,0.19999999999999996,0.12297722733406989,0.139636744836123,0.1090976844703278,0.032158767143407464,-0.005152688796302919,0.018308100683054638,0.03091724047835881,0.0483300120886135,0.04823958319227473,0.04596100832563049,0.04200219453405264
1655,-4.333734688274312,0.3156060933448574,-0.5008546205434098,-0.0936308719354272,0.10681435761595194,0.11003712369704152,-0.11767760507315725,0.19999999999999996,0.11294458029874532,-0.03575792614481409,-0.1178535825532241,-0.10528395268163865,0.005586250301477442,0.030025106834855105,0.0030606182059995674,0.02603993092155444,0.04919262008869979,0.021191575642198535,-0.01652744784064564
1656,-0.4461369493164504,0.30331676750216074,-0.5181035810101978,-0.08673646710513677,0.17955362419078116,-0.03701753866977424,0.023976731345190606,0.19999999999999996,0.11177121569502377,-0.006870430423245581,0.17824163594679418,0.17583235662405378,0.017360091854458744,0.0291607143357977,0.014828893118209691,0.05658066154335148,0.08234593610198394,0.057360620432417825,0.06777970263698588
1657,-4.507705162153313,0.30928586862575624,-0.5096399226028944,0.02339895169577276,0.13295937873184346,0.11088941081296816,0.12268044518540862,0.20000000000000007,-0.039457944021887084,-0.10623219368987663,0.13840848331885694,0.12597319254338635,0.0290285885853169,0.043947744661774125,0.05039091764389236,0.06487360838967653,0.03606681321844123,-0.004213812883243308,0.018556314372651535
1658,-14.232988520840747,0.32640989628349176,-0.4862366825279864,-0.05269441514553671,0.13095449996028694,0.06675770830976255,-0.11890976149347003,0.19999999999999996,0.14731228472062466,0.05883145656912257,-0.13060802296991114,0.09393185083128551,0.014793725794053064,0.012998445993217396,-0.010745339707973891,0.019774632498646753,0.028206370962436125,0.010420480818560554,-0.015530672076095786
1659,-18.30211496524059,0.3396985738980121,-0.4689062763549471,0.053491122399827576,0.04923825639625659,-0.1428088104679462,-0.10703421353387173,0.19999999999999996,0.17214044914692234,-0.013557894299341035,-0.12052890425270972,-0.14120034950312485,0.005078565916814672,-0.017760828207791166,-0.014761615912049516,0.02518605419559544,0.027900483100503318,-0.0024126566229669966,-0.022022735657034245
1660,-10.278124846772634,0.34448825986747333,-0.46282557422559595,0.030563494249329932,0.1448338964027198,0.10694303560769863,-0.07729101268612677,0.19999999999999996,0.08751585328196561,-0.04234434676877305,0.1659510747085866,-0.14455728629479972,0.023748387315346977,0.024911355708993818,0.0008466377179043716,0.024386407826518405,0.027259367431020427,0.005355432253947093,0.02009633620800152
1661,-3.293208630615279,0.31195980985306826,-0.5059013530434925,-0.14813352190968462,0.14842699524477126,-0.07123030868453013,0.11834467974516767,0.20000000000000007,0.11042854853108339,0.06937836565895537,-0.06777387466978081,-0.06628370555602671,-0.0001609710567376413,0.005215175236255974,0.01756157729054453,0.05835023618476234,0.06553420216031829,0.05026859043387623,0.015490840487596766
1662,-3.0677297344686885,0.3164884039181792,-0.49964219783179686,-0.15925862969023027,0.041923503394899524,-0.03565058550917881,0.08537674172121887,0.20000000000000018,0.12552252715617007,0.08726113447562935,0.07973731587858876,0.18526956217408425,-0.022630944141036776,-0.009301647529142386,0.00990161751303809,0.05178479957895164,0.0665190313485054,0.05781345971199898,0.05151643588999828
1663,-1.8074968371224216,0.2933682656295016,-0.5325868666596997,-0.17824058024976958,-0.08208012796424058,0.15032470003150214,0.12251808081033103,0.19999999999999984,0.002311738819131649,-0.06132111566025599,0.08829754546510463,-0.11490611099966458,-0.05420150373317069,-0.0015988673606862412,0.04597853514922833,0.07359031286713458,0.05586974874358532,0.01327528930873127,0.01580681106633186
1664,-2.8986142007745954,0.30466724286949004,-0.5161742376243321,0.10039140193735714,0.20203020782526065,0.06573211086903086,-0.11028150586798635,0.3004116285230536,-0.06600767445910873,-0.031116781453656928,0.0897212926481389,0.03430739641640683,0.05979065150505502,0.05804202812466854,0.015132185230581094,0.05126877768300883,0.046081128611978106,0.008011014502515386,0.020762514389171816
1665,-8.223468296000549,0.3389783203687698,-0.46982807656178366,0.10625393834225727,-0.17106505063044086,-0.10382022939540929,0.0016171806688920097,0.19999999999999996,-0.06958373528412229,-0.14451916500168793,-0.042895533073667384,0.16024516760352306,-0.016523585804109266,-0.030200824632084244,-0.009828506147124843,0.026343336736946395,0.0057232274202241125,-0.026721678680443502,-0.01920519688494247
1666,-11.17302068466113,0.3281295015845578,-0.4839547211549649,-0.10674001487772329,0.08118334941146925,-0.09754820762457919,0.03923379945450939,0.19999999999999996,-0.16766610975120064,-0.10289299220092553,0.14434565533362892,0.060389871345963866,0.002694084744400503,-0.007471046370735658,0.0014415734547663932,0.026914205041709483,-0.010834062647916453,-0.023109559746730696,0.012758736763199488
1667,-11.633045543046144,0.32768834629789684,-0.4845390033186057,-0.03540083284512298,0.24644584359150806,0.13911682579179435,0.007854296452249164,0.19999999999999996,-0.2560885314858581,-0.10673476450286662,-0.004085336893664365,-0.004273568436936392,0.032260913914224226,0.03380618301194762,0.011908576436795952,0.023396891867814393,-0.022507096282281293,-0.028843056587671747,-0.005967079820990742
1668,-11.768550684780198,0.33095649668683375,-0.48022908927724434,0.08164406458317412,-0.10314061514037792,-0.1434678622565511,-0.04596637288507915,0.19999999999999996,-0.06600957577026578,0.1188533326129447,0.12170315542206567,0.11921502132954152,-0.010449468307010962,-0.02589155895127927,-0.012228361393360608,0.0234716794936823,0.005167492640000936,0.01237522040222921,0.02387139407694341
1669,-12.955878027571183,0.32221441947565543,-0.49185502829115096,-0.03441292605625613,-0.09597611606902605,-0.033871771722880396,-0.00989829450298056,0.20000000000000018,-0.008174524329993693,0.17939803990105666,0.202870393670516,-0.23539793374729043,-0.014415596741570976,-0.009062080759914172,0.0002863747362052003,0.025562990570813255,0.011305943213343451,0.023170487855253132,0.031014480572093578
1670,-12.123916584680893,0.3256176174013253,-0.4872921058307587,-0.012289385307394273,-0.1742685767730773,0.198314732662982,0.014246605942070301,0.19999999999999996,0.1939896354409102,-0.027050173171452294,-0.12421727237685819,0.05562361832525556,-0.021039702467994484,0.016157867576289172,0.016345246510150638,0.02907252778007162,0.035600855062832275,0.00520900582997405,-0.017916665885356835
1671,-4.133386006852827,0.3169295592048401,-0.49903725339134264,0.039948352959524015,0.07221441520180721,-0.12826015454042605,0.153593131112252,0.20000000000000007,-0.12282983248254951,-0.07864865693285981,0.017616152883604387,-0.18688930388697692,0.017910790541062104,-0.006630737729635001,0.014940069277338312,0.05532202684051012,0.017297122051448448,-0.018801154045810044,-0.011776204630575635
1672,-16.64802274565472,0.33035328435609335,-0.48102137109983634,0.07289316807362065,-0.14950222360482485,-0.012426285973672235,0.11839231416655607,0.19999999999999984,0.01256259106997196,0.1897692677396609,0.15512192718025958,-0.08933222219143391,-0.01558826116626317,-0.0057554345068090195,0.018128531361362676,0.02866929759718536,0.007449887285536935,0.019037946236499338,0.019816494642897708
1673,-16.546457841753035,0.3274542639008931,-0.4848493500921874,-0.10414260772956771,0.1424955101135,-0.07685597187967845,0.0470081062985235,0.19999999999999996,-0.1356832525535503,-0.144975141434789,-0.001817974253340999,0.14702143573705004,0.012846413748626231,-0.0022937333423096846,0.003906373598039502,0.023490803761228012,-0.012353798350914614,-0.025270149577502007,-0.002326032605414621
1674,-14.005706183712803,0.3456856813598387,-0.4613186089886807,0.023868675532840267,0.08344564288225545,-0.10288977348375239,0.1731168844913688,0.19999999999999984,0.09141737582713386,0.05157943602781862,0.11200376579988984,-0.16167844595494096,0.010202610724584074,-0.007327729312250188,0.018344784318260126,0.034141806870155826,0.019413022927134642,0.008517356034457345,0.011877585601739203
1675,-18.50760330884807,0.3179379141457793,-0.49765767931241117,0.0034325449490505973,0.09230494474533285,0.06503292783789313,-0.11735267508452751,0.19999999999999996,-0.20318916674314963,0.060868816238900586,0.21800556932588439,-0.03981335507526135,0.011278746524516546,0.0077853547669323835,-0.012065789603949115,0.015108766947960872,-0.016586467713430322,0.0015952388435093807,0.028281562962346397
1676,-13.072127404098417,0.33142466148084126,-0.4796151786367971,-0.11372454773745815,-0.15327465518498445,0.08739567905168731,0.0957899045980417,0.20000000000000007,-0.13306704681716275,0.044430041776577694,0.06546341420670332,0.10685471062738452,-0.024139848827914274,0.005494146762161593,0.020687758972328576,0.02854784929790928,-0.008012879155613608,-0.0027224371506400385,0.011741033808133508
1677,-8.273904038495948,0.3364574330164218,-0.47306987282320917,0.043728412339070113,0.07283031508987144,0.08717916865690784,0.1849656599105929,0.19999999999999984,0.12890515652260434,0.027059596884572205,-0.10529944520917145,0.15003224538720977,0.01637915283297824,0.023506676305119142,0.04073109443960331,0.05256458051513002,0.044806465701596875,0.02276501482427666,-0.003536541746723828
1678,-7.172068390172981,0.3375018006338231,-0.4717239057862978,-0.14686070942309123,0.09040807483771694,-0.028156256858256033,-0.08836285964855109,0.19999999999999996,-0.142058728070763,0.1104838757292344,0.09540607157452732,0.09826342385786002,-0.002794814325589849,0.0003800824512504549,-0.013797264191765893,0.018264946861778823,-0.0015616116719276464,0.006694966091215487,0.025817071589390613
1679,-1.6741843700392813,0.3167945116681072,-0.49922235098690904,0.14360449848757492,0.14464574972834646,-0.1436711080651596,0.0694588392449091,0.20000000000000007,-0.03533542718154227,-0.06520027469609269,0.10992809343119857,0.08815600916517641,0.06046496163441368,0.017345090098739732,0.005823487131424371,0.05456044161546495,0.04409544191496659,0.003644526754901372,0.018808020422969064
1680,-6.9917518307334205,0.32539253817343705,-0.48759241042576607,0.10857300641985201,0.11578841906232201,-0.10627090478139956,-0.13715923195774252,0.19999999999999996,0.02897094258887574,0.08626668325784735,0.14747779910370123,-0.06949301282825954,0.029427269851654652,-0.0018675134078424385,-0.026048863804043712,0.0159109255466124,0.02559253937129948,0.023699252834550405,0.0350413732632641
1681,-0.12249770797718185,0.29993157591472197,-0.5229778105870738,0.03707010564788964,0.162143558481308,0.13295499597596755,0.19186370141726533,0.19999999999999984,-0.06736329489412542,0.12327519179109836,0.08494905692492903,0.0003800948674168607,0.049892740785531714,0.08273343558029456,0.1060478611799223,0.1251065753419613,0.07984662368897401,0.05809621047960118,0.07201252510320338
1682,-14.519507943487598,0.34109406511091905,-0.4671258370628521,-0.09618864391653908,-0.1758884598520968,0.09864156210702475,0.057511048109414056,0.19999999999999996,0.011639671207164883,0.06143584166887804,-0.2445174365480352,0.05417733659084718,-0.024252963014018955,0.007029833994872002,0.016477812376524736,0.027006056100613792,0.008584495739284787,0.0015121207090171421,-0.028811526676354882
1683,-13.767982993623693,0.3213231057332181,-0.49305804403565756,-0.18535785569626392,0.02139567435045478,0.04819373763411048,-0.12709144460984975,0.19999999999999996,0.16390877159700026,-0.039942248221675455,-0.041494693058794795,0.1726155748318506,-0.005086769856929763,0.007435165557302315,-0.010425053690944552,0.02054734113332734,0.029681816944371876,0.00032338407101337803,-0.008177394284309473
1684,-11.645073582216517,0.3307314174589456,-0.4805245478109226,-0.13495835546589915,-0.011342298090719885,0.06427851503823169,0.10716977473765237,0.19999999999999996,-0.11235779143111725,-0.1312962481267441,0.0848358558443462,0.15376116126528938,-0.009011710243729262,0.009283640675855607,0.02080500135165538,0.0313095210981074,-0.00495807632160546,-0.023818864274837905,0.00507628650886238
1685,-6.148460521836496,0.32617581388648803,-0.48654824527324786,-0.11471133293799966,-0.11340462297177956,0.08903891340224275,0.07982683423683637,0.19999999999999996,-0.11898978981716055,0.11462479050417479,0.10819810710152615,0.061205609028280206,-0.032135125190426266,-0.0032847651967442223,0.020820275470131704,0.04115461522482761,0.009664561153480841,0.013131534781144455,0.0330327760590137
1686,-13.49791546760748,0.3429937337942956,-0.4647138140779828,-0.1521392723621448,0.15068198849920808,0.12217364813659214,0.07813464521913686,0.19999999999999996,0.1392495104753218,0.1231643774038726,-0.016280435308068164,0.01817612259565559,0.013335387204913061,0.02487791377964788,0.017410603642417342,0.028479314392039375,0.026751542240189257,0.019751072485833025,0.0018152750235707533
1687,-9.043278999436385,0.33464779602420053,-0.4754120308955921,-0.11440978106201265,0.12565842532353935,0.14158105901618165,0.145840648603834,0.19999999999999996,-0.11941408642356238,0.14503578794533634,0.007583373478433841,-0.0004768381470999706,0.01000340316304786,0.03187489425461688,0.037301725259971164,0.04246517677063025,0.0054118268433528014,0.015948770510272728,0.015675221583347727
1688,-16.660981355938773,0.3381860414866033,-0.47084432172481666,0.04033819414874495,-0.017985778926123595,-0.08278586325102093,-0.14780799227751099,0.19999999999999996,0.10848917350646203,-0.10261315103371868,-0.09265007002872837,0.20732977682769055,-0.001928810136593513,-0.012753538033682956,-0.017389183465718355,0.022328864728334317,0.02114003775180756,-0.012296067571137428,-0.015367200654711649
1689,-0.45750091864888276,0.31462474791126477,-0.5022071194158988,-0.118030365232242,0.13441388535010476,-0.08801132507615161,-0.16509886274101457,0.19999999999999996,-0.16293849160842797,0.009492492111659673,0.06740203030512172,0.054612547575277656,-0.00199642705951611,-0.0010514506820339224,-0.04842148312852602,-0.007224684488234673,-0.006945209100421709,-0.027515071471338484,0.0037041118874525836
1690,-15.310006912559137,0.327877412849323,-0.4842885004174774,0.05821923183915787,-0.07258971176905013,-0.08188284465268289,0.008606595315873147,0.20000000000000007,0.05652992271657633,0.12026787015062891,-0.1988419999198972,0.2030618236361335,-0.007633225393773394,-0.013268116497656935,0.001178539178088351,0.026983889208400474,0.016058970940131076,0.01089823716274531,-0.020054521380954975
1691,-17.197451170598505,0.32523948429847305,-0.4877967362267137,-0.01783592218265692,0.1320817147391794,-0.15526461016638177,-0.03278006234187879,0.19999999999999984,0.18147124641103277,-0.18789647906659798,0.07033976094374163,-0.022330204148530895,0.013066144867534504,-0.014601310586883968,-0.008134546597838016,0.02636482209152009,0.026160998829927295,-0.01988185015890257,-0.0031584474180670523
1692,-0.6667539146067902,0.2760461682512244,-0.5590182768480553,0.07406433802677069,-0.168937370570165,-0.22480601816492135,-0.06626870020110617,0.19999999999999996,-0.0141073687046836,0.0791668843638646,0.15728686451781052,0.015362455450678172,-0.022360255422756974,-0.08594001113455325,-0.08355679522690374,-0.004694221735480863,0.02520783634920948,0.024295709209082767,0.05524632902194665
1693,-3.4296301883390647,0.3175597810429271,-0.4981745061730518,-0.0855084756146561,0.07939723342167382,-0.10819528019761025,-0.1276660702498902,0.19999999999999996,-0.11446648714535275,0.08913023510478822,0.08832167901000106,-0.10731453925602756,-0.0021706868868158176,-0.013751629436660029,-0.03826717362409461,0.006191711863069791,0.0037498930396124212,0.004648162245117069,0.025477880777986236
1694,-5.061604119072829,0.3204497983290118,-0.4942399973975143,0.035975768688674754,-0.16748360357173164,-0.13337233488102365,0.09090036472265656,0.19999999999999996,-0.10013031488508649,0.096410208732319,-0.13698167345057125,0.03874573106793672,-0.02549069517403541,-0.04479831944759984,-0.008610209617735598,0.03651323966005007,0.012487487959237629,0.007740228722376561,-0.010448921142435532
1695,-13.972608779393058,0.3136794151541343,-0.5035139804361366,0.03245643870899527,0.19143651044751425,-0.2028174430500098,0.015156701765181442,0.19999999999999984,-0.058859687717433294,-0.025544562245624184,0.006746707466592943,-0.26698194859864893,0.022802957429046863,-0.017040413115566543,-0.006972511023020041,0.02591475795852034,0.0023139303251932457,-0.007625987755798286,-0.0041551560720587966
1696,-7.160669862511686,0.3338465139729185,-0.476453154312121,0.08428485350610147,0.14217834663242424,-0.13151239675425663,0.12248285933154894,0.19999999999999996,0.08401215051836826,-0.07609965230515502,0.12450857899859175,-0.03492116195355376,0.0300990467392263,-0.0003842010298022476,0.012359882764958915,0.04551707166345846,0.03895810925672181,0.007332995566874534,0.017340724414982838
1697,-14.261237682008192,0.3279224286949006,-0.48422887816042637,0.12437552450715514,-0.10152071603730953,-0.06970637324132685,0.04870618664445225,0.19999999999999996,-0.06690454892214936,-0.1438311568550525,-0.10465548481564155,-0.14030000897691292,-0.008168625738343304,-0.013825298907686584,0.00587765103534689,0.02746969319836143,-0.001510285721506596,-0.024671279927604064,-0.021178209687654784
1698,-17.257238052654927,0.34270563238259866,-0.46507875786198755,0.022815861296950946,0.03485550238415886,0.1694363024446636,0.0392504407798361,0.2976192316764459,-0.07888092424512014,0.11155329041216823,0.06156686898437724,-0.18402157777627895,0.006604946820417184,0.02048706005701984,0.011269688880884811,0.03034756026068108,-0.0032671315792238914,0.004133036454129892,0.0059724441131815435
1699,-16.819801505408616,0.3381950446557188,-0.47083276011628905,-0.1844060789018047,0.05871381935130844,0.1076388792422479,0.07529988845158819,0.19999999999999996,-0.1316309039598182,-0.07002238655306689,-0.07043043848092685,0.10185760505923896,0.0030702689065533113,0.018905583794477147,0.014914937498360772,0.021442973140271344,-0.013683739318626447,-0.01792585603337335,-0.008831141498195135
1700,-0.7563826934566258,0.2846441947565543,-0.5456976690837839,0.10907312720999825,0.05479470994109834,0.014645544814065286,-0.1575251528115846,0.19999999999999984,0.17090719733572954,0.15014092456959913,-0.1042390397664516,-0.03867430355147341,0.039976622537303885,0.026649199820341953,-0.015760095394878763,0.015718799429475638,0.07894298373413229,0.091795191517846,0.041843829096862635
1701,-16.200605273713098,0.33192883895131087,-0.47895501317345224,0.18203058674912323,-0.1749393990656331,2.5514609726342823e-05,0.09508110065731369,0.19999999999999973,-0.04943567646205854,-0.03542661420943033,-0.1382442961485462,0.12481681209816878,-0.015116283285163682,-0.007686062100478837,0.015048810894891794,0.027408661504196796,-0.001506371275397135,-0.012117881974098106,-0.017086755944959627
1702,-6.702753767773968,0.3451995102276001,-0.46192982913759734,0.10362484639083341,0.1399891710925717,0.020719252152601318,-0.12145117841272873,0.19999999999999996,-0.07081386564137444,0.1633545609582862,-0.043518549838270734,-0.13652857551333353,0.03512375917979526,0.02193976809636922,-0.007881067060738618,0.020730236153648926,0.014096075958437584,0.024199164849981004,0.012186203091581709
1703,-5.170153671200277,0.34490240564678765,-0.4623037764778347,0.1570249674321655,0.04763747896031741,0.0616926923886682,-0.16778356060924204,0.19999999999999996,-0.15734511490433678,0.011485878066835998,-0.16665694627946953,-0.030373361358964547,0.03198928874979599,0.022781725719776495,-0.010982153278614504,0.014420537715631123,-0.0013478757112050624,-0.014610194657133,-0.03034731756691597
1704,-17.655172421701693,0.3188202247191011,-0.4964541364437337,0.08798812879549245,-0.17513469351678995,0.13891392544107023,-0.0900554440393604,0.19999999999999996,0.009381130243644857,-0.13482810394846526,0.10591762569603395,0.057780948319142905,-0.01645745214716007,0.008781225159231514,-0.0018068816870600618,0.01967541043955951,0.005130281056736231,-0.017967451524059132,0.007340432892811548
1705,-10.927357297419015,0.34783743877845,-0.45862367541027044,0.05612981204475208,-0.037430189770597394,0.10425249637771761,-0.15631391090428445,0.19999999999999973,-0.12878909841256758,-0.061001556927736664,0.11878411545692721,-0.13729882010541716,3.901371268205105e-05,0.009817730742553207,-0.01168381353020216,0.015385144184576476,-0.004848570045850301,-0.014721991997841282,0.01002476473664803
1706,-6.236691681628399,0.32582469029098243,-0.48701600888311863,-0.21636492624706868,0.10191326109193254,-0.001950192787687833,0.10799707981908518,0.19999999999999996,0.14581692184357362,0.032204684490847235,0.1676524769225442,0.026100456797260817,-0.010899215386395503,0.006112959241953581,0.019981986353382775,0.047323960043063655,0.05266984482083575,0.03515538222023733,0.04167149853739325
1707,-10.590538842297386,0.32382598674733504,-0.48968830243836975,-0.028210531801618432,-0.14092105909705765,0.08149597152134992,0.029337651363521972,0.19999999999999984,-0.1364334026032366,-0.136206510438805,0.13431333929556094,-0.11308153387884963,-0.020343868896100056,0.0013503988017767568,0.011616662655250104,0.027830038868610414,-0.006665262799693456,-0.02622847700834484,0.006961095502262985
1708,-4.082740565391369,0.31139261019879,-0.5066916980876444,-0.15400092362712905,-0.14703455354654846,-0.09085609592489514,0.06640372891837304,0.20000000000000007,-0.12420518211857298,-0.15870411613707813,-0.04994523002642917,-0.008850169700973961,-0.053874176506968637,-0.049584381945703,-0.013920409688042767,0.032545891483845985,0.004335020444618182,-0.0421542374428451,-0.0405387809680094
1709,-12.891238661641651,0.3224034860270815,-0.49160027097941505,0.18201731415702205,-0.027269625544820597,0.0813508253240482,-0.0840317313585889,0.40225149643044156,0.08172594602703913,0.046132981443498,0.0017354585184705673,-0.09348462119607104,0.0068952837055645975,0.006778406469843073,-0.0022169945367074254,0.04797430941830021,0.03247577181735736,0.008127665861087503,-0.00014553161114145576
1710,-9.18961050907804,0.3217372515125324,-0.49249865252753583,0.0661590662996991,0.27922325347972116,-0.024556176741773184,-0.013066348269710436,0.3355049088443035,0.08993546735062152,0.1008220603041834,0.05105313104087794,-0.03967958766910979,0.045760926960718096,0.021410304947156025,0.00456144531051976,0.05039735844824174,0.04545079535128241,0.029590865378297162,0.02034809265904359
1711,-4.451702308865993,0.3087906943244022,-0.51033579598027,0.09202653340870395,-0.07652371319220885,0.16613343556401666,0.15258621533125333,0.20000000000000007,0.0684771629361964,-0.11715332722455601,0.052342449519559006,0.07475716282350575,0.0035172456119316486,0.0248336732531476,0.05497986873258807,0.07005263730688038,0.055815566451092535,0.009323474093616689,0.00678441679413941
1712,-17.204294335830095,0.32791342552578506,-0.4842408019570338,0.056765245060890396,0.01053233691053988,-0.12575431487785943,-0.1788963703125487,0.19999999999999973,0.1576769664673048,0.09566791607574669,0.13205426574571175,-0.04265258454939858,0.0012203938644599498,-0.017615339300844947,-0.022517466382981802,0.022937013058355882,0.02989651963615105,0.01474395958517736,0.01201908681541738
1713,-9.49393608485767,0.3235829011812158,-0.4900144355110709,-0.13293397256373898,0.03343922351571392,-0.12733152133907719,-0.07409913607952968,0.19999999999999996,0.09522326518982975,-0.10123703397342863,0.12845365291525773,-0.10728219442342418,-0.007892453615102083,-0.01785843810416657,-0.018914340940515875,0.021435714346492156,0.026697846847127987,-0.004190864774985248,0.008899791538472743
1714,-9.862188986646018,0.3297950878709306,-0.48175581723739586,0.09749459515656908,0.08391903204810791,-0.15767702441832743,-0.14290773232238238,0.19999999999999984,0.08334698074566622,0.1226951940504359,-0.04080218680828324,-0.07115725445022797,0.017531353266951853,-0.016463299962842546,-0.028845656353975867,0.01740982034882167,0.028221991571641045,0.024583936904927436,0.0036129425668999207
1715,-10.532660805234821,0.3370246326707001,-0.47233835597731105,-0.13997026111416294,0.10875280854272766,-0.03641771705439128,0.07668435049613849,0.19999999999999996,0.1450359346534939,0.16779475327242316,-0.0062775885575519505,-0.11906658630911063,0.004457842730663597,0.003111323110739369,0.010736923145029541,0.03424825241744765,0.036554405288838736,0.03454989082392371,0.010889327660212524
1716,-1.1588661570291379,0.2827265197349467,-0.5486334527967648,0.014349669998759152,0.09781745764924711,-0.10917607758744426,0.006290366965110232,0.19999999999999996,-0.17155351743180516,-0.07022790955964958,0.24338243097034507,0.0872025698376395,0.022857874694954542,0.001551928705260074,-0.010826836978653302,0.036301780768966875,0.008434244278886933,-0.03235949909088418,0.029102840861278546
1717,-18.455610411046514,0.335422068568136,-0.474408367066643,0.09441033957983853,0.15832610312282824,-0.11709010280856036,-0.013500144526694046,0.20000000000000007,0.1418318084430632,-0.11976634356260929,0.0850563731132687,0.07001878484313756,0.018533186295582475,-0.0125958163491307,-0.006812783156099706,0.024534319947449396,0.020031588487846842,-0.014252337759555847,0.001969446857967172
1718,-16.452230507821398,0.32978608470181503,-0.48176767332677306,0.13867916499248076,-0.16493012122687525,-0.05572932156819631,-0.14303115403407596,0.19999999999999996,-0.07005873808817813,0.12549439093586637,-0.07296412020156755,0.029112988952759714,-0.015999529485527415,-0.015791499191127545,-0.014327458588790311,0.021092964792181843,0.0029259529766125377,0.00953078516709703,-0.004911432135436648
1719,-19.543011031806582,0.3459287669259579,-0.4610133211954462,-0.08816162646750211,0.08758864474786222,0.08773162172158412,-0.1698987568589344,0.19999999999999996,-0.06963177271436122,-0.09789189409053428,0.08924819148537218,-0.10984749191384946,0.00935221347644122,0.01167679350271689,-0.01637682652040752,0.015471130951880489,-0.0025737845351160842,-0.01445732247411379,0.006663485052542167
1720,-17.403520111828943,0.32985811005473925,-0.48167283367319896,-0.17607738506793288,0.02025129279613847,0.14173742492506822,-0.0022597132083932944,0.19999999999999996,-0.0022534380341580414,-0.19631459117185793,0.13690110728341692,-0.12420504751303423,-0.0003560046763127595,0.020809950858905652,0.0072153661965321456,0.020111447918551933,0.0006872013533373065,-0.026047131015841034,0.006982301103087272
1721,-0.17303250776870627,0.29111747335061944,-0.5359317267081823,0.029479113520918726,-0.1098860447561161,-0.019650882693737676,0.011572738578327947,0.19999999999999984,0.1595388906007962,-0.1714211610858139,0.1171294683184598,-0.1813217004458298,-0.01759543884420883,-0.030487285302013185,-0.01084210105085019,0.04376182244926834,0.08501188550487516,0.027345942222446698,0.007395649055782818
1722,-0.0692810825361434,0.27555099394987037,-0.5597980180764874,0.021759688634840426,0.11548083175041807,-0.14796254349963583,-0.05785725725898785,0.19999999999999984,0.0623613510831171,-0.1574401782268913,-0.11577185634455683,-0.12136629320155272,0.03026295064167212,-0.0008791073538934433,-0.0351701734765231,0.021231717379615496,0.05528415304570105,-0.0021830708881949937,-0.05581039445859096
1723,-3.342686401946672,0.3099521031403054,-0.5087054124528159,0.04968974320427854,-0.10226883215840586,-0.023570603956569777,0.1591407930950066,0.20000000000000007,0.11911536720902358,-0.08414936906213176,-0.08011477383513739,-0.18195051747944646,-0.01055906868307852,-0.01737017415538425,0.023358999987527558,0.06473609738064828,0.0669293636432299,0.022576287879536187,-0.015373609105841114
1724,-3.946343847520957,0.29413353500432154,-0.5314554575158805,-0.031958145145641895,8.07593188320575e-05,0.16108653919957172,0.10309470695555105,0.19999999999999996,0.12158014883273445,-0.0909863319410665,-0.12036487778258213,0.17084849082402018,-0.003002867392688818,0.02909594743596658,0.04828223946443032,0.06540809618222362,0.06602242709795766,0.021032426129723593,-0.016700268275526738
1725,-16.719460812825485,0.33120858542206855,-0.47989841417851226,-0.044901914825458474,-0.031932006088689346,0.1191606021541604,0.07544720502467683,0.2496705255845072,-0.19268572633562955,0.019813919616618558,0.027616786788675074,0.23877131358158452,-0.003584024545606328,0.014862688464572983,0.016228894212789804,0.027099391210580692,-0.01814742553939187,-0.009004272046124206,0.007570010965217591
1726,-12.742275603259028,0.3382580668395275,-0.47075183747352284,-0.15521672174306728,0.1351478781744231,0.07661243620189033,-0.0521671045096045,0.19999999999999984,-0.11702288351278414,0.05846524540511429,-0.09160844643763158,-0.11375928401548493,0.010146758434719134,0.017283433759150656,-0.0005103852463990081,0.020301800356052647,-0.004060707528496804,-0.0005939940048896164,-0.01009796674471146
1727,-13.183778031337244,0.3200086430423509,-0.4948382917585035,-0.03613441218531982,0.05352189313245415,-0.14476716519023616,-0.2179650660414192,0.19999999999999996,0.11932219241025101,0.025812170518398334,0.029532948879828762,0.1729441516420926,0.003274153778306014,-0.018073220864209694,-0.03263206996816642,0.017006449149772906,0.027740287285221366,0.00884921956994038,0.004580249220393273
1728,-19.10060733726624,0.3381860414866033,-0.47084432172481666,-0.02692475108673807,-0.11299344965328545,0.06980252489866971,-0.08772449204215894,0.19999999999999996,0.1043452581813397,0.1487573427243781,-0.08451536952827801,0.16493681188515202,-0.012348889547054816,0.0055591815537466465,-0.0029313321783532268,0.021965110489614328,0.018796725818709007,0.013346947730527327,-0.010218969177669564
1729,-10.200028590206884,0.33739376260443676,-0.4718629504710009,-0.10314563208646745,0.03579825819928251,0.015427324843041152,0.11637498529942925,0.19999999999999973,0.1501338514557004,-0.12448196433294642,0.090810242190721,-0.16382774159241204,-0.002577337133910538,0.005612359380293065,0.019828030774871035,0.038173818060703676,0.03487112706269743,-0.0031842229766884255,0.003268458273125224
1730,-6.805820771064742,0.334179631230193,-0.4760200245620618,0.026328998167028255,0.1459184411946525,0.16643485899405278,0.15269011870237167,0.19999999999999996,0.1261726447663929,-0.03429030608437885,0.017024431584728137,-0.131140200506395,0.028653053873026895,0.04674486520656367,0.05186971721844633,0.059645799177304615,0.05296651100056991,0.022396898304047997,0.009021305511640628
1731,-18.582868146287634,0.32460926246038607,-0.48863909209437517,0.038636330589488094,-0.15530867483727284,-0.14560525955958037,0.05941364158719195,0.19999999999999996,-0.07688955746226411,0.03370516784181864,0.13084667612089787,-0.1595946920014862,-0.01849490752732593,-0.019829349651168903,0.009579935265078336,0.02857600837811927,-0.003365023405913408,-0.0014436269325216234,0.012830570941927313
1732,-1.380354257919329,0.3192523768366465,-0.49586586072641897,-0.10454400528374504,0.14898006401353617,-0.07721824713049251,0.10239268368787934,0.19999999999999996,0.10915700807414377,0.0557635024601909,0.14961215129728783,0.05233233805272443,0.006144734247357952,0.009740076103567832,0.016555831571019003,0.06490033684211836,0.07940971700038758,0.06439259272163866,0.0688659913158168
1733,-18.824240986420442,0.31836106309420914,-0.497080053740187,-0.005145012459993762,0.05868149337349304,-0.18546047623453435,-0.1600347683380021,0.19999999999999996,0.10880484960419727,-0.06934014637402518,0.1456447868475092,-0.06688846676824517,0.004391928117407756,-0.021510070276563813,-0.020672111245980323,0.024825603131020828,0.021704865619983835,-0.006401176116883898,0.009512076163708826
1734,-15.726107172404696,0.33211790550273695,-0.4787077096126673,0.270885853834716,-0.18302513145827617,-0.0987932384647284,0.08370809219256861,0.20000000000000018,-0.04351766744289757,0.030179079879336778,-0.027911635722012215,0.061979301005464164,-0.014055349991757055,-0.021613801704645653,0.009728765022034498,0.02920130854475855,0.0017807998380572946,-0.0022915549859937306,-0.0026511758131127733
1735,-1.1274118078187954,0.285643546528378,-0.5441755833967973,0.18295221274226628,0.021984000523843958,-0.020909526243324626,-0.022464497238830646,0.20000000000000018,0.066742939163157,0.15828324240457536,-0.19785856154715778,-0.12880502013684428,0.04861949389457868,0.019469910804257973,0.005193210337816533,0.04378385338698964,0.06700694602995974,0.06959789229040587,0.012564040869617377
1736,-6.821339678103902,0.334008571016998,-0.47624238858476353,0.20207670322036475,-0.074187324783379,-0.01552442207782094,-0.12677070343835842,0.19999999999999996,0.03720918830888474,-0.07834028245271672,-0.17887176696022414,0.08701960875825134,0.011899967841689356,-0.006465637039481951,-0.018491917981056295,0.018116595341542276,0.02544275672026803,-0.005614291402917891,-0.033017209859200536
1737,-14.354105481529789,0.33431467876692594,-0.4758445544049685,0.1469727867671757,0.12142994780945891,-0.16116073410251724,0.12685334882302127,0.19999999999999996,0.1646878610187018,-0.021574041376536564,0.009923227685364473,0.047398052417224106,0.01912511573847093,-0.015200040062294676,0.008797227801883904,0.033018686039893774,0.028049496229049797,0.0012489892965096658,-0.0024781420832561715
1738,-17.26618211125665,0.31361639297032556,-0.5036012444873329,-0.08790376871282628,0.22771669424827057,0.0005781229280595349,-0.14451050842259203,0.19999999999999996,0.051961282308482876,0.06208942506048824,-0.11751215445538962,-0.10772804386389088,0.024169668914490447,0.006102916002909013,-0.01838836820931512,0.017649093186498013,0.014330671739472944,0.0044244275864272755,-0.01647151289796092
1739,-3.7577318685467596,0.30590968020743303,-0.5144067799811451,0.08833606610663552,-0.16192835203906994,-0.13496532928993546,0.22763413392278395,0.19999999999999996,-0.055700035979783735,-0.0033488977181938694,-0.08069428070160362,0.047392904241994015,-0.016500227404625294,-0.04416589418236802,0.013922386181436514,0.06380316555320623,0.03293046896973212,0.0041997119445590725,-0.010271585523965567
1740,-14.522434319889408,0.3158671852492077,-0.5004954896549487,-0.13893482363964155,0.05057745439059737,0.09970833780823513,-0.12497031704930783,0.19999999999999996,0.103305641886343,0.026032771927254304,-0.12779413259150066,0.12867652070712018,0.0018381388401008947,0.014658245555308163,-0.008592381839867267,0.01910764497083716,0.02169789714250407,0.003936121274625311,-0.01597759400074172
1741,-8.810154451554377,0.32590571881302216,-0.4869080187089964,-0.02078567988060577,0.07743592891770743,-0.1649046796029455,-0.054872654046347356,0.19999999999999996,0.09599175733214439,-0.2031338124152071,-0.17700696173513192,-0.0058685260699105,0.00731652631164692,-0.018144749628457857,-0.019389903897215868,0.023255418272164256,0.027898386424880166,-0.021296726286077483,-0.04279022952638346
1742,-14.449467829267913,0.33631338231057334,-0.4732558512461581,0.007086656671611519,-0.21028955317097373,-0.018891799067532522,-0.2008440496109483,0.19999999999999996,0.012174115546853813,-0.12574323056065853,-0.1298012778440787,-0.09516931752734292,-0.02579831943380228,-0.013353646237515438,-0.020372957364203817,0.01833643095521394,0.01096544672111017,-0.01806025951013887,-0.02404131523139379
1743,-3.9175563572268253,0.31850511380005764,-0.4968835904014171,0.0940967178748995,-0.06705039642076102,-0.10961277276966155,-0.08148723116633368,0.19999999999999996,-0.10905523114381437,0.1678091175431216,0.10490275593937018,-0.06598577714203811,0.002196952890561229,-0.02683218063847029,-0.03200990016822725,0.014195201264941143,0.008234174321844394,0.021313921123287158,0.04314898522655638
1744,-4.126302755753873,0.30403702103140307,-0.5170735313559064,0.11314849033986349,0.13568930250821706,-0.09271390977633016,0.12329746926741952,0.19999999999999984,0.09260817539933551,-0.18836043616855208,0.027477160209989346,-0.026705056330292964,0.04219284519032213,0.014407151323299608,0.02143319473219921,0.05897874908806524,0.05660641534251327,-0.001041654081702899,-0.011578240368340405
1745,-9.117126121170937,0.3344227167963123,-0.4757042293066034,0.08396985336465447,0.05501916955220147,0.17280718288819272,0.07940757178529827,0.29319775786853053,-0.023400342232843818,-0.08519303750316097,0.07907580497476482,-0.12792927983035302,0.017560448477918475,0.032052977895906686,0.03170728656274938,0.05248169491884412,0.024410217180856536,-0.006645753354551883,0.006478979176417633
1746,-16.528593852769426,0.3176318063958513,-0.4980760155315359,-0.2100952842560416,-0.13113007170848082,0.06605387115787681,-0.1936248487810526,0.19999999999999996,-0.01879750390746427,-0.012752694226389086,-0.036919852173599346,0.13062587378909551,-0.020691069108288794,0.00592124584158329,-0.013611787479991441,0.01825675925448605,0.006782103387570207,-0.00467657090492494,-0.004835114863904194
1747,-2.6853922967572075,0.30029170267934313,-0.5224566675691144,0.028726102085336828,0.18605994543652296,-0.04381379012214576,-0.10678329585717386,0.19999999999999996,0.14774761403376457,0.03515609330140769,0.1183568713459613,0.13335628781768705,0.04174985572662885,0.029209249611461548,-0.010732699285160487,0.025073379572746742,0.06461871483135513,0.052775844480414696,0.05125298869705492
1748,-16.18554597130193,0.3514657159320081,-0.45411703225929845,-0.08250879126536954,0.1461176154038908,0.17134358086499976,0.03818710686789446,0.19999999999999984,-0.06728042536440199,0.06286420983512558,0.12042480261251834,0.11127346778579966,0.016787996554150787,0.02677005904518912,0.010190161343688066,0.01946344033264242,-0.00390999298270353,0.0023229601818970888,0.016696983780169806
1749,-19.943555077834404,0.33648444252376836,-0.4730350107335334,-0.019932579013923833,-0.00040490765460786214,0.19103946762330115,0.12735871038648372,0.19999999999999996,0.18699238657502545,-0.12197097761685323,-0.13651960744218336,-0.01578136368762143,0.0018644314232854828,0.023210725410495247,0.019529463196483104,0.02088156693033193,0.01585028198300999,-0.020748403269796826,-0.026209330110522316
1750,-6.67707599016202,0.3167945116681072,-0.49922235098690904,0.052004394500331466,-0.04808557629652585,-0.03693792318325967,0.11910619718265718,0.19999999999999984,0.22592954910169635,-0.08446520500809179,0.06799034611139855,-0.16548080861603923,-0.0018880319469760049,-0.008306223143564962,0.016604124423539635,0.048061597634708235,0.06244652945344316,0.022631761611433727,0.01043400789695697
1751,-4.078548863477751,0.31511992221261886,-0.5015241394045333,-0.014722235253714916,-0.03565936910318759,-0.1936022001535821,-0.0819901563970556,0.19999999999999996,-0.05036597554765928,0.0883287780211788,0.17416758882776914,-0.1611636966958526,-0.011765183929926606,-0.04326763355127375,-0.047072097115560325,0.008789218498121436,0.013767980982688471,0.015135263660460833,0.04184157513007289
1752,-16.910714958489844,0.3401487323537885,-0.46833114320342994,-0.14817711745271778,-0.10723487308892989,-0.06375970519479389,0.028638982990476743,0.19999999999999996,0.1506853314005816,0.13289350403084654,-0.1189023675821501,0.049708118259503546,-0.017222413219050596,-0.006846345971678449,0.00790821474678691,0.02879609134783536,0.024873606594761285,0.013729648394813002,-0.015452580726625682
1753,-10.72012789264023,0.3536084701815039,-0.45147734063568884,0.16231817699131268,-0.12384317428230412,0.15207609293441157,-0.09650682767640922,0.19999999999999973,0.05028908590062512,0.010750817290163995,0.14816665826557218,0.05604916665920129,-0.0036089147728863534,0.011580174407696665,-0.00024311546206133707,0.02237994984552418,0.021201666765486488,0.008142524990789162,0.022804926855697922
1754,-12.503903998462258,0.3297770815326995,-0.4817795297398262,0.04980015671579132,-0.11679963433234966,0.05205593335558165,0.2532645665495848,0.2891992613323311,0.08828616649692196,0.010533432287789357,0.05851760227894005,0.08154324665071008,-0.011715876674418686,0.003250923528556318,0.03960110836670821,0.05250904979907828,0.025808842154847626,0.004445273634159628,0.008326503285739816
1755,-14.929880247685464,0.32193532123307406,-0.49223137194725086,-0.05049823670821577,-0.005659936294279121,-0.18837770892502304,0.02361923001802685,0.20000000000000007,-0.231304637440445,-0.19864779889095016,0.06891905197690273,-0.03297339974615736,-0.004833796795945804,-0.022093705810086437,-0.001367281130058109,0.025339190896385155,-0.02183935620875803,-0.03511895942998135,0.0019271909908982177
1756,-13.603251635548036,0.3382940795159896,-0.4707056027323722,-0.11621927649523506,-0.11754526110735498,0.07842034523539321,0.09769910214866916,0.19999999999999996,-0.05626929778705972,-0.11686847832973199,-0.0353785398809966,0.18159969901555928,-0.019173322269946908,0.006738161534757171,0.020114101447281478,0.02877256660540717,-0.0009717023101747277,-0.020657493073548326,-0.008460249858514235
1757,-8.823189574967888,0.33067739844425237,-0.4805954877787222,-0.1595128140582228,-0.19974651665028786,-0.028795689004608917,0.07091352501264139,0.19999999999999996,0.17996795715006328,-0.07517604907717708,0.07304475567033687,-0.012842693376661794,-0.044074004340153676,-0.02399465816063978,0.005916029013185725,0.034800341831655576,0.04170287766973855,0.007536546782360428,0.0066230000963962195
1758,-1.3679960318365865,0.34506446269086716,-0.46209976528680147,0.16897725690361215,-0.06667376660377068,-0.09132038533084937,-0.02206796960753527,0.19999999999999996,-0.14785705256627968,-0.1293746160103403,0.023543401188085313,-0.15018555178952725,0.023914237443713536,-0.018604228922653208,-0.021126667400366908,0.027846696955935116,0.008449893188729457,-0.04481979779162128,-0.03387888823270615
1759,-16.496952558530293,0.3345127484874676,-0.4755873263497997,-0.18861198708446061,0.010661977222485752,0.1220188564088665,-0.049490076736851046,0.20000000000000007,-0.17282645960634277,-0.05285232872968082,-0.1112618923331961,-0.09227642187811638,-0.0027886802980149573,0.01782765111927795,0.0018555771158676878,0.0179116361110098,-0.015581472848119149,-0.016333940673710835,-0.014489036813373792
1760,-16.449924082488344,0.3231687554019015,-0.49057063432219933,0.021101398996344417,0.11816463258570621,-0.05867796305024357,0.0796048816137741,0.19999999999999996,-0.17418896870698103,-0.09998411720610428,0.08989502165764378,-0.1583830161832027,0.013836187251453065,-0.002934074071810261,0.007416881367598374,0.023670358085701792,-0.01702213641494116,-0.020424265756769835,0.006991931005515466
1761,-3.5308992429011425,0.29615024488619995,-0.5284879039054238,0.07747318219325655,0.14115927086186075,-0.0512040622422631,0.014034399304806116,0.19999999999999996,0.11527951280600447,-0.13977536632088855,-0.131476241977028,-0.12959796429389248,0.0396468926164029,0.02120402373824339,0.008569190917911503,0.04473951403542136,0.05912737558954982,0.008808182924674151,-0.03514024118384852
1762,-16.834790457387946,0.33782591472198215,-0.4713070386339465,-0.04213297230428327,0.15528185063992297,0.20992711395427202,0.18063438952243294,0.19999999999999996,-0.08477856511887688,-0.10948069820926302,0.007251384460418955,-0.010513025790529975,0.01944881134388275,0.0317543326705226,0.026390628518435617,0.021277418092685123,-0.012239871365885027,-0.021718163832444015,-0.003143195176009982
1763,-9.256541535737332,0.3399776721405935,-0.4685496040887577,0.0832683247627398,0.07770040760417962,0.15089579113280713,0.12782281010333038,0.19999999999999996,0.01955708524450063,0.14454615710810442,-0.16078743701812812,-0.035421987026209995,0.02031405599698672,0.031157379749687606,0.03546387629578115,0.043057733038962646,0.02555742641615949,0.02582964554896954,-0.006984763816959219
1764,-7.326775780125814,0.3370246326707001,-0.47233835597731105,-0.10094348969712286,0.008956872753458748,0.15231288152171435,-0.18330211042855324,0.19999999999999996,0.03827488614922568,0.04826060688308555,0.13806425404915731,0.1298848985176823,-0.00772433088397942,0.01948479435339922,-0.010068033793287185,0.01459239508905423,0.024884568611991554,0.01777359301472408,0.031222683871134697
1765,-15.436825362782944,0.35386956208585424,-0.45115679137958453,0.1563054576048158,0.07030096406904758,0.09144858019820933,-0.1274013310281149,0.19999999999999996,-0.1637285189997471,-0.04205707530878308,-0.10207537996172375,-0.04668269282955847,0.014947975333096568,0.009318879332935898,-0.01237649031580815,0.015315328724215945,-0.011876604856632021,-0.014024030834969415,-0.012764229279256946
1766,-11.368404343192832,0.32949798329011815,-0.48214723918424635,-0.10286110596124563,-0.013406059867024518,-0.15323885194301945,0.15393740642886658,0.19999999999999996,-0.020936461880716715,0.008353125103827597,-0.15841443322821405,0.1888525555870856,-0.010259520926011111,-0.019511876419933506,0.013291905804954571,0.035951516812333294,0.009742087834495409,-0.00302305157856477,-0.01895750766508078
1767,-5.316337387318907,0.31320224719101125,-0.5041751305886957,0.10399413198600035,-0.15210345321180233,-0.08158362580001101,-0.04774107351566727,0.19999999999999996,0.1519381569680757,-0.06910788410331045,0.1044155476326066,0.08911612678252634,-0.012163786613747472,-0.03150314286048096,-0.021695253391739115,0.02380574553903836,0.04847675728038416,0.017231360326750936,0.01857882606989196
1768,-12.310018494569979,0.3263828867761452,-0.4862726206704127,0.08761976701486997,0.06296348737696121,-0.24093577675487873,-0.12124109194696008,0.19999999999999996,-0.060706272788210815,0.11008373452512243,-0.03596386769880784,-0.08048600189418899,0.010153038433487077,-0.029665574237830776,-0.02732205091788095,0.019518359926788457,0.006249211989650212,0.00988161114269422,-0.00048118966321929684
1769,-17.931664057470478,0.34065290982425817,-0.4676878970072158,0.1473991327904079,0.101911996409943,-0.11034849932371134,-0.0075150374318545465,0.20000000000000007,0.13178145130735874,-0.12067802253301817,0.029428796227289666,0.15093706397641662,0.013699137230135931,-0.01393678422614696,-0.005305620025527498,0.02509970779758121,0.01937237938317151,-0.014860686810554856,-0.0030655397631132995
1770,-3.0873306067355024,0.27605517142034,-0.5590041126851166,-0.07129070487782978,-0.013949090939612396,-0.26732338267868444,0.045613331432859346,0.3303271982717284,-0.026494325855973545,0.020699357770502268,0.1659294929088487,-0.05837311526396119,-0.020143157497928322,-0.058552707682018514,-0.040624617114772214,0.049884508533664114,0.04963652909482716,0.019926578792596475,0.04030771183036202
1771,-6.182819067453533,0.3195584845865745,-0.49544964702416433,0.158565537181399,0.19932542540800577,0.13139355361082702,-0.16693046205303366,0.20000000000000007,-0.037719977120900125,0.03813715351263612,-0.015194771316514637,-0.052733119796683596,0.05482246277056644,0.05087302324616915,0.0028393049635460675,0.02177386190383485,0.020818475346957646,0.011088322924109894,0.006040096796738392
1772,-9.337192562195165,0.3369346009795448,-0.47245438752624014,0.04788561778531344,0.042897181581700555,-0.1534798747855868,-0.029945911952387605,0.19999999999999984,-0.19081175134217582,0.04746590470512185,0.1250575015067545,-0.16245625634095953,0.00824575664073379,-0.018164553086325082,-0.013938531225230737,0.022364893309119043,-0.010475392459230551,-0.005975240985434006,0.01783461118544267
1773,-15.668007475292042,0.33068640161336793,-0.4805836636460242,-0.05553592173916523,-0.18992301632839012,-0.1158123905691495,-0.0334002542582454,0.19999999999999996,-0.10569872877301009,-0.015776078902105438,0.1763988128899246,0.10745479654000958,-0.025929344228931183,-0.01961095955276025,-0.001669523525073868,0.025458887567225842,-0.004230905309420372,-0.006538753105034921,0.021493913871162097
1774,-13.105363971168396,0.3225925525785076,-0.49134566302081084,0.1329699929802382,-0.14288943355319825,0.0316439028526754,-0.0407843005309819,0.20000000000000007,0.05052729801179383,-0.08617095725669437,0.072860970778055,-0.24215314403636304,-0.011166735023574108,-0.004609573935699916,-0.0006822888474048632,0.024573390645530005,0.015726930068359832,-0.009059586671164601,0.0008595149215092412
1775,-2.410849602593416,0.30497335061941805,-0.5157381087994029,0.01913814044049682,-0.09467149722560676,-0.10381051466138978,0.1789571463601445,0.19999999999999996,0.053997316251974806,0.07588665504013388,-0.12766030073859672,-0.14587842928165676,-0.01651520091074236,-0.035903638343075625,0.010360965546917122,0.06557220322356751,0.06157689840483308,0.04404639304474568,0.002323985276124999
1776,-8.121079179473089,0.31992761452031115,-0.49494827221287163,-0.022049696649735964,-0.09903237685747646,0.08917348562290885,0.1781359516830594,0.19999999999999984,0.168350148465802,-0.07559706333243976,-0.05168485624772507,0.11597642114085263,-0.015871889878738395,0.005444409134434217,0.03601400908257091,0.050764693092489474,0.04792577377160002,0.01071889649690889,-0.0064079231561188265
1777,-11.013656575463045,0.3389603140305387,-0.4698511466537893,-0.16005379146717302,-0.11433675117962284,-0.17781760361780916,0.017316942795062507,0.20000000000000007,0.03291974155770842,0.16389665741992732,0.061278559688717045,-0.07237995227397966,-0.028467179022664706,-0.03192885076342142,-0.007513186101297525,0.027517836253585455,0.018660888926339634,0.023875301631114332,0.016876915231755735
1778,-10.443525379020024,0.33751980697205414,-0.47170073599959245,-0.10899902764815649,-0.04064348500613725,0.12473067592550731,0.17502982952696264,0.19999999999999996,0.14162000386516596,-0.02898113175121709,-0.1070091634308981,-0.07298668284595512,-0.011949159455434875,0.015860055752853305,0.035289121136191,0.042218039571313516,0.03424500727405934,0.006513758167285919,-0.015579748604885946
1779,-0.019957226985969356,0.2851753817343705,-0.544887968435839,-0.0035394603883984314,0.19272956668055252,0.05779143187401896,0.006243979893041463,0.19999999999999996,0.06269799234055734,0.10123181830026738,0.17067609194949712,-0.20508965857366676,0.04487115299535209,0.06642663432876995,0.04451000813572628,0.06847368586140143,0.08312353594620839,0.07657279413739411,0.0900655451015239
1780,-9.876258244593076,0.3330002160760588,-0.4775554846900478,0.03981757893330036,0.05511194671213495,0.11571682745433172,0.059365760296772666,0.19999999999999996,0.13496628728675364,0.09549288011379133,-0.12202190365597929,-0.1775068155469362,0.01240393822063694,0.021786813400532803,0.020700789421622543,0.03605529009842954,0.037550711878834346,0.02577716007850536,-0.008372062794944114
1781,-17.42304044772474,0.3308034428118698,-0.4804299792089205,0.005193115782612425,0.12048294018048586,-0.13119822964040773,0.1872890034621563,0.20000000000000007,0.10624870120073482,0.13231385566037082,-0.09872571754494061,-0.01854843652829138,0.012548779757660746,-0.010112235406974191,0.017966525361035695,0.030429785103853378,0.015737295549578638,0.010375508848571222,-0.013692050731843828
1782,-13.344646260242234,0.3507184528954192,-0.455041383306334,-0.08875931824870785,0.09232214587133017,0.020913968715419916,0.18806311338638645,0.19999999999999996,0.09113854690725005,0.11125513586622411,-0.020480220260922086,0.18706755074375947,0.007700276172571732,0.010167607483153743,0.026862074619897078,0.03472545044674424,0.02058721002971611,0.015606341761190428,0.0033771025779995097
1783,-14.489605520437314,0.3423184961106309,-0.46556963448243477,-0.03849948041021639,0.024929794691097372,0.008468230637912355,0.18638456638879508,0.2049644094373615,-0.014233800151385166,0.09060565195477208,0.23348697891096404,-0.198427087417496,0.001631909520514225,0.004811251612557906,0.025647925765137053,0.03225819933992687,0.004982888643688609,0.0092267430965407,0.028545712580383516
1784,-1.9734743832557058,0.29850907519446845,-0.5250424610271818,0.056535705159421926,-0.10611756865983643,-0.1266926332129063,-0.17316226463776757,0.19999999999999996,0.04165679983680364,0.18009870336917785,0.11373546145270276,0.002000863671383555,-0.011415002670196194,-0.046619852607576485,-0.06691830118807576,-0.010518600421938987,0.031793612514383895,0.052812351533010005,0.06687954855233584
1785,-15.793202511284443,0.3347558340535869,-0.4752718454579955,-0.02127938814841928,-0.06605268021897154,0.1727860801576468,-0.1736142359130588,0.19999999999999996,-0.08251865299209502,-0.06442260294425772,0.04034278728474086,-0.17898357234081003,-0.006542916554193647,0.016786611054343623,-0.011334276226836328,0.014795734945041219,-0.002562130156181739,-0.012153321124282284,0.0004916151301006216
1786,-14.596960016457256,0.34200338519158746,-0.4659695952223719,-0.10849473961023925,0.14458944513178285,0.1377765022661549,-0.13059319294908214,0.19999999999999996,0.10406855342912504,0.0549182027306427,0.05358770870793457,0.06597165517503867,0.015070230844858071,0.022570105627304847,-0.009296147391285293,0.017648387818102813,0.02184567126666269,0.009791538688287858,0.006843373185767807
1787,-19.92974825540774,0.3221423941227312,-0.49195211801784355,-0.17826020818964058,0.0075400622836330694,-0.08561525127578844,0.10894716926220721,0.19999999999999984,-0.1591507062330532,-0.06421050555282938,0.15118376048277418,0.04509233672007406,-0.0027697216844457043,-0.003109772590530605,0.015559165596147097,0.02509662197805855,-0.017047356557199106,-0.014524821711862103,0.017347718737363942
1788,-4.2569401971783805,0.318784212042639,-0.49650319540813526,0.1029908647777143,0.11077581621392278,-0.06960177175933964,-0.14505237504560428,0.19999999999999996,0.028760942149861423,-0.18697360379053782,0.03790780928699641,-0.11793681697602336,0.03583751236570748,0.009561736128191303,-0.02517080882966337,0.013877947029250822,0.02851305913161704,-0.019525612462666223,-0.0197273489748868
1789,-5.309015389084209,0.3151829443964275,-0.5014372916740001,-0.18473826216950037,0.20195530497008315,0.05842991101073315,-0.1427946131238577,0.20000000000000007,0.13285985237539127,-0.036917377461132994,-0.0005715565808584353,-0.04173312230844283,0.008829175578998684,0.028358458825681918,-0.008052742922253286,0.019959301621715737,0.04636180800177507,0.020820982690009343,0.003599058949230612
1790,-2.1192956600963306,0.295366969173149,-0.5296380733704109,-0.05201199457193909,-0.08757972190992315,-0.14868271910899036,0.15514511276263931,0.20000000000000018,-0.1251098147709562,0.1078081823224649,0.09463870924863697,-0.029023745304449927,-0.031178590669906515,-0.051096697848127606,-0.007078886630160404,0.053591207885736,0.022427484023989083,0.01429968047303987,0.03890026926776793
1791,-17.83300508610701,0.35068244021895706,-0.45508598007498186,0.10608289708676523,0.01743834434954363,0.1177161242892366,0.1596382517056406,0.20000000000000007,0.13969764615577468,0.1297517206036529,-0.09225502832230194,0.03741998748708437,0.00581042825429153,0.013266782555915768,0.021571736466039573,0.024859192429467537,0.016756105400888344,0.009887121996779874,-0.01343191615541562
1792,-3.72870915579394,0.32740024488619995,-0.4849210000838649,-0.07857225385108915,0.10550453752087435,0.10189792208719252,0.17932256140239164,0.19999999999999984,0.04526884930538023,0.09910207809046274,0.15471380008093255,0.035617997661676934,0.007408108674983352,0.034965956651827015,0.058412541031352794,0.07763675578547778,0.06086341262072477,0.05063873619746861,0.06208265410953395
1793,-7.932178853081771,0.3233578219533276,-0.49031662910350177,-0.11784181103263812,-0.20666859176274516,0.11062188423465902,0.007936265235457983,0.19999999999999984,-0.04972333995441175,-0.07559762411228951,0.15023854301529532,-0.08137194065250328,-0.04193042570733659,-0.006932325439802403,0.009139276337266905,0.029576044273790816,0.010286080831174348,-0.01139014052838187,0.014194074909720645
1794,-10.064552849725809,0.3379609622587151,-0.4711334620145232,-0.14914324793496433,-0.1359117272107672,0.012979730323823536,0.15572623796977464,0.19999999999999984,-0.12133751240532974,-0.0011304147898300238,-0.11849822658294541,0.10527290278256525,-0.030275547428152385,-0.00784334609479459,0.023689703297023332,0.03718666425071986,-0.001967755012387966,-0.01017416519584287,-0.015839798793143164
1795,-16.041408916332053,0.3292278882166523,-0.4825033837100436,0.04646806101562905,-0.12024156762415829,0.034458903132977295,0.08932619075953571,0.19999999999999984,0.14574174561204,0.042613300728836914,-0.13645695487491769,0.18469327625190513,-0.012375533245865019,0.0005222101265333834,0.01580740756503353,0.028730242539631124,0.022322538112307024,0.003299377896633416,-0.01753041289627238
1796,-19.91407303128525,0.3334143618553731,-0.47701569682894657,-0.15140387316389461,0.1457123610435595,0.1549021820873157,0.043494901368134276,0.19999999999999996,-0.07928267861664098,-0.14247993061737876,0.04814619658421455,-0.03457787651886161,0.0156985046084772,0.02411409835031911,0.007553789482123981,0.016065997923945623,-0.011486947640540946,-0.02349741597353435,0.0015323494172299159
1797,-18.037394888093743,0.3220163497551138,-0.4921220772850277,0.043574026432809686,-0.10745930489467496,-0.11359492278737297,0.09579580248232585,0.20000000000000007,0.1463501797904583,-0.10952324336368094,0.16043138351831202,-0.0232711367303652,-0.012622117226656094,-0.015258358378009141,0.012802551565940111,0.030614326749764262,0.019346560948713818,-0.013077482224327124,0.0093435083996479
1798,-10.31275527880796,0.3325680639585134,-0.4781194577999374,-0.05767126768404989,-0.217390800634917,0.014226375876271135,0.06787075911562275,0.19999999999999984,-0.12413781662373566,-0.010616203676751968,0.07029946877116536,0.2377873076174863,-0.03421544643520941,-0.013683285287542325,0.011436289687117138,0.03041871294337463,-0.003424372913880121,-0.009684087557744234,0.011068456997324106
1799,-6.412969757166223,0.33562914145779316,-0.47414033799571464,0.1703198099237692,-0.0835077016795384,-0.21073477354410203,-0.10420587371284773,0.20000000000000007,0.01547765919286144,0.0982814007519424,0.010822186201036138,0.10665059499390263,0.0048506520519783995,-0.03984868922083855,-0.040368545312105826,0.012900176794498975,0.02216344234573195,0.020860160880849177,0.016396047136342618
1800,-19.1963526986324,0.33371146643618554,-0.47662887058701864,0.13177121120691612,-0.11314010800571499,0.07667464170123885,0.07834447272758178,0.19999999999999996,0.11254517919766036,-0.13130677480836983,-0.05392707131202138,-0.10229054104049672,-0.009506069084704086,0.004022423471168456,0.013557513213925065,0.024083457707739103,0.01174744346056312,-0.020127585104083093,-0.01559568083435703
1801,-19.064374548231203,0.3301192019590896,-0.4813292134390476,0.062399984811891816,-0.14932107709418319,0.027749236821294977,-0.08856251548718536,0.312479627731596,-0.09210045316692857,0.03878791681079885,-0.1051988102110652,0.1234003778650561,-0.015334983736736897,-0.0022077416418440766,-0.0027998878085559345,0.03358851998575153,-0.0018225327866634028,-0.0055200749578732415,-0.011226387897243536
1802,-3.4698440447127474,0.33176678190723136,-0.47916709979624766,-0.02425765502177956,-0.15179328507359374,0.03465220793660941,0.03545492650468905,0.19999999999999996,-0.09192148848226768,0.12519630232316367,-0.16690544225803805,0.16981869239985886,-0.03238644126247316,-0.022042543259396894,0.004661783276507408,0.039302169952277775,0.020507348560286902,0.017205102246937384,-0.006300898178450241
1803,-1.070970489365525,0.29917530970901757,-0.5240742507126069,-0.20582271169284833,-0.03075635106824298,-0.014495088381781804,-0.03025557700895493,0.19999999999999973,0.15114861157675813,0.18486245611387275,0.08723530963309609,-0.09542389452444516,-0.05684734829940196,-0.03255863532982503,-0.020926333194282772,0.02869650723841465,0.07430075443094175,0.09297913101693298,0.08386222795249126
1804,-12.262648407035659,0.3257886776145203,-0.48706401313672154,-0.1387771995870734,0.09472366563040656,-0.032828623560419185,-0.08651056092789848,0.19999999999999984,0.084965118335294,-0.09742756268525715,-0.07531896286353411,-0.18944830641011723,0.004117322228749262,0.0005646456877607897,-0.010703853138966365,0.02177685811791014,0.021274288283147612,-0.00948465634660943,-0.018997665852397837
1805,-18.510707051188966,0.32002664938058195,-0.49481385543935774,-0.20744500709881983,-0.01547464818611533,-0.0875463035555664,0.0010565522864569878,0.19999999999999996,-0.09298662020706847,-0.12354382527909563,0.1693997287576584,0.102547314629219,-0.006906900392594871,-0.00499494074611214,0.003847908864485641,0.0248064914038975,-0.006634056777949343,-0.018571505942917954,0.017453187398186323
1806,-3.279591608256762,0.2984550561797753,-0.525121059250526,-0.08201585009723301,0.10438304238586911,-0.04113747851341592,-0.17055353996423692,0.19999999999999996,0.04956826908638758,0.18253373850342924,0.1539230152011892,0.01588506624823902,0.004099701718655528,0.00321762896626864,-0.03252686065523972,0.006176007572333203,0.03653021294742951,0.05428681327419049,0.0696351228992795
1807,-17.929925334621707,0.3396265485450879,-0.4689983683810357,0.032332003486103884,-0.22568979834042927,-0.12850868241523616,0.04997660042050646,0.19999999999999996,0.05055181436692949,-0.06233177404868038,-0.0366948024941164,-0.21391452442799805,-0.026588946622707485,-0.019940690867475453,0.010112295560223162,0.030402908405280916,0.010705157593329684,-0.011345025655034887,-0.01189282512350078
1808,-5.499842300781461,0.3270131086142322,-0.4854348379063181,-0.06737043949846952,-0.1437885965463466,0.08307230588198898,-0.17808821204399025,0.19999999999999996,0.11301103763965782,0.04497566705919195,0.010625964252571632,0.15906777707778327,-0.03257706365927599,-0.011541331031270646,-0.023620959332457035,0.009948292334288126,0.03851038442514911,0.02742456239895251,0.01631565629399603
1809,-7.435006332444869,0.32178226735811005,-0.49243789249527203,0.04235765632909178,0.011607246208304778,-0.0493412600080817,-0.1754179727937606,0.3797768438900725,0.010897190374248144,0.03436107573035574,-0.2653537169702097,0.03088703769587506,0.005794305085628056,-0.007551786465554015,-0.02663469726928903,0.039070637931151404,0.03877854525905382,0.010697182545812516,-0.03367333824112964
1810,-18.672239262024505,0.3301282051282051,-0.48131736931327057,-0.11693324359342931,0.1060014588000382,-0.05420405010326007,0.10836199918837854,0.19999999999999996,-0.1260188766496273,-0.1461054333728766,-0.08234835498282467,0.060026583309565305,0.009106699260224178,0.00015208037620521753,0.012374127761445392,0.02363651457662046,-0.014421704576960131,-0.02631555063597582,-0.011447735246250975
1811,-15.824685904040411,0.3209719821377125,-0.49353287580088295,-0.012916486860310045,-0.11493488468887667,0.07782624096891688,0.05517447616676148,0.20000000000000007,-0.16529855889354392,-0.14373676174425093,0.0751769386003085,-0.1549356520770315,-0.013202780561639031,0.006417546407288687,0.013625948834538153,0.02341733996053439,-0.016460977302685538,-0.025977998246427467,0.0033574046314954376
1812,-0.2570302221496945,0.26971694036300775,-0.5690917755525646,-0.1451879704193391,0.03331306135059262,0.05828856873962702,0.04807195562205406,0.39955553928955745,-0.017369727872446127,-0.11218929262676121,-0.005124682429881266,-0.18089920164974116,-0.03030094202090714,0.00577924607817663,0.028414584836241014,0.10767051660441171,0.10776372495201555,0.020606611670763747,-0.010547522271766648
1813,-17.904968748265063,0.32049481417458947,-0.49417899327022047,-0.14662512088591034,0.23073642511301543,-0.02370454387910732,-0.20717881799237334,0.19999999999999996,0.15027429819938062,0.01135637743508396,0.027698896802399897,-0.0024255196927291424,0.022862000690031838,0.003570854580782511,-0.025552887939001467,0.018109904144379373,0.026340094799270707,0.0029026031446685602,-0.002176428805962615
1814,-10.487457105251725,0.3064588735234803,-0.5136277991234565,-0.11976631454712149,0.14384663388948773,-0.11573214037401312,0.09996476560513923,0.19999999999999996,-0.0637010219590735,-0.1355017418887854,0.09748939522123194,0.02399798651514759,0.00969676762392867,-0.004901904910487104,0.008408609920819432,0.03311862675962603,0.004356424171598982,-0.02096965110134835,0.0038988437269790593
1815,-8.850092489316836,0.3146877700950735,-0.5021201350131609,0.034400930296632666,-0.09363351221393253,-0.2624675818218361,0.22964974394849494,0.21883222252808132,0.05186984674613868,0.07093950938096484,-0.025402623072799602,0.01280402999111927,-0.013924266113286527,-0.04329967940116476,0.011419750340115891,0.04884596950806761,0.02952608096059364,0.01740657228869826,0.004893607980994966
1816,-11.78276275397432,0.32975907519446845,-0.48180324353703113,0.09283165088132836,-0.039861200894665334,-0.1350695825001383,0.1255286816779407,0.19999999999999996,0.11023577257804337,0.10304986207432498,-0.14568396841590492,-0.04773928097765403,-0.001290398496860702,-0.01883748795917969,0.010843857799421982,0.03592060261917114,0.028166764806762005,0.01769417108042269,-0.014053723937674678
1817,-16.503130580019068,0.34104004609622585,-0.4671946216600822,-0.04734448369486783,0.07461026920451759,0.020304950467053835,-0.19930245116830028,0.19999999999999996,0.08292419242930553,-0.20357774408226154,0.09495497487080769,0.07698093408288574,0.007635957205246862,0.0031661604669255415,-0.021477515730900957,0.01760407945567053,0.01673665674222577,-0.022290216607621025,0.0027808249273062794
1818,-8.453691301735539,0.33488187842120426,-0.4751083529516509,-0.01856567802375809,0.1324614364919068,0.18200463335139788,-0.026711189601055185,0.2006942666865036,0.23357431408872398,0.07154981966658937,-0.019621899860196333,0.11481676222986886,0.020330563922049284,0.039034970031407455,0.01840330383809863,0.03479253658970431,0.05693922050393321,0.03876279217419047,0.013498727675615847
1819,-6.133496377968733,0.3278594065110919,-0.48431235161235964,0.11466241751080394,-0.1302180052833471,0.04848646332435177,-0.09948036532974801,0.19999999999999996,-0.13139930774970407,-0.1280043011540319,-0.09559654616925842,-0.05215259347875481,-0.005911767865885574,-0.005839456872260556,-0.010183752381397536,0.019129654695526296,-0.0008733443689092303,-0.033493740021445714,-0.03515933218272243
1820,-17.95651278111414,0.3168755401901469,-0.49911128296314106,0.1451638110313894,-0.13706207224029018,-0.13682238273720942,-0.06280948897674814,0.19999999999999996,-0.15747148991367632,0.10432999624305919,0.010079642574636543,0.04626111628299084,-0.014030989463280229,-0.022893017384052344,-0.006495982419221619,0.02419900238145237,-0.008703973860127967,0.005062021289462262,0.005625511048953018
1821,-15.695827015103584,0.3146067415730337,-0.5022319753026936,-0.0028132421350672288,-0.11415858022616078,0.04101399851160049,-0.12421247645271215,0.19999999999999996,0.17275859914437908,-0.07952382595928374,-0.10051660806550375,0.1650026695052929,-0.013238743634173622,-0.0002942371882041314,-0.009097834396664096,0.022183375074338152,0.02831409682274272,-0.007433935491226642,-0.01748002552504457
1822,-19.6330406880276,0.3347648372227024,-0.4752601653804878,0.08344404948886178,0.14915534144363757,-0.15777478647903626,-0.18905875222958612,0.19999999999999996,0.06303715175161428,0.0159814827110077,-0.04332390570018228,0.0982245301960741,0.016135458955429702,-0.01968302120798227,-0.026606297954755175,0.021828472434982746,0.01716499192185243,1.5183092611654443e-05,-0.007171341961299367
1823,-12.61654422142458,0.3257886776145203,-0.48706401313672154,0.061022101787117165,0.057309853463357104,0.045406489318171754,-0.09767283812276265,0.19999999999999984,-0.18753708425817345,-0.15568199392711368,-0.12433590097162996,0.07103373815167435,0.01121071384042936,0.007376160916197191,-0.008282605292785317,0.017916619853027557,-0.014685632936800874,-0.03202563908950676,-0.022857237513677502
1824,-16.067114290021888,0.3556251800633823,-0.44900749636485776,0.16703099819885808,0.12321972670328518,0.18454807230711784,0.0823419951905836,0.20000000000000018,0.11878174514684799,-0.00810172190103238,0.08682441000227613,0.02915133054999868,0.022020196495943264,0.023608870452362637,0.013912261815719548,0.022702655870030692,0.016741615528761255,-0.0009421680277227896,0.0064691948973677445
1825,-15.789044345141637,0.3358632238547969,-0.47383754766570074,-0.18234759763590305,-0.04261794939868386,0.11293992738287774,0.15889210213142202,0.19999999999999996,-0.06680579816958719,0.02026250320590505,0.04930798419375774,0.1668261378818634,-0.009696416137555458,0.01719893796621616,0.02752409335912651,0.026978104871725923,-0.005178471123123993,-0.004607940676917188,0.007290694382318129
1826,-4.562261793034086,0.3231867617401325,-0.49054643694744926,-0.12797374924293617,-0.09521652405208503,-0.13217374522169548,-0.08954721167931659,0.20000000000000007,0.00372000369255637,0.17110362645225038,0.0879542103612238,-0.09231092929793612,-0.038952651196377586,-0.04675512855306138,-0.042619797112934205,0.009142397745651943,0.022344533030369273,0.035531898772697704,0.041136928056681794
1827,-10.387289400022656,0.3146697637568424,-0.5021449859219514,-0.024124029689117473,0.12631234179176917,0.08810142634050154,-0.2094981153213763,0.19999999999999996,-0.17998361341490612,-0.01842276151173242,-0.1500811832119735,0.0034765287186235326,0.016791834691488393,0.018670388434756813,-0.01929477107071842,0.01069231704429637,-0.010965796004047634,-0.01594599256686427,-0.022828002706657514
1828,-4.2425453383344,0.3159212042639009,-0.5004212237759118,0.08122089569382548,-0.19445667108506276,-0.12690340326597715,-0.0007884444167909604,0.19999999999999996,0.041630869671794135,-0.21215604215089143,-0.01079686820302583,-0.13204680551263234,-0.023590249058836766,-0.05006001113773656,-0.02717666144351085,0.024907578946029168,0.030917900070192014,-0.024640946027093776,-0.033636377303293365
1829,-12.202758473148569,0.3553460818208009,-0.4493484688890272,0.08386249203653032,-0.10838380638529849,0.1710527847754533,0.03493844221567671,0.19999999999999996,-0.0877095320610942,0.15530805657666333,0.03144384542226673,0.12730104052701693,-0.007250480232601054,0.016302266918523815,0.01696088854878419,0.026870349631861364,0.0013669052268950091,0.015069768361273005,0.015046259203317846
1830,-4.467413713804028,0.29708657447421494,-0.5271169737887561,-0.03981200924095757,-0.09433561262295191,-0.25973556964864614,0.06471294343053807,0.19999999999999984,0.006024947365614944,-0.18197168304833022,0.14679666702664051,-0.006610567616320787,-0.026885893680442467,-0.06266842202710418,-0.03347967848124021,0.028069826326454397,0.02431304705998571,-0.02312547268713749,-0.0011232170389520624
1831,-4.189838810007808,0.3071971333909536,-0.512582841239156,0.10608843340931981,-0.1433719502732055,-0.07372649854601664,0.15000561903215853,0.19999999999999996,0.07889043678210111,-0.007294765310105102,-0.11389132854173772,0.12673096810535567,-0.009402861170401887,-0.028516404619508703,0.012507627559878819,0.05558024745665556,0.05280974058245629,0.023815234122408296,-0.007978976523146058
1832,-2.16721184109851,0.3046852492077211,-0.5161485708602276,-0.10806434305069104,0.11138919216871229,0.07758451675608372,0.13616978201752858,0.19999999999999984,0.09755964821549887,-0.059915628926465805,0.12480061954020712,0.08451626932481267,0.0009405484384204277,0.03218576111474041,0.0521934992068039,0.07971282401854593,0.07740942048321851,0.03690371270493235,0.03678754425104372
1833,-7.927939234983473,0.3292819072313454,-0.48243213143645897,-0.025890919575092014,-0.14698524049476125,-0.1491508927221532,-0.1179744160875441,0.19999999999999973,0.009774597216157279,0.0516140388165067,0.09867880634059781,0.19993108874718785,-0.026890020930458104,-0.03978857500537245,-0.03413806464577859,0.013136142662567291,0.016664661974369645,0.010501295243022098,0.02184576896460495
1834,-6.331207423372081,0.33086646499567846,-0.4803472485711043,-0.0335862173388577,0.19478750462250416,-0.020387866453508194,0.04458258917151227,0.19999999999999996,0.1909135004784308,0.18105400332152885,-0.0046587834475847285,0.13002953516607327,0.027258251189836966,0.020679961965275925,0.014001650418748549,0.04314189939802744,0.06226716800189229,0.06331485461361543,0.03606583091707318
1835,-14.98061475644344,0.35446377124747913,-0.45042814623927874,0.14680797388852898,-0.041843190575991444,0.15123843807426923,0.1238169617348543,0.19999999999999996,-0.0537414414488605,0.10120765130251246,0.09902695671571225,0.08231738625927085,0.0022186790027907055,0.016077722776273715,0.022490046459230646,0.02622480176473833,-0.0007149083329387218,0.007391460433564028,0.016289533271357588
1836,-9.978087047494299,0.33117257274560646,-0.4799456380661141,-0.10653861319981447,0.11233447641949716,0.08953836793814857,0.08905953728273482,0.20000000000000007,0.10942657105485255,-0.15928043509053375,0.05785305201202382,0.07596894700239487,0.008639453356865346,0.0215429334006301,0.022550710081832164,0.036946638003167505,0.029984117547942456,-0.010289819034673865,-0.0005845785198251087
1837,-3.524996754712191,0.316740492653414,-0.499296412119746,-0.042377613385639466,0.13166426361953854,-0.07739329483891595,0.1287441623537399,0.19999999999999984,-0.08621981827936413,-0.0825089520441718,0.1749994303979574,-0.0760924650806729,0.015984786612563823,0.008176700501993464,0.020690491045716283,0.057682232787330937,0.026810924976583755,-0.010311306831842533,0.02044291173082414
1838,-17.58229431105676,0.3571827283203688,-0.44710954971773126,-0.0139483906735868,-0.12531267118353007,0.17487890761259905,-0.1627629586914115,0.19999999999999984,-0.0649753468655428,-0.08377072297055543,0.1012756545751564,-0.07307534742761806,-0.012739609943164221,0.015584879023152672,-0.009211087739579295,0.015963611948791336,-0.0017080598285026275,-0.013135567859315841,0.008310578938533727
1839,-12.830143652070834,0.35058340535868626,-0.4552086448073051,0.24375177192906444,0.0084012618265952,0.22365237535209836,-0.03635048492908411,0.20000000000000007,-0.05725453812088474,-0.015616600223912204,-0.17545117896093604,-0.03952178865742495,0.01646677915279276,0.027070179936420576,0.008364254306739462,0.021907390326919404,0.0029717922099194677,-0.007404408177281773,-0.022844987204560747
1840,-19.799017224548933,0.3327391241717084,-0.47789613086276833,-0.07816911210792149,-0.16848980270750147,-0.07805099078784744,0.035244965324148295,0.19999999999999996,-0.09690247396910502,0.07089112894102732,0.15467995052407013,0.11757157563837882,-0.02080094655754741,-0.008641644454295282,0.010895891187860548,0.026702808396509143,-0.00589369431643677,0.0026466086114910383,0.019349612827804844
1841,-7.570832209344827,0.33261307980409105,-0.4780606764182168,-0.12759641267253002,0.10559195491035155,0.13039531416635294,0.15209185922966087,0.19999999999999996,0.027364870188193304,0.030902524480504342,0.07402913260728286,0.15202793174512422,0.004365340373136855,0.030191240055252613,0.041205379358519784,0.050845254297301315,0.03156256193487216,0.017317233784581883,0.022650327590848812
1842,-10.407249672446197,0.33002016709881876,-0.4814595201459957,-0.10428087397394989,0.1147239463542429,-0.013424348827842505,0.2321481564608355,0.19999999999999996,0.04837530438003001,-0.11494865562403572,0.087245499112115,0.08485321526694842,0.008078179232750204,0.008890164505091098,0.034042968637609805,0.044959723855985706,0.021244720211412667,-0.00929380084070647,0.006554727256720586
1843,-19.573729905240217,0.3447763612791703,-0.4624625181313864,0.15284407095323263,-0.09657727189387233,0.1323276329113171,-0.019107096113557327,0.19999999999999996,-0.018260832734454727,0.14625733850770686,0.09984315610021935,-0.13478260078563972,-0.006799319926161206,0.008804331682022425,0.0027080969616031154,0.018900287231443765,0.0016908340763937405,0.011371686581416912,0.00960260080220992
1844,-14.58625478185217,0.3508715067703832,-0.45485189811353877,0.11372014841230012,0.2042153704406989,0.1591677022511334,-0.03977351096054881,0.20000000000000018,-0.014379545790254397,-0.050015434642444394,0.16020595534989265,0.05852233215272716,0.03145653130193351,0.025607343838365666,0.00019631469380735958,0.019002927485368915,0.005044698534174361,-0.0068090933071038055,0.017811215987835204
1845,-15.306604220582189,0.3352420051858254,-0.4746415703595274,0.08227988873917425,0.12126387162692331,0.039329980365468274,0.045767577367130205,0.20000000000000018,-0.17403857466585748,-0.17569175011858576,-0.07687771652629126,-0.08475064059056933,0.01799792786603988,0.008234929040514514,0.00656259279198436,0.021846162498593953,-0.017118809139526358,-0.0317262409686336,-0.015188515769896964
1846,-16.756886739919604,0.3074672284644195,-0.5122011668984109,0.10919363738992309,0.11306866429377598,-0.1155819445314725,0.07791882527589215,0.20000000000000018,-0.11349204411855486,0.09623987594919121,-0.09040024313579796,-0.08410476530539211,0.014914440411400685,-0.011725404491281618,0.004690097893965198,0.02509066669105251,-0.00718072136325596,0.0024008403513237804,-0.008810118031379275
1847,-8.69158194512373,0.3318478104292711,-0.4790610435383537,0.1055430985129406,0.049733728485835085,0.16547370914623952,-0.07364819848824879,0.19999999999999996,0.13453179608770804,0.059005811747872026,-0.15522096046555786,-0.05684269706559811,0.019262273798235856,0.029822786868546478,0.008797322395375185,0.028436400666155316,0.040364338532129763,0.024194787302548364,-0.0126643215229505
1848,-15.614309707965633,0.363385911840968,-0.43963191392487216,0.17846504667962249,-0.028774207826820487,0.12321764944257974,-0.015622836374260029,0.19999999999999996,-0.12675084430316413,-0.10719124986193382,-0.12370693729666256,-0.09627122821495686,0.004021603947238504,0.010523621711099017,0.003447009358745149,0.019793376509762463,-0.01038059045658076,-0.021936546878893192,-0.018818263817050145
1849,-19.13964372043264,0.3528341976375684,-0.4524293285132154,0.06078281681271566,0.014530973091472417,0.04263574812772444,0.06964294332333505,0.19999999999999973,0.0976237160584979,0.19319016145405685,-0.14559469741994807,0.17599894371224983,0.0032126903521684565,0.004238324893432681,0.009628877757397195,0.023212216613644875,0.014126029592933584,0.015217766532966769,-0.016635163862042026
1850,-11.036266502325608,0.31873019302794586,-0.496576794247216,-0.09040945111194237,-0.013920098231371348,0.020067438805451143,0.05576665500572789,0.20000000000000007,-0.19676784711060288,0.16396715883743843,0.04344567639372171,-0.2156556745037442,-0.007698854121965401,0.0022785780034331334,0.01129581281747747,0.028032076177789314,-0.011510381036607717,0.00971127304614134,0.013802615309575864
1851,-18.89648288829839,0.33211790550273695,-0.4787077096126673,-0.06480811631810768,-0.17910746205499037,-0.02367199177481769,-0.1692091834593047,0.19999999999999996,0.14004381184920156,-0.026857365703024168,0.12236306415791635,0.07393900468263755,-0.021642272421714213,-0.006217231791965101,-0.011623839076860315,0.024378848998202578,0.024664155735694727,-0.0016445442398248984,0.008419299105174246
1852,-13.468165633294541,0.3276163209449726,-0.48463447101484447,0.1245957011501147,0.07585447947840877,0.11401964952179226,-0.1623751021123163,0.19999999999999984,0.13551338339701663,-0.06089549506571082,-0.10432093742931298,0.022425251845327728,0.016831445848501565,0.014842816451358052,-0.014033057414888786,0.01779581686655539,0.027063006199924456,-0.003038312799586731,-0.017451929285850397
1853,-15.687957691396269,0.33164073753961393,-0.4793321276935364,0.13218716150211854,0.03261793796489663,-0.14003879074857664,-0.09376316342857775,0.19999999999999996,0.18796910980738246,0.16238878679882568,0.027888409411151588,0.02314664033847079,0.00666601643325349,-0.019037180995240776,-0.015303862003725686,0.024952484937609556,0.03408091541601638,0.02373687290658612,0.004092307716512809
1854,-18.468682295868042,0.3370606453471622,-0.4722919520364716,0.035696135685145715,0.19566721757472827,-0.002519924839211701,-0.08773193451454953,0.19999999999999996,0.09520129355503751,-0.11927398205172958,-0.05354736457946659,0.21036214720013105,0.022896754672733388,0.0017543238553569956,-0.013081168046751667,0.0193364214652298,0.01496191288196424,-0.016172661595996354,-0.010808776724805468
1855,-7.82654478509194,0.3339455488331893,-0.4763243408803882,0.1327490142942092,0.11449689791496583,-0.12306412969750635,0.12061244876752944,0.20000000000000007,-0.12166654528090783,-0.02910925229781954,0.13215688003368317,-0.026144831713378624,0.029610121708816127,-0.0021214236252452613,0.012486222498655098,0.04111263359801853,0.005611535787807858,-0.008578993134745845,0.01778169969550947
1856,-5.144606130591065,0.3251584557764333,-0.4879049476401036,0.07621880554992869,-0.06700862685522067,-0.1438677448884648,-0.1819408297693959,0.19999999999999996,0.08845801306577059,-0.06332382454003914,0.003284959881517733,-0.1758971954496625,-0.002409496564894832,-0.03344111653631975,-0.05102190960931468,0.0016766339986907213,0.031229243869045468,0.004713663165732525,-0.007078750739017991
1857,-16.336563947883274,0.35394158743877846,-0.45106840561888806,0.20826080186337378,0.09323431304808413,0.039009588468732745,0.18037580023831992,0.19999999999999996,-6.145166947283877e-05,0.17120634568214613,0.07153439708918545,0.036317301940685075,0.01769107371025552,0.0054664344710126924,0.020801390351066117,0.026810765905518116,0.003976763851889542,0.015320857798271557,0.01186568961274308
1858,-1.551039158240883,0.328831748775569,-0.48302625788264764,0.18760067088369212,-0.005093466441209166,0.009622212434625617,-0.23009378788413354,0.19999999999999996,0.0800499533821941,0.06987282966285532,-0.11030386852350202,-0.10736321078778825,0.04206866792799876,0.015419193620392076,-0.03443650876009909,-0.002980393133752561,0.046217765919173044,0.0424661789250986,0.004381538815518838
1859,-19.048171313982163,0.32008066839527516,-0.49474055473054435,-0.12440684668162606,-0.060548707661901194,0.15742797794518393,-0.16281155205911815,0.19999999999999996,0.004076082673370238,-0.09602648181341403,0.06390040781019109,0.13080194335519532,-0.007223670528298867,0.018028274709762582,-0.009837830433095605,0.016809967482251664,0.005377931839783123,-0.01350805674656737,0.004517329792308146
1860,-2.7664666897610104,0.3119958225295304,-0.5058512209319392,-0.1543535418328279,-0.060203904990200646,0.08541593128536243,0.1481011028789121,0.19999999999999996,-0.13074685941471728,-0.00028815252839776534,-0.06574945884429285,0.15514104822528912,-0.040892944815241285,-0.004959136551665092,0.03809392853585061,0.06685328716227971,0.024241679099559234,-0.006413075378039313,-0.010141649707385797
1861,-13.655257431304012,0.33640341400172863,-0.4731396053991302,0.16143197395765335,0.05965719766509005,0.15576214672054536,-0.11840925154366067,0.20000000000000007,-0.041057137348223596,-0.03554026146555342,-0.11671601202421292,0.11142601927506061,0.016776299490952207,0.019219681747933016,-0.006819635141269215,0.017324053031695475,0.004328047372865891,-0.008587264004688617,-0.014840583070793825
1862,-6.591270207623225,0.31681251800633825,-0.49919766674898586,0.004626236874109342,-0.0840612939430499,-0.11726221633911267,-0.23077383683627337,0.19999999999999996,0.10697726089688624,0.08558620640428954,0.004260985480253359,0.16645196322602562,-0.014516577198213322,-0.03202520547338646,-0.05142030293480475,0.0001495502347410769,0.031852581223475264,0.027390336246445556,0.015554695819901373
1863,-17.978957741633213,0.34420015845577645,-0.4631889340768679,0.10967401206760849,0.10995087320020615,0.05619757643907918,-0.00021923216862253816,0.19999999999999996,0.17858947735548247,0.13311124373787117,0.09375860775434908,-0.11849897727678098,0.015677201776049362,0.006268071448754533,-0.000477440902326838,0.021831881759267598,0.025285993999973035,0.015251546942175499,0.005558470931674717
1864,-1.3251799012200536,0.3091328147507923,-0.5098548917054608,-0.08331372491768625,0.15219388787974092,0.14812502355973148,0.024889675165905182,0.19999999999999984,0.15312474789788932,0.08938652480876358,-0.04805778105608269,0.1009086347142007,0.015360420471082128,0.05962803213870894,0.05451965592143961,0.07106665071216699,0.09406189286227527,0.08279126755622221,0.04352961833168644
1865,-11.795902895032782,0.3372136992221262,-0.472094790584289,-0.04545321466599968,0.07981208947274525,-0.016717054098728305,0.19967095508033558,0.19999999999999996,0.07548572884458096,-0.12009803979548313,0.06785920779890242,-0.19490371024322475,0.0076221053555229085,0.00516624544652612,0.027768541428537793,0.039177481595204885,0.020280541353147632,-0.010953759248479912,-0.0005190434576868977
1866,-17.072103700712105,0.3270401181215788,-0.48539896902125884,0.07449103369906754,0.1583403425790396,-0.0634679867275862,-0.1632038036810133,0.19999999999999996,-0.10418737056719729,-0.11794549650320668,0.07553771254863516,-0.042826253694254315,0.01961626151684341,-0.006735305187564467,-0.022590359009665693,0.01709504923192133,-0.004405023913896267,-0.017781146639218894,0.0056760461148577385
1867,-13.949360754864896,0.33909536156727166,-0.4696781508279773,0.060665562276627984,-0.11316191821841881,-0.17085973860052386,-0.04849732425685483,0.20000000000000007,0.12086360291528898,0.06769232074754743,-0.1775963609764921,0.040663172008245985,-0.013455956848718741,-0.027482265507471418,-0.01023369908535724,0.026863705768564155,0.026358235678961128,0.009463503849322574,-0.02168270343050307
1868,-1.3030327392313872,0.2979598818784212,-0.5258422065670955,-0.18459624658041524,0.03906782944474887,0.13347006193756097,0.11777587092933388,0.19999999999999996,0.038635360523600094,0.12105409245788623,0.14565625689610656,0.019744281230348205,-0.033010926848272205,0.02114801489036388,0.054515983474123814,0.08093792747247448,0.07291182540457287,0.06573393313652555,0.07908149854116088
1869,-19.706514481931677,0.3436869778161913,-0.4638369228226551,-0.11714919384048007,-0.09406892597298376,0.11477442602374897,0.135268962938865,0.19999999999999996,-0.11919362468795387,-0.13298189539188301,-0.06728563577133072,0.019277335372754553,-0.010967251940812566,0.01610961015289219,0.02345198074759517,0.021703291851641087,-0.016589948457457305,-0.02530527509592437,-0.009699874064804387
1870,-3.0934533398520365,0.3255005762028234,-0.48744823830474415,0.1034695720991968,0.15251913072993756,0.14094907618442315,-0.00805469077696268,0.19999999999999984,-0.1508957551709679,0.053545769521123034,-0.13187828347685604,0.058687722040532984,0.051065444868642826,0.06349693527537191,0.043194243810035775,0.053151831701934334,0.019913093964691,0.0016920881209732941,-0.012458618653950902
1871,-10.781041077085288,0.3384741428983002,-0.47047450282967107,-0.13192909244696469,0.08234118459594002,-0.14037793432879425,0.13269098602368606,0.19999999999999996,0.0751831261763285,0.05164101303680136,-0.08636108957909155,-0.09947557381239362,0.00032297435590849,-0.012229875774032067,0.01097069687104546,0.03647164142181889,0.024804403456738178,0.011469990244233435,-0.009257186491908582
1872,-8.372450126013721,0.33195584845865744,-0.47891967547029846,-0.06866853785360702,0.13779839212089307,-0.05465964443856196,0.12579807260481576,0.19999999999999996,0.1072606108283666,0.04769624305193622,-0.13980028670273809,-0.11831821239908133,0.013224958189145729,0.005500218429228823,0.018114911356694616,0.04295467117169917,0.03845979313379004,0.02096252393685536,-0.012791033807873026
1873,-0.9847526276716216,0.3147597954479977,-0.5020207455955796,0.10601827059379308,-0.040423948919952206,0.11626925714475526,-0.12184410796048743,0.20000000000000007,-0.06720182906375397,-0.13761068300044738,0.19474228454195489,-0.01588961877485575,0.01908762446777461,0.0247878485023707,0.006570314769386033,0.02635809430420396,0.026914440049468816,-0.024121899498783097,0.011921848349565934
1874,-3.2468851641390337,0.3016961970613656,-0.5204301641560465,-0.056830103503037965,0.08875191562217112,0.15340176633096841,-0.05832639613365886,0.19999999999999996,0.07562812225631972,-0.18109837910480497,-0.020212814064057734,0.1657505029849812,0.008677945528982827,0.0408287250746801,0.024685794028887813,0.041233362080421304,0.051292895967214557,-0.003998312535995674,-0.020519543045026664
1875,-1.2428585728288297,0.28700302506482284,-0.5421135256979371,-0.02881739768789955,0.03608828992766852,0.18977419279950195,-0.13097721847698487,0.19999999999999984,0.11350965913129955,-0.023714850638820645,0.04448013999046867,-0.23263825134735638,0.003930648824129796,0.0443788458168299,0.022413045603470433,0.033842118472744626,0.06842636110571407,0.04265196110801143,0.022697173122027438
1876,-12.63357365295825,0.3251854652837799,-0.48786887417304586,0.1579681601246653,0.0654228452946148,0.01562383484611512,0.1418337921842904,0.19999999999999996,-0.15522551754846586,-0.15484037887036514,0.0023179359852095707,0.10676753514627388,0.017081828183787097,0.006337252457415113,0.020629843750767367,0.03142947990781624,-0.011435778039369345,-0.029253389075811702,-0.005568443635471758
1877,-3.3601070000801947,0.29895023048112934,-0.5244011074164551,0.126862161468724,0.0003640164412323226,-0.0846830834552652,0.13677457758557754,0.19999999999999996,0.16018733345252176,0.17835485976227866,-0.06646418864209774,0.0463097791923028,0.022173230174204774,-0.004968528884753179,0.017902611182407928,0.062343683282032394,0.0785598006430267,0.08057453244904529,0.04206242434379051
1878,-9.054625262101748,0.32279062229904926,-0.49107909087355767,0.19064054473845085,0.016541830076750117,0.004719628878125847,-0.08795968241039642,0.4153542560888528,0.008868313988468768,-0.06596805984028567,0.16636449785046886,0.04358318612820067,0.01930276988070061,0.003823170489289823,-0.005413281655745066,0.05423006932580966,0.037326652976013903,-0.00012092001046858538,0.022312676532508357
1879,-13.781132575830732,0.3442541774704696,-0.46312078094361564,0.04138052345740438,0.11770897636599832,-0.18027747439150466,-0.04031157709470429,0.19999999999999996,0.03807696213416161,-0.1262007557134721,-0.09677598655086901,0.15926774429188567,0.01442118954146575,-0.018157840922180358,-0.012246993683226836,0.024864939073706432,0.013892122246853897,-0.016827513010884646,-0.017598481607261605
1880,-11.901451007495483,0.3359892682224143,-0.4736745941167626,-0.08555485826601834,-0.17700176582498764,0.07259533129605945,0.13854268594544622,0.19999999999999984,0.12530629707281377,-0.025375428592087693,-0.07943071145368802,0.09619292154889904,-0.027465422913695352,0.0009607508044821116,0.02556840264574947,0.03602305198952201,0.02683285677762234,0.001726854131001163,-0.01148800973076453
1881,-13.735716932635427,0.33145167098818784,-0.4795797871785975,0.1607432827938661,-0.11789402329690947,-0.05521605038899227,0.1128270390177262,0.19999999999999996,-0.080812152354992,-0.14543235905580312,-0.10361452396200448,0.023460569129706357,-0.008120898075720915,-0.012574997442577947,0.014292258019927506,0.030494056671857762,-0.003330410582904161,-0.02589342034492466,-0.019494035382307266
1882,-8.649115961356134,0.33371146643618554,-0.47662887058701864,-0.16720343666675597,0.061570917182219374,0.07106243607973925,0.09202750845847495,0.20000000000000007,0.07839838980781641,0.21107417832626651,0.04969010437218556,-0.06897302910654193,-0.0055121796336580165,0.01454084225351561,0.022487470964861082,0.03945900859290627,0.034302426745056756,0.043480402595190405,0.029824803999026487
1883,-13.721422817508717,0.34414613944108324,-0.46325709790696024,0.09438535748368634,0.07103165853826517,0.1586451288415022,0.06753787200944672,0.2051815093811714,-0.1871479894046703,0.07020571848499953,-0.029054475630436227,0.1168102902258221,0.015108390879885922,0.02292865098546485,0.016846490676050374,0.024497314864216198,-0.014627838243591611,-0.0021791200724938183,0.002451073425117022
1884,-5.185986303681808,0.3129141457793143,-0.5045748034404653,-0.057158885122689775,-0.16422120764354592,0.15462739380978163,0.10963013093106025,0.19999999999999996,0.11975743787704801,-0.06291058290909514,0.07087052279736834,-0.06082383890941096,-0.03433196949617632,0.0014769173703918503,0.03494268181991607,0.054585206027720885,0.054310253328072704,0.019692200298582485,0.01470767084859523
1885,-11.800869910913526,0.33120858542206855,-0.47989841417851226,-0.17063119778607472,-0.18900465082902548,-0.00713997742830614,0.18657230043592302,0.19999999999999984,-0.06720182154637232,-0.009173906606408377,0.0908411543414482,-0.07943499102644185,-0.03532369371276801,-0.00973160671302162,0.027248150744947176,0.03663346787835651,0.0015248739593541573,-0.0060091958614089825,0.00970852118675406
1886,-10.981540029144943,0.32799445404782485,-0.4841334995712154,-0.15891916119703184,0.09885309120595473,0.09999920547897455,0.09442512081705406,0.20000000000000007,0.025535371658953764,-0.13001833647300678,-0.011412605075618662,0.1808371080934055,0.00392201727209067,0.021022443216502814,0.02220341525115011,0.03352053798835284,0.015340943021141445,-0.015060495285336763,-0.007266253305971043
1887,-12.423183524470785,0.35318532123307406,-0.4519973544714489,0.14821695832818754,-0.12806620454639478,0.15270777879627562,-0.053415152257583906,0.19999999999999996,0.11341992409155867,-0.024001087051957692,0.07107513179955828,0.10909776312848347,-0.006550195828843224,0.011421608853259354,0.004118717249135379,0.024357287737697814,0.025509405056842627,0.003448857526871047,0.008675438311841034
1888,-13.48594947530676,0.3316677470469605,-0.4792967592932261,-0.0049175160147981916,0.12696811976669936,0.13450708221514474,0.05172111155244569,0.20000000000000007,-0.06149111545183493,-0.14819824028032386,0.17664565362451265,-0.09555116109424054,0.017394458886593096,0.023600739737426966,0.01409064981611569,0.024939546934082197,-0.0012421141383533066,-0.021179180181452602,0.01422133523071468
1889,-6.192975015336387,0.3292368913857678,-0.48249150751928027,0.16365481875534843,-0.09156882434179904,0.14409788958489636,0.08195535562650938,0.19999999999999996,-0.09318255938318348,0.013187484519886253,-0.14534909822317418,-0.0670039695652029,0.00799604433540266,0.019182658445290945,0.034227019694975144,0.047967380451255114,0.017030627271898247,-0.0004666074249791841,-0.019416323666118417
1890,-11.486653078768713,0.3404908527801786,-0.46789455083035636,-0.057017371229476886,-0.0996494832670692,-0.09329191107094377,-0.02028707653074845,0.21469409245909477,0.18245067444042773,0.15509354413262288,0.09457036124965369,-0.08294548561996257,-0.018012782310452488,-0.018927939103455138,-0.00585118114227246,0.02951885381164997,0.03927777394568229,0.03243933831240243,0.020249452190533916
1891,-5.152655317627437,0.3182440218957073,-0.49723974566988066,0.11526102920672805,-0.10365338712941478,-0.03517512109983486,0.04801418138771453,0.19999999999999984,-0.14046061511387756,-0.019838121287693713,0.17137827367988118,0.16621927109485546,-0.0014285651249765193,-0.01494270591381203,0.0037201487847118037,0.03725799795024404,0.006202342140985448,-0.011651487502253791,0.027363376735149755
1892,-11.119640056579756,0.34177830596369924,-0.4662555071485255,-0.03167471464898892,-0.0035516750911615547,0.16747622787617236,0.18448601165375672,0.23307328764818036,0.0346317153897423,0.08593746063987136,0.2041949759465369,0.05497393110558952,-0.0004472971018412981,0.024648434144080467,0.03893663837111322,0.04435719892801318,0.0214930206772165,0.017489613360570717,0.03549182213214328
1893,-13.219947110529542,0.3004807692307692,-0.5221833176186863,0.03775584400381924,0.05485643279887673,-0.11392042080583828,-0.10093632492304988,0.4429560725578342,-0.023938565679173917,0.12685767671710588,0.045888042736757326,0.05289061977754452,0.007460429645244087,-0.013264394555279892,-0.013638151779960897,0.05169480864256231,0.021753628005287327,0.012403823891262168,0.010549463920887986
1894,-14.87481700123433,0.35135767790262173,-0.4542505517772296,0.13871352079248506,0.004960895566059909,0.01814362342182687,-0.16897156340528596,0.19999999999999984,-0.1506366593518082,0.055905483489584296,-0.09621168841111753,-0.1664565655618323,0.006081452902966002,-0.001651298684475702,-0.01870690665352648,0.015714354514938658,-0.007552882392302505,-0.0015027369056972958,-0.010532937484462568
1895,-12.645672786058501,0.33067739844425237,-0.4805954877787222,-0.009798162647772633,0.11514042967121818,0.09081153174204033,-0.1833274465746173,0.19999999999999996,0.06750919797930856,-0.06629946257803518,-0.12618538642520064,0.14092838238180724,0.015436193833200907,0.015674149383653923,-0.01697088701632366,0.015877215908143172,0.01946878675387594,-0.0064738099967882705,-0.018955724000533657
1896,-1.5301991709776033,0.2984550561797753,-0.525121059250526,0.003202208370740607,-0.19080267609071053,0.00719033917001428,0.18045659000258504,0.19999999999999996,-0.19572966204642686,0.09771101532137855,-0.09978949262833929,0.025118016369804944,-0.039345649814548606,-0.039151010683626274,0.024492790458400436,0.07199483545265395,0.0183252529560336,-0.001882467628744269,-0.0046419123228666
1897,-2.3136142690744137,0.3229886920195909,-0.4908126822492692,-0.0009877647231715727,0.01814404306875724,0.17256047011163284,0.001600224717786303,0.19999999999999996,-0.17333114701488883,0.0877689424275296,-0.18704976920358873,-0.15855763873264492,0.006093271003637835,0.038427101512670876,0.04084216423948932,0.05323056764946503,0.01613543479788872,0.0006302874610353482,-0.023968871589890518
1898,-2.830926676972755,0.31809997118985883,-0.4974363702264496,-0.007974953138026786,-0.1753696873592264,0.18606139665615185,0.01014897635340017,0.19999999999999984,-0.12562130813730463,-0.16606779818044975,-0.057008170666960845,-0.07174770950847974,-0.03297933937578988,0.0014939097447231443,0.027499027014020676,0.046413929723033785,0.015604769139048222,-0.04094094431850282,-0.04509898427509596
1899,-14.629681256230903,0.3361063094209162,-0.4735233348349897,-0.11236096435870858,-0.10942080771721689,-0.013558047379867723,0.1410278281800107,0.19999999999999996,0.09501833064170986,-0.1412564718978845,-0.056192379873603,0.13116516995099883,-0.017968159574950012,-0.002734691402791423,0.021482929963801415,0.0322595797068308,0.015869928876106297,-0.018356365234651142,-0.014185103973267247
1900,-11.184372352196055,0.3299841544223567,-0.48150691409834295,-0.11738088209663863,-0.023612894149716714,0.18773810821885548,0.062341343708549796,0.19999999999999973,-0.07707692533233672,0.06820359980761218,0.13252738599888206,-0.1311188606874087,-0.008547286291810584,0.02435055415404137,0.023183633700167648,0.029923486205780662,0.003126146231517227,0.00629678069723473,0.021236763291126094
1901,-12.92042918591803,0.3428406799193316,-0.46490765227888126,0.1408035590073253,-0.08973761916706861,0.11591794925295978,0.12701858673416913,0.19999999999999996,0.13007451858838945,-0.05127597523111469,-0.004343413368785535,0.14082837865018752,-0.002819088438450361,0.010812989501626092,0.024676948997704114,0.03343303249739016,0.025208770379072296,-0.0016699579609289787,-0.0024630311937544704
1902,-19.813303871196187,0.35010623739556324,-0.45580015189608075,0.16054708440344517,0.14009579531595934,0.014645131697915616,0.020961332199730186,0.19999999999999984,-0.14156106035264027,-0.019255664803412835,-0.15148783748361966,0.15144609374327705,0.018177590900739705,-0.0005080488427381146,-0.0014765589741221274,0.017713216390899605,-0.014526752980027865,-0.01224465310157176,-0.014513138551952472
1903,-4.229209234986946,0.31381446269086716,-0.5033270450636205,0.03327620053080828,-0.12743406914948865,-0.07828584883069542,0.1244064779892392,0.19999999999999996,-0.13486567825657989,0.11518062246885981,0.07948121299531631,-0.10706988977901254,-0.018637779896090043,-0.03130570531261406,0.0059519880717066286,0.046910911247372136,0.013234904703629525,0.012002577870054239,0.02990338881984905
1904,-15.166950227510675,0.32076490924805534,-0.49381314834764845,-0.15955794345809557,-0.05804396773175331,0.16802501605366377,-0.031642146963812276,0.20000000000000007,0.08478047795632562,-0.1669207081766257,0.03290828710817187,0.0981214525515518,-0.010794137111050758,0.02035668549885392,0.006913134672553419,0.022065046152842747,0.014435139838836163,-0.019993494145253015,-0.004052090819284729
1905,-6.353672674694968,0.322241428983002,-0.4918186252387635,-0.12384900910737283,0.07578045253678682,0.003452085149511993,-0.1338041060123469,0.19999999999999996,0.08533252662232073,-0.07950519789222618,0.04684054947317608,-0.25143607320625855,-0.003200390251663383,0.0037698922411507447,-0.018066522428913285,0.01665488340651873,0.03266004415513243,0.003243032813783334,-0.0012141920373409524
1906,-4.994274004639935,0.3194054307116105,-0.4956577040145847,-0.09491655825138724,0.043405822836241253,0.16179774257581916,0.137097908167318,0.19999999999999996,0.016210406105315135,0.08506444224791017,-0.10546666152452458,-0.15604045829148452,-0.004307555396709567,0.03177324392484272,0.050587607631744046,0.06297086588658972,0.044203908796850815,0.031690433148118737,0.002278554446368236
1907,-19.837179771912048,0.3370336358398156,-0.4723267545272602,0.09864763851751775,0.17890614039704855,-0.03478283662751889,-0.08545957325439943,0.19999999999999996,-0.01789100096662178,0.1690371539431127,0.08540364911541244,-0.1298720071783685,0.020971550078578153,-0.0048912332320441496,-0.014208186420108699,0.018601284695762575,0.004958755223665702,0.015033177258715294,0.008441084358303779
1908,-5.6972655155736955,0.3118337654854509,-0.5060768610199781,-0.051312320970062233,0.20662079216880982,-0.11643802981925014,0.06785951648518126,0.19999999999999984,0.002417695160124397,-0.11035602178708742,-0.14745108135188162,0.09754454225760324,0.02604259604659141,0.007464541554272631,0.005973679333898757,0.04144743225438783,0.02911188121434288,-0.00976796695492135,-0.03319179486299529
1909,-11.92136397233535,0.33180279458369344,-0.4791199604841529,-0.15994849774222342,-0.0056287967725772055,-0.10496520367162344,-0.1433820566496216,0.19999999999999996,0.03603963457447568,0.07167239284371513,-0.17120222844815183,-0.10716118929761176,-0.011505980933223718,-0.015537529475747497,-0.022347562181174566,0.018078180793017345,0.017322041202885916,0.008502533349430096,-0.021382185188414355
1910,-16.933934207577096,0.3196395131086142,-0.4953395395447479,-0.09679327787945646,-0.02415428976739311,-0.06397934013856561,0.17240871846106276,0.34747500129167874,-0.08284710699261265,0.11463967075832637,0.011829144338058062,-0.08587345037284613,-0.006136109695168254,-0.004026707565356553,0.024045904713838103,0.04604996168393564,-0.0018702520173218425,0.002088892587669131,0.0006766162076078509
1911,-4.6508269191589395,0.32646391529818497,-0.48616481516361526,-0.11935050490624516,0.1015275629509132,-0.118998792309776,0.06771856506352507,0.19999999999999996,0.1121541177664272,0.05661816721412095,0.10202616095112796,0.1216061288378645,-0.002307915648350004,-0.010600087623814229,-0.0014302079103262273,0.04165608348753273,0.052371630688154695,0.039774638326589125,0.03942813465063266
1912,-8.113185525798883,0.33538605589167386,-0.4744549977084341,0.18278274316991172,-0.0966999944161678,0.19016834445601835,0.06215515481431001,0.19999999999999996,-0.01841656204971842,-0.007355479059173093,-0.15154159473924686,0.09088012729545374,0.006238966050668581,0.0237082233636696,0.030809846175990398,0.04083398219707529,0.02108582357059883,0.0019783696894574523,-0.01793831862558985
1913,-15.002867826758388,0.3508715067703832,-0.45485189811353877,0.020453270627159313,0.05157518978636137,0.15796989645392273,0.0426679567031264,0.2044642193023951,0.03650629772653264,0.09772785711471887,0.20692123525356157,-0.18171407703222195,0.008913882615497592,0.021316290262323963,0.012546270709220216,0.02400809285162593,0.011224501106879142,0.012169564562800451,0.024619904839939467
1914,-7.055169059747721,0.3393114376260444,-0.4694015007611407,-0.10439572618599,-0.12552195540055008,-0.07683115014762938,0.142414852997257,0.19999999999999996,0.0879594123649466,0.016069050131702022,-0.12363426365608775,-0.12317358911583717,-0.032736452783942514,-0.027692569917759154,0.010977349146138585,0.04360040159744947,0.03757646096624125,0.016149021918089933,-0.014370152285936563
1915,-5.296554187066118,0.3219533275713051,-0.4922070818674379,-0.034703391961354114,0.18183853830738012,0.06811648150713777,0.08404834658659684,0.19999999999999996,0.05503673769460871,0.16352082923276084,-0.13596985775984952,-0.07676581695031215,0.027109482004415847,0.03738439122663093,0.03471100282524004,0.053936241154917866,0.04849428877654619,0.04859782238736309,0.010113884638414027
1916,-17.91994427112631,0.32186329588014984,-0.49232854585421854,-0.10596608975719671,0.06638425533343612,0.16126322520236613,-0.08979105076278032,0.20000000000000007,-0.0837420122201336,-0.029721884912234927,0.156098251629283,0.10703323018256913,0.007094411520458013,0.02143705630242749,-0.004578658649381266,0.01560169210791394,-0.005536210482932904,-0.007623354985713857,0.01803769339743193
1917,-14.903185035706274,0.31354436761740134,-0.5037009963067558,0.0213204636213479,-0.20483722826439651,-0.013694416633689825,-0.2168551570398693,0.19999999999999996,-0.11523596231023944,-0.06470315697329218,0.1157383501515624,0.04761526500560255,-0.024282916058607662,-0.012298950720985791,-0.021662892400715835,0.016617204459948246,-0.003704457938658983,-0.01231850876472037,0.012257124902279296
1918,-3.7301041025254165,0.2986531259003169,-0.5248329352810344,0.13273290251492476,-0.05151446916141569,-0.07498183976109964,0.10365677616413117,0.19999999999999996,0.127328373550235,0.1419398911062593,-0.12172857270306084,-0.04611717503887358,0.012653809002248965,-0.012689966302878436,0.010061653324069109,0.05340294179439737,0.06617770552641812,0.06227340603514027,0.01820149710284503
1919,-17.11028273514372,0.3253475223278594,-0.4876524962712532,0.16245086273843562,-0.1425891268470988,-0.016706899526171774,-0.062296542085453654,0.19999999999999996,-0.12191926513848651,-0.08604697717180707,-0.1343658000124742,-0.07362452648007245,-0.012529898520893108,-0.009902000512737635,-0.004158460846336641,0.0217566080729167,-0.008021603670277554,-0.018290642394944424,-0.01805487955704081
1920,-11.203590587105607,0.34662201094785366,-0.46014386248281725,0.13843870670812675,-0.028063628465332793,0.11904025978312899,-0.11855595575097057,0.19999999999999996,0.09563002046868918,0.04312677238292377,-0.10324418064214413,0.15390047579868396,0.00681459414606909,0.012921904638175202,-0.0056563545111213975,0.021017325640822895,0.026935805468100083,0.01181887949678926,-0.00844062992342812
1921,-3.6939861971892647,0.30543251224431,-0.5150847356595433,-0.012007853094673497,-0.06896299756290317,-0.18334330785717023,0.0880826841445934,0.19999999999999984,0.10827604777771557,0.0450306307052946,0.14542495452729243,-0.14887152433035722,-0.017572072046523852,-0.04563543450583171,-0.017818072242056525,0.03970276467444174,0.05399080578683924,0.04026426430985066,0.04428783053177964
1922,-6.693171549218157,0.3373487467588591,-0.47192089889752004,0.048394083455858286,0.11403054257892631,0.08163418695374376,-0.04338519675429861,0.19999999999999996,-0.1751226268753208,0.04535633436521594,0.11582448205520265,-0.17625254696143372,0.025170831804777926,0.027805250469877578,0.010161627351409965,0.029611383464489462,-0.0014982012556833488,-0.0036825507677491084,0.02058055513154128
1923,-7.598904673071537,0.3342606597522328,-0.4759147339605055,-0.17218341471247034,0.048651156769578256,-0.07454514958696591,0.06698743394187613,0.19999999999999996,0.01712409833024219,0.1896971816505802,-0.06519782513663797,-0.16561373987164907,-0.01188028409515567,-0.00972230355403073,0.004096675897091245,0.03505602710475289,0.026173457373074926,0.03465000392558117,0.0101945475767784
1924,-6.3727199285494684,0.3295249927974647,-0.4821116407895568,-0.09058396358802616,-0.1278625976884938,0.07197402687279074,0.07206110503698256,0.20000000000000007,-0.1564352045190171,-0.03043297031565912,0.061616152631668884,-0.18903397934736157,-0.03112499731087429,-0.0066288226096824394,0.017171099010826796,0.03844147096280037,0.0003641206622730095,-0.01639083028280435,0.0016782168879713553
1925,-11.568401287361858,0.3377088735234803,-0.4714575278405952,-0.1536525203539196,-0.026118982397247942,0.08446515149783293,0.1410813265072332,0.19999999999999984,0.046371766924582454,0.06614415525304874,0.1171938675084462,-0.16497222955768903,-0.011976156848501049,0.011468170816055008,0.026663377970420857,0.035471272134075776,0.01856615785920144,0.01262597428026812,0.017687941666920403
1926,-13.542290497615202,0.3269770959377701,-0.4854826676951223,-0.1518654119100609,-0.0350560342160744,-0.04865599285104771,-0.14782898845186798,0.19999999999999996,0.04440257701723197,-0.07756177632330105,0.1500553122155919,-0.14457390701482417,-0.012086509930112043,-0.008062405762116748,-0.017284042454970932,0.019350867584453365,0.015270393232877748,-0.007382195549563462,0.011327244528022126
1927,-13.175490593059552,0.34026577355229043,-0.46818173325780166,-0.14641784341725922,-0.1078265308808749,0.13843877572336558,-0.01815241444358067,0.19999999999999996,-0.010631951197247325,0.11967446535556775,-0.17832831346563635,-0.08052970551646826,-0.01922232766275634,0.01324155015865355,0.008500571260640912,0.023594819504873656,0.008921016779975288,0.010539500830724446,-0.018806894577608403
1928,-14.869459993446956,0.3167675021607606,-0.4992593799746028,0.14271948434238965,-0.09800031614635897,-0.05197280301487011,-0.185576345583129,0.19999999999999984,0.033309647625541866,-0.03587270028899046,0.15328103699027848,0.0992676660084416,-0.0071223436936171496,-0.014339327061551317,-0.021886993663450968,0.01915149429850467,0.01467604776576215,-0.002667559120484621,0.01661653536664151
1929,-1.902755761939801,0.3083585422068568,-0.5109440161628735,0.1712876899452742,-0.08106149814087456,0.09896527078079817,-0.15173170613571077,0.2547836440242863,0.13888633114231436,-0.01257079048409736,0.019793833390529026,0.07091923595611523,0.02248556730558286,0.01593212295848226,-0.005054100498914919,0.03162677200360809,0.07661202406811675,0.04799754603920463,0.02574462678143239
1930,-3.1173671703150276,0.3075482569864592,-0.5120867299743506,0.13078065320677554,0.06995161341235112,0.1393298747568659,0.030117889657733384,0.19999999999999996,-0.15037020921910235,-0.15683571673563754,-0.11144887552344687,-0.011165167488087388,0.04022645651472802,0.04997102501638401,0.04498263865998249,0.05768587583365672,0.018023245732496678,-0.0381692863892609,-0.049128377689295545
1931,-19.246858391616005,0.3233038029386344,-0.49038918686524485,-0.17263139458398047,0.10784070331262405,-0.1597458809288664,-0.07992214831542917,0.19999999999999996,-0.17692167399893063,-0.017920936020613887,-0.03393446895704873,0.051082793882506736,0.007287235691026497,-0.012337592197966464,-0.009844820256377375,0.022471834306989336,-0.012467884622309305,-0.009011845012333753,-0.001319709331165614
1932,-16.17004330068518,0.3300831892826275,-0.48137659317256287,-0.03738302363932736,-0.16792734252143954,0.20864410600986324,0.16881045915661835,0.19999999999999996,-0.04602301741855304,0.047321945307754576,-0.07701838901683075,0.04687171692961313,-0.018546578733001483,0.022237838524136046,0.03229213055010429,0.026143577616022047,-0.003785953997803573,-0.0027687465275263706,-0.008623364027423962
1933,-16.97612274925472,0.33713267070008646,-0.47219915902679144,0.08945766280765902,-0.22513805457819208,-0.01213388837950688,0.03659607805504391,0.19999999999999973,0.02543776772975946,-0.19176541401203878,0.06677625762367093,0.1526948768141291,-0.02396857087414063,-0.008891829007742342,0.010041198087600607,0.027166491461450015,0.006033813940551247,-0.025538858376476244,0.0015792700136105316
1934,-11.336579739629602,0.30824150100835496,-0.5111088891557788,-0.1557664317687982,0.16275238240930898,-0.02165701912395832,-0.1146279942718264,0.19999999999999984,-0.12287550151825573,0.0071040293730250705,-0.12484495047373698,-0.0903716910610904,0.01151005885787787,0.0060429779209473415,-0.014149429833252182,0.017282435169321705,-0.003725007024003366,-0.008177385511036066,-0.01809166820721739
1935,-1.5002360094123155,0.29335926246038607,-0.5326001949133766,0.0921098669508867,-0.15839409778080504,0.13062621273130123,0.12224720231079497,0.19999999999999996,0.005631594782588743,0.045671934291143496,-0.14834617649524068,-0.09697291465723916,-0.010115298144750694,0.002034256491403696,0.04819159589087427,0.07825953096858672,0.06368053739812553,0.03580479505547844,-0.006293733185415917
1936,-18.041792554403333,0.3361153125900317,-0.47351170168741247,0.19197578943076535,0.07541709861105465,-0.0008004415236512537,-0.009659728398732586,0.19999999999999996,0.22078168860582215,-0.13938024639614538,0.05375010150237739,0.10823490553145128,0.012828221508182778,-0.0031566021657192774,-0.0030803617876439936,0.023598001916032105,0.027923341279967887,-0.015198026911551999,-0.003334029256982222
1937,-0.9523953135887453,0.3032447421492365,-0.5182067204708507,-0.2466889829367792,-0.1008636067165868,0.006043497307811597,-0.02663530306529553,0.19999999999999996,-0.035622257807888705,0.14627655700167702,0.09407155297315954,0.14379824219080173,-0.08270902374645384,-0.05025415748762265,-0.02515441581086228,0.023709629578634876,0.03179529931128515,0.038209412230904016,0.05984398161976563
1938,-0.5932809424067607,0.2677362431575915,-0.5722928348723362,-0.05725288151880398,-0.0701744444499951,0.12930891779631748,0.2058600718936192,0.19999999999999996,-0.2136867262379061,0.020240149897427062,0.05219004739830977,0.05128676080762134,-0.028270404575448407,0.007775273314003046,0.07142442742830145,0.10295904249963016,0.030776790146476857,-0.013541072402120841,0.013518373508710952
1939,-12.730970600528128,0.3261668107173725,-0.4865602329205954,-0.13206225272151467,0.04411572755363065,0.11952554953607743,-0.12583290922985765,0.19999999999999996,0.09808934277634258,-0.12243006235046648,-0.10748406724605783,-0.05046008858605268,0.00017978504816413608,0.016976801847474438,-0.007238931545114487,0.019153209988327022,0.02162703678599498,-0.012606117213425428,-0.02233134694291522
1940,-15.117812927547389,0.33571917314894845,-0.47402385519223145,0.13470352839572236,0.058797434169044704,0.18074721100813249,-0.07272064702931214,0.19999999999999996,-0.1350038533970147,-0.14860003694239493,-0.02411441353048949,-0.04531287552788916,0.014178589665098022,0.021064180109383265,-0.0019076206428034045,0.01649672128452041,-0.011091282287356485,-0.025670345052430658,-0.007858894486192721
1941,-17.726190029713408,0.315786156727168,-0.5006069122909205,0.1260116700771511,-0.18238153170714685,0.09023648762154321,-0.004919651638831806,0.19999999999999996,-0.09001960871500998,0.09939083589899678,-0.09442181346192512,-0.11261840087939519,-0.016966497064222943,0.003142460711432054,0.006525183434087882,0.02158391167704554,-0.0050058840721441,0.003378514882508101,-0.01010315375536557
1942,-16.42544035197062,0.3288857677902622,-0.4829549197794013,0.08041339255361864,0.10753259032124031,0.06271707160261329,-0.04444714845342548,0.19999999999999996,0.1881610773001028,-0.04263907135033558,0.07114949402800057,-0.20294015439066335,0.01577036877894128,0.0084592878056089,-0.004016034717125719,0.02188744122859695,0.02753712098683506,-0.0021858160526935584,-0.0007980119930032763
1943,-6.472617784853721,0.3326400893114376,-0.47802541140768984,0.03858074980361817,-0.051841657547134205,-0.17010548068904366,-0.03055576084081838,0.19999999999999984,0.11638220064626818,-0.175600637631262,-0.17059588994836425,0.04633762289349133,-0.0059054481588588755,-0.03295466949143675,-0.02443184539481824,0.02369802020795508,0.03684568481068642,-0.012328892345054621,-0.04350498468129767
1944,-11.493412875131746,0.3352510083549409,-0.47462990722035137,0.0181092900311537,-0.05258984063846206,-0.09706693670528045,0.04518274522693358,0.19999999999999996,0.10579217831318569,0.19080762125520545,-0.19534582007126297,-0.09510556775851625,-0.007044879726889633,-0.015671998980629192,0.0023970332341751365,0.030928937093317083,0.029011496809351278,0.029132270525286254,-0.015716810757150236
1945,-4.163473097269028,0.3235108758282916,-0.4901111145847157,-0.1502286160326493,0.0016603047795014313,-0.13344806915676705,0.10560968592080484,0.20000000000000007,0.14014156942831543,-0.07710138879070488,-0.17797539358982448,-0.013834972301432491,-0.026495453762016015,-0.031335972172991736,-0.004515895109827531,0.044808338067750586,0.057331060517169734,0.017565128595181587,-0.032382695948157854
1946,-2.236215768379143,0.30023768366465,-0.5225347991663212,0.05418630005627425,-0.11566963135992747,-0.11071547456004283,-0.019149891875053785,0.20000000000000007,-0.09367513140523416,-0.07918300528927039,-0.19159011650603233,-0.13583044894816468,-0.013684040695389055,-0.04240580034419173,-0.03178142787125854,0.02180926977901924,0.013462333681869885,-0.027093468554255647,-0.06068964791599646
1947,-2.5975530674867393,0.32212438778450014,-0.4919763938413213,0.0332470349930423,0.1417792081172855,0.08079068321367515,0.018295820364246956,0.19999999999999996,0.10628565796978466,-0.13624860336936578,0.19974881656494375,-0.08360417540765594,0.03602183083292474,0.04756469873286564,0.035739315656237086,0.058006901618385225,0.06836251757637568,0.01976125499174692,0.03189395705572119
1948,-0.6994702866274309,0.293017142033996,-0.5331069718881948,0.11515833126081489,-0.06047788531324315,0.12186408525165954,0.09839739503585801,0.19999999999999996,0.12734275612136323,-0.13502698905313604,0.02686645104553577,-0.11486610691838944,0.01788170876285927,0.02620040221844226,0.05587475778236989,0.08565588184811977,0.09572458481441803,0.03517808432946229,0.002557572311758073
1949,-2.801603862315286,0.32724719101123595,-0.4851240726108374,-0.17507724440943032,0.07358265779011608,-0.11043758408986748,-0.04999279604418587,0.19999999999999996,-0.12624919947784596,0.07548345880854719,0.13482034793281453,-0.05435671144719261,-0.02166752581750782,-0.021452809890772383,-0.02957442605581345,0.01731875300209718,0.005956857568992472,0.0019738041508463875,0.03382911572086287
1950,-14.470025788752126,0.31817199654278305,-0.4973380468205727,-0.054682940590037074,0.018175981327618603,-0.13120587273624845,0.18272761665425233,0.19999999999999996,-0.035643657886678136,-0.1270363986136664,0.13663832290107242,-0.11388920929042666,-0.001532479552422544,-0.012473216602227657,0.019687928674247658,0.03316963933621272,0.0006317187164450448,-0.019404939388923292,0.008907723989550849
1951,-18.61499270829153,0.33673653125900316,-0.4727097661079413,0.0068537763786395475,-0.02349964743831619,-0.14659849087787286,0.13598540137894718,0.20000000000000007,-0.13977024989934284,-0.04922819193611963,-0.152711023266113,0.1453532188246488,-0.004201909186156471,-0.01566437197616873,0.015319037348479813,0.027700574536065007,-0.013859299247253513,-0.016423310487189792,-0.016132739927008918
1952,-19.998477174781307,0.3171906511091904,-0.49867962157992174,-0.17034884771650943,0.1601316891243527,-0.09643323379016307,-0.0705866496168728,0.19999999999999996,0.1194864567194214,0.005501798504418666,-0.05203549947155307,0.12547582505670896,0.014182162503000782,-0.004324117710750429,-0.008914928109867925,0.023612451690095817,0.019139510315039958,-0.0024891603675783226,-0.010403307344426644
1953,-13.809977659512455,0.3359262460386056,-0.4737560632484167,0.12059343051569614,-0.04414792479994498,0.14802429792923155,-0.07157500492075326,0.19999999999999996,-0.04404839169134844,-0.11534700727590962,0.1447554876896045,0.11150845517751153,0.0016778829285442897,0.014367328223692868,-0.00015019466989011905,0.019978455173828454,0.002226553956848289,-0.01620048976515851,0.01405479014091487
1954,-4.399106756511028,0.33211790550273695,-0.4787077096126673,0.13019317349989493,0.13269601649029755,-0.08913190654930472,0.09036535246758477,0.19999999999999996,-0.11116243171466589,0.09217033472672355,0.14775422568974103,-0.006526558861787541,0.043475238069660936,0.014174297407084204,0.016009835622844595,0.05000235391709694,0.02084886975695368,0.01641408946491855,0.043551922219976724
1955,-11.871131388806148,0.33296420339959665,-0.4776024544867034,0.07044841669365101,-0.08192798575754547,-0.14210679709066032,-0.12473362701477705,0.19999999999999996,0.19232770570109442,0.11985591180959372,-0.015101353983627589,0.05349820194905036,-0.008322845884748431,-0.025270731113904966,-0.022376574308702175,0.021924125437365192,0.03931232330647732,0.026358792813630363,0.004210590258370656
1956,-8.982520082661331,0.335899236531259,-0.47379098326949415,-0.10318954787776193,-0.06809762500160157,0.01712875090166124,-0.16156873514160144,0.19999999999999996,-0.1308270359185796,0.17286120271893568,-0.14386346630554211,-0.0024636361343164446,-0.018865317441987297,-0.00720074878703059,-0.021158657180178897,0.012016927096618233,-0.0025890850090885334,0.012615946954574834,-0.008075758155287941
1957,-12.071927009873882,0.33246002592912705,-0.47826056558508045,0.06251842377208784,-0.06250479690325166,-0.1621999356954789,0.1452244489911207,0.2034902112701238,0.21652663663137553,0.023418047859303657,0.1190387073419249,0.0050787915353329716,-0.006519484294261932,-0.02324330363295068,0.012214673202773784,0.03854540756307857,0.040453983367939234,0.0156889054100904,0.015722427927726393
1958,-19.15556639585835,0.3394464851627773,-0.46922868391789657,-0.05363582801719837,-0.16877285050301408,0.05240129290689371,0.00605649808032189,0.19999999999999996,-0.04191908741211248,-0.17590723264425875,-0.16645879853548456,0.1348484119007162,-0.019268169132624014,0.004416582161361014,0.009132736284288375,0.023268986940890447,-0.00338887240219084,-0.027836247446136497,-0.02195482735715696
1959,-7.818713528213683,0.33859118409680206,-0.47032435381112186,-0.085554289362998,-0.1465178763337947,0.08451712041141872,-0.14803220240119838,0.19999999999999996,0.12186985800244143,0.08663035215522992,0.017710760218417686,-0.10916754111450128,-0.030075653824237165,-0.006281116689768757,-0.015574630241602109,0.01617662892183949,0.03571564903929525,0.02810599314457439,0.013337058972332281
1960,-18.224325192680148,0.33573717948717946,-0.4740005623801099,-0.02425937135724124,0.01309132289341559,0.20807032057745561,0.04658709274123309,0.19999999999999996,-0.1980437270194417,0.15950396126670313,-0.1395456432789737,0.010898560865536021,0.003393192627861954,0.025110511259940526,0.012007024078827715,0.01629126944616767,-0.020388313034934717,0.006128599960112206,-0.010433723735532956
1961,-6.053856221070728,0.3188022183808701,-0.4964786652332069,0.09059114874466624,-0.18688698993013883,0.048865744059332805,-0.04968111938517438,0.19999999999999996,0.1807004224721138,0.15707781103434418,0.028312837366624495,0.05788392700760534,-0.018240143315680364,-0.013400672409863519,-0.004563795617268822,0.028566511138904994,0.05550118378375049,0.05591750054303869,0.036051891314383674
1962,-5.3434048145175375,0.3128421204263901,-0.504674779150369,0.11178042623491058,-0.17388911971732543,0.14421174389653424,0.0723887512536926,0.19999999999999996,-0.17014461764390762,7.577996167101507e-05,0.06050399243028428,-0.06700556886167425,-0.011642562573298472,0.005960770527755666,0.030259613382047485,0.04656075509106259,0.00494951187774097,-0.011494703302246124,0.008656405696667346
1963,-8.463175013203939,0.32960602131950445,-0.4820048631097869,0.1234168319165324,-0.04694181642993523,0.11094082690637316,-0.044470486523313854,0.19999999999999996,0.13190956780325255,-0.1760250800500821,0.07081966269113774,-0.09547572767937292,0.0062685280953997495,0.013748695737765068,0.006824262678354874,0.029869706294649537,0.0371191669254929,-0.008045077671625413,-0.0022923473265184665
1964,-10.256049069209602,0.342183448573898,-0.46574100112708544,0.05879753687074711,0.14808903508795068,0.035074604684181936,0.08008194404346894,0.19999999999999996,-0.14582433402328407,0.07592579788623209,0.17423802345284822,-0.08196872395128695,0.02543291450196718,0.017390363332946107,0.01746414305294102,0.03292985401302576,-0.0025527417389582226,0.004681469252235338,0.029888336660467082
1965,-17.37559837936623,0.3237449582252953,-0.48979698625272394,0.07708529550357139,0.03451226797119644,0.07930383873990773,-0.18845715491858042,0.20000000000000007,0.1640888892786018,-0.05696443723186728,-0.12327953104986505,-0.0763085853064098,0.006833305339337251,0.006122190022137336,-0.019192113151436277,0.017930343734657714,0.026425545748295694,-0.006391463928670908,-0.021982437414588246
1966,-4.202006073757872,0.37680963699222125,-0.4238779985569111,-0.06292349879177647,0.0055031481091554575,-0.21341380856436196,-0.04879462111410239,0.19999999999999996,-0.15244890987551016,-0.19699701679292775,0.026223509446869735,-0.09369548730529614,-0.012505767799113074,-0.042155294227258625,-0.04275944403863808,0.012114665174033128,-0.00758813351196409,-0.054836078230692094,-0.037192949749625455
1967,-1.0247525187159958,0.3246632814750792,-0.48856682610908947,0.10140106997780897,0.010199446053252754,0.19362097089460334,-0.011335403299456764,0.19999999999999996,-0.12770279564750056,0.1323466155254912,0.13110193699179035,-0.09229176161009613,0.030157030808702526,0.05523532787124562,0.0545849054104585,0.06308921157460678,0.03524269682407238,0.028512553906931217,0.0627980698333729
1968,-18.527019932450923,0.35496794871794873,-0.4498108591233356,0.16774703360732338,0.13991794186286127,0.08748874974894666,0.009980741741263512,0.20000000000000007,-0.0249872825885341,-0.138921126836426,0.1638525913641218,0.0671045322505232,0.020211939056328048,0.008591314526993625,-0.000603231327221856,0.017875789201398342,-0.0024801899020390024,-0.019977232041817797,0.014535055784219873
1969,-3.3745810040785145,0.32379897723998846,-0.48972452735451294,0.18759593227343252,0.024386340799963675,-0.02354121015207702,0.19600685008293475,0.20000000000000007,0.1358504909878101,0.08772875931045702,0.07678410955963866,0.0681063068336862,0.038706155731894516,0.016103308587107675,0.04410546816599277,0.0792679520661331,0.08045605842158768,0.0656157511492698,0.05452419904984404
1970,-12.454659919915677,0.33362143474503025,-0.4767460542799946,-0.14765761626880522,-0.08856696060575807,-0.16444298722817371,-0.10479044973241895,0.20000000000000007,0.13787502240054864,0.0008547214268586447,0.05611416850862679,0.09969807382880999,-0.021571183855822018,-0.026707407868619085,-0.01925758165475007,0.02264293353458739,0.02918594095033733,0.006735118990044575,0.005835246096888476
1971,-8.407379395048027,0.33092048401037166,-0.4802763491371204,0.1058003144435861,-0.20263749712876986,0.00766594177259958,-0.1266316625019608,0.19999999999999996,0.21734762282357886,0.022930512546817394,-0.06071548286883094,-0.056270965913856566,-0.019854477227075926,-0.017917696560391855,-0.01837576719919801,0.01961415178394139,0.048590172562862737,0.025147080673022338,-0.0030974781026135243
1972,-19.89364341672626,0.3243751800633823,-0.48895238372689165,0.06818723673475094,0.06902588354144044,-0.20113362983925498,-0.041817464083385734,0.19999999999999996,0.0974909739839691,0.12174817460669468,0.1746110501197674,0.025985587090736728,0.006390342102261324,-0.0236736612668479,-0.008296032442605773,0.027028334942822165,0.01898868888536176,0.01273984194591875,0.016170954887790176
1973,-18.233297455372462,0.3423274992797465,-0.4655582124433282,-0.10303574946173062,-0.10725121098176592,-0.09854977813723541,0.016130057061629774,0.19999999999999996,-0.06308055601712297,-0.08156656761081506,-0.15655576927841777,-0.17383031145128258,-0.015520496863259051,-0.010772657014721018,0.0060286167768646495,0.02655138519920534,-0.0026070776166110705,-0.01714400616453364,-0.02271568673328302
1974,-13.83801327045046,0.3330002160760588,-0.4775554846900478,-0.037029763876229436,0.09720485980825218,-0.08521668526704199,-0.10847724691100406,0.19999999999999984,0.1733870913608046,-0.09934866802132351,-0.0742139983214507,0.12512168643389365,0.009473278906706356,-0.007188069778704383,-0.015760632475998747,0.022526983042596562,0.031018575150292594,-0.006920284759387516,-0.015445116691464561
1975,-6.619744231817691,0.33361243157591475,-0.47675777438853256,0.03392403681272319,-0.1405390452330999,0.05395071352721381,-0.12767248559389924,0.19999999999999996,-0.030897399719276138,0.08755224133320748,-0.13411933091658956,-0.19134474686399078,-0.01771438983606836,-0.008969545668317857,-0.015444705371326462,0.01606864065187055,0.01561834593949852,0.012480825957643975,-0.013024835378686058
1976,-2.432996079315295,0.2983110054739268,-0.5253307240820212,-0.15481605111591845,-0.13383567325579104,-0.15758950617549172,0.0634649355464756,0.19999999999999996,0.04957057627190831,0.0027701463127288097,0.15510111160478945,0.0828519997168967,-0.06090334323404819,-0.0708060990000268,-0.034208981798720096,0.031017443810951204,0.04302525867052751,0.023327419775150883,0.039958070802615375
1977,-11.828274353052443,0.34278666090463844,-0.4649760864227689,0.1511355055304149,0.026578155543944538,0.05899563400009182,0.1286471179388638,0.19999999999999996,0.15387695606899807,0.15361866743367608,-0.08309963289593902,-0.04404833058807177,0.01335598070704881,0.010730719454126326,0.022740769750836966,0.036310394344123496,0.03457377532053704,0.028623228044864703,-0.0016847396279906163
1978,-9.248612524170277,0.3462618841832325,-0.4605953120888569,0.13812161449103996,-0.042361360785832594,-0.10975243150303755,-0.11282714353939961,0.19999999999999996,-0.08397579200945553,-0.0922379770023943,-0.09412302776303927,-0.12660065290580122,0.00433766062016793,-0.01907682186523907,-0.022834312097230126,0.01726254925671181,0.002366526512565286,-0.020198847736325267,-0.024048548829587443
1979,-6.3936944888806675,0.33320728896571594,-0.4772855068962062,-0.15396140672238606,-0.12415523977157351,0.16438484123503086,0.11304288218477167,0.19999999999999996,0.00846545620986136,-0.05081145408171334,-0.167751332666017,-0.017427387128646235,-0.03709971072049995,0.007160484464835833,0.03437413214370442,0.04829683631912251,0.029224454588305665,-0.0006607863458378995,-0.028613375456220985
1980,-14.795004162231951,0.3363043791414578,-0.4732674775423722,-0.06177468877168316,0.0035629380414474985,0.2006310198970026,-0.17903090155316195,0.19999999999999996,-0.22204020088473359,0.03372048170126427,0.04928381758344267,0.04995595156726427,0.0004420552264257077,0.023363963285728005,-0.011306555426309194,0.011991420786504869,-0.018085493035410398,-0.005504234533371334,0.009836444217323742
1981,-1.3345693622170387,0.3000666234514549,-0.5227823086637343,0.20872219442438295,0.12828155516013637,-0.0030903658443571284,-0.07088158392784663,0.20000000000000007,0.14652962613146148,0.13746728024980576,-0.03338120940303696,-0.07164618485897264,0.07652530437718717,0.04942627139069233,0.010823105838256662,0.041113071276596976,0.08231982224172424,0.08607957857543065,0.05165958892708751
1982,-16.30920087681886,0.34226447709593777,-0.4656381730262372,-0.08713471465047287,0.15611188015974967,0.0097787016455366,-0.1980572304381105,0.20000000000000007,0.008933362312510691,-0.17689986291998847,0.05336394686109035,0.10972030101254085,0.01592438875246403,0.0051982159747360835,-0.022850589382582494,0.01613140380394456,0.00834175719235393,-0.021754094042881155,0.0003863830873448524
1983,-18.962917652007047,0.3391133679055027,-0.46965508992358307,0.06346746395512076,-0.17810359782809132,-0.046727298878888976,-0.02855204980091677,0.19999999999999996,0.1470686720305405,-0.16333569151055136,-0.09835507763340874,0.07439014836248167,-0.01941283280874247,-0.010490936429340847,0.0020131145064996,0.027125280114474015,0.020378072495012018,-0.02137578967997156,-0.019568541211274923
1984,-11.599133372117734,0.32296168251224433,-0.4908490010764388,-0.1527895661811372,0.039294188988353525,-0.16636309940511235,-0.05453227245497234,0.20000000000000018,-0.1542980239077374,0.12012251984783474,0.023497976993816956,-0.08910235222103537,-0.006313454639269605,-0.020240612743581538,-0.01498888754410334,0.020891634384521657,-0.006962957514827728,0.0057935443490388224,0.00810066778817744
1985,-8.216038769315057,0.3390593488908096,-0.46972427631067193,0.035732257835448936,-0.17206798652358107,0.10275677662585067,-0.12878303511286074,0.19999999999999996,-0.016916995297902557,0.12483266419150926,-0.09106174819269525,-0.12784853622015155,-0.020918541393245147,-0.00248589886046971,-0.009745143917100293,0.017785214348031462,0.01590121027981124,0.018354964262262262,-0.0024458556360728487
1986,-16.195377306523515,0.3370606453471622,-0.4722919520364716,0.01838675162457622,-0.16968400455526164,-0.10245360775453598,-0.09902342664312397,0.19999999999999996,0.06699522127600917,0.17617113608201,-0.021895016144555603,0.1453908359199274,-0.020694142553959217,-0.018794806992060795,-0.00943561925999257,0.025087930956891207,0.01939359701787399,0.019947740934942657,0.0012379107583497257
1987,-5.10401056463933,0.31900929127052724,-0.4961966677617635,0.1777989856470902,-0.1507971367971864,0.06182578969487691,0.07868509654277818,0.19999999999999984,0.06795387699487934,-0.17637590294546265,0.07916832227673848,-0.0073948891009880426,0.0010752450001459911,-0.001690021676656493,0.022473673718188068,0.049425233382861866,0.044016674072958305,-0.006996796982965945,-0.0018123217871431443
1988,-13.55492215716005,0.3277693748199366,-0.48443162723912986,0.06814134809190414,-0.02523163265020391,-0.07310420686905374,-0.09438347629919686,0.20000000000000018,0.13654980243646586,-0.2394578438572303,-0.08831599684987343,-0.07481569294607171,-0.0008747096088017237,-0.012161058748825452,-0.013006425027684742,0.023263860689958716,0.025054874959716943,-0.026228388362711918,-0.02570115464907149
1989,-7.039259623628061,0.3338915298184961,-0.4763945980158489,0.1082094167308772,-0.13952412521629554,-0.04374902439471553,-0.1636842727981417,0.19999999999999984,-0.02985863946189061,-0.04851919428710624,-0.11936234975620627,-0.147092977354767,-0.010144533846269546,-0.02187273277974062,-0.030760026499689508,0.01013143026553544,0.011491530914055291,-0.010317898916710736,-0.026894609033430522
1990,-12.02593637571226,0.3323519878997407,-0.47840171923283425,0.04018462544832734,0.12895724232409192,-0.21728585409513568,0.11014353322712374,0.19999999999999996,0.0777605789550356,0.05094503478152594,0.0749179414390364,0.09980518972972345,0.01662808403599386,-0.019714752878468148,0.00381021784246299,0.034107828797980785,0.02312584187869429,0.01141948649288342,0.013335152032084553
1991,-16.059169061357142,0.3400587006626333,-0.46844610891828575,0.07768691466405485,0.09179150548890537,0.13165271085895822,-0.0869275876281763,0.19999999999999996,-0.053164664729098025,-0.16612149091494866,0.02277323028910981,-0.16988189542674886,0.014862213619034555,0.01601893882382769,-0.006349061475629877,0.016847206336132563,-0.0018356719106356258,-0.02408702537158073,-0.00508153643572678
1992,-13.981146102718462,0.3418953471622011,-0.466106809456494,0.051479670698957945,-0.05361882381590021,-0.09891569506023647,-0.12191052724615375,0.19999999999999996,0.14259228038895458,0.13175179036783793,-0.09074185843542946,-0.10898935398652974,-0.005592582708157292,-0.016668405324936016,-0.01678727353288767,0.022738191127082176,0.03015767237813856,0.019961753202222633,-0.009934080165141426
1993,-5.118285141276008,0.3165424229328724,-0.49956807771296236,-0.1457994222864597,0.10809741676119633,0.15118698037381129,0.11681327379470631,0.19999999999999996,-0.0876146468959338,0.03059118238524516,0.04985726434253336,0.11003981316011409,-0.0006058761282209262,0.036526708753388995,0.04693843764771542,0.0580188770107283,0.023948571333197072,0.008471714249908105,0.019079159480774842
1994,-5.9099050568175,0.3253565254969749,-0.4876404784370939,-0.20205573292385645,0.035422552383611326,-0.09190936042074942,-0.13823944662876908,0.19999999999999996,0.15333899788390948,-0.030802607239437133,0.11725976552702669,-0.030971536992640405,-0.02223662522647779,-0.02061749863082639,-0.03501468632031248,0.010949403579631105,0.04215690883126742,0.019662319359499282,0.020733476682943657
1995,-0.5490126899988432,0.3070260731777586,-0.5128247419286447,-0.16862823528719365,0.19391519571016883,0.03419604755467971,-0.1254310714828747,0.20000000000000007,0.07970184264587805,0.03874639096539403,0.009144735972425771,0.15023648038138523,0.0005087298661354427,0.036683742616828205,-0.003592254524279086,0.022949725144548124,0.06032440533828242,0.04853555388956158,0.03246177513431722
1996,-18.342630456478254,0.33151469317199656,-0.4794972183237425,0.1255706841212977,-0.09292696350712765,-0.07347471416978027,0.10753480712741155,0.25194491603193725,0.18470703604549973,0.03538470398410241,-0.06534277798905146,0.06311339702379197,-0.008790135569050212,-0.012124179266307466,0.014268745849820467,0.03559545297706533,0.025186762182351444,-0.0002984250022906015,-0.0140958258282258
1997,-16.9854880637267,0.3389603140305387,-0.4698511466537893,0.07077618253807667,-0.1063341539615261,-0.04230270378456503,-0.12882342510297937,0.19999999999999996,0.12599606058851717,-0.10783926733084472,-0.12394621639035516,0.09398199030313588,-0.0109819544872085,-0.010761255139496597,-0.012340509892924683,0.023255988271383206,0.022259520366563413,-0.013328761923703008,-0.02079084637907539
1998,-6.380023465971156,0.32410508498991647,-0.48931415512719406,0.09704290316928514,0.0018599472250155748,-0.03636443251380686,0.06515557942636982,0.20000000000000007,0.1648596094895655,0.12575706046004806,-0.14789257017778984,0.16106789753811923,0.012027687349054107,-0.0012179457488582478,0.010601219155210614,0.042912842494772334,0.05637058040826989,0.04771859098324969,0.004675863253912401
1999,-5.94314837667245,0.3202967444540478,-0.4944474755504398,-0.17012673288223956,0.08613186675169389,0.06977456959799694,0.11554369939770036,0.19999999999999996,0.10939360586965492,0.023218981779705546,-0.1804677200534041,-0.045342823667604656,-0.007240943723827865,0.017730442585388317,0.031202517263757792,0.051979261423357646,0.050115816282063096,0.026906459714538544,-0.01711756888250012
